codigo,nombre,url,imagen,hex,rgb,familia,ambiente
50YY 83/200,Acacia,https://www.alba.com.ar/es/paletas-de-colores/acacia-50yy-83-200-1672405,,#F6E4BD,"246,228,189",Amarillo,
37YY 39/443,Aceite de Mostaza,https://www.alba.com.ar/es/paletas-de-colores/aceite-de-mostaza-37yy-39-443-3137067,https://msp.images.akzonobel.com/glb/dh/inspirational-images/Livingroom-234237.png,#C39E4B,"195,158,75",Amarillo,
53YY 26/275,Alga Verde,https://www.alba.com.ar/es/paletas-de-colores/alga-verde-53yy-26-275-1672428,,#968550,"150,133,80",Amarillo,
60YY 78/216,Almendra Blanca,https://www.alba.com.ar/es/paletas-de-colores/almendra-blanca-60yy-78-216-1672539,,#F0E2B7,"240,226,183",Amarillo,
50YY 80/455,Amarillo Arco Iris Claro,https://www.alba.com.ar/es/paletas-de-colores/amarillo-arco-iris-claro-50yy-80-455-1672398,,#FFE087,"255,224,135",Amarillo,
52YY 72/661,Amarillo Arco Iris Vivo,https://www.alba.com.ar/es/paletas-de-colores/amarillo-arco-iris-vivo-52yy-72-661-1672422,,#FDD84F,"253,216,79",Amarillo,
45YY 64/787,Amarillo Cítrico,https://www.alba.com.ar/es/paletas-de-colores/amarillo-citrico-45yy-64-787-1672090,,#FACA22,"250,202,34",Amarillo,
50YY 75/254,Amarillo de Mayo,https://www.alba.com.ar/es/paletas-de-colores/amarillo-de-mayo-50yy-75-254-1672393,,#F2DCAA,"242,220,170",Amarillo,
60YY 83/187,Amarillo Delicado,https://www.alba.com.ar/es/paletas-de-colores/amarillo-delicado-60yy-83-187-1672546,,#F4E6C0,"244,230,192",Amarillo,
45YY 66/512,Amarillo Esencial,https://www.alba.com.ar/es/paletas-de-colores/amarillo-esencial-45yy-66-512-1672094,,#F6CF6C,"246,207,108",Amarillo,
60YY 69/583,Amarillo Fantasía,https://www.alba.com.ar/es/paletas-de-colores/amarillo-fantasia-60yy-69-583-1672530,,#F3D15B,"243,209,91",Amarillo,
45YY 65/710,Amarillo Festival,https://www.alba.com.ar/es/paletas-de-colores/amarillo-festival-45yy-65-710-1672093,,#FACA35,"250,202,53",Amarillo,
45YY 69/614,Amarillo Imprenta,https://www.alba.com.ar/es/paletas-de-colores/amarillo-imprenta-45yy-69-614-1672098,,#FFCF57,"255,207,87",Amarillo,
60YY 83/219,Amarillo Margarita,https://www.alba.com.ar/es/paletas-de-colores/amarillo-margarita-60yy-83-219-1672547,,#F6E6BB,"246,230,187",Amarillo,
45YY 74/383,Amarillo Neón,https://www.alba.com.ar/es/paletas-de-colores/amarillo-neon-45yy-74-383-1672105,,#FAD98E,"250,217,142",Amarillo,
37YY 61/867,Amarillo Omega *,https://www.alba.com.ar/es/paletas-de-colores/amarillo-omega-37yy-61-867-1671948,,#FFC100,"255,193,0",Amarillo,
60YY 73/497,Amarillo Optimista,https://www.alba.com.ar/es/paletas-de-colores/amarillo-optimista-60yy-73-497-1672533,,#F3D975,"243,217,117",Amarillo,
40YY 68/381,Amarillo Peruano,https://www.alba.com.ar/es/paletas-de-colores/amarillo-peruano-40yy-68-381-1672009,,#F4D088,"244,208,136",Amarillo,
45YY 71/664,Amarillo Real *,https://www.alba.com.ar/es/paletas-de-colores/amarillo-real-45yy-71-664-1672101,,#FFD145,"255,209,69",Amarillo,
60YY 80/288,Amarillo Refinado,https://www.alba.com.ar/es/paletas-de-colores/amarillo-refinado-60yy-80-288-1672541,,#F6E2A9,"246,226,169",Amarillo,
60YY 66/487,Amarillo Rico *,https://www.alba.com.ar/es/paletas-de-colores/amarillo-rico-60yy-66-487-1672526,,#ECCE6C,"236,206,108",Amarillo,
58YY 88/180,Amarillo Suave,https://www.alba.com.ar/es/paletas-de-colores/amarillo-suave-58yy-88-180-1672468,,#F7E9C5,"247,233,197",Amarillo,
60YY 71/409,Amarillo Vibrante,https://www.alba.com.ar/es/paletas-de-colores/amarillo-vibrante-60yy-71-409-1672531,,#EFD886,"239,216,134",Amarillo,
45YY 61/368,Amarillo Victoriano,https://www.alba.com.ar/es/paletas-de-colores/amarillo-victoriano-45yy-61-368-1672088,,#E6C780,"230,199,128",Amarillo,
40YY 63/473,Ananá Maduro,https://www.alba.com.ar/es/paletas-de-colores/anana-maduro-40yy-63-473-1672001,,#EEC76E,"238,199,110",Amarillo,
30YY 47/236,Arroz Dorado,https://www.alba.com.ar/es/paletas-de-colores/arroz-dorado-30yy-47-236-1671863,,#CDB288,"205,178,136",Amarillo,
50YY 60/538,Artilugio,https://www.alba.com.ar/es/paletas-de-colores/artilugio-50yy-60-538-1672386,,#EBC65D,"235,198,93",Amarillo,
30YY 41/700,Azafrán Indio *,https://www.alba.com.ar/es/paletas-de-colores/azafran-indio-30yy-41-700-1671856,,#DBA000,"219,160,0",Amarillo,
70YY 51/669,Bambú de Bali,https://www.alba.com.ar/es/paletas-de-colores/bambu-de-bali-70yy-51-669-1672831,,#D0BB2A,"208,187,42",Amarillo,
39YY 66/628,Banana Madura,https://www.alba.com.ar/es/paletas-de-colores/banana-madura-39yy-66-628-1671966,,#FFCB4D,"255,203,77",Amarillo,
63YY 53/710,Banana Verde *,https://www.alba.com.ar/es/paletas-de-colores/banana-verde-63yy-53-710-3137161,https://msp.images.akzonobel.com/glb/dh/inspirational-images/Livingroom-234572.png,#D5BF19,"213,191,25",Amarillo,
43YY 74/339,Batido de Limón,https://www.alba.com.ar/es/paletas-de-colores/batido-de-limon-43yy-74-339-1672059,,#F7DA99,"247,218,153",Amarillo,
40YY 60/519,Baño de Sol,https://www.alba.com.ar/es/paletas-de-colores/bano-de-sol-40yy-60-519-1672000,,#EFC25F,"239,194,95",Amarillo,
60YY 75/108,Beige Campestre,https://www.alba.com.ar/es/paletas-de-colores/beige-campestre-60yy-75-108-1672535,,#E6DEC8,"230,222,200",Amarillo,
61YY 86/159,Blanco Exaltación,https://www.alba.com.ar/es/paletas-de-colores/blanco-exaltacion-61yy-86-159-3137154,https://msp.images.akzonobel.com/glb/dh/inspirational-images/Livingroom-234531.png,#F6ECCC,"246,236,204",Amarillo,
67YY 82/072,Blanco Inocente,https://www.alba.com.ar/es/paletas-de-colores/blanco-inocente-67yy-82-072-3137178,https://msp.images.akzonobel.com/glb/dh/inspirational-images/Livingroom-234527.png,#ECE9D9,"236,233,217",Amarillo,
57YY 72/138,Blanco Lana,https://www.alba.com.ar/es/paletas-de-colores/blanco-lana-57yy-72-138-3137146,https://msp.images.akzonobel.com/glb/dh/inspirational-images/Livingroom-234491.png,#E4DABF,"228,218,191",Amarillo,
60YY 83/125,Blanco Limón,https://www.alba.com.ar/es/paletas-de-colores/blanco-limon-60yy-83-125-1672544,,#F1E7CD,"241,231,205",Amarillo,
65YY 79/118,Blanco Maíz,https://www.alba.com.ar/es/paletas-de-colores/blanco-maiz-65yy-79-118-3137167,https://msp.images.akzonobel.com/glb/dh/inspirational-images/Livingroom-234587.png,#EBE4CC,"235,228,204",Amarillo,
45YY 77/183,Blanco Milhojas,https://www.alba.com.ar/es/paletas-de-colores/blanco-milhojas-45yy-77-183-1672108,,#F1DFBC,"241,223,188",Amarillo,
40YY 69/666,Botón de Oro,https://www.alba.com.ar/es/paletas-de-colores/boton-de-oro-40yy-69-666-1672011,,#FFD04A,"255,208,74",Amarillo,
48YY 77/529,Brindar,https://www.alba.com.ar/es/paletas-de-colores/brindar-48yy-77-529-1672148,,#FFDD78,"255,221,120",Amarillo,
60YY 79/367,Brisa de Primavera,https://www.alba.com.ar/es/paletas-de-colores/brisa-de-primavera-60yy-79-367-1672540,,#F7DF96,"247,223,150",Amarillo,
50YY 51/519,Brote de Caña,https://www.alba.com.ar/es/paletas-de-colores/brote-de-cana-50yy-51-519-1672383,,#DAB955,"218,185,85",Amarillo,
50YY 71/369,Bálsamo Amarillo,https://www.alba.com.ar/es/paletas-de-colores/balsamo-amarillo-50yy-71-369-1672390,,#F3D68E,"243,214,142",Amarillo,
50YY 65/454,Campana,https://www.alba.com.ar/es/paletas-de-colores/campana-50yy-65-454-1672389,,#EFD077,"239,208,119",Amarillo,
30YY 23/246,Campo Polvoriento,https://www.alba.com.ar/es/paletas-de-colores/campo-polvoriento-30yy-23-246-1671841,,#967D54,"150,125,84",Amarillo,
39YY 66/813,Capa de Lluvia *,https://www.alba.com.ar/es/paletas-de-colores/capa-de-lluvia-39yy-66-813-1671967,,#FFC600,"255,198,0",Amarillo,
60YY 39/654,Capín *,https://www.alba.com.ar/es/paletas-de-colores/capin-60yy-39-654-1672516,,#C4A91B,"196,169,27",Amarillo,
30YY 35/249,Caqui Dorado,https://www.alba.com.ar/es/paletas-de-colores/caqui-dorado-30yy-35-249-1671849,,#B4986D,"180,152,109",Amarillo,
60YY 67/626,Carambola,https://www.alba.com.ar/es/paletas-de-colores/carambola-60yy-67-626-1672529,,#EECF50,"238,207,80",Amarillo,
53YY 83/348,Cidro Helado,https://www.alba.com.ar/es/paletas-de-colores/cidro-helado-53yy-83-348-1672429,,#FDE39F,"253,227,159",Amarillo,
50YY 42/490,Corona Dorada,https://www.alba.com.ar/es/paletas-de-colores/corona-dorada-50yy-42-490-1672379,,#C6A747,"198,167,71",Amarillo,
48YY 80/346,Corriente Estival,https://www.alba.com.ar/es/paletas-de-colores/corriente-estival-48yy-80-346-3137107,https://msp.images.akzonobel.com/glb/dh/inspirational-images/Livingroom-234361.png,#FEE39F,"254,227,159",Amarillo,
40YY 64/165,Costa de Marfil,https://www.alba.com.ar/es/paletas-de-colores/costa-de-marfil-40yy-64-165-1672002,,#DECCAE,"222,204,174",Amarillo,
40YY 67/196,Costa Soleada,https://www.alba.com.ar/es/paletas-de-colores/costa-soleada-40yy-67-196-1672008,,#E4D0AB,"228,208,171",Amarillo,
56YY 85/109,Crema Chic,https://www.alba.com.ar/es/paletas-de-colores/crema-chic-56yy-85-109-3137145,https://msp.images.akzonobel.com/glb/dh/inspirational-images/Livingroom-234458.png,#F4ECD6,"244,236,214",Amarillo,
50YY 77/173,Crema de Boston,https://www.alba.com.ar/es/paletas-de-colores/crema-de-boston-50yy-77-173-1672394,,#F0E1BF,"240,225,191",Amarillo,
40YY 78/140,Crema de Limón,https://www.alba.com.ar/es/paletas-de-colores/crema-de-limon-40yy-78-140-1672022,,#F1E0C6,"241,224,198",Amarillo,
40YY 65/427,Crema de Manzana,https://www.alba.com.ar/es/paletas-de-colores/crema-de-manzana-40yy-65-427-1672006,,#F5CB7B,"245,203,123",Amarillo,
39YY 74/175,Crema Musical,https://www.alba.com.ar/es/paletas-de-colores/crema-musical-39yy-74-175-1671969,,#EDDAB9,"237,218,185",Amarillo,
50YY 77/285,Cremoso,https://www.alba.com.ar/es/paletas-de-colores/cremoso-50yy-77-285-1672395,,#F6DDA6,"246,221,166",Amarillo,
60YY 77/332,Crucero del Sur,https://www.alba.com.ar/es/paletas-de-colores/crucero-del-sur-60yy-77-332-1672538,,#F3DE9C,"243,222,156",Amarillo,
45YY 62/805,Curry *,https://www.alba.com.ar/es/paletas-de-colores/curry-45yy-62-805-1672089,,#F7C500,"247,197,0",Amarillo,
40YY 49/546,Curry Dorado,https://www.alba.com.ar/es/paletas-de-colores/curry-dorado-40yy-49-546-1671995,,#DEB349,"222,179,73",Amarillo,
51YY 61/792,Césped Mostaza *,https://www.alba.com.ar/es/paletas-de-colores/cesped-mostaza-51yy-61-792-3137120,https://msp.images.akzonobel.com/glb/dh/inspirational-images/Livingroom-234450.png,#EFC900,"239,201,0",Amarillo,
43YY 71/540,Deleite Estelar,https://www.alba.com.ar/es/paletas-de-colores/deleite-estelar-43yy-71-540-1672058,,#FED56A,"254,213,106",Amarillo,
44YY 69/140,Desierto Deslumbrante,https://www.alba.com.ar/es/paletas-de-colores/desierto-deslumbrante-44yy-69-140-1672069,,#E3D5BB,"227,213,187",Amarillo,
60YY 48/748,Drama Rústico *,https://www.alba.com.ar/es/paletas-de-colores/drama-rustico-60yy-48-748-1672519,,#D9B500,"217,181,0",Amarillo,
40YY 83/150,Dulce de Coco,https://www.alba.com.ar/es/paletas-de-colores/dulce-de-coco-40yy-83-150-1672030,,#F7E6CA,"247,230,202",Amarillo,
46YY 61/201,Efecto Pardo,https://www.alba.com.ar/es/paletas-de-colores/efecto-pardo-46yy-61-201-3137098,https://msp.images.akzonobel.com/glb/dh/inspirational-images/Livingroom-234350.png,#DBCAA4,"219,202,164",Amarillo,
40YY 38/643,Encaje Portugués *,https://www.alba.com.ar/es/paletas-de-colores/encaje-portugues-40yy-38-643-1671987,,#CA9D08,"202,157,8",Amarillo,
50YY 53/687,Estallido de Azufre *,https://www.alba.com.ar/es/paletas-de-colores/estallido-de-azufre-50yy-53-687-1672384,,#E0BA25,"224,186,37",Amarillo,
48YY 73/573,Estallido Estelar,https://www.alba.com.ar/es/paletas-de-colores/estallido-estelar-48yy-73-573-3137106,https://msp.images.akzonobel.com/glb/dh/inspirational-images/Livingroom-234371.png,#FFD967,"255,217,103",Amarillo,
40YY 64/903,Estrella Ardiente *,https://www.alba.com.ar/es/paletas-de-colores/estrella-ardiente-40yy-64-903-1672003,,#FFC700,"255,199,0",Amarillo,
67YY 89/124,Estrella del Norte,https://www.alba.com.ar/es/paletas-de-colores/estrella-del-norte-67yy-89-124-1672609,,#F7EED4,"247,238,212",Amarillo,
60YY 55/504,Explosión Cítrica,https://www.alba.com.ar/es/paletas-de-colores/explosion-citrica-60yy-55-504-1672520,,#D9C15B,"217,193,91",Amarillo,
47YY 40/227,Fango Mostaza,https://www.alba.com.ar/es/paletas-de-colores/fango-mostaza-47yy-40-227-3137102,https://msp.images.akzonobel.com/glb/dh/inspirational-images/Livingroom-234355.png,#B6A379,"182,163,121",Amarillo,
53YY 88/112,Fantasía Lunar,https://www.alba.com.ar/es/paletas-de-colores/fantasia-lunar-53yy-88-112-3137132,https://msp.images.akzonobel.com/glb/dh/inspirational-images/Livingroom-234489.png,#F8EFD8,"248,239,216",Amarillo,
34YY 31/502,Fantasía Oliva,https://www.alba.com.ar/es/paletas-de-colores/fantasia-oliva-34yy-31-502-3137057,https://msp.images.akzonobel.com/glb/dh/inspirational-images/Livingroom-234242.png,#B68D2C,"182,141,44",Amarillo,
40YY 53/218,Feriado Romano,https://www.alba.com.ar/es/paletas-de-colores/feriado-romano-40yy-53-218-1671997,,#D1BB93,"209,187,147",Amarillo,
60YY 59/604,Filete Dorado,https://www.alba.com.ar/es/paletas-de-colores/filete-dorado-60yy-59-604-1672522,,#E2C347,"226,195,71",Amarillo,
64YY 84/180,Fin de Semana Estival,https://www.alba.com.ar/es/paletas-de-colores/fin-de-semana-estival-64yy-84-180-1672582,,#F4EAC6,"244,234,198",Amarillo,
62YY 86/253,Flash Fotográfico,https://www.alba.com.ar/es/paletas-de-colores/flash-fotografico-62yy-86-253-3137160,https://msp.images.akzonobel.com/glb/dh/inspirational-images/Livingroom-234539.png,#FBEDBA,"251,237,186",Amarillo,
35YY 86/117,Flor de Algodón,https://www.alba.com.ar/es/paletas-de-colores/flor-de-algodon-35yy-86-117-1671940,,#F3E8D0,"243,232,208",Amarillo,
50YY 37/519,Fuente Frutal,https://www.alba.com.ar/es/paletas-de-colores/fuente-frutal-50yy-37-519-1672378,,#BC9E36,"188,158,54",Amarillo,
66YY 61/648,Futurista,https://www.alba.com.ar/es/paletas-de-colores/futurista-66yy-61-648-3137172,https://msp.images.akzonobel.com/glb/dh/inspirational-images/Livingroom-48358.png,#DFCD45,"223,205,69",Amarillo,
40YY 65/263,Granero Amarillo,https://www.alba.com.ar/es/paletas-de-colores/granero-amarillo-40yy-65-263-1672005,,#E7CC9B,"231,204,155",Amarillo,
40YY 34/446,Guirnalda Dorada,https://www.alba.com.ar/es/paletas-de-colores/guirnalda-dorada-40yy-34-446-1671985,,#B89441,"184,148,65",Amarillo,
70YY 83/112,Halo,https://www.alba.com.ar/es/paletas-de-colores/halo-70yy-83-112-1672855,,#F0E9D2,"240,233,210",Amarillo,
51YY 78/444,Inyección de Sol,https://www.alba.com.ar/es/paletas-de-colores/inyeccion-de-sol-51yy-78-444-1672413,,#FEE089,"254,224,137",Amarillo,
39YY 52/691,Juego de Abejorros *,https://www.alba.com.ar/es/paletas-de-colores/juego-de-abejorros-39yy-52-691-1671965,,#E7B523,"231,181,35",Amarillo,
52YY 83/223,Jugo de Limón,https://www.alba.com.ar/es/paletas-de-colores/jugo-de-limon-52yy-83-223-3137126,https://msp.images.akzonobel.com/glb/dh/inspirational-images/Livingroom-234418.png,#F9E8BC,"249,232,188",Amarillo,
40YY 71/335,Junquillo Amarillo,https://www.alba.com.ar/es/paletas-de-colores/junquillo-amarillo-40yy-71-335-1672013,,#F4D497,"244,212,151",Amarillo,
60YY 47/608,Kiwi Amarillento,https://www.alba.com.ar/es/paletas-de-colores/kiwi-amarillento-60yy-47-608-1672518,,#CBB132,"203,177,50",Amarillo,
63YY 79/219,Kiwi Amarillo,https://www.alba.com.ar/es/paletas-de-colores/kiwi-amarillo-63yy-79-219-1672570,,#F1E4B8,"241,228,184",Amarillo,
60YY 57/304,Kiwi Dorado,https://www.alba.com.ar/es/paletas-de-colores/kiwi-dorado-60yy-57-304-1672521,,#D6C387,"214,195,135",Amarillo,
43YY 65/687,Limón Ardiente *,https://www.alba.com.ar/es/paletas-de-colores/limon-ardiente-43yy-65-687-1672056,,#FBCB3B,"251,203,59",Amarillo,
56YY 86/241,Limón Hielo,https://www.alba.com.ar/es/paletas-de-colores/limon-hielo-56yy-86-241-1672457,,#FBE8B8,"251,232,184",Amarillo,
60YY 83/250,Limón Pálido,https://www.alba.com.ar/es/paletas-de-colores/limon-palido-60yy-83-250-1672548,,#F8E6B5,"248,230,181",Amarillo,
54YY 69/747,Limón Verde *,https://www.alba.com.ar/es/paletas-de-colores/limon-verde-54yy-69-747-3137140,https://msp.images.akzonobel.com/glb/dh/inspirational-images/Livingroom-100726.png,#F8D02E,"248,208,46",Amarillo,
50YY 80/242,Linaza,https://www.alba.com.ar/es/paletas-de-colores/linaza-50yy-80-242-1672397,,#F8E1B2,"248,225,178",Amarillo,
65YY 84/081,Litoral Marítimo,https://www.alba.com.ar/es/paletas-de-colores/litoral-maritimo-65yy-84-081-1672591,,#EFEAD6,"239,234,214",Amarillo,
66YY 85/231,Luna de Agosto,https://www.alba.com.ar/es/paletas-de-colores/luna-de-agosto-66yy-85-231-1672602,,#F7EBBD,"247,235,189",Amarillo,
52YY 89/117,Luna de Miel,https://www.alba.com.ar/es/paletas-de-colores/luna-de-miel-52yy-89-117-1672423,,#F7ECD5,"247,236,213",Amarillo,
62YY 83/382,Luz Astral,https://www.alba.com.ar/es/paletas-de-colores/luz-astral-62yy-83-382-3137159,https://msp.images.akzonobel.com/glb/dh/inspirational-images/Livingroom-234549.png,#FCE99C,"252,233,156",Amarillo,
50YY 83/171,Luz Costera,https://www.alba.com.ar/es/paletas-de-colores/luz-costera-50yy-83-171-1672404,,#F6E5C3,"246,229,195",Amarillo,
70YY 83/187,Luz de Linterna,https://www.alba.com.ar/es/paletas-de-colores/luz-de-linterna-70yy-83-187-1672857,,#F4E9C2,"244,233,194",Amarillo,
67YY 87/169,Luz de Velas,https://www.alba.com.ar/es/paletas-de-colores/luz-de-velas-67yy-87-169-1672608,,#F8EECC,"248,238,204",Amarillo,
36YY 59/230,Luz Oriental,https://www.alba.com.ar/es/paletas-de-colores/luz-oriental-36yy-59-230-1671943,,#DBC399,"219,195,153",Amarillo,
49YY 75/130,Luz Relajante,https://www.alba.com.ar/es/paletas-de-colores/luz-relajante-49yy-75-130-1672160,,#E9DDC4,"233,221,196",Amarillo,
45YY 72/230,Magnolia Primaveral,https://www.alba.com.ar/es/paletas-de-colores/magnolia-primaveral-45yy-72-230-1672102,,#EED8AC,"238,216,172",Amarillo,
45YY 71/567,Mancha Solar,https://www.alba.com.ar/es/paletas-de-colores/mancha-solar-45yy-71-567-1672100,,#FED362,"254,211,98",Amarillo,
45YY 79/376,Margaritas Montañosas,https://www.alba.com.ar/es/paletas-de-colores/margaritas-montanosas-45yy-79-376-1672110,,#FFDF96,"255,223,150",Amarillo,
60YY 83/156,Mariposa de Verano,https://www.alba.com.ar/es/paletas-de-colores/mariposa-de-verano-60yy-83-156-1672545,,#F4E7C8,"244,231,200",Amarillo,
37YY 38/594,Mañana en el Bosque,https://www.alba.com.ar/es/paletas-de-colores/manana-en-el-bosque-37yy-38-594-1671947,,#C99C1D,"201,156,29",Amarillo,
61YY 76/109,Mañana Urbana,https://www.alba.com.ar/es/paletas-de-colores/manana-urbana-61yy-76-109-3137153,https://msp.images.akzonobel.com/glb/dh/inspirational-images/Livingroom-234528.png,#E8E1CB,"232,225,203",Amarillo,
30YY 46/304,Miel Silvestre,https://www.alba.com.ar/es/paletas-de-colores/miel-silvestre-30yy-46-304-1671860,,#CFAD78,"207,173,120",Amarillo,
49YY 69/406,Mousse de Limón,https://www.alba.com.ar/es/paletas-de-colores/mousse-de-limon-49yy-69-406-1672159,,#F2D486,"242,212,134",Amarillo,
45YY 83/250,Mousse de Maracuyá,https://www.alba.com.ar/es/paletas-de-colores/mousse-de-maracuya-45yy-83-250-1672117,,#FCE5B4,"252,229,180",Amarillo,
30YY 27/226,Musgo Caqui,https://www.alba.com.ar/es/paletas-de-colores/musgo-caqui-30yy-27-226-1671843,,#9F8662,"159,134,98",Amarillo,
50YY 79/208,Noche Agradable,https://www.alba.com.ar/es/paletas-de-colores/noche-agradable-50yy-79-208-1672396,,#F4E0B8,"244,224,184",Amarillo,
44YY 23/330,Oliva Deliciosa,https://www.alba.com.ar/es/paletas-de-colores/oliva-deliciosa-44yy-23-330-1672066,,#937B3C,"147,123,60",Amarillo,
49YY 26/180,Orilla del Lago Verde,https://www.alba.com.ar/es/paletas-de-colores/orilla-del-lago-verde-49yy-26-180-3137113,https://msp.images.akzonobel.com/glb/dh/inspirational-images/Livingroom-234423.png,#938564,"147,133,100",Amarillo,
40YY 75/216,Orión,https://www.alba.com.ar/es/paletas-de-colores/orion-40yy-75-216-1672018,,#F3DCB4,"243,220,180",Amarillo,
40YY 41/603,Oro Bizantino,https://www.alba.com.ar/es/paletas-de-colores/oro-bizantino-40yy-41-603-1671990,,#CEA127,"206,161,39",Amarillo,
40YY 72/164,Orégano de Campo,https://www.alba.com.ar/es/paletas-de-colores/oregano-de-campo-40yy-72-164-1672014,,#EAD9BA,"234,217,186",Amarillo,
61YY 89/135,Paisaje Lunar,https://www.alba.com.ar/es/paletas-de-colores/paisaje-lunar-61yy-89-135-1672558,,#F6EDD1,"246,237,209",Amarillo,
70YY 25/200,Palta,https://www.alba.com.ar/es/paletas-de-colores/palta-70yy-25-200-1672819,,#918762,"145,135,98",Amarillo,
45YY 76/146,Papiro,https://www.alba.com.ar/es/paletas-de-colores/papiro-45yy-76-146-1672107,,#EEDEC1,"238,222,193",Amarillo,
49YY 46/310,Pera Deliciosa,https://www.alba.com.ar/es/paletas-de-colores/pera-deliciosa-49yy-46-310-1672158,,#C4AE73,"196,174,115",Amarillo,
75YY 87/137,Pera Primaveral,https://www.alba.com.ar/es/paletas-de-colores/pera-primaveral-75yy-87-137-1672892,,#F5EDCF,"245,237,207",Amarillo,
40YY 70/138,Pergamino,https://www.alba.com.ar/es/paletas-de-colores/pergamino-40yy-70-138-1672012,,#E6D7BD,"230,215,189",Amarillo,
60YY 65/669,Periquito,https://www.alba.com.ar/es/paletas-de-colores/periquito-60yy-65-669-1672525,,#EECD40,"238,205,64",Amarillo,
45YY 83/156,Perla Cultivada,https://www.alba.com.ar/es/paletas-de-colores/perla-cultivada-45yy-83-156-1672115,,#F8E8C9,"248,232,201",Amarillo,
42YY 64/745,Pimienta Cítrica *,https://www.alba.com.ar/es/paletas-de-colores/pimienta-citrica-42yy-64-745-1672048,,#F7C631,"247,198,49",Amarillo,
30YY 39/225,Pimienta del Reino,https://www.alba.com.ar/es/paletas-de-colores/pimienta-del-reino-30yy-39-225-1671854,,#BBA17B,"187,161,123",Amarillo,
71YY 87/078,Playa Blanca,https://www.alba.com.ar/es/paletas-de-colores/playa-blanca-71yy-87-078-1672864,,#F3EEDC,"243,238,220",Amarillo,
50YY 75/104,Pétalo de Almendro,https://www.alba.com.ar/es/paletas-de-colores/petalo-de-almendro-50yy-75-104-1672392,,#E6DCC6,"230,220,198",Amarillo,
30YY 46/608,Rescate del Rey,https://www.alba.com.ar/es/paletas-de-colores/rescate-del-rey-30yy-46-608-1671861,,#E2AC39,"226,172,57",Amarillo,
45YY 73/519,Rosa Amarilla,https://www.alba.com.ar/es/paletas-de-colores/rosa-amarilla-45yy-73-519-1672103,,#FFD571,"255,213,113",Amarillo,
62YY 78/618,Sabor Limón,https://www.alba.com.ar/es/paletas-de-colores/sabor-limon-62yy-78-618-3137158,https://msp.images.akzonobel.com/glb/dh/inspirational-images/Livingroom-234563.png,#FCE462,"252,228,98",Amarillo,
45YY 67/259,Sahara Occidental,https://www.alba.com.ar/es/paletas-de-colores/sahara-occidental-45yy-67-259-1672096,,#E7CF9E,"231,207,158",Amarillo,
60YY 83/094,Sala Blanca,https://www.alba.com.ar/es/paletas-de-colores/sala-blanca-60yy-83-094-1672543,,#EEE6D1,"238,230,209",Amarillo,
66YY 88/114,Seda Matinal,https://www.alba.com.ar/es/paletas-de-colores/seda-matinal-66yy-88-114-1672603,,#F5EFD7,"245,239,215",Amarillo,
45YY 49/610,Semilla de Mostaza,https://www.alba.com.ar/es/paletas-de-colores/semilla-de-mostaza-45yy-49-610-1672085,,#DDB338,"221,179,56",Amarillo,
53YY 82/133,Sensación Cremosa,https://www.alba.com.ar/es/paletas-de-colores/sensacion-cremosa-53yy-82-133-3137131,https://msp.images.akzonobel.com/glb/dh/inspirational-images/Livingroom-234409.png,#F2E7CC,"242,231,204",Amarillo,
54YY 71/171,Sensación de Duna,https://www.alba.com.ar/es/paletas-de-colores/sensacion-de-duna-54yy-71-171-3137141,https://msp.images.akzonobel.com/glb/dh/inspirational-images/Livingroom-234462.png,#E6D9B7,"230,217,183",Amarillo,
68YY 83/339,Sensación Matinal,https://www.alba.com.ar/es/paletas-de-colores/sensacion-matinal-68yy-83-339-1672613,,#F7EAA5,"247,234,165",Amarillo,
41YY 69/742,Sol Brillante *,https://www.alba.com.ar/es/paletas-de-colores/sol-brillante-41yy-69-742-1672036,,#FFCE38,"255,206,56",Amarillo,
54YY 85/291,Sol Celestial,https://www.alba.com.ar/es/paletas-de-colores/sol-celestial-54yy-85-291-1672440,,#FBE5AD,"251,229,173",Amarillo,
60YY 62/755,Sol de Primavera *,https://www.alba.com.ar/es/paletas-de-colores/sol-de-primavera-60yy-62-755-1672523,,#ECC722,"236,199,34",Amarillo,
37YY 61/877,Sol Espléndido *,https://www.alba.com.ar/es/paletas-de-colores/sol-esplendido-37yy-61-877-1671949,,#FFC100,"255,193,0",Amarillo,
45YY 67/662,Sol Matinal,https://www.alba.com.ar/es/paletas-de-colores/sol-matinal-45yy-67-662-1672097,,#FCCD46,"252,205,70",Amarillo,
45YY 77/424,Soleado,https://www.alba.com.ar/es/paletas-de-colores/soleado-45yy-77-424-1672109,,#FFDC8C,"255,220,140",Amarillo,
45YY 65/334,Soneto Portugués,https://www.alba.com.ar/es/paletas-de-colores/soneto-portugues-45yy-65-334-1672092,,#E8CC8D,"232,204,141",Amarillo,
34YY 61/672,Sublime Luz Solar *,https://www.alba.com.ar/es/paletas-de-colores/sublime-luz-solar-34yy-61-672-1671927,,#F9C13B,"249,193,59",Amarillo,
39YY 68/634,Tesoro Arqueológico,https://www.alba.com.ar/es/paletas-de-colores/tesoro-arqueologico-39yy-68-634-1671968,,#FBC94A,"251,201,74",Amarillo,
40YY 46/587,Tiara,https://www.alba.com.ar/es/paletas-de-colores/tiara-40yy-46-587-1671992,,#DAA937,"218,169,55",Amarillo,
65YY 72/399,Toque de Manzana,https://www.alba.com.ar/es/paletas-de-colores/toque-de-manzana-65yy-72-399-1672590,,#ECDB8B,"236,219,139",Amarillo,
60YY 76/144,Toque de Primavera,https://www.alba.com.ar/es/paletas-de-colores/toque-de-primavera-60yy-76-144-1672536,,#E8DEC0,"232,222,192",Amarillo,
40YY 49/408,Triple Corona,https://www.alba.com.ar/es/paletas-de-colores/triple-corona-40yy-49-408-1671994,,#D7B468,"215,180,104",Amarillo,
43YY 69/543,Tulipán de Mayo,https://www.alba.com.ar/es/paletas-de-colores/tulipan-de-mayo-43yy-69-543-1672057,,#F8CD6A,"248,205,106",Amarillo,
60YY 67/117,Valle Nublado,https://www.alba.com.ar/es/paletas-de-colores/valle-nublado-60yy-67-117-1672527,,#D9D1B9,"217,209,185",Amarillo,
70YY 83/075,Vapor,https://www.alba.com.ar/es/paletas-de-colores/vapor-70yy-83-075-1672854,,#EEE9D8,"238,233,216",Amarillo,
45YY 51/758,Verde Dorado *,https://www.alba.com.ar/es/paletas-de-colores/verde-dorado-45yy-51-758-1672086,,#E5B600,"229,182,0",Amarillo,
45YY 51/365,Verde Escocés,https://www.alba.com.ar/es/paletas-de-colores/verde-escoces-45yy-51-365-3137094,https://msp.images.akzonobel.com/glb/dh/inspirational-images/Livingroom-234310.png,#D4B773,"212,183,115",Amarillo,
45YY 63/251,Verde Italiano,https://www.alba.com.ar/es/paletas-de-colores/verde-italiano-45yy-63-251-3137095,https://msp.images.akzonobel.com/glb/dh/inspirational-images/Livingroom-234299.png,#E2CD9E,"226,205,158",Amarillo,
50YY 62/309,Verde Matinal,https://www.alba.com.ar/es/paletas-de-colores/verde-matinal-50yy-62-309-1672387,,#E2CB8F,"226,203,143",Amarillo,
41YY 53/306,Verde Mañana,https://www.alba.com.ar/es/paletas-de-colores/verde-manana-41yy-53-306-3137082,https://msp.images.akzonobel.com/glb/dh/inspirational-images/Livingroom-234267.png,#D6BB82,"214,187,130",Amarillo,
40YY 58/565,Verde Sueco,https://www.alba.com.ar/es/paletas-de-colores/verde-sueco-40yy-58-565-1671998,,#EBBD51,"235,189,81",Amarillo,
48YY 12/177,Verde Tapenade,https://www.alba.com.ar/es/paletas-de-colores/verde-tapenade-48yy-12-177-1672147,,#665936,"102,89,54",Amarillo,
49YY 54/251,Verde Toscana,https://www.alba.com.ar/es/paletas-de-colores/verde-toscana-49yy-54-251-3137114,https://msp.images.akzonobel.com/glb/dh/inspirational-images/Livingroom-234356.png,#D1BE8E,"209,190,142",Amarillo,
46YY 74/602,Yema de Huevo,https://www.alba.com.ar/es/paletas-de-colores/yema-de-huevo-46yy-74-602-1672126,,#FFD562,"255,213,98",Amarillo,
76BG 72/113,Agua Mística,https://www.alba.com.ar/es/paletas-de-colores/agua-mistica-76bg-72-113-1672893,,#C4E0EB,"196,224,235",Azul,
07BB 62/156,Agua Secreta,https://www.alba.com.ar/es/paletas-de-colores/agua-secreta-07bb-62-156-1671048,,#B2D1E7,"178,209,231",Azul,
65BG 17/353,Aguas Caribeñas,https://www.alba.com.ar/es/paletas-de-colores/aguas-caribenas-65bg-17-353-1672583,,#00779B,"0,119,155",Azul,
15BB 19/227,Aguas de Islandia,https://www.alba.com.ar/es/paletas-de-colores/aguas-de-islandia-15bb-19-227-3136972,https://msp.images.akzonobel.com/glb/dh/inspirational-images/Livingroom-236863.png,#457697,"69,118,151",Azul,
36BB 46/231,Aguas de Lisboa,https://www.alba.com.ar/es/paletas-de-colores/aguas-de-lisboa-36bb-46-231-1671941,,#91B5D8,"145,181,216",Azul,
25BB 32/310,Aguas Limpias,https://www.alba.com.ar/es/paletas-de-colores/aguas-limpias-25bb-32-310-3137025,https://msp.images.akzonobel.com/glb/dh/inspirational-images/Livingroom-236937.png,#5C9BCC,"92,155,204",Azul,
50BG 11/123,Aguas Oceánicas,https://www.alba.com.ar/es/paletas-de-colores/aguas-oceanicas-50bg-11-123-1672187,,#3A5E67,"58,94,103",Azul,
14BB 39/289,Aguas Ondulantes,https://www.alba.com.ar/es/paletas-de-colores/aguas-ondulantes-14bb-39-289-1671369,,#6CABD6,"108,171,214",Azul,
30BB 08/225,Aguas Turbulentas,https://www.alba.com.ar/es/paletas-de-colores/aguas-turbulentas-30bb-08-225-1671587,,#184C6E,"24,76,110",Azul,
83BG 55/097,Aguas Vaporosas,https://www.alba.com.ar/es/paletas-de-colores/aguas-vaporosas-83bg-55-097-1673028,,#AFC5D0,"175,197,208",Azul,
32BB 10/296,Alas de Colibrí,https://www.alba.com.ar/es/paletas-de-colores/alas-de-colibri-32bb-10-296-3137047,https://msp.images.akzonobel.com/glb/dh/inspirational-images/Livingroom-236983.png,#005482,"0,84,130",Azul,
10BB 64/052,Alaska,https://www.alba.com.ar/es/paletas-de-colores/alaska-10bb-64-052-1671091,,#C8D1D7,"200,209,215",Azul,
50BG 41/312,Amsterdam,https://www.alba.com.ar/es/paletas-de-colores/amsterdam-50bg-41-312-1672197,,#49B6CE,"73,182,206",Azul,
50BB 27/232,Arlequín,https://www.alba.com.ar/es/paletas-de-colores/arlequin-50bb-27-232-1672172,,#718EB4,"113,142,180",Azul,
52BB 75/036,Aroma a Violeta,https://www.alba.com.ar/es/paletas-de-colores/aroma-a-violeta-52bb-75-036-3137122,https://msp.images.akzonobel.com/glb/dh/inspirational-images/Livingroom-237146.png,#DCDFE4,"220,223,228",Azul,
70BB 67/096,Azul Arcadia,https://www.alba.com.ar/es/paletas-de-colores/azul-arcadia-70bb-67-096-1672643,,#CED3E3,"206,211,227",Azul,
70BG 53/164,Azul Atlántida,https://www.alba.com.ar/es/paletas-de-colores/azul-atlantida-70bg-53-164-1672669,,#9AC5D5,"154,197,213",Azul,
39BB 18/351,Azul Añil,https://www.alba.com.ar/es/paletas-de-colores/azul-anil-39bb-18-351-1671960,,#2676AD,"38,118,173",Azul,
50BB 08/257,Azul Bajo Cero,https://www.alba.com.ar/es/paletas-de-colores/azul-bajo-cero-50bb-08-257-1672163,,#1C4B75,"28,75,117",Azul,
70BG 44/129,Azul Barroco,https://www.alba.com.ar/es/paletas-de-colores/azul-barroco-70bg-44-129-1672667,,#94B5C2,"148,181,194",Azul,
43BB 09/340,Azul Blazer,https://www.alba.com.ar/es/paletas-de-colores/azul-blazer-43bb-09-340-1672051,,#005184,"0,81,132",Azul,
40BG 65/171,Azul Burbujeante,https://www.alba.com.ar/es/paletas-de-colores/azul-burbujeante-40bg-65-171-3137077,https://msp.images.akzonobel.com/glb/dh/inspirational-images/Livingroom-236384.png,#A8DAE5,"168,218,229",Azul,
27BB 21/366,Azul Cabalgata,https://www.alba.com.ar/es/paletas-de-colores/azul-cabalgata-27bb-21-366-3137036,https://msp.images.akzonobel.com/glb/dh/inspirational-images/Livingroom-236944.png,#1B80B8,"27,128,184",Azul,
50BG 12/219,Azul Cadete,https://www.alba.com.ar/es/paletas-de-colores/azul-cadete-50bg-12-219-1672188,,#136777,"19,103,119",Azul,
48BB 33/169,Azul Camarote,https://www.alba.com.ar/es/paletas-de-colores/azul-camarote-48bb-33-169-3137103,https://msp.images.akzonobel.com/glb/dh/inspirational-images/Livingroom-237046.png,#8599B4,"133,153,180",Azul,
30BB 18/318,Azul Campeón,https://www.alba.com.ar/es/paletas-de-colores/azul-campeon-30bb-18-318-1671598,,#3078A8,"48,120,168",Azul,
30BB 18/190,Azul Capitolio,https://www.alba.com.ar/es/paletas-de-colores/azul-capitolio-30bb-18-190-1671597,,#537390,"83,115,144",Azul,
50BB 33/164,Azul Cashmere,https://www.alba.com.ar/es/paletas-de-colores/azul-cashmere-50bb-33-164-1672173,,#8698B4,"134,152,180",Azul,
67BG 19/394,Azul Celeste Fusión,https://www.alba.com.ar/es/paletas-de-colores/azul-celeste-fusion-67bg-19-394-1688848,,#007DA6,"0,125,166",Azul,
50BB 39/188,Azul Ceremonial,https://www.alba.com.ar/es/paletas-de-colores/azul-ceremonial-50bb-39-188-1672175,,#8FA6C6,"143,166,198",Azul,
01BB 69/098,Azul Citrino,https://www.alba.com.ar/es/paletas-de-colores/azul-citrino-01bb-69-098-1671006,,#C3D8E3,"195,216,227",Azul,
50BB 63/094,Azul Colgante,https://www.alba.com.ar/es/paletas-de-colores/azul-colgante-50bb-63-094-1672180,,#C6CFDE,"198,207,222",Azul,
31BB 15/212,Azul Cóndor,https://www.alba.com.ar/es/paletas-de-colores/azul-condor-31bb-15-212-1671901,,#446A8B,"68,106,139",Azul,
90BG 56/125,Azul Danubio,https://www.alba.com.ar/es/paletas-de-colores/azul-danubio-90bg-56-125-1673130,,#ADC8D7,"173,200,215",Azul,
50BB 63/066,Azul de Jarrón,https://www.alba.com.ar/es/paletas-de-colores/azul-de-jarron-50bb-63-066-1672179,,#C8CFD9,"200,207,217",Azul,
89BG 37/353,Azul de la Tarde,https://www.alba.com.ar/es/paletas-de-colores/azul-de-la-tarde-89bg-37-353-1673075,,#3BACD5,"59,172,213",Azul,
79BG 27/391,Azul Dicha,https://www.alba.com.ar/es/paletas-de-colores/azul-dicha-79bg-27-391-3137195,https://msp.images.akzonobel.com/glb/dh/inspirational-images/Livingroom-236646.png,#0097C4,"0,151,196",Azul,
30BB 63/124,Azul Discreto,https://www.alba.com.ar/es/paletas-de-colores/azul-discreto-30bb-63-124-1671623,,#BFD1E4,"191,209,228",Azul,
50BB 18/276,Azul Eclesiástico,https://www.alba.com.ar/es/paletas-de-colores/azul-eclesiastico-50bb-18-276-1672169,,#4D73A1,"77,115,161",Azul,
70BG 72/071,Azul Eterno,https://www.alba.com.ar/es/paletas-de-colores/azul-eterno-70bg-72-071-1672677,,#CEDFE5,"206,223,229",Azul,
70BB 16/287,Azul Expreso,https://www.alba.com.ar/es/paletas-de-colores/azul-expreso-70bb-16-287-1672627,,#526C9D,"82,108,157",Azul,
72BB 07/288,Azul Fantasma,https://www.alba.com.ar/es/paletas-de-colores/azul-fantasma-72bb-07-288-1672865,,#224373,"34,67,115",Azul,
79BG 53/259,Azul Feriado,https://www.alba.com.ar/es/paletas-de-colores/azul-feriado-79bg-53-259-1672931,,#82C8E3,"130,200,227",Azul,
10BB 57/115,Azul Finlandés,https://www.alba.com.ar/es/paletas-de-colores/azul-finlandes-10bb-57-115-1671089,,#B3C8D8,"179,200,216",Azul,
30BB 10/112,Azul Firma,https://www.alba.com.ar/es/paletas-de-colores/azul-firma-30bb-10-112-1671590,,#425465,"66,84,101",Azul,
30BB 32/139,Azul Florentino,https://www.alba.com.ar/es/paletas-de-colores/azul-florentino-30bb-32-139-1671605,,#869AAF,"134,154,175",Azul,
81BG 09/241,Azul Formal,https://www.alba.com.ar/es/paletas-de-colores/azul-formal-81bg-09-241-1673007,,#00546E,"0,84,110",Azul,
70BG 07/086,Azul Frontón,https://www.alba.com.ar/es/paletas-de-colores/azul-fronton-70bg-07-086-1672650,,#2F454D,"47,69,77",Azul,
50BG 44/094,Azul Fénix,https://www.alba.com.ar/es/paletas-de-colores/azul-fenix-50bg-44-094-1672198,,#9AB4BA,"154,180,186",Azul,
10BB 11/126,Azul Gótico,https://www.alba.com.ar/es/paletas-de-colores/azul-gotico-10bb-11-126-1671072,,#405A6B,"64,90,107",Azul,
46BG 63/190,Azul Harmonía,https://www.alba.com.ar/es/paletas-de-colores/azul-harmonia-46bg-63-190-1672119,,#9FD5E2,"159,213,226",Azul,
88BG 08/179,Azul Imaginado,https://www.alba.com.ar/es/paletas-de-colores/azul-imaginado-88bg-08-179-1673066,,#0C4C62,"12,76,98",Azul,
04BB 34/244,Azul Informal,https://www.alba.com.ar/es/paletas-de-colores/azul-informal-04bb-34-244-1671024,,#67A0C1,"103,160,193",Azul,
30BB 46/124,Azul Invernal,https://www.alba.com.ar/es/paletas-de-colores/azul-invernal-30bb-46-124-1671612,,#A3B5C8,"163,181,200",Azul,
50BB 54/079,Azul Laqueado,https://www.alba.com.ar/es/paletas-de-colores/azul-laqueado-50bb-54-079-1672178,,#B9C1CD,"185,193,205",Azul,
18BB 59/133,Azul Liláceo,https://www.alba.com.ar/es/paletas-de-colores/azul-lilaceo-18bb-59-133-3136996,https://msp.images.akzonobel.com/glb/dh/inspirational-images/Livingroom-236897.png,#B3CADE,"179,202,222",Azul,
30BB 72/045,Azul Lunar,https://www.alba.com.ar/es/paletas-de-colores/azul-lunar-30bb-72-045-1671628,,#D6DCE2,"214,220,226",Azul,
70BB 33/202,Azul Majestuoso,https://www.alba.com.ar/es/paletas-de-colores/azul-majestuoso-70bb-33-202-1672633,,#8998BC,"137,152,188",Azul,
50BB 08/171,Azul Marino Vibrante,https://www.alba.com.ar/es/paletas-de-colores/azul-marino-vibrante-50bb-08-171-1672162,,#324965,"50,73,101",Azul,
30BB 08/188,Azul Mediterráneo,https://www.alba.com.ar/es/paletas-de-colores/azul-mediterraneo-30bb-08-188-1671586,,#274C68,"39,76,104",Azul,
10BB 08/200,Azul Neptuno,https://www.alba.com.ar/es/paletas-de-colores/azul-neptuno-10bb-08-200-1671069,,#1A4F6A,"26,79,106",Azul,
10BB 15/154,Azul Niágara,https://www.alba.com.ar/es/paletas-de-colores/azul-niagara-10bb-15-154-1671076,,#4C6B80,"76,107,128",Azul,
40BG 70/146,Azul Niño,https://www.alba.com.ar/es/paletas-de-colores/azul-nino-40bg-70-146-1671975,,#B5DFE7,"181,223,231",Azul,
50BB 18/216,Azul Noble,https://www.alba.com.ar/es/paletas-de-colores/azul-noble-50bb-18-216-1672168,,#567195,"86,113,149",Azul,
70BB 09/241,Azul Noche,https://www.alba.com.ar/es/paletas-de-colores/azul-noche-70bb-09-241-1672622,,#354E76,"53,78,118",Azul,
50BG 20/230,Azul Oceánico,https://www.alba.com.ar/es/paletas-de-colores/azul-oceanico-50bg-20-230-1672192,,#338193,"51,129,147",Azul,
52BG 38/320,Azul Olímpico,https://www.alba.com.ar/es/paletas-de-colores/azul-olimpico-52bg-38-320-1672417,,#39AFC9,"57,175,201",Azul,
30BB 46/086,Azul Otoñal,https://www.alba.com.ar/es/paletas-de-colores/azul-otonal-30bb-46-086-1671611,,#A7B3C0,"167,179,192",Azul,
10BB 40/090,Azul Oxford,https://www.alba.com.ar/es/paletas-de-colores/azul-oxford-10bb-40-090-1671084,,#99AAB6,"153,170,182",Azul,
56BG 23/355,Azul Pekín,https://www.alba.com.ar/es/paletas-de-colores/azul-pekin-56bg-23-355-1672450,,#008DAC,"0,141,172",Azul,
30BB 33/235,Azul Pervinca,https://www.alba.com.ar/es/paletas-de-colores/azul-pervinca-30bb-33-235-1671608,,#769DC2,"118,157,194",Azul,
80BG 39/354,Azul Pim,https://www.alba.com.ar/es/paletas-de-colores/azul-pim-80bg-39-354-3137202,https://msp.images.akzonobel.com/glb/dh/inspirational-images/Livingroom-236644.png,#38B1DB,"56,177,219",Azul,
50BG 69/117,Azul Polo,https://www.alba.com.ar/es/paletas-de-colores/azul-polo-50bg-69-117-1672203,,#BDDDE4,"189,221,228",Azul,
22BB 34/304,Azul Portuario,https://www.alba.com.ar/es/paletas-de-colores/azul-portuario-22bb-34-304-1671523,,#60A0CE,"96,160,206",Azul,
45BB 22/347,Azul Portugués,https://www.alba.com.ar/es/paletas-de-colores/azul-portugues-45bb-22-347-1672076,,#4280B6,"66,128,182",Azul,
31BB 23/340,Azul Preludio,https://www.alba.com.ar/es/paletas-de-colores/azul-preludio-31bb-23-340-1671902,,#3F87BC,"63,135,188",Azul,
10BB 09/155,Azul Prusia,https://www.alba.com.ar/es/paletas-de-colores/azul-prusia-10bb-09-155-1671070,,#315368,"49,83,104",Azul,
62BB 08/369,Azul Puro,https://www.alba.com.ar/es/paletas-de-colores/azul-puro-62bb-08-369-1672559,,#024A7F,"2,74,127",Azul,
16BB 19/395,Azul Real,https://www.alba.com.ar/es/paletas-de-colores/azul-real-16bb-19-395-1671384,,#007CB6,"0,124,182",Azul,
13BB 17/399,Azul Regata,https://www.alba.com.ar/es/paletas-de-colores/azul-regata-13bb-17-399-1671360,,#0078AF,"0,120,175",Azul,
10BB 09/250,Azul Relámpago,https://www.alba.com.ar/es/paletas-de-colores/azul-relampago-10bb-09-250-1671071,,#005476,"0,84,118",Azul,
74BG 61/206,Azul Remoto,https://www.alba.com.ar/es/paletas-de-colores/azul-remoto-74bg-61-206-1672875,,#9FD3E7,"159,211,231",Azul,
30BB 11/244,Azul Reposera,https://www.alba.com.ar/es/paletas-de-colores/azul-reposera-30bb-11-244-1671592,,#1D567C,"29,86,124",Azul,
50BG 72/170,Azul Salvaje,https://www.alba.com.ar/es/paletas-de-colores/azul-salvaje-50bg-72-170-1672205,,#B4DFE8,"180,223,232",Azul,
30BB 63/097,Azul Seda,https://www.alba.com.ar/es/paletas-de-colores/azul-seda-30bb-63-097-1671622,,#C2D0DF,"194,208,223",Azul,
35BG 42/331,Azul Seducción,https://www.alba.com.ar/es/paletas-de-colores/azul-seduccion-35bg-42-331-1671930,,#38B9CD,"56,185,205",Azul,
60BG 17/341,Azul Sideral,https://www.alba.com.ar/es/paletas-de-colores/azul-sideral-60bg-17-341-1672474,,#007C9A,"0,124,154",Azul,
70BG 11/257,Azul Tempestad,https://www.alba.com.ar/es/paletas-de-colores/azul-tempestad-70bg-11-257-1672653,,#00647C,"0,100,124",Azul,
10BB 30/203,Azul Tibet,https://www.alba.com.ar/es/paletas-de-colores/azul-tibet-10bb-30-203-1671081,,#6C97B3,"108,151,179",Azul,
16BB 41/268,Azul Toronto,https://www.alba.com.ar/es/paletas-de-colores/azul-toronto-16bb-41-268-1671386,,#79B0D7,"121,176,215",Azul,
04BB 57/189,Azul Tranquilo,https://www.alba.com.ar/es/paletas-de-colores/azul-tranquilo-04bb-57-189-1671025,,#A1C9E3,"161,201,227",Azul,
49BB 51/186,Azul Turquía,https://www.alba.com.ar/es/paletas-de-colores/azul-turquia-49bb-51-186-1672150,,#A3BADA,"163,186,218",Azul,
89BG 70/116,Azul Viento,https://www.alba.com.ar/es/paletas-de-colores/azul-viento-89bg-70-116-1673076,,#C1DAE6,"193,218,230",Azul,
90BG 38/185,Azul Windsor,https://www.alba.com.ar/es/paletas-de-colores/azul-windsor-90bg-38-185-1673123,,#7CA8BF,"124,168,191",Azul,
98BG 26/393,Azul Zafiro,https://www.alba.com.ar/es/paletas-de-colores/azul-zafiro-98bg-26-393-1673377,,#0095C7,"0,149,199",Azul,
90BG 20/241,Azul Índigo,https://www.alba.com.ar/es/paletas-de-colores/azul-indigo-90bg-20-241-1673115,,#3A7D9A,"58,125,154",Azul,
10BB 43/206,Azul Ópalo,https://www.alba.com.ar/es/paletas-de-colores/azul-opalo-10bb-43-206-1671085,,#89B3D0,"137,179,208",Azul,
11BB 64/135,Biquini,https://www.alba.com.ar/es/paletas-de-colores/biquini-11bb-64-135-1671337,,#B6D1E2,"182,209,226",Azul,
70BB 64/035,Blanco Ahumado,https://www.alba.com.ar/es/paletas-de-colores/blanco-ahumado-70bb-64-035-1672640,,#CCCED3,"204,206,211",Azul,
49BB 76/037,Blanco Dinastía Ming,https://www.alba.com.ar/es/paletas-de-colores/blanco-dinastia-ming-49bb-76-037-1672151,,#DDE1E4,"221,225,228",Azul,
30BB 33/163,Blueberry,https://www.alba.com.ar/es/paletas-de-colores/blueberry-30bb-33-163-1671606,,#819BB4,"129,155,180",Azul,
50BG 30/235,Blues,https://www.alba.com.ar/es/paletas-de-colores/blues-50bg-30-235-1672193,,#519BAD,"81,155,173",Azul,
51BB 11/311,Boda Azul,https://www.alba.com.ar/es/paletas-de-colores/boda-azul-51bb-11-311-1672406,,#1C5789,"28,87,137",Azul,
66BB 29/332,Bouquet de Lavanda,https://www.alba.com.ar/es/paletas-de-colores/bouquet-de-lavanda-66bb-29-332-3137170,https://msp.images.akzonobel.com/glb/dh/inspirational-images/Livingroom-237164.png,#7090C9,"112,144,201",Azul,
30BB 72/034,Brillo de Estrellas,https://www.alba.com.ar/es/paletas-de-colores/brillo-de-estrellas-30bb-72-034-1671626,,#D7DCE0,"215,220,224",Azul,
30BB 54/120,Brillo de Hadas,https://www.alba.com.ar/es/paletas-de-colores/brillo-de-hadas-30bb-54-120-1671617,,#B2C2D5,"178,194,213",Azul,
10BB 17/269,Brillo de Zafiro,https://www.alba.com.ar/es/paletas-de-colores/brillo-de-zafiro-10bb-17-269-1671077,,#32759A,"50,117,154",Azul,
10BB 49/137,Brillo Estelar,https://www.alba.com.ar/es/paletas-de-colores/brillo-estelar-10bb-49-137-1671086,,#A0BBCD,"160,187,205",Azul,
17BB 79/028,Bruma de Escarcha,https://www.alba.com.ar/es/paletas-de-colores/bruma-de-escarcha-17bb-79-028-3136990,https://msp.images.akzonobel.com/glb/dh/inspirational-images/Livingroom-237071.png,#E0E4E8,"224,228,232",Azul,
70BG 70/131,Bruma Naciente,https://www.alba.com.ar/es/paletas-de-colores/bruma-naciente-70bg-70-131-1672675,,#BBDDE9,"187,221,233",Azul,
96BG 20/413,Calma Mediterránea,https://www.alba.com.ar/es/paletas-de-colores/calma-mediterranea-96bg-20-413-3137272,https://msp.images.akzonobel.com/glb/dh/inspirational-images/Livingroom-236747.png,#0081B8,"0,129,184",Azul,
32BB 33/133,Campanilla Silvestre,https://www.alba.com.ar/es/paletas-de-colores/campanilla-silvestre-32bb-33-133-1671909,,#8699AD,"134,153,173",Azul,
93BG 32/374,Canción del Ave,https://www.alba.com.ar/es/paletas-de-colores/cancion-del-ave-93bg-32-374-1673347,,#10A1CF,"16,161,207",Azul,
67BB 14/216,Capa Real,https://www.alba.com.ar/es/paletas-de-colores/capa-real-67bb-14-216-3137174,https://msp.images.akzonobel.com/glb/dh/inspirational-images/Livingroom-237161.png,#4E6185,"78,97,133",Azul,
06BB 39/179,Caramelo de Arándano,https://www.alba.com.ar/es/paletas-de-colores/caramelo-de-arandano-06bb-39-179-3136928,https://msp.images.akzonobel.com/glb/dh/inspirational-images/Livingroom-236806.png,#83A8C1,"131,168,193",Azul,
10BB 55/065,Casual Jeans,https://www.alba.com.ar/es/paletas-de-colores/casual-jeans-10bb-55-065-1671088,,#B8C4CC,"184,196,204",Azul,
70BB 35/108,Caída de la Noche,https://www.alba.com.ar/es/paletas-de-colores/caida-de-la-noche-70bb-35-108-1672634,,#979FB2,"151,159,178",Azul,
99BG 62/159,Celestial Claro,https://www.alba.com.ar/es/paletas-de-colores/celestial-claro-99bg-62-159-1673388,,#B1D2E6,"177,210,230",Azul,
77BG 57/234,Chiffon Azul,https://www.alba.com.ar/es/paletas-de-colores/chiffon-azul-77bg-57-234-1672901,,#8DCCE7,"141,204,231",Azul,
70BG 70/113,Cielo Californiano,https://www.alba.com.ar/es/paletas-de-colores/cielo-californiano-70bg-70-113-1672674,,#C1DDE7,"193,221,231",Azul,
50BG 74/130,Cielo de Verano,https://www.alba.com.ar/es/paletas-de-colores/cielo-de-verano-50bg-74-130-1672206,,#C1E3EA,"193,227,234",Azul,
54BB 39/103,Cielo Eléctrico,https://www.alba.com.ar/es/paletas-de-colores/cielo-electrico-54bb-39-103-3137134,https://msp.images.akzonobel.com/glb/dh/inspirational-images/Livingroom-237107.png,#9CA5B6,"156,165,182",Azul,
70BB 21/147,Cielo Estrellado,https://www.alba.com.ar/es/paletas-de-colores/cielo-estrellado-70bb-21-147-1672628,,#707992,"112,121,146",Azul,
48BG 54/244,Cielo Limpio,https://www.alba.com.ar/es/paletas-de-colores/cielo-limpio-48bg-54-244-1672139,,#7FCADB,"127,202,219",Azul,
25BB 30/318,Cielo Náutico,https://www.alba.com.ar/es/paletas-de-colores/cielo-nautico-25bb-30-318-1671545,,#5497C8,"84,151,200",Azul,
70BG 67/126,Cielo Radiante,https://www.alba.com.ar/es/paletas-de-colores/cielo-radiante-70bg-67-126-1672672,,#B5D7E2,"181,215,226",Azul,
81BG 60/128,Cielos Infinitos,https://www.alba.com.ar/es/paletas-de-colores/cielos-infinitos-81bg-60-128-1673009,,#B0CFDD,"176,207,221",Azul,
50BB 17/126,Claro de Luna,https://www.alba.com.ar/es/paletas-de-colores/claro-de-luna-50bb-17-126-1672167,,#626F83,"98,111,131",Azul,
10BB 22/318,Cobalto Intenso,https://www.alba.com.ar/es/paletas-de-colores/cobalto-intenso-10bb-22-318-1671079,,#2E86B2,"46,134,178",Azul,
10BB 65/094,Copos de Nube,https://www.alba.com.ar/es/paletas-de-colores/copos-de-nube-10bb-65-094-1671092,,#C2D2DE,"194,210,222",Azul,
66BG 68/157,Corriente Oceánica,https://www.alba.com.ar/es/paletas-de-colores/corriente-oceanica-66bg-68-157-1672594,,#B4DCEA,"180,220,234",Azul,
70BG 40/284,Costa Oceánica,https://www.alba.com.ar/es/paletas-de-colores/costa-oceanica-70bg-40-284-1672665,,#5DB2CF,"93,178,207",Azul,
84BG 18/143,Costa Salvaje,https://www.alba.com.ar/es/paletas-de-colores/costa-salvaje-84bg-18-143-1673036,,#537686,"83,118,134",Azul,
14BB 55/113,Coulis de Arándano,https://www.alba.com.ar/es/paletas-de-colores/coulis-de-arandano-14bb-55-113-1671370,,#B0C4D3,"176,196,211",Azul,
50BB 26/105,Creciente Cósmico,https://www.alba.com.ar/es/paletas-de-colores/creciente-cosmico-50bb-26-105-1672171,,#7F8A9C,"127,138,156",Azul,
30BB 54/072,Cristalería,https://www.alba.com.ar/es/paletas-de-colores/cristaleria-30bb-54-072-1671616,,#B7C1CC,"183,193,204",Azul,
40BB 83/017,Cristales Marítimos,https://www.alba.com.ar/es/paletas-de-colores/cristales-maritimos-40bb-83-017-1671974,,#E7E9EB,"231,233,235",Azul,
50BG 55/241,Curasao Azul,https://www.alba.com.ar/es/paletas-de-colores/curasao-azul-50bg-55-241-1672200,,#85CCDE,"133,204,222",Azul,
70BG 47/182,Dalia Azul,https://www.alba.com.ar/es/paletas-de-colores/dalia-azul-70bg-47-182-1672668,,#8DBDCF,"141,189,207",Azul,
09BB 51/218,Danubio,https://www.alba.com.ar/es/paletas-de-colores/danubio-09bb-51-218-1671060,,#95C1E0,"149,193,224",Azul,
12BB 82/058,Danza de Mariposa,https://www.alba.com.ar/es/paletas-de-colores/danza-de-mariposa-12bb-82-058-1671347,,#E0EAEF,"224,234,239",Azul,
10BB 59/176,Dejo de Ciruela,https://www.alba.com.ar/es/paletas-de-colores/dejo-de-ciruela-10bb-59-176-1671090,,#A9CCE6,"169,204,230",Azul,
49BB 19/182,Deleite Denim,https://www.alba.com.ar/es/paletas-de-colores/deleite-denim-49bb-19-182-3137108,https://msp.images.akzonobel.com/glb/dh/inspirational-images/Livingroom-237087.png,#5C7291,"92,114,145",Azul,
71BB 10/202,Delirio de Moras,https://www.alba.com.ar/es/paletas-de-colores/delirio-de-moras-71bb-10-202-1672859,,#3F4F72,"63,79,114",Azul,
15BB 13/261,Deslumbrante Zafiro,https://www.alba.com.ar/es/paletas-de-colores/deslumbrante-zafiro-15bb-13-261-1671379,,#106086,"16,96,134",Azul,
30BB 73/052,Diente de León Claro,https://www.alba.com.ar/es/paletas-de-colores/diente-de-leon-claro-30bb-73-052-1671629,,#D6DDE5,"214,221,229",Azul,
50BG 18/350,Dulce Zafiro,https://www.alba.com.ar/es/paletas-de-colores/dulce-zafiro-50bg-18-350-1672190,,#00839D,"0,131,157",Azul,
54BG 56/236,Día de Spa,https://www.alba.com.ar/es/paletas-de-colores/dia-de-spa-54bg-56-236-3137135,https://msp.images.akzonobel.com/glb/dh/inspirational-images/Livingroom-236489.png,#87CEE2,"135,206,226",Azul,
67BB 22/374,Efecto Amatista,https://www.alba.com.ar/es/paletas-de-colores/efecto-amatista-67bb-22-374-3137175,https://msp.images.akzonobel.com/glb/dh/inspirational-images/Livingroom-237166.png,#567EBE,"86,126,190",Azul,
70BB 27/201,Eléctrico,https://www.alba.com.ar/es/paletas-de-colores/electrico-70bb-27-201-1672630,,#7C8BAE,"124,139,174",Azul,
49BB 63/056,Encaje Lavanda,https://www.alba.com.ar/es/paletas-de-colores/encaje-lavanda-49bb-63-056-3137109,https://msp.images.akzonobel.com/glb/dh/inspirational-images/Livingroom-237116.png,#C9CFD8,"201,207,216",Azul,
30BB 47/161,Encantamiento,https://www.alba.com.ar/es/paletas-de-colores/encantamiento-30bb-47-161-1671613,,#9EB5CE,"158,181,206",Azul,
50BG 30/384,Ensenada,https://www.alba.com.ar/es/paletas-de-colores/ensenada-50bg-30-384-1672194,,#009FBE,"0,159,190",Azul,
70BG 13/300,Era de los Jets,https://www.alba.com.ar/es/paletas-de-colores/era-de-los-jets-70bg-13-300-1672654,,#006B88,"0,107,136",Azul,
69BG 77/076,Era del Hielo,https://www.alba.com.ar/es/paletas-de-colores/era-del-hielo-69bg-77-076-1672617,,#D3E5E9,"211,229,233",Azul,
79BG 66/110,Escarabajo Azul,https://www.alba.com.ar/es/paletas-de-colores/escarabajo-azul-79bg-66-110-1672932,,#BDD7E3,"189,215,227",Azul,
50BB 39/104,Escollera,https://www.alba.com.ar/es/paletas-de-colores/escollera-50bb-39-104-1672174,,#9AA5B7,"154,165,183",Azul,
30BB 27/236,Espiral Onírica,https://www.alba.com.ar/es/paletas-de-colores/espiral-onirica-30bb-27-236-1671602,,#6790B3,"103,144,179",Azul,
38BG 30/352,Espuma Oceánica,https://www.alba.com.ar/es/paletas-de-colores/espuma-oceanica-38bg-30-352-1671953,,#00A1B8,"0,161,184",Azul,
70BB 73/035,Espíritu Naciente,https://www.alba.com.ar/es/paletas-de-colores/espiritu-naciente-70bb-73-035-1672646,,#DBDCE1,"219,220,225",Azul,
23BB 68/102,Estallido de Lavandas,https://www.alba.com.ar/es/paletas-de-colores/estallido-de-lavandas-23bb-68-102-3137015,https://msp.images.akzonobel.com/glb/dh/inspirational-images/Livingroom-236916.png,#C7D8E6,"199,216,230",Azul,
70BB 59/118,Faceta Azul,https://www.alba.com.ar/es/paletas-de-colores/faceta-azul-70bb-59-118-1672639,,#C1C8DC,"193,200,220",Azul,
34BG 75/107,Fantasía Denim,https://www.alba.com.ar/es/paletas-de-colores/fantasia-denim-34bg-75-107-3137055,https://msp.images.akzonobel.com/glb/dh/inspirational-images/Livingroom-236359.png,#C5E4E9,"197,228,233",Azul,
70BB 49/082,Fascinación,https://www.alba.com.ar/es/paletas-de-colores/fascinacion-70bb-49-082-1672637,,#B1B6C4,"177,182,196",Azul,
69BB 17/324,Festival de Ópera,https://www.alba.com.ar/es/paletas-de-colores/festival-de-opera-69bb-17-324-3137181,https://msp.images.akzonobel.com/glb/dh/inspirational-images/Livingroom-100841.png,#5270A7,"82,112,167",Azul,
90BG 28/213,Firmamento,https://www.alba.com.ar/es/paletas-de-colores/firmamento-90bg-28-213-1673118,,#5E93AD,"94,147,173",Azul,
10BB 73/045,Flor Alpina,https://www.alba.com.ar/es/paletas-de-colores/flor-alpina-10bb-73-045-1671095,,#D6DEE3,"214,222,227",Azul,
44BB 54/129,Flor del Atardecer,https://www.alba.com.ar/es/paletas-de-colores/flor-del-atardecer-44bb-54-129-1672062,,#B2C1D7,"178,193,215",Azul,
30BB 23/291,Flor Oceánica,https://www.alba.com.ar/es/paletas-de-colores/flor-oceanica-30bb-23-291-1671601,,#4883B0,"72,131,176",Azul,
70BG 41/201,Flores de Mayo Azules,https://www.alba.com.ar/es/paletas-de-colores/flores-de-mayo-azules-70bg-41-201-1672666,,#7AB2C6,"122,178,198",Azul,
17BB 54/211,Fresco Encuentro,https://www.alba.com.ar/es/paletas-de-colores/fresco-encuentro-17bb-54-211-1671401,,#9AC2E2,"154,194,226",Azul,
73BG 64/122,Fresco Matinal,https://www.alba.com.ar/es/paletas-de-colores/fresco-matinal-73bg-64-122-1672871,,#B6D4E0,"182,212,224",Azul,
11BB 35/316,Fruto del Bosque Azul,https://www.alba.com.ar/es/paletas-de-colores/fruto-del-bosque-azul-11bb-35-316-1671336,,#57A3D1,"87,163,209",Azul,
90BG 72/063,Frío Súbito,https://www.alba.com.ar/es/paletas-de-colores/frio-subito-90bg-72-063-1673134,,#D1DDE3,"209,221,227",Azul,
77BB 07/344,Fuerte Presencia,https://www.alba.com.ar/es/paletas-de-colores/fuerte-presencia-77bb-07-344-3137191,https://msp.images.akzonobel.com/glb/dh/inspirational-images/Livingroom-237235.png,#17407D,"23,64,125",Azul,
30BB 08/263,Gota Azul,https://www.alba.com.ar/es/paletas-de-colores/gota-azul-30bb-08-263-1671588,,#004E76,"0,78,118",Azul,
10BB 39/100,Gris Cobayo,https://www.alba.com.ar/es/paletas-de-colores/gris-cobayo-10bb-39-100-1671083,,#95A7B4,"149,167,180",Azul,
70BB 15/081,Gris Elemental,https://www.alba.com.ar/es/paletas-de-colores/gris-elemental-70bb-15-081-1672626,,#606573,"96,101,115",Azul,
64BG 78/058,Hielo Fluvial,https://www.alba.com.ar/es/paletas-de-colores/hielo-fluvial-64bg-78-058-3137162,https://msp.images.akzonobel.com/glb/dh/inspirational-images/Livingroom-236651.png,#D7E5EA,"215,229,234",Azul,
24BB 43/232,Horizonte Azul,https://www.alba.com.ar/es/paletas-de-colores/horizonte-azul-24bb-43-232-3137021,https://msp.images.akzonobel.com/glb/dh/inspirational-images/Livingroom-236918.png,#87B1D5,"135,177,213",Azul,
70BG 59/124,Hortensia Azul,https://www.alba.com.ar/es/paletas-de-colores/hortensia-azul-70bg-59-124-1672671,,#B0CED9,"176,206,217",Azul,
33BB 32/308,Hortensia Perfumada,https://www.alba.com.ar/es/paletas-de-colores/hortensia-perfumada-33bb-32-308-1671917,,#659DC9,"101,157,201",Azul,
90BG 72/100,Huella de Esquí,https://www.alba.com.ar/es/paletas-de-colores/huella-de-esqui-90bg-72-100-1673136,,#C9DEE9,"201,222,233",Azul,
70BG 28/169,Invierno Azul,https://www.alba.com.ar/es/paletas-de-colores/invierno-azul-70bg-28-169-1672661,,#6794A5,"103,148,165",Azul,
64BB 46/254,Jazmín Azul,https://www.alba.com.ar/es/paletas-de-colores/jazmin-azul-64bb-46-254-1672572,,#9CB2DF,"156,178,223",Azul,
30BB 10/337,Jazz,https://www.alba.com.ar/es/paletas-de-colores/jazz-30bb-10-337-1671591,,#005B8E,"0,91,142",Azul,
50BB 11/216,Joya Matutina,https://www.alba.com.ar/es/paletas-de-colores/joya-matutina-50bb-11-216-1672165,,#385679,"56,86,121",Azul,
50BG 44/184,Lagos de Michigan,https://www.alba.com.ar/es/paletas-de-colores/lagos-de-michigan-50bg-44-184-1672199,,#83B8C5,"131,184,197",Azul,
10BB 12/310,Lapislázuli,https://www.alba.com.ar/es/paletas-de-colores/lapislazuli-10bb-12-310-1671074,,#00638B,"0,99,139",Azul,
51BB 27/310,Lavanda Artístico,https://www.alba.com.ar/es/paletas-de-colores/lavanda-artistico-51bb-27-310-1672407,,#628CC0,"98,140,192",Azul,
38BB 69/096,Lavanda Crepúsculo,https://www.alba.com.ar/es/paletas-de-colores/lavanda-crepusculo-38bb-69-096-1671952,,#CBD8E6,"203,216,230",Azul,
53BB 69/079,Lavanda Matinal,https://www.alba.com.ar/es/paletas-de-colores/lavanda-matinal-53bb-69-079-3137128,https://msp.images.akzonobel.com/glb/dh/inspirational-images/Livingroom-237077.png,#CFD7E3,"207,215,227",Azul,
48BB 56/162,Lila Moreno,https://www.alba.com.ar/es/paletas-de-colores/lila-moreno-48bb-56-162-1672138,,#B2C5DF,"178,197,223",Azul,
08BB 46/152,Limpia Armonía,https://www.alba.com.ar/es/paletas-de-colores/limpia-armonia-08bb-46-152-3136938,https://msp.images.akzonobel.com/glb/dh/inspirational-images/Livingroom-236777.png,#98B6CB,"152,182,203",Azul,
70BG 16/209,Llamas Azules,https://www.alba.com.ar/es/paletas-de-colores/llamas-azules-70bg-16-209-1672656,,#347488,"52,116,136",Azul,
18BB 19/153,Lluvia de Medianoche,https://www.alba.com.ar/es/paletas-de-colores/lluvia-de-medianoche-18bb-19-153-1671415,,#58748B,"88,116,139",Azul,
30BB 14/242,Luz de Luna,https://www.alba.com.ar/es/paletas-de-colores/luz-de-luna-30bb-14-242-1671594,,#3A698D,"58,105,141",Azul,
70BB 07/103,Luz Negra,https://www.alba.com.ar/es/paletas-de-colores/luz-negra-70bb-07-103-1672621,,#373F51,"55,63,81",Azul,
70BB 12/116,Límite Nocturno,https://www.alba.com.ar/es/paletas-de-colores/limite-nocturno-70bb-12-116-1672624,,#535B6F,"83,91,111",Azul,
70BB 65/066,Línea del Horizonte,https://www.alba.com.ar/es/paletas-de-colores/linea-del-horizonte-70bb-65-066-1672642,,#CDD1DC,"205,209,220",Azul,
47BB 74/091,Malva Brillante,https://www.alba.com.ar/es/paletas-de-colores/malva-brillante-47bb-74-091-1672129,,#D4DEEE,"212,222,238",Azul,
30BB 63/058,Mar Azul,https://www.alba.com.ar/es/paletas-de-colores/mar-azul-30bb-63-058-1671620,,#C5CED6,"197,206,214",Azul,
50BG 32/114,Mar Balcánico,https://www.alba.com.ar/es/paletas-de-colores/mar-balcanico-50bg-32-114-1672195,,#7F9DA5,"127,157,165",Azul,
90BG 11/262,Mar Báltico,https://www.alba.com.ar/es/paletas-de-colores/mar-baltico-90bg-11-262-1673110,,#005F7D,"0,95,125",Azul,
77BG 24/246,Mar de Marineros,https://www.alba.com.ar/es/paletas-de-colores/mar-de-marineros-77bg-24-246-1672900,,#448CA7,"68,140,167",Azul,
50BG 62/133,Mar Reluciente,https://www.alba.com.ar/es/paletas-de-colores/mar-reluciente-50bg-62-133-1672201,,#B0D3DB,"176,211,219",Azul,
90BG 21/302,Mar Índigo,https://www.alba.com.ar/es/paletas-de-colores/mar-indigo-90bg-21-302-1673116,,#1883A7,"24,131,167",Azul,
50BG 19/144,Marea,https://www.alba.com.ar/es/paletas-de-colores/marea-50bg-19-144-1672191,,#547C87,"84,124,135",Azul,
82BG 79/062,Mañana Junto al Mar,https://www.alba.com.ar/es/paletas-de-colores/manana-junto-al-mar-82bg-79-062-1673017,,#D6E5EB,"214,229,235",Azul,
90BG 50/157,Mediterráneo,https://www.alba.com.ar/es/paletas-de-colores/mediterraneo-90bg-50-157-1673127,,#99BDD0,"153,189,208",Azul,
58BB 51/183,Mermelada de Ciruela,https://www.alba.com.ar/es/paletas-de-colores/mermelada-de-ciruela-58bb-51-183-3137147,https://msp.images.akzonobel.com/glb/dh/inspirational-images/Livingroom-237131.png,#ABBCDC,"171,188,220",Azul,
50BB 83/020,Montaña Blanca,https://www.alba.com.ar/es/paletas-de-colores/montana-blanca-50bb-83-020-1672184,,#E7E9EA,"231,233,234",Azul,
99BG 22/432,Movimiento del Viento,https://www.alba.com.ar/es/paletas-de-colores/movimiento-del-viento-99bg-22-432-1688851,,#0087BD,"0,135,189",Azul,
70BB 28/080,Más Allá del Azul,https://www.alba.com.ar/es/paletas-de-colores/mas-alla-del-azul-70bb-28-080-1672631,,#898D9B,"137,141,155",Azul,
47BG 62/184,Navegante Aventurero,https://www.alba.com.ar/es/paletas-de-colores/navegante-aventurero-47bg-62-184-1672130,,#A0D6E3,"160,214,227",Azul,
10BB 11/350,Navegantes,https://www.alba.com.ar/es/paletas-de-colores/navegantes-10bb-11-350-1671073,,#006392,"0,99,146",Azul,
10BB 13/362,Navíos en el Mar,https://www.alba.com.ar/es/paletas-de-colores/navios-en-el-mar-10bb-13-362-1671075,,#006B9B,"0,107,155",Azul,
10BB 73/026,Neblina,https://www.alba.com.ar/es/paletas-de-colores/neblina-10bb-73-026-1671093,,#D8DDDF,"216,221,223",Azul,
30BB 72/028,Neblina Azul,https://www.alba.com.ar/es/paletas-de-colores/neblina-azul-30bb-72-028-1671625,,#D8DCDF,"216,220,223",Azul,
27BB 10/138,Neptuno Profundo,https://www.alba.com.ar/es/paletas-de-colores/neptuno-profundo-27bb-10-138-3137035,https://msp.images.akzonobel.com/glb/dh/inspirational-images/Livingroom-236917.png,#3A5267,"58,82,103",Azul,
10BB 50/177,Nobleza,https://www.alba.com.ar/es/paletas-de-colores/nobleza-10bb-50-177-1671087,,#9CBFD7,"156,191,215",Azul,
10BB 32/262,Noche Estrellada,https://www.alba.com.ar/es/paletas-de-colores/noche-estrellada-10bb-32-262-1671082,,#629DC2,"98,157,194",Azul,
52BB 08/128,Noche Impenetrable,https://www.alba.com.ar/es/paletas-de-colores/noche-impenetrable-52bb-08-128-1672415,,#37465C,"55,70,92",Azul,
70BG 23/276,Noche Tropical,https://www.alba.com.ar/es/paletas-de-colores/noche-tropical-70bg-23-276-1672658,,#2D8CA8,"45,140,168",Azul,
10BB 07/150,Noche Ártica,https://www.alba.com.ar/es/paletas-de-colores/noche-artica-10bb-07-150-1671068,,#25485C,"37,72,92",Azul,
22BB 08/161,Noches de Añil,https://www.alba.com.ar/es/paletas-de-colores/noches-de-anil-22bb-08-161-1671522,,#234760,"35,71,96",Azul,
90BG 72/088,Nube Suave,https://www.alba.com.ar/es/paletas-de-colores/nube-suave-90bg-72-088-1673135,,#CBDEE8,"203,222,232",Azul,
70BB 65/056,Oasis Azul,https://www.alba.com.ar/es/paletas-de-colores/oasis-azul-70bb-65-056-1672641,,#CED1D9,"206,209,217",Azul,
06BB 71/091,Oceánico,https://www.alba.com.ar/es/paletas-de-colores/oceanico-06bb-71-091-1671041,,#C7D9E3,"199,217,227",Azul,
05BB 59/165,Océano Bravo,https://www.alba.com.ar/es/paletas-de-colores/oceano-bravo-05bb-59-165-1671034,,#AACCE3,"170,204,227",Azul,
50BB 06/163,Océano Tranquilo *,https://www.alba.com.ar/es/paletas-de-colores/oceano-tranquilo-50bb-06-163-1672161,,#1C3753,"28,55,83",Azul,
81BG 17/262,Ola de Poseidón,https://www.alba.com.ar/es/paletas-de-colores/ola-de-poseidon-81bg-17-262-1673008,,#1B7694,"27,118,148",Azul,
70BG 09/171,Ola Real,https://www.alba.com.ar/es/paletas-de-colores/ola-real-70bg-09-171-1672651,,#1E5566,"30,85,102",Azul,
70BG 31/332,Olas de Hawaii,https://www.alba.com.ar/es/paletas-de-colores/olas-de-hawaii-70bg-31-332-1672662,,#20A1C3,"32,161,195",Azul,
70BG 14/243,Orgullo Marcial,https://www.alba.com.ar/es/paletas-de-colores/orgullo-marcial-70bg-14-243-1672655,,#0A6C84,"10,108,132",Azul,
90BG 31/124,Orilla del Lago Azul,https://www.alba.com.ar/es/paletas-de-colores/orilla-del-lago-azul-90bg-31-124-1673121,,#7D98A6,"125,152,166",Azul,
56BB 45/240,Orquídea Sublime,https://www.alba.com.ar/es/paletas-de-colores/orquidea-sublime-56bb-45-240-3137143,https://msp.images.akzonobel.com/glb/dh/inspirational-images/Livingroom-237120.png,#97B1DA,"151,177,218",Azul,
67BB 09/166,Oscuridad Profunda,https://www.alba.com.ar/es/paletas-de-colores/oscuridad-profunda-67bb-09-166-3137173,https://msp.images.akzonobel.com/glb/dh/inspirational-images/Livingroom-237187.png,#3B4966,"59,73,102",Azul,
56BB 07/196,Pacífico Profundo,https://www.alba.com.ar/es/paletas-de-colores/pacifico-profundo-56bb-07-196-1672449,,#233F61,"35,63,97",Azul,
50BB 72/032,Parada de Tren,https://www.alba.com.ar/es/paletas-de-colores/parada-de-tren-50bb-72-032-1672181,,#D8DCE0,"216,220,224",Azul,
50BB 46/129,Paz,https://www.alba.com.ar/es/paletas-de-colores/paz-50bb-46-129-1672177,,#A5B3C8,"165,179,200",Azul,
86BG 43/321,Pelourinho,https://www.alba.com.ar/es/paletas-de-colores/pelourinho-86bg-43-321-1673050,,#57B7DD,"87,183,221",Azul,
50BG 76/079,Perla del Pacífico,https://www.alba.com.ar/es/paletas-de-colores/perla-del-pacifico-50bg-76-079-1672209,,#D0E4E8,"208,228,232",Azul,
90BG 42/106,Pico de Neblina,https://www.alba.com.ar/es/paletas-de-colores/pico-de-neblina-90bg-42-106-1673125,,#99AFBC,"153,175,188",Azul,
90BG 14/337,Planetario,https://www.alba.com.ar/es/paletas-de-colores/planetario-90bg-14-337-1673111,,#007096,"0,112,150",Azul,
42BB 23/348,Playa Pasional,https://www.alba.com.ar/es/paletas-de-colores/playa-pasional-42bb-23-348-1672040,,#4181BA,"65,129,186",Azul,
17BB 08/104,Pozo Profundo,https://www.alba.com.ar/es/paletas-de-colores/pozo-profundo-17bb-08-104-3136989,https://msp.images.akzonobel.com/glb/dh/inspirational-images/Livingroom-236856.png,#314655,"49,70,85",Azul,
55BG 74/117,Primera Edición,https://www.alba.com.ar/es/paletas-de-colores/primera-edicion-55bg-74-117-1672441,,#C3E1E9,"195,225,233",Azul,
66BB 06/077,Profundidad del Océano,https://www.alba.com.ar/es/paletas-de-colores/profundidad-del-oceano-66bb-06-077-3137169,https://msp.images.akzonobel.com/glb/dh/inspirational-images/Livingroom-237130.png,#2C3241,"44,50,65",Azul,
70BG 32/238,Puerto Oculto,https://www.alba.com.ar/es/paletas-de-colores/puerto-oculto-70bg-32-238-1672663,,#599FB7,"89,159,183",Azul,
50BB 72/045,Puesta del Sol,https://www.alba.com.ar/es/paletas-de-colores/puesta-del-sol-50bb-72-045-1672182,,#D7DBE1,"215,219,225",Azul,
70BG 24/380,Rayo Azul,https://www.alba.com.ar/es/paletas-de-colores/rayo-azul-70bg-24-380-1672659,,#008FB5,"0,143,181",Azul,
30BB 72/040,Realidad Virtual,https://www.alba.com.ar/es/paletas-de-colores/realidad-virtual-30bb-72-040-1671627,,#D6DCE0,"214,220,224",Azul,
58BB 12/390,Reino,https://www.alba.com.ar/es/paletas-de-colores/reino-58bb-12-390-1672465,,#165F9C,"22,95,156",Azul,
50BG 10/175,Rendez-Vous Azul,https://www.alba.com.ar/es/paletas-de-colores/rendez-vous-azul-50bg-10-175-1672186,,#245D6A,"36,93,106",Azul,
90BG 17/120,Río de Piedra,https://www.alba.com.ar/es/paletas-de-colores/rio-de-piedra-90bg-17-120-1673114,,#587381,"88,115,129",Azul,
30BB 63/084,Sala de Lectura,https://www.alba.com.ar/es/paletas-de-colores/sala-de-lectura-30bb-63-084-1671621,,#C3CFDA,"195,207,218",Azul,
47BB 14/349,Sangre Real *,https://www.alba.com.ar/es/paletas-de-colores/sangre-real-47bb-14-349-1672128,,#18659D,"24,101,157",Azul,
70BB 14/202,Satisfacción,https://www.alba.com.ar/es/paletas-de-colores/satisfaccion-70bb-14-202-1672625,,#546386,"84,99,134",Azul,
10BB 28/116,Saturno Frío,https://www.alba.com.ar/es/paletas-de-colores/saturno-frio-10bb-28-116-1671080,,#7B90A0,"123,144,160",Azul,
01BB 59/109,Sensación Feliz,https://www.alba.com.ar/es/paletas-de-colores/sensacion-feliz-01bb-59-109-3136907,https://msp.images.akzonobel.com/glb/dh/inspirational-images/Livingroom-236776.png,#B4CBD9,"180,203,217",Azul,
33BB 61/174,Sensación Festiva,https://www.alba.com.ar/es/paletas-de-colores/sensacion-festiva-33bb-61-174-1671918,,#B4CEEB,"180,206,235",Azul,
45BB 37/281,Sensación Francesa,https://www.alba.com.ar/es/paletas-de-colores/sensacion-francesa-45bb-37-281-1672077,,#7CA4D3,"124,164,211",Azul,
37BG 26/349,Sensación Neptuno,https://www.alba.com.ar/es/paletas-de-colores/sensacion-neptuno-37bg-26-349-1671945,,#0095AC,"0,149,172",Azul,
11BB 15/359,Sentimiento Fabuloso,https://www.alba.com.ar/es/paletas-de-colores/sentimiento-fabuloso-11bb-15-359-3136955,https://msp.images.akzonobel.com/glb/dh/inspirational-images/Livingroom-236797.png,#006B9F,"0,107,159",Azul,
70BB 40/062,Silueta,https://www.alba.com.ar/es/paletas-de-colores/silueta-70bb-40-062-1672635,,#A3A7B1,"163,167,177",Azul,
45BB 18/339,Sirena de Policía,https://www.alba.com.ar/es/paletas-de-colores/sirena-de-policia-45bb-18-339-1672075,,#3573AB,"53,115,171",Azul,
90BG 56/088,Sombra de Duda,https://www.alba.com.ar/es/paletas-de-colores/sombra-de-duda-90bg-56-088-1673129,,#B4C7D1,"180,199,209",Azul,
70BB 55/044,Sombra Lunar,https://www.alba.com.ar/es/paletas-de-colores/sombra-lunar-70bb-55-044-1672638,,#BEC2C9,"190,194,201",Azul,
70BG 72/086,Sonata de Domingo,https://www.alba.com.ar/es/paletas-de-colores/sonata-de-domingo-70bg-72-086-1672678,,#CBDFE6,"203,223,230",Azul,
54BB 66/088,Suave Lavanda,https://www.alba.com.ar/es/paletas-de-colores/suave-lavanda-54bb-66-088-1672432,,#CBD3E2,"203,211,226",Azul,
28BB 72/039,Sueño Eterno,https://www.alba.com.ar/es/paletas-de-colores/sueno-eterno-28bb-72-039-1671571,,#D4DBDE,"212,219,222",Azul,
90BG 11/101,Tempestad Inminente,https://www.alba.com.ar/es/paletas-de-colores/tempestad-inminente-90bg-11-101-1673109,,#445A66,"68,90,102",Azul,
30BB 33/211,Tira de Lona,https://www.alba.com.ar/es/paletas-de-colores/tira-de-lona-30bb-33-211-1671607,,#799CBD,"121,156,189",Azul,
50BB 45/185,Toque Florido,https://www.alba.com.ar/es/paletas-de-colores/toque-florido-50bb-45-185-1672176,,#9DB1D0,"157,177,208",Azul,
89BG 72/060,Toque Matinal,https://www.alba.com.ar/es/paletas-de-colores/toque-matinal-89bg-72-060-3137250,https://msp.images.akzonobel.com/glb/dh/inspirational-images/Livingroom-236714.png,#D0DDE3,"208,221,227",Azul,
36BB 15/398,Tormenta Eléctrica,https://www.alba.com.ar/es/paletas-de-colores/tormenta-electrica-36bb-15-398-3137062,https://msp.images.akzonobel.com/glb/dh/inspirational-images/Livingroom-236998.png,#006AA8,"0,106,168",Azul,
98BG 45/237,Torrente de Agua,https://www.alba.com.ar/es/paletas-de-colores/torrente-de-agua-98bg-45-237-1673378,,#7FB7D6,"127,183,214",Azul,
50BB 10/112,Trato Real,https://www.alba.com.ar/es/paletas-de-colores/trato-real-50bb-10-112-1672164,,#455265,"69,82,101",Azul,
58BB 62/119,Uva Magnífica,https://www.alba.com.ar/es/paletas-de-colores/uva-magnifica-58bb-62-119-3137148,https://msp.images.akzonobel.com/glb/dh/inspirational-images/Livingroom-237082.png,#C3CDE1,"195,205,225",Azul,
30BB 17/158,Vals Azul,https://www.alba.com.ar/es/paletas-de-colores/vals-azul-30bb-17-158-1671596,,#57718A,"87,113,138",Azul,
21BB 52/181,Vasto Océano,https://www.alba.com.ar/es/paletas-de-colores/vasto-oceano-21bb-52-181-3137001,https://msp.images.akzonobel.com/glb/dh/inspirational-images/Livingroom-236933.png,#A1C0DC,"161,192,220",Azul,
90BG 63/072,Velo Azul,https://www.alba.com.ar/es/paletas-de-colores/velo-azul-90bg-63-072-1673132,,#C3D2D9,"195,210,217",Azul,
54BB 41/237,Versalles,https://www.alba.com.ar/es/paletas-de-colores/versalles-54bb-41-237-1672431,,#8FA9D1,"143,169,209",Azul,
29BB 75/065,Viento en Popa,https://www.alba.com.ar/es/paletas-de-colores/viento-en-popa-29bb-75-065-1671580,,#D8E0E9,"216,224,233",Azul,
70BG 56/061,Viento Suave,https://www.alba.com.ar/es/paletas-de-colores/viento-suave-70bg-56-061-1672670,,#B8C7CC,"184,199,204",Azul,
70BB 10/275,Violeta Alegórico,https://www.alba.com.ar/es/paletas-de-colores/violeta-alegorico-70bb-10-275-1672623,,#34507E,"52,80,126",Azul,
50BB 22/199,Violeta de Praga,https://www.alba.com.ar/es/paletas-de-colores/violeta-de-praga-50bb-22-199-1672170,,#677E9F,"103,126,159",Azul,
90BB 09/186,Violeta Inspirado,https://www.alba.com.ar/es/paletas-de-colores/violeta-inspirado-90bb-09-186-1673083,,#454C6C,"69,76,108",Azul,
44BB 62/134,Violeta Perla,https://www.alba.com.ar/es/paletas-de-colores/violeta-perla-44bb-62-134-1672063,,#BBCEE3,"187,206,227",Azul,
61BB 28/291,Violeta Pervinca,https://www.alba.com.ar/es/paletas-de-colores/violeta-pervinca-61bb-28-291-1672549,,#6D8DBE,"109,141,190",Azul,
70BB 24/245,Violeta Tropical,https://www.alba.com.ar/es/paletas-de-colores/violeta-tropical-70bb-24-245-1672629,,#6D81AC,"109,129,172",Azul,
30BB 47/179,Virtuoso,https://www.alba.com.ar/es/paletas-de-colores/virtuoso-30bb-47-179-1671614,,#9BB6D1,"155,182,209",Azul,
69BG 40/190,Visión Atmosférica,https://www.alba.com.ar/es/paletas-de-colores/vision-atmosferica-69bg-40-190-1672616,,#7DB0C2,"125,176,194",Azul,
50BG 76/090,Visión Aérea,https://www.alba.com.ar/es/paletas-de-colores/vision-aerea-50bg-76-090-1672210,,#CDE5EA,"205,229,234",Azul,
17BB 71/069,Vuelo de Palomas,https://www.alba.com.ar/es/paletas-de-colores/vuelo-de-palomas-17bb-71-069-1671402,,#CFDBE5,"207,219,229",Azul,
90BG 29/267,Vuelo Espiritual,https://www.alba.com.ar/es/paletas-de-colores/vuelo-espiritual-90bg-29-267-1673119,,#4F98B9,"79,152,185",Azul,
10BB 18/106,Vía Láctea,https://www.alba.com.ar/es/paletas-de-colores/via-lactea-10bb-18-106-1671078,,#617482,"97,116,130",Azul,
50BB 11/321,Zafiro *,https://www.alba.com.ar/es/paletas-de-colores/zafiro-50bb-11-321-1672166,,#1D598D,"29,89,141",Azul,
52BB 15/410,Zafiro Intenso,https://www.alba.com.ar/es/paletas-de-colores/zafiro-intenso-52bb-15-410-1672416,,#186BAA,"24,107,170",Azul,
46BB 08/059,Índigo Profundo,https://www.alba.com.ar/es/paletas-de-colores/indigo-profundo-46bb-08-059-1672118,,#3B424C,"59,66,76",Azul,
70BG 10/214,Índigo Suave,https://www.alba.com.ar/es/paletas-de-colores/indigo-suave-70bg-10-214-1672652,,#0C5C70,"12,92,112",Azul,
90BB 83/020,Aire Fresco,https://www.alba.com.ar/es/paletas-de-colores/aire-fresco-90bb-83-020-1673106,,#ECEAED,"236,234,237",Blanco,
50GY 83/010,Ala Blanca,https://www.alba.com.ar/es/paletas-de-colores/ala-blanca-50gy-83-010-1672274,,#E9EAE5,"233,234,229",Blanco,
67YY 88/044,Alegría de Bebé,https://www.alba.com.ar/es/paletas-de-colores/alegria-de-bebe-67yy-88-044-3137179,https://msp.images.akzonobel.com/glb/dh/inspirational-images/Livingroom-234525.png,#F2EFE5,"242,239,229",Blanco,
04GY 87/028,Algodón Distinguido,https://www.alba.com.ar/es/paletas-de-colores/algodon-distinguido-04gy-87-028-3136920,https://msp.images.akzonobel.com/glb/dh/inspirational-images/Livingroom-235303.png,#EEEFE8,"238,239,232",Blanco,
65YY 90/062,Alturas Polares,https://www.alba.com.ar/es/paletas-de-colores/alturas-polares-65yy-90-062-3137168,https://msp.images.akzonobel.com/glb/dh/inspirational-images/Livingroom-234479.png,#F6F2E5,"246,242,229",Blanco,
70BB 73/030,Amatista Difusa,https://www.alba.com.ar/es/paletas-de-colores/amatista-difusa-70bb-73-030-1672645,,#DBDDE0,"219,221,224",Blanco,
09BB 77/019,Andino,https://www.alba.com.ar/es/paletas-de-colores/andino-09bb-77-019-1671061,,#DDE2E2,"221,226,226",Blanco,
90YR 83/035,Aria Suave,https://www.alba.com.ar/es/paletas-de-colores/aria-suave-90yr-83-035-1673301,,#EEE7DF,"238,231,223",Blanco,
10BB 83/006,Atmósfera,https://www.alba.com.ar/es/paletas-de-colores/atmosfera-10bb-83-006-1671096,,#E8EAE9,"232,234,233",Blanco,
30RB 73/016,Ballet Sobre Hielo,https://www.alba.com.ar/es/paletas-de-colores/ballet-sobre-hielo-30rb-73-016-1671763,,#DCDBDB,"220,219,219",Blanco,
27YY 77/042,Beige Pálido,https://www.alba.com.ar/es/paletas-de-colores/beige-palido-27yy-77-042-3137037,https://msp.images.akzonobel.com/glb/dh/inspirational-images/Livingroom-234395.png,#E5DFD7,"229,223,215",Blanco,
90YR 73/029,Bello Brezo,https://www.alba.com.ar/es/paletas-de-colores/bello-brezo-90yr-73-029-1673293,,#E0DAD5,"224,218,213",Blanco,
40YY 74/056,Bizcocho de Leche,https://www.alba.com.ar/es/paletas-de-colores/bizcocho-de-leche-40yy-74-056-1672016,,#E3DDD2,"227,221,210",Blanco,
43YY 78/053,Blanco Antiguo,https://www.alba.com.ar/es/paletas-de-colores/blanco-antiguo-43yy-78-053-1672060,,#EBE5D8,"235,229,216",Blanco,
42YY 87/084,Blanco Arizona,https://www.alba.com.ar/es/paletas-de-colores/blanco-arizona-42yy-87-084-1672050,,#F5EBD9,"245,235,217",Blanco,
20YY 83/025,Blanco Artesano,https://www.alba.com.ar/es/paletas-de-colores/blanco-artesano-20yy-83-025-1671503,,#EDE8E2,"237,232,226",Blanco,
01YY 86/034,Blanco Cal,https://www.alba.com.ar/es/paletas-de-colores/blanco-cal-01yy-86-034-3136912,https://msp.images.akzonobel.com/glb/dh/inspirational-images/Livingroom-233911.png,#F2ECE5,"242,236,229",Blanco,
70YY 83/037,Blanco Casamiento,https://www.alba.com.ar/es/paletas-de-colores/blanco-casamiento-70yy-83-037-1672853,,#ECE9E0,"236,233,224",Blanco,
70YR 83/034,Blanco Chantilly,https://www.alba.com.ar/es/paletas-de-colores/blanco-chantilly-70yr-83-034-1672810,,#F0E8E2,"240,232,226",Blanco,
90YR 83/026,Blanco Correcto,https://www.alba.com.ar/es/paletas-de-colores/blanco-correcto-90yr-83-026-1673300,,#EEE9E3,"238,233,227",Blanco,
30GY 88/014,Blanco Crudo,https://www.alba.com.ar/es/paletas-de-colores/blanco-crudo-30gy-88-014-1671740,,#EEEFEA,"238,239,234",Blanco,
66YY 85/045,Blanco Divino,https://www.alba.com.ar/es/paletas-de-colores/blanco-divino-66yy-85-045-1672601,,#F0EDE2,"240,237,226",Blanco,
29YY 79/033,Blanco Estelar,https://www.alba.com.ar/es/paletas-de-colores/blanco-estelar-29yy-79-033-1671583,,#E8E3DC,"232,227,220",Blanco,
45YY 83/062,Blanco Estibador,https://www.alba.com.ar/es/paletas-de-colores/blanco-estibador-45yy-83-062-1672112,,#F0E8DA,"240,232,218",Blanco,
61YY 85/050,Blanco Floral,https://www.alba.com.ar/es/paletas-de-colores/blanco-floral-61yy-85-050-1672556,,#F1EDE0,"241,237,224",Blanco,
30YY 78/035,Blanco Gatito,https://www.alba.com.ar/es/paletas-de-colores/blanco-gatito-30yy-78-035-1671895,,#E6E1D8,"230,225,216",Blanco,
98YY 82/022,Blanco Glacis,https://www.alba.com.ar/es/paletas-de-colores/blanco-glacis-98yy-82-022-1673387,,#EEEEE7,"238,238,231",Blanco,
30YY 83/012,Blanco Inspiración,https://www.alba.com.ar/es/paletas-de-colores/blanco-inspiracion-30yy-83-012-1671900,,#ECEAE6,"236,234,230",Blanco,
50YY 83/086,Blanco Lino,https://www.alba.com.ar/es/paletas-de-colores/blanco-lino-50yy-83-086-1672401,,#F1E8D4,"241,232,212",Blanco,
93YY 89/012,Blanco Maravilloso,https://www.alba.com.ar/es/paletas-de-colores/blanco-maravilloso-93yy-89-012-1673353,,#F1F1ED,"241,241,237",Blanco,
40YY 83/021,Blanco Minimalista,https://www.alba.com.ar/es/paletas-de-colores/blanco-minimalista-40yy-83-021-1672024,,#EBE8E1,"235,232,225",Blanco,
50YY 83/029,Blanco Natural,https://www.alba.com.ar/es/paletas-de-colores/blanco-natural-50yy-83-029-1672399,,#EBE7DE,"235,231,222",Blanco,
40YY 83/064,Blanco Panadero,https://www.alba.com.ar/es/paletas-de-colores/blanco-panadero-40yy-83-064-1672026,,#F1E9DC,"241,233,220",Blanco,
03YY 86/021,Blanco Polar,https://www.alba.com.ar/es/paletas-de-colores/blanco-polar-03yy-86-021-1671023,,#F1ECE5,"241,236,229",Blanco,
83YY 88/033,Blanco Quirúrgico,https://www.alba.com.ar/es/paletas-de-colores/blanco-quirurgico-83yy-88-033-3137231,https://msp.images.akzonobel.com/glb/dh/inspirational-images/Livingroom-234871.png,#F1F0E8,"241,240,232",Blanco,
44YY 84/042,Blanco Susurro,https://www.alba.com.ar/es/paletas-de-colores/blanco-susurro-44yy-84-042-1672073,,#EEE9DE,"238,233,222",Blanco,
53YY 87/070,Blanco Terraza,https://www.alba.com.ar/es/paletas-de-colores/blanco-terraza-53yy-87-070-1672430,,#F2EAD9,"242,234,217",Blanco,
50BG 72/006,Blanco Tul,https://www.alba.com.ar/es/paletas-de-colores/blanco-tul-50bg-72-006-1672204,,#DBDCDA,"219,220,218",Blanco,
47YY 86/047,Boda Primaveral,https://www.alba.com.ar/es/paletas-de-colores/boda-primaveral-47yy-86-047-1672137,,#F2EDE3,"242,237,227",Blanco,
20YY 83/075,Bouquet de Almendras,https://www.alba.com.ar/es/paletas-de-colores/bouquet-de-almendras-20yy-83-075-1671507,,#F2E8D9,"242,232,217",Blanco,
70BB 83/020,Brillo de Cristal,https://www.alba.com.ar/es/paletas-de-colores/brillo-de-cristal-70bb-83-020-1672649,,#E8E8EB,"232,232,235",Blanco,
50YR 83/020,Brillo Suave,https://www.alba.com.ar/es/paletas-de-colores/brillo-suave-50yr-83-020-1672369,,#EDE8E4,"237,232,228",Blanco,
56YY 87/037,Brisa de Algodón,https://www.alba.com.ar/es/paletas-de-colores/brisa-de-algodon-56yy-87-037-1672458,,#F0EDE4,"240,237,228",Blanco,
41YY 82/071,Bruma Mística,https://www.alba.com.ar/es/paletas-de-colores/bruma-mistica-41yy-82-071-3137084,https://msp.images.akzonobel.com/glb/dh/inspirational-images/Livingroom-234140.png,#EFE8D9,"239,232,217",Blanco,
30YY 82/039,Bruma Tranquila,https://www.alba.com.ar/es/paletas-de-colores/bruma-tranquila-30yy-82-039-3137044,https://msp.images.akzonobel.com/glb/dh/inspirational-images/Livingroom-234397.png,#EDE8DF,"237,232,223",Blanco,
10YY 72/021,Cabras Blancas,https://www.alba.com.ar/es/paletas-de-colores/cabras-blancas-10yy-72-021-1671320,,#DFDAD5,"223,218,213",Blanco,
50YY 83/057,Café Suizo,https://www.alba.com.ar/es/paletas-de-colores/cafe-suizo-50yy-83-057-1672400,,#EFE8DA,"239,232,218",Blanco,
60YR 83/026,Calma Matutina,https://www.alba.com.ar/es/paletas-de-colores/calma-matutina-60yr-83-026-1672510,,#EFE8E2,"239,232,226",Blanco,
30GG 83/013,Caminata de Invierno,https://www.alba.com.ar/es/paletas-de-colores/caminata-de-invierno-30gg-83-013-1671695,,#E7EAE8,"231,234,232",Blanco,
13GY 77/016,Caminata Invernal,https://www.alba.com.ar/es/paletas-de-colores/caminata-invernal-13gy-77-016-1671362,,#E1E2DD,"225,226,221",Blanco,
00NN 72/000,Campo Nevado,https://www.alba.com.ar/es/paletas-de-colores/campo-nevado-00nn-72-000-1670957,,#D8D8D7,"216,216,215",Blanco,
90BB 73/022,Carbón del Ártico,https://www.alba.com.ar/es/paletas-de-colores/carbon-del-artico-90bb-73-022-1673103,,#DBDBDD,"219,219,221",Blanco,
80YR 83/026,Caricia,https://www.alba.com.ar/es/paletas-de-colores/caricia-80yr-83-026-1673001,,#EEE7E1,"238,231,225",Blanco,
90RB 83/015,Casamiento de Verano,https://www.alba.com.ar/es/paletas-de-colores/casamiento-de-verano-90rb-83-015-1673204,,#EDEAEB,"237,234,235",Blanco,
30GY 76/017,Chiffon,https://www.alba.com.ar/es/paletas-de-colores/chiffon-30gy-76-017-1671732,,#E0E1DC,"224,225,220",Blanco,
23YY 86/081,Chispazo de Marfil,https://www.alba.com.ar/es/paletas-de-colores/chispazo-de-marfil-23yy-86-081-3137020,https://msp.images.akzonobel.com/glb/dh/inspirational-images/Livingroom-233999.png,#F7EBDC,"247,235,220",Blanco,
43YY 81/051,Cielo Blanco,https://www.alba.com.ar/es/paletas-de-colores/cielo-blanco-43yy-81-051-1672061,,#EBE6DA,"235,230,218",Blanco,
60YY 83/062,Cisne Blanco,https://www.alba.com.ar/es/paletas-de-colores/cisne-blanco-60yy-83-062-1672542,,#ECE6D8,"236,230,216",Blanco,
50RB 83/005,Colinas de Invierno,https://www.alba.com.ar/es/paletas-de-colores/colinas-de-invierno-50rb-83-005-1672294,,#E9E7E6,"233,231,230",Blanco,
50RR 72/010,Conejo Blanco,https://www.alba.com.ar/es/paletas-de-colores/conejo-blanco-50rr-72-010-1672317,,#DDDAD8,"221,218,216",Blanco,
38YY 85/096,Crema Chantilly,https://www.alba.com.ar/es/paletas-de-colores/crema-chantilly-38yy-85-096-1671959,,#F6EBD8,"246,235,216",Blanco,
53YY 89/081,Dejo de Vainilla,https://www.alba.com.ar/es/paletas-de-colores/dejo-de-vainilla-53yy-89-081-3137133,https://msp.images.akzonobel.com/glb/dh/inspirational-images/Livingroom-234403.png,#F7F0DF,"247,240,223",Blanco,
30YY 83/026,Domingo Nublado,https://www.alba.com.ar/es/paletas-de-colores/domingo-nublado-30yy-83-026-3137045,https://msp.images.akzonobel.com/glb/dh/inspirational-images/Livingroom-234389.png,#ECE9E2,"236,233,226",Blanco,
50GG 83/011,Día de Invierno,https://www.alba.com.ar/es/paletas-de-colores/dia-de-invierno-50gg-83-011-1672233,,#E7EAE6,"231,234,230",Blanco,
60YR 83/034,Efecto Luminoso,https://www.alba.com.ar/es/paletas-de-colores/efecto-luminoso-60yr-83-034-1672511,,#F0E7E1,"240,231,225",Blanco,
82YY 85/038,Encaje Nordestino,https://www.alba.com.ar/es/paletas-de-colores/encaje-nordestino-82yy-85-038-1673026,,#EFEDE2,"239,237,226",Blanco,
10YY 73/042,Equinoccio de Otoño,https://www.alba.com.ar/es/paletas-de-colores/equinoccio-de-otono-10yy-73-042-1671323,,#E3DCD4,"227,220,212",Blanco,
70YR 83/026,Erizo Blanco,https://www.alba.com.ar/es/paletas-de-colores/erizo-blanco-70yr-83-026-1672809,,#EDE7E1,"237,231,225",Blanco,
71YY 90/027,Escarcha Pura,https://www.alba.com.ar/es/paletas-de-colores/escarcha-pura-71yy-90-027-3137185,https://msp.images.akzonobel.com/glb/dh/inspirational-images/Livingroom-234872.png,#F3F2EC,"243,242,236",Blanco,
81YY 81/016,Escondite Silencioso,https://www.alba.com.ar/es/paletas-de-colores/escondite-silencioso-81yy-81-016-1673015,,#E8E7E3,"232,231,227",Blanco,
50YR 83/025,Espacio Interno,https://www.alba.com.ar/es/paletas-de-colores/espacio-interno-50yr-83-025-1672370,,#EEE6E2,"238,230,226",Blanco,
41YY 77/065,Espejismo Vigoroso,https://www.alba.com.ar/es/paletas-de-colores/espejismo-vigoroso-41yy-77-065-3137083,https://msp.images.akzonobel.com/glb/dh/inspirational-images/Livingroom-234192.png,#E7E0D3,"231,224,211",Blanco,
10BB 83/017,Estrella Nueva,https://www.alba.com.ar/es/paletas-de-colores/estrella-nueva-10bb-83-017-1671098,,#E6E9E9,"230,233,233",Blanco,
83YY 89/055,Fantasía de Algodón,https://www.alba.com.ar/es/paletas-de-colores/fantasia-de-algodon-83yy-89-055-3137232,https://msp.images.akzonobel.com/glb/dh/inspirational-images/Livingroom-234822.png,#F2F1E5,"242,241,229",Blanco,
39YY 84/095,Fantasía Marfil,https://www.alba.com.ar/es/paletas-de-colores/fantasia-marfil-39yy-84-095-1671971,,#F4E9D6,"244,233,214",Blanco,
20YY 74/055,Flauta de Madera,https://www.alba.com.ar/es/paletas-de-colores/flauta-de-madera-20yy-74-055-1671497,,#E4DBD0,"228,219,208",Blanco,
39YY 85/046,Garza Real,https://www.alba.com.ar/es/paletas-de-colores/garza-real-39yy-85-046-1671972,,#EDE8DD,"237,232,221",Blanco,
85YY 74/012,Gaviota en Reposo,https://www.alba.com.ar/es/paletas-de-colores/gaviota-en-reposo-85yy-74-012-1673047,,#DEDEDA,"222,222,218",Blanco,
00YY 83/046,Glamour,https://www.alba.com.ar/es/paletas-de-colores/glamour-00yy-83-046-1671002,,#EFE5DC,"239,229,220",Blanco,
70BB 73/020,Glicina Blanca,https://www.alba.com.ar/es/paletas-de-colores/glicina-blanca-70bb-73-020-1672644,,#DADBDC,"218,219,220",Blanco,
30BB 83/018,Gota de Perla,https://www.alba.com.ar/es/paletas-de-colores/gota-de-perla-30bb-83-018-1671632,,#E8EAEB,"232,234,235",Blanco,
30GG 83/006,Gotas de Lluvia,https://www.alba.com.ar/es/paletas-de-colores/gotas-de-lluvia-30gg-83-006-1671694,,#E8E9E7,"232,233,231",Blanco,
04BB 75/027,Gris Estupendo,https://www.alba.com.ar/es/paletas-de-colores/gris-estupendo-04bb-75-027-1671026,,#DAE0E2,"218,224,226",Blanco,
11GY 85/016,Gris Rocío,https://www.alba.com.ar/es/paletas-de-colores/gris-rocio-11gy-85-016-1671340,,#ECEDE7,"236,237,231",Blanco,
30GG 72/008,Hielo Sombreado,https://www.alba.com.ar/es/paletas-de-colores/hielo-sombreado-30gg-72-008-1671687,,#D7D9D6,"215,217,214",Blanco,
60YR 83/017,Historia Secreta,https://www.alba.com.ar/es/paletas-de-colores/historia-secreta-60yr-83-017-1672509,,#EDE8E3,"237,232,227",Blanco,
49GG 77/014,Horizonte Urbano,https://www.alba.com.ar/es/paletas-de-colores/horizonte-urbano-49gg-77-014-1672154,,#DEE2E0,"222,226,224",Blanco,
30RB 83/011,Inocencia,https://www.alba.com.ar/es/paletas-de-colores/inocencia-30rb-83-011-1671766,,#EAE9E9,"234,233,233",Blanco,
45YY 82/098,Jardín Neutral,https://www.alba.com.ar/es/paletas-de-colores/jardin-neutral-45yy-82-098-1672111,,#F1E7D3,"241,231,211",Blanco,
10YY 83/014,Jazmín Dorado,https://www.alba.com.ar/es/paletas-de-colores/jazmin-dorado-10yy-83-014-1671331,,#EBE8E4,"235,232,228",Blanco,
98YR 78/041,Lana Suave,https://www.alba.com.ar/es/paletas-de-colores/lana-suave-98yr-78-041-1673386,,#E8E0D8,"232,224,216",Blanco,
29YY 84/067,Leche con Vainilla,https://www.alba.com.ar/es/paletas-de-colores/leche-con-vainilla-29yy-84-067-1671584,,#F1E8DA,"241,232,218",Blanco,
30YY 79/070,Leyenda de los Lobos,https://www.alba.com.ar/es/paletas-de-colores/leyenda-de-los-lobos-30yy-79-070-1671897,,#EDE3D5,"237,227,213",Blanco,
61YY 89/040,Lino Claro,https://www.alba.com.ar/es/paletas-de-colores/lino-claro-61yy-89-040-1672557,,#F4F0E4,"244,240,228",Blanco,
57YY 86/073,Lino Voluptuoso,https://www.alba.com.ar/es/paletas-de-colores/lino-voluptuoso-57yy-86-073-1672464,,#F3EDDD,"243,237,221",Blanco,
59BB 81/022,Lluvia de Barcelona,https://www.alba.com.ar/es/paletas-de-colores/lluvia-de-barcelona-59bb-81-022-1672469,,#E4E7E9,"228,231,233",Blanco,
06BB 79/016,Lluvia de Terciopelo,https://www.alba.com.ar/es/paletas-de-colores/lluvia-de-terciopelo-06bb-79-016-3136929,https://msp.images.akzonobel.com/glb/dh/inspirational-images/Livingroom-236877.png,#E2E5E6,"226,229,230",Blanco,
30BB 83/001,Luna de Seda,https://www.alba.com.ar/es/paletas-de-colores/luna-de-seda-30bb-83-001-1671630,,#E8E8E4,"232,232,228",Blanco,
50BB 83/006,Magnolia Cristalina,https://www.alba.com.ar/es/paletas-de-colores/magnolia-cristalina-50bb-83-006-1672183,,#E9E9E7,"233,233,231",Blanco,
80YR 83/017,Malvavisco,https://www.alba.com.ar/es/paletas-de-colores/malvavisco-80yr-83-017-1673000,,#EDE8E2,"237,232,226",Blanco,
50YR 83/010,Martini Seco,https://www.alba.com.ar/es/paletas-de-colores/martini-seco-50yr-83-010-1672367,,#EAE8E4,"234,232,228",Blanco,
16YY 79/040,Mañana Alucinante,https://www.alba.com.ar/es/paletas-de-colores/manana-alucinante-16yy-79-040-1671400,,#EAE4DB,"234,228,219",Blanco,
56BG 81/023,Mañana Fría,https://www.alba.com.ar/es/paletas-de-colores/manana-fria-56bg-81-023-1672451,,#E2E7E7,"226,231,231",Blanco,
39YY 77/091,Neutro Permanente,https://www.alba.com.ar/es/paletas-de-colores/neutro-permanente-39yy-77-091-1671970,,#EAE0CD,"234,224,205",Blanco,
51YY 83/060,Niebla del Pacífico,https://www.alba.com.ar/es/paletas-de-colores/niebla-del-pacifico-51yy-83-060-1672414,,#EDE6D8,"237,230,216",Blanco,
93YR 86/030,Nubes Etéreas,https://www.alba.com.ar/es/paletas-de-colores/nubes-etereas-93yr-86-030-1673351,,#F2ECE6,"242,236,230",Blanco,
08GG 72/006,Nubes Grises,https://www.alba.com.ar/es/paletas-de-colores/nubes-grises-08gg-72-006-3136939,https://msp.images.akzonobel.com/glb/dh/inspirational-images/Livingroom-236057.png,#D9DAD8,"217,218,216",Blanco,
90BB 73/027,Onda Acústica,https://www.alba.com.ar/es/paletas-de-colores/onda-acustica-90bb-73-027-1673104,,#DCDCE0,"220,220,224",Blanco,
30YY 72/009,Pantalla Gris,https://www.alba.com.ar/es/paletas-de-colores/pantalla-gris-30yy-72-009-1671888,,#DDDCD9,"221,220,217",Blanco,
99YR 80/020,Papel Valioso,https://www.alba.com.ar/es/paletas-de-colores/papel-valioso-99yr-80-020-3137285,https://msp.images.akzonobel.com/glb/dh/inspirational-images/Livingroom-237980.png,#E8E4E0,"232,228,224",Blanco,
30YY 72/018,Pelícano,https://www.alba.com.ar/es/paletas-de-colores/pelicano-30yy-72-018-1671889,,#DEDCD7,"222,220,215",Blanco,
00YY 83/057,Perfume de Día,https://www.alba.com.ar/es/paletas-de-colores/perfume-de-dia-00yy-83-057-1671003,,#EFE4DA,"239,228,218",Blanco,
10BB 83/003,Perla Agrisada,https://www.alba.com.ar/es/paletas-de-colores/perla-agrisada-10bb-83-003-1688841,,#E9E9E7,"233,233,231",Blanco,
10YY 83/029,Perla Natural,https://www.alba.com.ar/es/paletas-de-colores/perla-natural-10yy-83-029-1671332,,#EFE9E1,"239,233,225",Blanco,
50BG 83/009,Pieza de Cristal,https://www.alba.com.ar/es/paletas-de-colores/pieza-de-cristal-50bg-83-009-1672211,,#E9EAE9,"233,234,233",Blanco,
50GY 72/012,Plaza,https://www.alba.com.ar/es/paletas-de-colores/plaza-50gy-72-012-1672267,,#DADBD6,"218,219,214",Blanco,
45YY 83/094,Polen,https://www.alba.com.ar/es/paletas-de-colores/polen-45yy-83-094-1672113,,#F3E8D4,"243,232,212",Blanco,
00NN 83/000,Porcelana,https://www.alba.com.ar/es/paletas-de-colores/porcelana-00nn-83-000-1670958,,#E8E8E5,"232,232,229",Blanco,
20YY 83/038,Porcelana Antigua,https://www.alba.com.ar/es/paletas-de-colores/porcelana-antigua-20yy-83-038-1671504,,#EFE8DF,"239,232,223",Blanco,
40YY 83/043,Precioso Momento,https://www.alba.com.ar/es/paletas-de-colores/precioso-momento-40yy-83-043-1672025,,#EFE9DF,"239,233,223",Blanco,
30YY 78/018,Pájaro de Invierno,https://www.alba.com.ar/es/paletas-de-colores/pajaro-de-invierno-30yy-78-018-1671894,,#E4E1DB,"228,225,219",Blanco,
10BB 83/020,Romance,https://www.alba.com.ar/es/paletas-de-colores/romance-10bb-83-020-1671099,,#E6EAEA,"230,234,234",Blanco,
81YR 77/022,Sabiduría Blanca,https://www.alba.com.ar/es/paletas-de-colores/sabiduria-blanca-81yr-77-022-3137214,https://msp.images.akzonobel.com/glb/dh/inspirational-images/Livingroom-232949.png,#E5E0DC,"229,224,220",Blanco,
40YY 75/084,Semilla de Perla,https://www.alba.com.ar/es/paletas-de-colores/semilla-de-perla-40yy-75-084-1672017,,#E8DECE,"232,222,206",Blanco,
10RB 83/012,Sendero de Pingüinos,https://www.alba.com.ar/es/paletas-de-colores/sendero-de-pinguinos-10rb-83-012-1671198,,#E9E8E8,"233,232,232",Blanco,
65YY 87/039,Sensación de Escarcha,https://www.alba.com.ar/es/paletas-de-colores/sensacion-de-escarcha-65yy-87-039-1672592,,#F0EEE5,"240,238,229",Blanco,
04YR 82/010,Sensación Diáfana,https://www.alba.com.ar/es/paletas-de-colores/sensacion-diafana-04yr-82-010-3136925,https://msp.images.akzonobel.com/glb/dh/inspirational-images/Livingroom-232945.png,#EAE8E5,"234,232,229",Blanco,
37YY 79/086,Sensación Natural,https://www.alba.com.ar/es/paletas-de-colores/sensacion-natural-37yy-79-086-1671951,,#ECE2D1,"236,226,209",Blanco,
75GY 81/005,Sensación Urbana,https://www.alba.com.ar/es/paletas-de-colores/sensacion-urbana-75gy-81-005-1672885,,#E6E7E4,"230,231,228",Blanco,
80YR 83/044,Serenidad,https://www.alba.com.ar/es/paletas-de-colores/serenidad-80yr-83-044-1673003,,#F1E8E0,"241,232,224",Blanco,
70BB 83/015,Sereno,https://www.alba.com.ar/es/paletas-de-colores/sereno-70bb-83-015-1672648,,#E8E9EA,"232,233,234",Blanco,
90BB 83/011,Simple Presencia,https://www.alba.com.ar/es/paletas-de-colores/simple-presencia-90bb-83-011-1673105,,#E9E8E8,"233,232,232",Blanco,
90RR 83/009,Sombra Pálida,https://www.alba.com.ar/es/paletas-de-colores/sombra-palida-90rr-83-009-1673247,,#ECE8E5,"236,232,229",Blanco,
30BB 83/013,Sonata Lunar,https://www.alba.com.ar/es/paletas-de-colores/sonata-lunar-30bb-83-013-1671631,,#E9E9E9,"233,233,233",Blanco,
10BB 83/014,Soplo de Nieve,https://www.alba.com.ar/es/paletas-de-colores/soplo-de-nieve-10bb-83-014-1671097,,#E8EAE9,"232,234,233",Blanco,
77YY 86/032,Suave Nieve,https://www.alba.com.ar/es/paletas-de-colores/suave-nieve-77yy-86-032-1672915,,#EEEDE5,"238,237,229",Blanco,
66BB 77/035,Suspiro de Lavanda,https://www.alba.com.ar/es/paletas-de-colores/suspiro-de-lavanda-66bb-77-035-3137171,https://msp.images.akzonobel.com/glb/dh/inspirational-images/Livingroom-237247.png,#DFE2E7,"223,226,231",Blanco,
20YY 83/050,Tafetán,https://www.alba.com.ar/es/paletas-de-colores/tafetan-20yy-83-050-1671505,,#EFE8DD,"239,232,221",Blanco,
55YR 83/024,Taza de Té,https://www.alba.com.ar/es/paletas-de-colores/taza-de-te-55yr-83-024-1672447,,#EDE4DE,"237,228,222",Blanco,
40YY 83/086,Tempestad de Arena,https://www.alba.com.ar/es/paletas-de-colores/tempestad-de-arena-40yy-83-086-1672027,,#F4E9D7,"244,233,215",Blanco,
88YR 82/046,Toque de Durazno,https://www.alba.com.ar/es/paletas-de-colores/toque-de-durazno-88yr-82-046-1673071,,#F0E5DB,"240,229,219",Blanco,
30BB 72/003,Toque de Gris,https://www.alba.com.ar/es/paletas-de-colores/toque-de-gris-30bb-72-003-1671624,,#DADAD9,"218,218,217",Blanco,
81YR 85/004,Toque de Humo,https://www.alba.com.ar/es/paletas-de-colores/toque-de-humo-81yr-85-004-3137215,https://msp.images.akzonobel.com/glb/dh/inspirational-images/Livingroom-236059.png,#EBEAE8,"235,234,232",Blanco,
50YR 83/003,Toque de Invierno,https://www.alba.com.ar/es/paletas-de-colores/toque-de-invierno-50yr-83-003-1672366,,#EAE8E5,"234,232,229",Blanco,
14YY 88/041,Toque de Malvavisco,https://www.alba.com.ar/es/paletas-de-colores/toque-de-malvavisco-14yy-88-041-1671378,,#F5EEE5,"245,238,229",Blanco,
50YR 83/015,Toque de Rosa,https://www.alba.com.ar/es/paletas-de-colores/toque-de-rosa-50yr-83-015-1672368,,#EAE6E1,"234,230,225",Blanco,
90YR 83/018,Toque Suave,https://www.alba.com.ar/es/paletas-de-colores/toque-suave-90yr-83-018-1673299,,#ECE9E4,"236,233,228",Blanco,
35YY 88/050,Tutú Blanco,https://www.alba.com.ar/es/paletas-de-colores/tutu-blanco-35yy-88-050-3137061,https://msp.images.akzonobel.com/glb/dh/inspirational-images/Livingroom-234063.png,#F5EFE5,"245,239,229",Blanco,
81YY 87/031,Vallado de Madera,https://www.alba.com.ar/es/paletas-de-colores/vallado-de-madera-81yy-87-031-1673016,,#F0EEE3,"240,238,227",Blanco,
70BB 74/040,Velo Violeta,https://www.alba.com.ar/es/paletas-de-colores/velo-violeta-70bb-74-040-1672647,,#DBDCE2,"219,220,226",Blanco,
90GG 83/011,Ventisca,https://www.alba.com.ar/es/paletas-de-colores/ventisca-90gg-83-011-1673158,,#E6E9E6,"230,233,230",Blanco,
80YR 83/035,Vientos Calmos,https://www.alba.com.ar/es/paletas-de-colores/vientos-calmos-80yr-83-035-1673002,,#EFE7E0,"239,231,224",Blanco,
63YY 80/051,Yogur Natural,https://www.alba.com.ar/es/paletas-de-colores/yogur-natural-63yy-80-051-1672571,,#E7E4D9,"231,228,217",Blanco,
30YY 79/053,Ópalo,https://www.alba.com.ar/es/paletas-de-colores/opalo-30yy-79-053-1671896,,#EAE3D7,"234,227,215",Blanco,
10YY 40/608,Aceite Vegetal,https://www.alba.com.ar/es/paletas-de-colores/aceite-vegetal-10yy-40-608-1671291,,#E39931,"227,153,49",Dorado,
10YY 26/321,Almacén del Interior,https://www.alba.com.ar/es/paletas-de-colores/almacen-del-interior-10yy-26-321-1671280,,#AB804F,"171,128,79",Dorado,
42YY 84/095,Almendra Azucarada,https://www.alba.com.ar/es/paletas-de-colores/almendra-azucarada-42yy-84-095-1672049,,#F4E9D4,"244,233,212",Dorado,
20YY 53/423,Alucinación,https://www.alba.com.ar/es/paletas-de-colores/alucinacion-20yy-53-423-1671477,,#EBB76F,"235,183,111",Dorado,
22YY 59/694,Amanecer Azteca *,https://www.alba.com.ar/es/paletas-de-colores/amanecer-azteca-22yy-59-694-1671527,,#FFBA35,"255,186,53",Dorado,
33YY 74/360,Amanecer Damasco,https://www.alba.com.ar/es/paletas-de-colores/amanecer-damasco-33yy-74-360-1671922,,#FFD997,"255,217,151",Dorado,
19YY 71/323,Amanecer Norteño,https://www.alba.com.ar/es/paletas-de-colores/amanecer-norteno-19yy-71-323-1671433,,#FDD29B,"253,210,155",Dorado,
22YY 75/247,Amanecer Otoñal,https://www.alba.com.ar/es/paletas-de-colores/amanecer-otonal-22yy-75-247-3137013,https://msp.images.akzonobel.com/glb/dh/inspirational-images/Livingroom-233968.png,#FAD9AF,"250,217,175",Dorado,
10YY 37/654,Amarillo Arizona *,https://www.alba.com.ar/es/paletas-de-colores/amarillo-arizona-10yy-37-654-1671289,,#E09321,"224,147,33",Dorado,
40YY 83/129,Amarillo Bebé,https://www.alba.com.ar/es/paletas-de-colores/amarillo-bebe-40yy-83-129-1672029,,#F6E7CD,"246,231,205",Dorado,
20YY 64/171,Amarillo Dakota,https://www.alba.com.ar/es/paletas-de-colores/amarillo-dakota-20yy-64-171-1671488,,#E5CDAF,"229,205,175",Dorado,
25YY 57/441,Amarillo Glorioso,https://www.alba.com.ar/es/paletas-de-colores/amarillo-glorioso-25yy-57-441-1671553,,#F3BA6F,"243,186,111",Dorado,
34YY 81/209,Amarillo Luminaria,https://www.alba.com.ar/es/paletas-de-colores/amarillo-luminaria-34yy-81-209-3137059,https://msp.images.akzonobel.com/glb/dh/inspirational-images/Livingroom-234154.png,#FBE3BD,"251,227,189",Dorado,
30YY 69/216,Amarillo Luminoso,https://www.alba.com.ar/es/paletas-de-colores/amarillo-luminoso-30yy-69-216-1671883,,#EFD5AE,"239,213,174",Dorado,
00YY 28/650,Ambar Dorado *,https://www.alba.com.ar/es/paletas-de-colores/ambar-dorado-00yy-28-650-1670977,,#CE8121,"206,129,33",Dorado,
25YY 38/510,Amor de Manzana,https://www.alba.com.ar/es/paletas-de-colores/amor-de-manzana-25yy-38-510-1671548,,#CB983B,"203,152,59",Dorado,
11YY 68/269,Arcilla Sabia,https://www.alba.com.ar/es/paletas-de-colores/arcilla-sabia-11yy-68-269-1671344,,#F6CEA2,"246,206,162",Dorado,
10YY 74/192,Arena Fina,https://www.alba.com.ar/es/paletas-de-colores/arena-fina-10yy-74-192-1671325,,#F6D8B8,"246,216,184",Dorado,
23YY 53/490,Arena Seductora,https://www.alba.com.ar/es/paletas-de-colores/arena-seductora-23yy-53-490-1671536,,#EAB45D,"234,180,93",Dorado,
22YY 57/627,Arenas de Barbados,https://www.alba.com.ar/es/paletas-de-colores/arenas-de-barbados-22yy-57-627-3137012,https://msp.images.akzonobel.com/glb/dh/inspirational-images/Livingroom-234052.png,#FBB847,"251,184,71",Dorado,
01YY 36/694,Arenas de Marruecos *,https://www.alba.com.ar/es/paletas-de-colores/arenas-de-marruecos-01yy-36-694-1691797,,#EB8621,"235,134,33",Dorado,
12YY 28/226,Aroma a Chocolate,https://www.alba.com.ar/es/paletas-de-colores/aroma-a-chocolate-12yy-28-226-3136963,https://msp.images.akzonobel.com/glb/dh/inspirational-images/Livingroom-233833.png,#A48561,"164,133,97",Dorado,
17YY 56/627,Asia,https://www.alba.com.ar/es/paletas-de-colores/asia-17yy-56-627-1671412,,#FAB248,"250,178,72",Dorado,
04YY 51/583,Ave del Paraíso,https://www.alba.com.ar/es/paletas-de-colores/ave-del-paraiso-04yy-51-583-1671033,,#F8A850,"248,168,80",Dorado,
10YY 21/500,Azteca,https://www.alba.com.ar/es/paletas-de-colores/azteca-10yy-21-500-1671276,,#B0752D,"176,117,45",Dorado,
94YR 40/219,Azúcar Rubia,https://www.alba.com.ar/es/paletas-de-colores/azucar-rubia-94yr-40-219-1673358,,#C49F80,"196,159,128",Dorado,
99YR 23/456,Bazar Dorado,https://www.alba.com.ar/es/paletas-de-colores/bazar-dorado-99yr-23-456-1673390,,#AF7026,"175,112,38",Dorado,
30YY 65/171,Beige Lana,https://www.alba.com.ar/es/paletas-de-colores/beige-lana-30yy-65-171-1671878,,#E4CFB1,"228,207,177",Dorado,
08YY 55/137,Beige Tranquilo,https://www.alba.com.ar/es/paletas-de-colores/beige-tranquilo-08yy-55-137-1671057,,#D4BEA8,"212,190,168",Dorado,
44YY 80/106,Blanco Caracola,https://www.alba.com.ar/es/paletas-de-colores/blanco-caracola-44yy-80-106-1672072,,#F5E9D4,"245,233,212",Dorado,
26YY 71/098,Blanco Hueso,https://www.alba.com.ar/es/paletas-de-colores/blanco-hueso-26yy-71-098-1671568,,#E7DBCB,"231,219,203",Dorado,
30YY 75/145,Blanco Macadamia,https://www.alba.com.ar/es/paletas-de-colores/blanco-macadamia-30yy-75-145-1671892,,#F0DEC2,"240,222,194",Dorado,
30YY 64/149,Blanco Ostra,https://www.alba.com.ar/es/paletas-de-colores/blanco-ostra-30yy-64-149-1671876,,#DFCCB1,"223,204,177",Dorado,
46YY 86/166,Blanco Pochoclo,https://www.alba.com.ar/es/paletas-de-colores/blanco-pochoclo-46yy-86-166-1672127,,#F9E9CB,"249,233,203",Dorado,
30YY 71/073,Blanco Prisma,https://www.alba.com.ar/es/paletas-de-colores/blanco-prisma-30yy-71-073-1671886,,#E2D8C9,"226,216,201",Dorado,
20YY 40/337,Brandy de Coñac,https://www.alba.com.ar/es/paletas-de-colores/brandy-de-conac-20yy-40-337-1671462,,#C89E67,"200,158,103",Dorado,
30YY 36/572,Brasa Dorada *,https://www.alba.com.ar/es/paletas-de-colores/brasa-dorada-30yy-36-572-1671852,,#CA972F,"202,151,47",Dorado,
25YY 50/592,Brillo de Fuego,https://www.alba.com.ar/es/paletas-de-colores/brillo-de-fuego-25yy-50-592-1671550,,#F1AA4A,"241,170,74",Dorado,
10YY 42/460,Brillo de Jengibre,https://www.alba.com.ar/es/paletas-de-colores/brillo-de-jengibre-10yy-42-460-1671294,,#D89E55,"216,158,85",Dorado,
20YY 40/608,Brocado Rico,https://www.alba.com.ar/es/paletas-de-colores/brocado-rico-20yy-40-608-1671463,,#DD9C2C,"221,156,44",Dorado,
30YY 21/438,Bronce Antiguo,https://www.alba.com.ar/es/paletas-de-colores/bronce-antiguo-30yy-21-438-1671839,,#9E782E,"158,120,46",Dorado,
20YY 53/238,Bronce Toscano,https://www.alba.com.ar/es/paletas-de-colores/bronce-toscano-20yy-53-238-1671476,,#DBBB93,"219,187,147",Dorado,
35YY 81/174,Burbuja de Champaña,https://www.alba.com.ar/es/paletas-de-colores/burbuja-de-champana-35yy-81-174-1671938,,#F6E4BF,"246,228,191",Dorado,
40YY 77/242,Cabello de Chala,https://www.alba.com.ar/es/paletas-de-colores/cabello-de-chala-40yy-77-242-1672020,,#F8DFB2,"248,223,178",Dorado,
11YY 70/356,Calabacín,https://www.alba.com.ar/es/paletas-de-colores/calabacin-11yy-70-356-1671345,,#FFCF95,"255,207,149",Dorado,
10YY 34/700,Calabaza *,https://www.alba.com.ar/es/paletas-de-colores/calabaza-10yy-34-700-1671285,,#D98C1D,"217,140,29",Dorado,
10YY 44/215,Calma Natural,https://www.alba.com.ar/es/paletas-de-colores/calma-natural-10yy-44-215-1671295,,#C9A887,"201,168,135",Dorado,
05YY 42/727,Caléndula *,https://www.alba.com.ar/es/paletas-de-colores/calendula-05yy-42-727-1671038,,#F3951B,"243,149,27",Dorado,
00YY 19/464,Capuccino Helado,https://www.alba.com.ar/es/paletas-de-colores/capuccino-helado-00yy-19-464-1670971,,#A96B2B,"169,107,43",Dorado,
20YY 83/100,Caracola de Ensenada,https://www.alba.com.ar/es/paletas-de-colores/caracola-de-ensenada-20yy-83-100-1671508,,#F4E7D4,"244,231,212",Dorado,
00YY 15/371,Caramelo,https://www.alba.com.ar/es/paletas-de-colores/caramelo-00yy-15-371-1670968,,#956133,"149,97,51",Dorado,
11YY 37/219,Caramelo Cremoso,https://www.alba.com.ar/es/paletas-de-colores/caramelo-cremoso-11yy-37-219-1671342,,#BA9A77,"186,154,119",Dorado,
21YY 45/405,Caramelo Crocante,https://www.alba.com.ar/es/paletas-de-colores/caramelo-crocante-21yy-45-405-3137006,https://msp.images.akzonobel.com/glb/dh/inspirational-images/Livingroom-233983.png,#D7A762,"215,167,98",Dorado,
10YY 46/515,Carnaval,https://www.alba.com.ar/es/paletas-de-colores/carnaval-10yy-46-515-1671298,,#E8A553,"232,165,83",Dorado,
50YY 83/143,Caña de Azúcar,https://www.alba.com.ar/es/paletas-de-colores/cana-de-azucar-50yy-83-143-1672403,,#F4E6C9,"244,230,201",Dorado,
40YY 79/168,Cera de Vela,https://www.alba.com.ar/es/paletas-de-colores/cera-de-vela-40yy-79-168-1672023,,#F4E1C0,"244,225,192",Dorado,
14YY 57/556,Chispazo de Topacio,https://www.alba.com.ar/es/paletas-de-colores/chispazo-de-topacio-14yy-57-556-1671376,,#FBB758,"251,183,88",Dorado,
35YY 76/110,Cielo Mostaza,https://www.alba.com.ar/es/paletas-de-colores/cielo-mostaza-35yy-76-110-3137060,https://msp.images.akzonobel.com/glb/dh/inspirational-images/Livingroom-234196.png,#ECDFCA,"236,223,202",Dorado,
00YY 12/279,Cigarro Cubano,https://www.alba.com.ar/es/paletas-de-colores/cigarro-cubano-00yy-12-279-1670967,,#7F5832,"127,88,50",Dorado,
20YY 54/342,Cobertura Azucarada,https://www.alba.com.ar/es/paletas-de-colores/cobertura-azucarada-20yy-54-342-1671478,,#E4B87F,"228,184,127",Dorado,
00YY 23/557,Cobre Californiano,https://www.alba.com.ar/es/paletas-de-colores/cobre-californiano-00yy-23-557-1670973,,#C07722,"192,119,34",Dorado,
20YY 27/225,Colina del Faro,https://www.alba.com.ar/es/paletas-de-colores/colina-del-faro-20yy-27-225-1671448,,#A28662,"162,134,98",Dorado,
20YY 77/128,Columnata Durazno,https://www.alba.com.ar/es/paletas-de-colores/columnata-durazno-20yy-77-128-1671501,,#F3DFC9,"243,223,201",Dorado,
25YY 56/625,Cometa Harley,https://www.alba.com.ar/es/paletas-de-colores/cometa-harley-25yy-56-625-1671552,,#FFB549,"255,181,73",Dorado,
26YY 52/359,Cosecha de Heno,https://www.alba.com.ar/es/paletas-de-colores/cosecha-de-heno-26yy-52-359-3137034,https://msp.images.akzonobel.com/glb/dh/inspirational-images/Livingroom-234082.png,#DFB778,"223,183,120",Dorado,
20YY 28/613,Cosecha Dorada,https://www.alba.com.ar/es/paletas-de-colores/cosecha-dorada-20yy-28-613-1671450,,#C88A28,"200,138,40",Dorado,
20YY 71/156,Crema de Bavaria,https://www.alba.com.ar/es/paletas-de-colores/crema-de-bavaria-20yy-71-156-1671496,,#EBD4B9,"235,212,185",Dorado,
25YY 81/177,Crema de Maracuyá,https://www.alba.com.ar/es/paletas-de-colores/crema-de-maracuya-25yy-81-177-1671558,,#F5E1BE,"245,225,190",Dorado,
41YY 83/214,Crema de Vainilla,https://www.alba.com.ar/es/paletas-de-colores/crema-de-vainilla-41yy-83-214-1672038,,#F9E3BC,"249,227,188",Dorado,
40YY 83/107,Crema Uniforme,https://www.alba.com.ar/es/paletas-de-colores/crema-uniforme-40yy-83-107-1672028,,#F5E8D2,"245,232,210",Dorado,
11YY 38/694,Cálido Resplandor *,https://www.alba.com.ar/es/paletas-de-colores/calido-resplandor-11yy-38-694-1671343,,#E19000,"225,144,0",Dorado,
00YY 49/387,Damasco,https://www.alba.com.ar/es/paletas-de-colores/damasco-00yy-49-387-1670985,,#E6A96F,"230,169,111",Dorado,
08YY 82/100,Damasco Limpio,https://www.alba.com.ar/es/paletas-de-colores/damasco-limpio-08yy-82-100-1671059,,#F6E5D4,"246,229,212",Dorado,
16YY 76/189,Dejo de Durazno,https://www.alba.com.ar/es/paletas-de-colores/dejo-de-durazno-16yy-76-189-1671399,,#F8DCBB,"248,220,187",Dorado,
21YY 60/577,Del Sol,https://www.alba.com.ar/es/paletas-de-colores/del-sol-21yy-60-577-1671521,,#FCBB58,"252,187,88",Dorado,
34YY 71/404,Deleite de Resplandor,https://www.alba.com.ar/es/paletas-de-colores/deleite-de-resplandor-34yy-71-404-1671928,,#FBD388,"251,211,136",Dorado,
99YR 63/283,Desfile Anaranjado,https://www.alba.com.ar/es/paletas-de-colores/desfile-anaranjado-99yr-63-283-1673391,,#F3C49B,"243,196,155",Dorado,
40YY 76/112,Desierto de Atacama,https://www.alba.com.ar/es/paletas-de-colores/desierto-de-atacama-40yy-76-112-1672019,,#ECDFCA,"236,223,202",Dorado,
35YY 64/633,Diente de León,https://www.alba.com.ar/es/paletas-de-colores/diente-de-leon-35yy-64-633-1671934,,#FFC247,"255,194,71",Dorado,
22YY 80/211,Dilución de Azafrán,https://www.alba.com.ar/es/paletas-de-colores/dilucion-de-azafran-22yy-80-211-3137014,https://msp.images.akzonobel.com/glb/dh/inspirational-images/Livingroom-233965.png,#FEE1BC,"254,225,188",Dorado,
06YY 49/797,Dios Sol *,https://www.alba.com.ar/es/paletas-de-colores/dios-sol-06yy-49-797-1671046,,#FFA405,"255,164,5",Dorado,
30YY 33/613,Distrito Majestuoso *,https://www.alba.com.ar/es/paletas-de-colores/distrito-majestuoso-30yy-33-613-1671848,,#C89319,"200,147,25",Dorado,
35YY 59/533,Dorado Caliente,https://www.alba.com.ar/es/paletas-de-colores/dorado-caliente-35yy-59-533-1671931,,#F1BC59,"241,188,89",Dorado,
30YY 64/331,Dorado Suave,https://www.alba.com.ar/es/paletas-de-colores/dorado-suave-30yy-64-331-1671877,,#F0CB90,"240,203,144",Dorado,
12YY 51/682,Dulce de Naranja,https://www.alba.com.ar/es/paletas-de-colores/dulce-de-naranja-12yy-51-682-1671358,,#F7A835,"247,168,53",Dorado,
10YY 49/378,Dulce Miel,https://www.alba.com.ar/es/paletas-de-colores/dulce-miel-10yy-49-378-1671300,,#E2AD72,"226,173,114",Dorado,
35YY 63/346,Duna Arenosa,https://www.alba.com.ar/es/paletas-de-colores/duna-arenosa-35yy-63-346-1671933,,#EDC786,"237,199,134",Dorado,
33YY 69/519,Dunas Deslumbrantes,https://www.alba.com.ar/es/paletas-de-colores/dunas-deslumbrantes-33yy-69-519-1671921,,#FFCF6E,"255,207,110",Dorado,
27YY 78/255,Durazno con Chantilly,https://www.alba.com.ar/es/paletas-de-colores/durazno-con-chantilly-27yy-78-255-1671570,,#FADBAF,"250,219,175",Dorado,
10YY 77/125,Durazno Cálido,https://www.alba.com.ar/es/paletas-de-colores/durazno-calido-10yy-77-125-1671328,,#F3DEC8,"243,222,200",Dorado,
10YY 76/104,Durazno de Porcelana,https://www.alba.com.ar/es/paletas-de-colores/durazno-de-porcelana-10yy-76-104-1671327,,#F0DECC,"240,222,204",Dorado,
00YY 26/520,Durazno Frágil,https://www.alba.com.ar/es/paletas-de-colores/durazno-fragil-00yy-26-520-1670975,,#C27B2E,"194,123,46",Dorado,
28YY 86/106,Durazno Helado,https://www.alba.com.ar/es/paletas-de-colores/durazno-helado-28yy-86-106-1671579,,#F6E9D5,"246,233,213",Dorado,
25YY 70/365,Durazno Pálido,https://www.alba.com.ar/es/paletas-de-colores/durazno-palido-25yy-70-365-1671555,,#FFD090,"255,208,144",Dorado,
35YY 71/474,Día Dorado,https://www.alba.com.ar/es/paletas-de-colores/dia-dorado-35yy-71-474-1671935,,#FFCF73,"255,207,115",Dorado,
04YY 39/638,Efecto Melaza *,https://www.alba.com.ar/es/paletas-de-colores/efecto-melaza-04yy-39-638-1671032,,#E3901A,"227,144,26",Dorado,
38YY 81/256,Enaltecer,https://www.alba.com.ar/es/paletas-de-colores/enaltecer-38yy-81-256-1671958,,#FADEAE,"250,222,174",Dorado,
14YY 63/272,Esencia de Oriente,https://www.alba.com.ar/es/paletas-de-colores/esencia-de-oriente-14yy-63-272-1671377,,#EFC89B,"239,200,155",Dorado,
28YY 63/746,Esplendor,https://www.alba.com.ar/es/paletas-de-colores/esplendor-28yy-63-746-1671578,,#FFBE31,"255,190,49",Dorado,
15YY 69/080,Estopa,https://www.alba.com.ar/es/paletas-de-colores/estopa-15yy-69-080-1671383,,#E1D4C6,"225,212,198",Dorado,
25YY 62/353,Estrella Diurna,https://www.alba.com.ar/es/paletas-de-colores/estrella-diurna-25yy-62-353-1671554,,#F1C184,"241,193,132",Dorado,
37YY 78/312,Estrella Fugaz,https://www.alba.com.ar/es/paletas-de-colores/estrella-fugaz-37yy-78-312-1671950,,#FADAA1,"250,218,161",Dorado,
10YY 12/300,Expedición Africana,https://www.alba.com.ar/es/paletas-de-colores/expedicion-africana-10yy-12-300-1671271,,#825E39,"130,94,57",Dorado,
19YY 51/758,Explosión Estelar *,https://www.alba.com.ar/es/paletas-de-colores/explosion-estelar-19yy-51-758-1671432,,#FEAB13,"254,171,19",Dorado,
10YY 38/316,Fantasía de Arce,https://www.alba.com.ar/es/paletas-de-colores/fantasia-de-arce-10yy-38-316-1671290,,#C59967,"197,153,103",Dorado,
03YY 66/105,Fantasía Malva,https://www.alba.com.ar/es/paletas-de-colores/fantasia-malva-03yy-66-105-1671021,,#E1CFBE,"225,207,190",Dorado,
20YY 38/225,Fendi,https://www.alba.com.ar/es/paletas-de-colores/fendi-20yy-38-225-1671460,,#BD9F7B,"189,159,123",Dorado,
23YY 61/631,Fervor Amarillo,https://www.alba.com.ar/es/paletas-de-colores/fervor-amarillo-23yy-61-631-1671537,,#FFC04D,"255,192,77",Dorado,
09YY 57/689,Fiesta,https://www.alba.com.ar/es/paletas-de-colores/fiesta-09yy-57-689-1671066,,#FFAF3E,"255,175,62",Dorado,
13YY 60/475,Fresco Romano,https://www.alba.com.ar/es/paletas-de-colores/fresco-romano-13yy-60-475-1671368,,#FBBD71,"251,189,113",Dorado,
21YY 84/128,Fulgor de Luz,https://www.alba.com.ar/es/paletas-de-colores/fulgor-de-luz-21yy-84-128-3137008,https://msp.images.akzonobel.com/glb/dh/inspirational-images/Livingroom-233955.png,#FAE8D1,"250,232,209",Dorado,
09YY 59/325,Galleta de Caramelo,https://www.alba.com.ar/es/paletas-de-colores/galleta-de-caramelo-09yy-59-325-1671067,,#EEBF8B,"238,191,139",Dorado,
04YY 39/480,Gamuza Color Miel,https://www.alba.com.ar/es/paletas-de-colores/gamuza-color-miel-04yy-39-480-1671031,,#D9974C,"217,151,76",Dorado,
15YY 49/288,Gengibre Amarronado,https://www.alba.com.ar/es/paletas-de-colores/gengibre-amarronado-15yy-49-288-3136978,https://msp.images.akzonobel.com/glb/dh/inspirational-images/Livingroom-233878.png,#D8B081,"216,176,129",Dorado,
00YY 41/475,Gota de Miel,https://www.alba.com.ar/es/paletas-de-colores/gota-de-miel-00yy-41-475-1670981,,#E09851,"224,152,81",Dorado,
20YY 49/271,Gran Cañón,https://www.alba.com.ar/es/paletas-de-colores/gran-canon-20yy-49-271-1671472,,#D2AF82,"210,175,130",Dorado,
20YY 74/192,Helado de Mango,https://www.alba.com.ar/es/paletas-de-colores/helado-de-mango-20yy-74-192-1671498,,#F4D8B6,"244,216,182",Dorado,
20YY 23/525,Henna,https://www.alba.com.ar/es/paletas-de-colores/henna-20yy-23-525-1671445,,#B37F28,"179,127,40",Dorado,
35YY 61/431,Hierba de Pradera,https://www.alba.com.ar/es/paletas-de-colores/hierba-de-pradera-35yy-61-431-1671932,,#EFC076,"239,192,118",Dorado,
30YY 77/169,Hilo Crema,https://www.alba.com.ar/es/paletas-de-colores/hilo-crema-30yy-77-169-1671893,,#F4DDBE,"244,221,190",Dorado,
10YY 30/560,Hoja de Cobre,https://www.alba.com.ar/es/paletas-de-colores/hoja-de-cobre-10yy-30-560-1671284,,#C88626,"200,134,38",Dorado,
20YY 41/264,Hongo Aterciopelado,https://www.alba.com.ar/es/paletas-de-colores/hongo-aterciopelado-20yy-41-264-1671465,,#C5A479,"197,164,121",Dorado,
24YY 82/118,Insinuación Dorada,https://www.alba.com.ar/es/paletas-de-colores/insinuacion-dorada-24yy-82-118-1671544,,#F6E5D0,"246,229,208",Dorado,
22YY 71/347,Jengibre Durazno,https://www.alba.com.ar/es/paletas-de-colores/jengibre-durazno-22yy-71-347-1671528,,#FBD295,"251,210,149",Dorado,
45YY 83/187,Joven Celebridad,https://www.alba.com.ar/es/paletas-de-colores/joven-celebridad-45yy-83-187-1672116,,#F8E5C2,"248,229,194",Dorado,
20YY 63/258,Junco,https://www.alba.com.ar/es/paletas-de-colores/junco-20yy-63-258-1671487,,#EAC79C,"234,199,156",Dorado,
35YY 74/372,Junquillo,https://www.alba.com.ar/es/paletas-de-colores/junquillo-35yy-74-372-1671936,,#FED58F,"254,213,143",Dorado,
30YY 74/121,Lana Alpina,https://www.alba.com.ar/es/paletas-de-colores/lana-alpina-30yy-74-121-1671891,,#EBDBC5,"235,219,197",Dorado,
25YY 85/108,Leche de Coco,https://www.alba.com.ar/es/paletas-de-colores/leche-de-coco-25yy-85-108-1671560,,#F4E7CE,"244,231,206",Dorado,
10YY 69/130,Leche y Miel,https://www.alba.com.ar/es/paletas-de-colores/leche-y-miel-10yy-69-130-1671319,,#E8D3BD,"232,211,189",Dorado,
38YY 72/117,Leyenda Indígena,https://www.alba.com.ar/es/paletas-de-colores/leyenda-indigena-38yy-72-117-1671957,,#E9DBC5,"233,219,197",Dorado,
10YY 16/217,Leña,https://www.alba.com.ar/es/paletas-de-colores/lena-10yy-16-217-1671274,,#826544,"130,101,68",Dorado,
09YY 18/226,Licor de Coñac,https://www.alba.com.ar/es/paletas-de-colores/licor-de-conac-09yy-18-226-3136950,https://msp.images.akzonobel.com/glb/dh/inspirational-images/Livingroom-233839.png,#896A46,"137,106,70",Dorado,
10YY 60/224,Licor de Crema,https://www.alba.com.ar/es/paletas-de-colores/licor-de-crema-10yy-60-224-1671311,,#E4C39F,"228,195,159",Dorado,
10YY 35/543,Licor de Damasco,https://www.alba.com.ar/es/paletas-de-colores/licor-de-damasco-10yy-35-543-1671288,,#D19038,"209,144,56",Dorado,
24YY 39/319,Licor de Nuez,https://www.alba.com.ar/es/paletas-de-colores/licor-de-nuez-24yy-39-319-1671542,,#C39E67,"195,158,103",Dorado,
30YY 63/231,Licor de Whisky,https://www.alba.com.ar/es/paletas-de-colores/licor-de-whisky-30yy-63-231-1671875,,#E6CAA1,"230,202,161",Dorado,
20YY 70/138,Lino Americano,https://www.alba.com.ar/es/paletas-de-colores/lino-americano-20yy-70-138-1671495,,#E8D4BC,"232,212,188",Dorado,
30YY 71/138,Lino Blanco,https://www.alba.com.ar/es/paletas-de-colores/lino-blanco-30yy-71-138-1671887,,#E9D8BE,"233,216,190",Dorado,
08YY 56/528,Lirio,https://www.alba.com.ar/es/paletas-de-colores/lirio-08yy-56-528-1671058,,#F9B462,"249,180,98",Dorado,
50YY 83/114,Lirio de Pascua,https://www.alba.com.ar/es/paletas-de-colores/lirio-de-pascua-50yy-83-114-1672402,,#F3E7CE,"243,231,206",Dorado,
05YY 52/658,Llama de Gas,https://www.alba.com.ar/es/paletas-de-colores/llama-de-gas-05yy-52-658-1671039,,#FEA93A,"254,169,58",Dorado,
40YY 48/750,Luces Teatrales *,https://www.alba.com.ar/es/paletas-de-colores/luces-teatrales-40yy-48-750-1671993,,#E2AE00,"226,174,0",Dorado,
10YY 50/469,Luna Agreste,https://www.alba.com.ar/es/paletas-de-colores/luna-agreste-10yy-50-469-1671301,,#EBAE62,"235,174,98",Dorado,
35YY 81/233,Luna de Otoño,https://www.alba.com.ar/es/paletas-de-colores/luna-de-otono-35yy-81-233-1671939,,#F8DEB1,"248,222,177",Dorado,
20YY 23/246,Madera Curtida,https://www.alba.com.ar/es/paletas-de-colores/madera-curtida-20yy-23-246-1671444,,#987B54,"152,123,84",Dorado,
10YY 72/200,Mandarina Blanca,https://www.alba.com.ar/es/paletas-de-colores/mandarina-blanca-10yy-72-200-1671322,,#F5D6B5,"245,214,181",Dorado,
12YY 61/523,Mango Tropical,https://www.alba.com.ar/es/paletas-de-colores/mango-tropical-12yy-61-523-1671359,,#FDBA61,"253,186,97",Dorado,
20YY 51/306,Mantecado,https://www.alba.com.ar/es/paletas-de-colores/mantecado-20yy-51-306-1671474,,#DCB481,"220,180,129",Dorado,
20YY 57/178,Marfil Clásico,https://www.alba.com.ar/es/paletas-de-colores/marfil-clasico-20yy-57-178-1671481,,#D9C1A2,"217,193,162",Dorado,
30YY 67/194,Marfil Crema,https://www.alba.com.ar/es/paletas-de-colores/marfil-crema-30yy-67-194-1671880,,#E9D2B0,"233,210,176",Dorado,
30YY 81/123,Marfil Fresco,https://www.alba.com.ar/es/paletas-de-colores/marfil-fresco-30yy-81-123-1671899,,#F3E5CE,"243,229,206",Dorado,
45YY 83/125,Marfil Palacio,https://www.alba.com.ar/es/paletas-de-colores/marfil-palacio-45yy-83-125-1672114,,#F6E8CF,"246,232,207",Dorado,
20YY 65/285,Maíz Indio,https://www.alba.com.ar/es/paletas-de-colores/maiz-indio-20yy-65-285-1671489,,#EFC898,"239,200,152",Dorado,
98YR 53/235,Melaza Oscura,https://www.alba.com.ar/es/paletas-de-colores/melaza-oscura-98yr-53-235-1673384,,#DDB694,"221,182,148",Dorado,
10YY 78/146,Melón,https://www.alba.com.ar/es/paletas-de-colores/melon-10yy-78-146-1671329,,#F5DEC5,"245,222,197",Dorado,
32YY 73/398,Melón Persa,https://www.alba.com.ar/es/paletas-de-colores/melon-persa-32yy-73-398-1671916,,#FDD28D,"253,210,141",Dorado,
20YY 26/490,Mostaza en Grano,https://www.alba.com.ar/es/paletas-de-colores/mostaza-en-grano-20yy-26-490-1671447,,#B5812E,"181,129,46",Dorado,
20YY 34/700,Mostaza Especiada *,https://www.alba.com.ar/es/paletas-de-colores/mostaza-especiada-20yy-34-700-1671456,,#D79413,"215,148,19",Dorado,
10YY 24/467,Mostaza Picante *,https://www.alba.com.ar/es/paletas-de-colores/mostaza-picante-10yy-24-467-1671279,,#B2792C,"178,121,44",Dorado,
28YY 62/321,Mostaza Tenue,https://www.alba.com.ar/es/paletas-de-colores/mostaza-tenue-28yy-62-321-3137038,https://msp.images.akzonobel.com/glb/dh/inspirational-images/Livingroom-234076.png,#EBC68E,"235,198,142",Dorado,
10YY 65/285,Mousse de Mango,https://www.alba.com.ar/es/paletas-de-colores/mousse-de-mango-10yy-65-285-1671315,,#F2C89B,"242,200,155",Dorado,
10YY 67/213,Mousse de Naranja,https://www.alba.com.ar/es/paletas-de-colores/mousse-de-naranja-10yy-67-213-1671317,,#EFCFAD,"239,207,173",Dorado,
85YR 38/700,Naranja Explosivo *,https://www.alba.com.ar/es/paletas-de-colores/naranja-explosivo-85yr-38-700-3137239,https://msp.images.akzonobel.com/glb/dh/inspirational-images/Livingroom-233563.png,#F18517,"241,133,23",Dorado,
97YR 54/511,Naranja Orgánica,https://www.alba.com.ar/es/paletas-de-colores/naranja-organica-97yr-54-511-1673376,,#FCAE63,"252,174,99",Dorado,
17YY 65/420,Naranja Pálido,https://www.alba.com.ar/es/paletas-de-colores/naranja-palido-17yy-65-420-1671413,,#FAC681,"250,198,129",Dorado,
25YY 77/087,Naturaleza Viva,https://www.alba.com.ar/es/paletas-de-colores/naturaleza-viva-25yy-77-087-3137030,https://msp.images.akzonobel.com/glb/dh/inspirational-images/Livingroom-234065.png,#EDE1D0,"237,225,208",Dorado,
44YY 87/118,Neblina de Verano,https://www.alba.com.ar/es/paletas-de-colores/neblina-de-verano-44yy-87-118-1672074,,#F6EBD3,"246,235,211",Dorado,
10YY 63/162,Neutro Maya,https://www.alba.com.ar/es/paletas-de-colores/neutro-maya-10yy-63-162-1671313,,#E3CAAF,"227,202,175",Dorado,
36YY 70/208,Nougat de Caramelo,https://www.alba.com.ar/es/paletas-de-colores/nougat-de-caramelo-36yy-70-208-3137065,https://msp.images.akzonobel.com/glb/dh/inspirational-images/Livingroom-234157.png,#ECD5AF,"236,213,175",Dorado,
00YY 57/299,Nuez,https://www.alba.com.ar/es/paletas-de-colores/nuez-00yy-57-299-1670989,,#ECBA8B,"236,186,139",Dorado,
24YY 63/200,Nuez Moscada Tenue,https://www.alba.com.ar/es/paletas-de-colores/nuez-moscada-tenue-24yy-63-200-3137024,https://msp.images.akzonobel.com/glb/dh/inspirational-images/Livingroom-234015.png,#E4CAA7,"228,202,167",Dorado,
00YY 18/346,Ocre Profundo,https://www.alba.com.ar/es/paletas-de-colores/ocre-profundo-00yy-18-346-1670969,,#986735,"152,103,53",Dorado,
24YY 28/384,Oliva Osado,https://www.alba.com.ar/es/paletas-de-colores/oliva-osado-24yy-28-384-1671541,,#AC833F,"172,131,63",Dorado,
10YY 57/377,Onda Ambar,https://www.alba.com.ar/es/paletas-de-colores/onda-ambar-10yy-57-377-1671308,,#EEBA7D,"238,186,125",Dorado,
20YY 35/456,Oro Casino,https://www.alba.com.ar/es/paletas-de-colores/oro-casino-20yy-35-456-1671457,,#C79448,"199,148,72",Dorado,
20YY 46/515,Oro del Cairo,https://www.alba.com.ar/es/paletas-de-colores/oro-del-cairo-20yy-46-515-1671470,,#E5AA53,"229,170,83",Dorado,
24YY 64/523,Oro del Faraón,https://www.alba.com.ar/es/paletas-de-colores/oro-del-faraon-24yy-64-523-1671543,,#FCC367,"252,195,103",Dorado,
10YY 27/600,Oro Holandés,https://www.alba.com.ar/es/paletas-de-colores/oro-holandes-10yy-27-600-1671282,,#C88326,"200,131,38",Dorado,
20YY 36/370,Oro Monárquico,https://www.alba.com.ar/es/paletas-de-colores/oro-monarquico-20yy-36-370-1671458,,#C19659,"193,150,89",Dorado,
23YY 62/816,Oro Real *,https://www.alba.com.ar/es/paletas-de-colores/oro-real-23yy-62-816-1671538,,#FFBA1F,"255,186,31",Dorado,
98YR 26/291,Osito de Peluche,https://www.alba.com.ar/es/paletas-de-colores/osito-de-peluche-98yr-26-291-1673383,,#AA7E54,"170,126,84",Dorado,
40YY 77/267,Panqueque,https://www.alba.com.ar/es/paletas-de-colores/panqueque-40yy-77-267-1672021,,#F9DFAD,"249,223,173",Dorado,
34YY 55/802,Pascua Glamorosa *,https://www.alba.com.ar/es/paletas-de-colores/pascua-glamorosa-34yy-55-802-3137058,https://msp.images.akzonobel.com/glb/dh/inspirational-images/Livingroom-234187.png,#F5B700,"245,183,0",Dorado,
30YY 70/455,Pera Madura,https://www.alba.com.ar/es/paletas-de-colores/pera-madura-30yy-70-455-1671885,,#FFCE7D,"255,206,125",Dorado,
96YR 46/632,Pez Naranja,https://www.alba.com.ar/es/paletas-de-colores/pez-naranja-96yr-46-632-3137276,https://msp.images.akzonobel.com/glb/dh/inspirational-images/Livingroom-233681.png,#F79A38,"247,154,56",Dorado,
10YY 53/423,Pinza de Cangrejo,https://www.alba.com.ar/es/paletas-de-colores/pinza-de-cangrejo-10yy-53-423-1671304,,#EDB370,"237,179,112",Dorado,
44YY 75/094,Planicie Africana,https://www.alba.com.ar/es/paletas-de-colores/planicie-africana-44yy-75-094-1672071,,#E8DECB,"232,222,203",Dorado,
30YY 80/088,Playa,https://www.alba.com.ar/es/paletas-de-colores/playa-30yy-80-088-1671898,,#F0E3D2,"240,227,210",Dorado,
20YY 61/475,Plaza Soleada,https://www.alba.com.ar/es/paletas-de-colores/plaza-soleada-20yy-61-475-1671485,,#F9BF70,"249,191,112",Dorado,
30YY 58/423,Polvo Solar,https://www.alba.com.ar/es/paletas-de-colores/polvo-solar-30yy-58-423-1671872,,#EABE73,"234,190,115",Dorado,
25YY 61/452,Popurrí Veraniego,https://www.alba.com.ar/es/paletas-de-colores/popurri-veraniego-25yy-61-452-3137029,https://msp.images.akzonobel.com/glb/dh/inspirational-images/Livingroom-234035.png,#F4C272,"244,194,114",Dorado,
39YY 85/156,Primera Luz,https://www.alba.com.ar/es/paletas-de-colores/primera-luz-39yy-85-156-1671973,,#F5E5C7,"245,229,199",Dorado,
27YY 68/470,Puesta del Sol Dorada,https://www.alba.com.ar/es/paletas-de-colores/puesta-del-sol-dorada-27yy-68-470-1671569,,#FDCB77,"253,203,119",Dorado,
51YY 84/121,Pura Luz,https://www.alba.com.ar/es/paletas-de-colores/pura-luz-51yy-84-121-3137121,https://msp.images.akzonobel.com/glb/dh/inspirational-images/Livingroom-234338.png,#F4EAD1,"244,234,209",Dorado,
45YY 71/426,Rayo de Luz,https://www.alba.com.ar/es/paletas-de-colores/rayo-de-luz-45yy-71-426-1672099,,#F8D483,"248,212,131",Dorado,
29YY 66/537,Rayos de Sol,https://www.alba.com.ar/es/paletas-de-colores/rayos-de-sol-29yy-66-537-1671582,,#FFCA69,"255,202,105",Dorado,
34YY 76/174,Reflejo de Luz Solar,https://www.alba.com.ar/es/paletas-de-colores/reflejo-de-luz-solar-34yy-76-174-1671929,,#F2DEBE,"242,222,190",Dorado,
35YY 78/269,Renacer,https://www.alba.com.ar/es/paletas-de-colores/renacer-35yy-78-269-1671937,,#FADEAA,"250,222,170",Dorado,
19YY 83/140,Roma,https://www.alba.com.ar/es/paletas-de-colores/roma-19yy-83-140-1671434,,#F5E2C9,"245,226,201",Dorado,
41YY 70/112,Seda de Marfil,https://www.alba.com.ar/es/paletas-de-colores/seda-de-marfil-41yy-70-112-1672037,,#E8DCC9,"232,220,201",Dorado,
00YY 28/352,Sendero de la Costa,https://www.alba.com.ar/es/paletas-de-colores/sendero-de-la-costa-00yy-28-352-1670976,,#B5804C,"181,128,76",Dorado,
13YY 64/412,Sensación de Azafrán,https://www.alba.com.ar/es/paletas-de-colores/sensacion-de-azafran-13yy-64-412-3136967,https://msp.images.akzonobel.com/glb/dh/inspirational-images/Livingroom-233841.png,#FDC582,"253,197,130",Dorado,
07YY 54/510,Sensación de Mango,https://www.alba.com.ar/es/paletas-de-colores/sensacion-de-mango-07yy-54-510-3136937,https://msp.images.akzonobel.com/glb/dh/inspirational-images/Livingroom-233790.png,#F7B260,"247,178,96",Dorado,
39YY 86/135,Sensación Espacial,https://www.alba.com.ar/es/paletas-de-colores/sensacion-espacial-39yy-86-135-3137076,https://msp.images.akzonobel.com/glb/dh/inspirational-images/Livingroom-234149.png,#FAEBD1,"250,235,209",Dorado,
39YY 71/413,Sensación Estival,https://www.alba.com.ar/es/paletas-de-colores/sensacion-estival-39yy-71-413-3137074,https://msp.images.akzonobel.com/glb/dh/inspirational-images/Livingroom-234270.png,#FAD587,"250,213,135",Dorado,
39YY 78/329,Sentimiento de Verano,https://www.alba.com.ar/es/paletas-de-colores/sentimiento-de-verano-39yy-78-329-3137075,https://msp.images.akzonobel.com/glb/dh/inspirational-images/Livingroom-234223.png,#FEDFA1,"254,223,161",Dorado,
30YY 72/097,Sisal,https://www.alba.com.ar/es/paletas-de-colores/sisal-30yy-72-097-1671890,,#E7D9C7,"231,217,199",Dorado,
25YY 49/757,Sol Dorado *,https://www.alba.com.ar/es/paletas-de-colores/sol-dorado-25yy-49-757-1671549,,#F8AF1C,"248,175,28",Dorado,
22YY 38/423,Suave Heno,https://www.alba.com.ar/es/paletas-de-colores/suave-heno-22yy-38-423-3137011,https://msp.images.akzonobel.com/glb/dh/inspirational-images/Livingroom-234038.png,#CA9A51,"202,154,81",Dorado,
15YY 37/276,Suelo Luminoso,https://www.alba.com.ar/es/paletas-de-colores/suelo-luminoso-15yy-37-276-3136977,https://msp.images.akzonobel.com/glb/dh/inspirational-images/Livingroom-233933.png,#BF9B6E,"191,155,110",Dorado,
23YY 44/541,Surfeando Dunas,https://www.alba.com.ar/es/paletas-de-colores/surfeando-dunas-23yy-44-541-1671535,,#DCA440,"220,164,64",Dorado,
09YY 45/402,Tallo de Gengibre,https://www.alba.com.ar/es/paletas-de-colores/tallo-de-gengibre-09yy-45-402-1671065,,#DDA667,"221,166,103",Dorado,
30YY 58/178,Tela Bordada,https://www.alba.com.ar/es/paletas-de-colores/tela-bordada-30yy-58-178-1671871,,#D9C3A4,"217,195,164",Dorado,
30YY 38/370,Tesoro Descubierto,https://www.alba.com.ar/es/paletas-de-colores/tesoro-descubierto-30yy-38-370-1671853,,#C49B5D,"196,155,93",Dorado,
20YY 32/494,Tesoro Escondido,https://www.alba.com.ar/es/paletas-de-colores/tesoro-escondido-20yy-32-494-1671454,,#C38D38,"195,141,56",Dorado,
30YY 49/562,Tono Dorado,https://www.alba.com.ar/es/paletas-de-colores/tono-dorado-30yy-49-562-1671864,,#E6AF47,"230,175,71",Dorado,
20YY 27/426,Tono Ganador,https://www.alba.com.ar/es/paletas-de-colores/tono-ganador-20yy-27-426-1671449,,#AF8136,"175,129,54",Dorado,
03YY 82/067,Tonos de Arcilla,https://www.alba.com.ar/es/paletas-de-colores/tonos-de-arcilla-03yy-82-067-1671022,,#F2E6DB,"242,230,219",Dorado,
10YY 58/295,Topacio Claro,https://www.alba.com.ar/es/paletas-de-colores/topacio-claro-10yy-58-295-1671309,,#E9BD8E,"233,189,142",Dorado,
23YY 69/134,Toque de Crema,https://www.alba.com.ar/es/paletas-de-colores/toque-de-crema-23yy-69-134-3137019,https://msp.images.akzonobel.com/glb/dh/inspirational-images/Livingroom-233960.png,#E7D4BC,"231,212,188",Dorado,
11YY 78/136,Toque de Crème Brûlée,https://www.alba.com.ar/es/paletas-de-colores/toque-de-creme-brulee-11yy-78-136-1671346,,#F6E0C9,"246,224,201",Dorado,
25YY 79/240,Toque de Néctar,https://www.alba.com.ar/es/paletas-de-colores/toque-de-nectar-25yy-79-240-1671557,,#FBDCAE,"251,220,174",Dorado,
20YY 19/438,Tren del Desierto,https://www.alba.com.ar/es/paletas-de-colores/tren-del-desierto-20yy-19-438-1671442,,#9C6F27,"156,111,39",Dorado,
25YY 83/103,Trigo,https://www.alba.com.ar/es/paletas-de-colores/trigo-25yy-83-103-1671559,,#F5E6D1,"245,230,209",Dorado,
25YY 78/232,Vainilla Almendrada,https://www.alba.com.ar/es/paletas-de-colores/vainilla-almendrada-25yy-78-232-1671556,,#FBDCB1,"251,220,177",Dorado,
30YY 52/207,Valle del Desierto,https://www.alba.com.ar/es/paletas-de-colores/valle-del-desierto-30yy-52-207-1671867,,#D2B994,"210,185,148",Dorado,
20YY 46/425,Yacimiento de Oro,https://www.alba.com.ar/es/paletas-de-colores/yacimiento-de-oro-20yy-46-425-1671469,,#DBA963,"219,169,99",Dorado,
10YY 23/261,Yute Dorado,https://www.alba.com.ar/es/paletas-de-colores/yute-dorado-10yy-23-261-1671278,,#9C7851,"156,120,81",Dorado,
97YR 44/642,Zanahoria,https://www.alba.com.ar/es/paletas-de-colores/zanahoria-97yr-44-642-1673375,,#F49839,"244,152,57",Dorado,
00YY 34/562,Zapallo,https://www.alba.com.ar/es/paletas-de-colores/zapallo-00yy-34-562-1670978,,#D88A30,"216,138,48",Dorado,
10YY 45/419,Zorzal de la Floresta,https://www.alba.com.ar/es/paletas-de-colores/zorzal-de-la-floresta-10yy-45-419-1671296,,#E0A767,"224,167,103",Dorado,
70YY 61/561,Aceite de Oliva,https://www.alba.com.ar/es/paletas-de-colores/aceite-de-oliva-70yy-61-561-1672839,,#DFCB5A,"223,203,90",Lima,
86YY 85/174,Adobo Limón,https://www.alba.com.ar/es/paletas-de-colores/adobo-limon-86yy-85-174-1673056,,#F0EBC7,"240,235,199",Lima,
90YY 21/371,Adorno,https://www.alba.com.ar/es/paletas-de-colores/adorno-90yy-21-371-1673309,,#7E7F3A,"126,127,58",Lima,
10GY 83/100,Agua de Manantial,https://www.alba.com.ar/es/paletas-de-colores/agua-de-manantial-10gy-83-100-1671173,,#E7E7D1,"231,231,209",Lima,
30GY 09/171,Aguas Profundas,https://www.alba.com.ar/es/paletas-de-colores/aguas-profundas-30gy-09-171-1671700,,#465439,"70,84,57",Lima,
91YY 40/628,Alma de la Naturaleza *,https://www.alba.com.ar/es/paletas-de-colores/alma-de-la-naturaleza-91yy-40-628-1673341,,#A2AF1D,"162,175,29",Lima,
10GY 83/125,Amanecer del Campo,https://www.alba.com.ar/es/paletas-de-colores/amanecer-del-campo-10gy-83-125-1671174,,#E7E9CF,"231,233,207",Lima,
70YY 78/248,Amarillo Junco,https://www.alba.com.ar/es/paletas-de-colores/amarillo-junco-70yy-78-248-1672851,,#EEE1B0,"238,225,176",Lima,
10GY 21/119,Araucaria,https://www.alba.com.ar/es/paletas-de-colores/araucaria-10gy-21-119-1671151,,#7A7D67,"122,125,103",Lima,
91YY 23/374,Arboleda Sagrada,https://www.alba.com.ar/es/paletas-de-colores/arboleda-sagrada-91yy-23-374-1673340,,#7D8234,"125,130,52",Lima,
90YY 83/071,Blanco Brillante,https://www.alba.com.ar/es/paletas-de-colores/blanco-brillante-90yy-83-071-1673332,,#ECEADA,"236,234,218",Lima,
84YY 87/135,Blanco Pino,https://www.alba.com.ar/es/paletas-de-colores/blanco-pino-84yy-87-135-1673041,,#F2EDD1,"242,237,209",Lima,
90YY 83/107,Blanco Yuca,https://www.alba.com.ar/es/paletas-de-colores/blanco-yuca-90yy-83-107-1673333,,#EDE9D3,"237,233,211",Lima,
90YY 29/464,Bonsai *,https://www.alba.com.ar/es/paletas-de-colores/bonsai-90yy-29-464-1673312,,#8D9138,"141,145,56",Lima,
90YY 22/200,Bosque Encantado,https://www.alba.com.ar/es/paletas-de-colores/bosque-encantado-90yy-22-200-1673310,,#817D59,"129,125,89",Lima,
70YY 73/288,Brillo de Vela,https://www.alba.com.ar/es/paletas-de-colores/brillo-de-vela-70yy-73-288-1672848,,#EDDDA2,"237,221,162",Lima,
21GY 28/472,Bruja Malvada,https://www.alba.com.ar/es/paletas-de-colores/bruja-malvada-21gy-28-472-1671513,,#749639,"116,150,57",Lima,
10GY 83/150,Bruma de la Pradera,https://www.alba.com.ar/es/paletas-de-colores/bruma-de-la-pradera-10gy-83-150-1671175,,#E6EACB,"230,234,203",Lima,
96YY 53/200,Caminata de Montaña,https://www.alba.com.ar/es/paletas-de-colores/caminata-de-montana-96yy-53-200-1673371,,#BEC198,"190,193,152",Lima,
16GY 54/615,Campo de Golf,https://www.alba.com.ar/es/paletas-de-colores/campo-de-golf-16gy-54-615-1671392,,#A2CA48,"162,202,72",Lima,
10GY 41/600,Campos Irlandeses,https://www.alba.com.ar/es/paletas-de-colores/campos-irlandeses-10gy-41-600-1671160,,#98B33E,"152,179,62",Lima,
10GY 71/180,Capín Limón,https://www.alba.com.ar/es/paletas-de-colores/capin-limon-10gy-71-180-1671167,,#D9DCB8,"217,220,184",Lima,
70YY 75/124,Chardonnay,https://www.alba.com.ar/es/paletas-de-colores/chardonnay-70yy-75-124-1672849,,#E6DEC4,"230,222,196",Lima,
90YY 54/254,Chucrut,https://www.alba.com.ar/es/paletas-de-colores/chucrut-90yy-54-254-3137258,https://msp.images.akzonobel.com/glb/dh/inspirational-images/Livingroom-234936.png,#C2C28F,"194,194,143",Lima,
10GY 83/075,Cidrera Suave,https://www.alba.com.ar/es/paletas-de-colores/cidrera-suave-10gy-83-075-1671172,,#E8EBDA,"232,235,218",Lima,
70YY 66/510,Condimentado,https://www.alba.com.ar/es/paletas-de-colores/condimentado-70yy-66-510-1672844,,#E8D36D,"232,211,109",Lima,
10GY 24/356,Corona de Laureles,https://www.alba.com.ar/es/paletas-de-colores/corona-de-laureles-10gy-24-356-1671153,,#7B8746,"123,135,70",Lima,
92YY 69/401,Creación Primaveral,https://www.alba.com.ar/es/paletas-de-colores/creacion-primaveral-92yy-69-401-1673346,,#D7DC88,"215,220,136",Lima,
79YY 84/126,Crema Sedosa,https://www.alba.com.ar/es/paletas-de-colores/crema-sedosa-79yy-84-126-3137200,https://msp.images.akzonobel.com/glb/dh/inspirational-images/Livingroom-234775.png,#EFEBD1,"239,235,209",Lima,
88YY 38/530,Césped de Tenis,https://www.alba.com.ar/es/paletas-de-colores/cesped-de-tenis-88yy-38-530-1673072,,#A4A93A,"164,169,58",Lima,
86YY 77/295,Césped Limón,https://www.alba.com.ar/es/paletas-de-colores/cesped-limon-86yy-77-295-1673055,,#E8E3A8,"232,227,168",Lima,
80YY 75/423,Césped Soleado,https://www.alba.com.ar/es/paletas-de-colores/cesped-soleado-80yy-75-423-1673004,,#E8E38C,"232,227,140",Lima,
90YY 83/179,Deshielo Primaveral,https://www.alba.com.ar/es/paletas-de-colores/deshielo-primaveral-90yy-83-179-1673335,,#EDE9C5,"237,233,197",Lima,
76YY 27/439,Dique de Nutrias,https://www.alba.com.ar/es/paletas-de-colores/dique-de-nutrias-76yy-27-439-1672898,,#908B2C,"144,139,44",Lima,
77YY 83/073,Día Bendito,https://www.alba.com.ar/es/paletas-de-colores/dia-bendito-77yy-83-073-1672914,,#EBE8D6,"235,232,214",Lima,
64YY 38/505,Edén Vigoroso,https://www.alba.com.ar/es/paletas-de-colores/eden-vigoroso-64yy-38-505-1672579,,#B3A236,"179,162,54",Lima,
62YY 27/282,Ensalada de Palta,https://www.alba.com.ar/es/paletas-de-colores/ensalada-de-palta-62yy-27-282-1672564,,#978953,"151,137,83",Lima,
60YY 72/225,Escarcha Dorada,https://www.alba.com.ar/es/paletas-de-colores/escarcha-dorada-60yy-72-225-1672532,,#E8D8AC,"232,216,172",Lima,
10GY 30/104,Eucalipto,https://www.alba.com.ar/es/paletas-de-colores/eucalipto-10gy-30-104-1671155,,#929480,"146,148,128",Lima,
83YY 72/129,Fantasía Caqui,https://www.alba.com.ar/es/paletas-de-colores/fantasia-caqui-83yy-72-129-3137229,https://msp.images.akzonobel.com/glb/dh/inspirational-images/Livingroom-234883.png,#DEDCC1,"222,220,193",Lima,
77YY 19/297,Fantástico Follaje,https://www.alba.com.ar/es/paletas-de-colores/fantastico-follaje-77yy-19-297-1672911,,#787336,"120,115,54",Lima,
66YY 77/407,Flor Campestre,https://www.alba.com.ar/es/paletas-de-colores/flor-campestre-66yy-77-407-1672599,,#F4E392,"244,227,146",Lima,
90YY 78/334,Florecer de Septiembre,https://www.alba.com.ar/es/paletas-de-colores/florecer-de-septiembre-90yy-78-334-3137259,https://msp.images.akzonobel.com/glb/dh/inspirational-images/Livingroom-48704.png,#E6E7A3,"230,231,163",Lima,
10GY 79/231,Floresta del Norte,https://www.alba.com.ar/es/paletas-de-colores/floresta-del-norte-10gy-79-231-1671170,,#DFE6B7,"223,230,183",Lima,
65YY 68/572,Foco de Luz,https://www.alba.com.ar/es/paletas-de-colores/foco-de-luz-65yy-68-572-1672588,,#ECD461,"236,212,97",Lima,
90YY 83/143,Follaje de Primavera,https://www.alba.com.ar/es/paletas-de-colores/follaje-de-primavera-90yy-83-143-1673334,,#EDECCD,"237,236,205",Lima,
70YY 55/613,Frescor,https://www.alba.com.ar/es/paletas-de-colores/frescor-70yy-55-613-1672835,,#D4C346,"212,195,70",Lima,
70YY 52/532,Fruta Cítrica,https://www.alba.com.ar/es/paletas-de-colores/fruta-citrica-70yy-52-532-1672832,,#CEBE53,"206,190,83",Lima,
77YY 52/604,Gelatina de Lima *,https://www.alba.com.ar/es/paletas-de-colores/gelatina-de-lima-77yy-52-604-1672913,,#C6C13B,"198,193,59",Lima,
90YY 67/117,Gotas de Mar,https://www.alba.com.ar/es/paletas-de-colores/gotas-de-mar-90yy-67-117-1673326,,#D7D4BB,"215,212,187",Lima,
70YY 34/180,Hoja de Alcaucil,https://www.alba.com.ar/es/paletas-de-colores/hoja-de-alcaucil-70yy-34-180-1672822,,#A49B7A,"164,155,122",Lima,
90YY 52/138,Hoja de Mate,https://www.alba.com.ar/es/paletas-de-colores/hoja-de-mate-90yy-52-138-1673320,,#C1BEA2,"193,190,162",Lima,
70YY 37/296,Hoja de Olivo,https://www.alba.com.ar/es/paletas-de-colores/hoja-de-olivo-70yy-37-296-1672823,,#AEA26B,"174,162,107",Lima,
90YY 15/279,Hojas de Otoño,https://www.alba.com.ar/es/paletas-de-colores/hojas-de-otono-90yy-15-279-1673307,,#6C6B3E,"108,107,62",Lima,
70YY 66/130,Hábitat,https://www.alba.com.ar/es/paletas-de-colores/habitat-70yy-66-130-1672842,,#D9D2B8,"217,210,184",Lima,
70YY 77/207,Inspiración Verdadera,https://www.alba.com.ar/es/paletas-de-colores/inspiracion-verdadera-70yy-77-207-1672850,,#ECE1B6,"236,225,182",Lima,
66YY 83/272,Jalea de Hierbabuena,https://www.alba.com.ar/es/paletas-de-colores/jalea-de-hierbabuena-66yy-83-272-1672600,,#F7EAB3,"247,234,179",Lima,
70YY 27/418,Jardín Colgante,https://www.alba.com.ar/es/paletas-de-colores/jardin-colgante-70yy-27-418-1672821,,#968A3B,"150,138,59",Lima,
75YY 55/509,Jardín de Fantasía,https://www.alba.com.ar/es/paletas-de-colores/jardin-de-fantasia-75yy-55-509-1672891,,#CCC45A,"204,196,90",Lima,
09GY 80/324,Jardín Paradisíaco,https://www.alba.com.ar/es/paletas-de-colores/jardin-paradisiaco-09gy-80-324-3136946,https://msp.images.akzonobel.com/glb/dh/inspirational-images/Livingroom-235096.png,#DEECAA,"222,236,170",Lima,
10GY 40/296,Jaspe Precioso,https://www.alba.com.ar/es/paletas-de-colores/jaspe-precioso-10gy-40-296-1671159,,#A3AC74,"163,172,116",Lima,
92YY 59/547,Jugo de Melón,https://www.alba.com.ar/es/paletas-de-colores/jugo-de-melon-92yy-59-547-3137264,https://msp.images.akzonobel.com/glb/dh/inspirational-images/Livingroom-234976.png,#C5CF5A,"197,207,90",Lima,
99YY 77/080,Langosta,https://www.alba.com.ar/es/paletas-de-colores/langosta-99yy-77-080-1673395,,#E2E3D2,"226,227,210",Lima,
82YY 74/446,Lechuga Romana,https://www.alba.com.ar/es/paletas-de-colores/lechuga-romana-82yy-74-446-1673025,,#E4E184,"228,225,132",Lima,
20GY 37/537,Lima Adorable,https://www.alba.com.ar/es/paletas-de-colores/lima-adorable-20gy-37-537-1671436,,#86AD3D,"134,173,61",Lima,
93YY 52/598,Lima Exuberante,https://www.alba.com.ar/es/paletas-de-colores/lima-exuberante-93yy-52-598-1673352,,#B9C546,"185,197,70",Lima,
90YY 55/560,Lima Fresca,https://www.alba.com.ar/es/paletas-de-colores/lima-fresca-90yy-55-560-1673321,,#C7CA56,"199,202,86",Lima,
88YY 81/230,Lima Suave,https://www.alba.com.ar/es/paletas-de-colores/lima-suave-88yy-81-230-1673074,,#EBE9BA,"235,233,186",Lima,
89YY 38/628,Limón Gallego *,https://www.alba.com.ar/es/paletas-de-colores/limon-gallego-89yy-38-628-1673080,,#A0A824,"160,168,36",Lima,
70YY 79/407,Limón Siciliano,https://www.alba.com.ar/es/paletas-de-colores/limon-siciliano-70yy-79-407-1672852,,#F4E291,"244,226,145",Lima,
70YY 55/299,Liquen Suave,https://www.alba.com.ar/es/paletas-de-colores/liquen-suave-70yy-55-299-1672834,,#CDC387,"205,195,135",Lima,
92YY 46/608,Locura de Mojito *,https://www.alba.com.ar/es/paletas-de-colores/locura-de-mojito-92yy-46-608-3137263,https://msp.images.akzonobel.com/glb/dh/inspirational-images/Livingroom-234978.png,#AFBB34,"175,187,52",Lima,
70YY 83/150,Luna de Diciembre,https://www.alba.com.ar/es/paletas-de-colores/luna-de-diciembre-70yy-83-150-1672856,,#F2E8C9,"242,232,201",Lima,
65YY 89/088,Luna Resplandeciente,https://www.alba.com.ar/es/paletas-de-colores/luna-resplandeciente-65yy-89-088-1672593,,#F6F1DE,"246,241,222",Lima,
30GY 83/064,Luz de la Floresta,https://www.alba.com.ar/es/paletas-de-colores/luz-de-la-floresta-30gy-83-064-1671736,,#E6EADD,"230,234,221",Lima,
66YY 56/707,Luz de Neón,https://www.alba.com.ar/es/paletas-de-colores/luz-de-neon-66yy-56-707-1672598,,#D8C52B,"216,197,43",Lima,
83YY 85/056,Luz Misteriosa,https://www.alba.com.ar/es/paletas-de-colores/luz-misteriosa-83yy-85-056-1673034,,#ECEBDC,"236,235,220",Lima,
90YY 58/424,Luz Oxídrica,https://www.alba.com.ar/es/paletas-de-colores/luz-oxidrica-90yy-58-424-1673322,,#C9CC75,"201,204,117",Lima,
70YY 63/326,Madera de Sauce,https://www.alba.com.ar/es/paletas-de-colores/madera-de-sauce-70yy-63-326-1672840,,#DCCE8D,"220,206,141",Lima,
90YY 75/120,Manto Blanco,https://www.alba.com.ar/es/paletas-de-colores/manto-blanco-90yy-75-120-1673330,,#E4E1C7,"228,225,199",Lima,
90YY 48/500,Manzana Inglesa,https://www.alba.com.ar/es/paletas-de-colores/manzana-inglesa-90yy-48-500-1673318,,#B9BB58,"185,187,88",Lima,
90YY 48/650,Manzana Verde,https://www.alba.com.ar/es/paletas-de-colores/manzana-verde-90yy-48-650-1673319,,#B9BE35,"185,190,53",Lima,
60YY 77/180,Marfil Matutino,https://www.alba.com.ar/es/paletas-de-colores/marfil-matutino-60yy-77-180-1672537,,#ECDFBB,"236,223,187",Lima,
70YY 83/300,Mañana de Verano,https://www.alba.com.ar/es/paletas-de-colores/manana-de-verano-70yy-83-300-1672858,,#F7E9AD,"247,233,173",Lima,
70YY 70/209,Meditación Moderna,https://www.alba.com.ar/es/paletas-de-colores/meditacion-moderna-70yy-70-209-1672845,,#E2D8AE,"226,216,174",Lima,
85YY 86/166,Menta Fresca,https://www.alba.com.ar/es/paletas-de-colores/menta-fresca-85yy-86-166-1673048,,#F1EFCC,"241,239,204",Lima,
10GY 36/096,Monzones,https://www.alba.com.ar/es/paletas-de-colores/monzones-10gy-36-096-1671157,,#9DA18F,"157,161,143",Lima,
65YY 70/540,Mordida de Cobra,https://www.alba.com.ar/es/paletas-de-colores/mordida-de-cobra-65yy-70-540-1672589,,#ECD96A,"236,217,106",Lima,
70YY 21/335,Musgo Seco,https://www.alba.com.ar/es/paletas-de-colores/musgo-seco-70yy-21-335-1672817,,#867B3D,"134,123,61",Lima,
10GY 83/050,Niebla de Montaña,https://www.alba.com.ar/es/paletas-de-colores/niebla-de-montana-10gy-83-050-1671171,,#E8E9DC,"232,233,220",Lima,
91YY 82/235,Nuevo Rocío,https://www.alba.com.ar/es/paletas-de-colores/nuevo-rocio-91yy-82-235-3137261,https://msp.images.akzonobel.com/glb/dh/inspirational-images/Livingroom-234968.png,#EAEBBA,"234,235,186",Lima,
45YY 19/400,Oliva *,https://www.alba.com.ar/es/paletas-de-colores/oliva-45yy-19-400-1672083,,#8D7326,"141,115,38",Lima,
10GY 12/225,Orilla de Río,https://www.alba.com.ar/es/paletas-de-colores/orilla-de-rio-10gy-12-225-1671148,,#596138,"89,97,56",Lima,
10GY 33/525,Oruga *,https://www.alba.com.ar/es/paletas-de-colores/oruga-10gy-33-525-1671156,,#8CA23B,"140,162,59",Lima,
77YY 13/238,Palmera,https://www.alba.com.ar/es/paletas-de-colores/palmera-77yy-13-238-1672910,,#646233,"100,98,51",Lima,
90YY 62/264,Paquete de Repollo,https://www.alba.com.ar/es/paletas-de-colores/paquete-de-repollo-90yy-62-264-1673324,,#D0CD98,"208,205,152",Lima,
99YY 82/124,Paraíso,https://www.alba.com.ar/es/paletas-de-colores/paraiso-99yy-82-124-1673396,,#E8EAD0,"232,234,208",Lima,
67YY 51/608,Pasto de Verano *,https://www.alba.com.ar/es/paletas-de-colores/pasto-de-verano-67yy-51-608-1672607,,#CCBC37,"204,188,55",Lima,
94YY 67/164,Pera Jugosa,https://www.alba.com.ar/es/paletas-de-colores/pera-jugosa-94yy-67-164-3137269,https://msp.images.akzonobel.com/glb/dh/inspirational-images/Livingroom-234993.png,#D5D6B5,"213,214,181",Lima,
10GY 74/087,Perfume de Pino,https://www.alba.com.ar/es/paletas-de-colores/perfume-de-pino-10gy-74-087-1671168,,#DCDECD,"220,222,205",Lima,
72YY 47/743,Pimienta Picante *,https://www.alba.com.ar/es/paletas-de-colores/pimienta-picante-72yy-47-743-1672869,,#C3B623,"195,182,35",Lima,
70YY 12/167,Pino Verde,https://www.alba.com.ar/es/paletas-de-colores/pino-verde-70yy-12-167-1672814,,#615B3C,"97,91,60",Lima,
90YY 35/169,Pinos del Pacífico,https://www.alba.com.ar/es/paletas-de-colores/pinos-del-pacifico-90yy-35-169-1673314,,#A29F7F,"162,159,127",Lima,
60YY 45/382,Pistacho Suave,https://www.alba.com.ar/es/paletas-de-colores/pistacho-suave-60yy-45-382-1672517,,#C3AF64,"195,175,100",Lima,
90YY 48/255,Planicie del Serengueti,https://www.alba.com.ar/es/paletas-de-colores/planicie-del-serengueti-90yy-48-255-1673317,,#BBB786,"187,183,134",Lima,
77YY 47/629,Plumaje de Loro *,https://www.alba.com.ar/es/paletas-de-colores/plumaje-de-loro-77yy-47-629-1672912,,#BCB928,"188,185,40",Lima,
17GY 81/205,Praderas Brumosas,https://www.alba.com.ar/es/paletas-de-colores/praderas-brumosas-17gy-81-205-3136991,https://msp.images.akzonobel.com/glb/dh/inspirational-images/Livingroom-235176.png,#DFEBC1,"223,235,193",Lima,
90YY 69/419,Primavera,https://www.alba.com.ar/es/paletas-de-colores/primavera-90yy-69-419-1673327,,#DDDA87,"221,218,135",Lima,
60YY 34/461,Prímula Cromo,https://www.alba.com.ar/es/paletas-de-colores/primula-cromo-60yy-34-461-1672515,,#B0993F,"176,153,63",Lima,
70YY 59/140,Rana Silenciosa,https://www.alba.com.ar/es/paletas-de-colores/rana-silenciosa-70yy-59-140-1672837,,#D0C9AC,"208,201,172",Lima,
70YY 59/485,Relleno de Torta,https://www.alba.com.ar/es/paletas-de-colores/relleno-de-torta-70yy-59-485-1672838,,#D9C869,"217,200,105",Lima,
87YY 26/456,Salto de Duende,https://www.alba.com.ar/es/paletas-de-colores/salto-de-duende-87yy-26-456-1673063,,#888C29,"136,140,41",Lima,
70YY 66/265,Sauce Joven,https://www.alba.com.ar/es/paletas-de-colores/sauce-joven-70yy-66-265-1672843,,#DED29C,"222,210,156",Lima,
97YY 83/090,Sauce Llorón,https://www.alba.com.ar/es/paletas-de-colores/sauce-lloron-97yy-83-090-3137279,https://msp.images.akzonobel.com/glb/dh/inspirational-images/Livingroom-235012.png,#E9EAD7,"233,234,215",Lima,
87YY 13/208,Sensación Camuflaje,https://www.alba.com.ar/es/paletas-de-colores/sensacion-camuflaje-87yy-13-208-3137243,https://msp.images.akzonobel.com/glb/dh/inspirational-images/Livingroom-234899.png,#5D5D32,"93,93,50",Lima,
65YY 27/444,Sensación de Palmeras,https://www.alba.com.ar/es/paletas-de-colores/sensacion-de-palmeras-65yy-27-444-1672587,,#9A8B30,"154,139,48",Lima,
95YY 39/329,Sensación de Pinos,https://www.alba.com.ar/es/paletas-de-colores/sensacion-de-pinos-95yy-39-329-1673368,,#A4A967,"164,169,103",Lima,
91YY 88/072,Sensación Eggshell,https://www.alba.com.ar/es/paletas-de-colores/sensacion-eggshell-91yy-88-072-3137262,https://msp.images.akzonobel.com/glb/dh/inspirational-images/Livingroom-234985.png,#F0F0E0,"240,240,224",Lima,
70YY 50/383,Shakespeare,https://www.alba.com.ar/es/paletas-de-colores/shakespeare-70yy-50-383-1672830,,#C9B96D,"201,185,109",Lima,
50YY 49/191,Silencio de Invierno,https://www.alba.com.ar/es/paletas-de-colores/silencio-de-invierno-50yy-49-191-1672382,,#C4B591,"196,181,145",Lima,
70YY 24/438,Sol Caqui *,https://www.alba.com.ar/es/paletas-de-colores/sol-caqui-70yy-24-438-1672818,,#91832F,"145,131,47",Lima,
60YY 67/251,Sueño Primaveral,https://www.alba.com.ar/es/paletas-de-colores/sueno-primaveral-60yy-67-251-1672528,,#E0D19E,"224,209,158",Lima,
92YY 51/593,Tallo de Apio,https://www.alba.com.ar/es/paletas-de-colores/tallo-de-apio-92yy-51-593-1673345,,#BAC348,"186,195,72",Lima,
90YY 35/304,Tallo de Rosa,https://www.alba.com.ar/es/paletas-de-colores/tallo-de-rosa-90yy-35-304-1673315,,#A09E64,"160,158,100",Lima,
70YY 46/160,Tomillo,https://www.alba.com.ar/es/paletas-de-colores/tomillo-70yy-46-160-1672828,,#B8B192,"184,177,146",Lima,
87YY 85/110,Toque de Bosque,https://www.alba.com.ar/es/paletas-de-colores/toque-de-bosque-87yy-85-110-1673064,,#EEEDD5,"238,237,213",Lima,
83YY 80/186,Toque de Cardamomo,https://www.alba.com.ar/es/paletas-de-colores/toque-de-cardamomo-83yy-80-186-3137230,https://msp.images.akzonobel.com/glb/dh/inspirational-images/Livingroom-234839.png,#EAE7C1,"234,231,193",Lima,
85YY 89/109,Toque de Helechos,https://www.alba.com.ar/es/paletas-de-colores/toque-de-helechos-85yy-89-109-3137240,https://msp.images.akzonobel.com/glb/dh/inspirational-images/Livingroom-234921.png,#F3F2DA,"243,242,218",Lima,
10GY 61/449,Toque de Kiwi,https://www.alba.com.ar/es/paletas-de-colores/toque-de-kiwi-10gy-61-449-3136951,https://msp.images.akzonobel.com/glb/dh/inspirational-images/Livingroom-48714.png,#BDD176,"189,209,118",Lima,
89YY 78/269,Toque de Limón,https://www.alba.com.ar/es/paletas-de-colores/toque-de-limon-89yy-78-269-1673082,,#E8E5AE,"232,229,174",Lima,
21GY 88/066,Toque Eggshell,https://www.alba.com.ar/es/paletas-de-colores/toque-eggshell-21gy-88-066-3137002,https://msp.images.akzonobel.com/glb/dh/inspirational-images/Livingroom-235171.png,#ECF1E2,"236,241,226",Lima,
10GY 54/238,Tímido Florecer,https://www.alba.com.ar/es/paletas-de-colores/timido-florecer-10gy-54-238-1671163,,#B7C292,"183,194,146",Lima,
88YY 66/447,Uva Verde,https://www.alba.com.ar/es/paletas-de-colores/uva-verde-88yy-66-447-3137247,https://msp.images.akzonobel.com/glb/dh/inspirational-images/Livingroom-48365.png,#D8D87C,"216,216,124",Lima,
10GY 21/375,Verde Calipso,https://www.alba.com.ar/es/paletas-de-colores/verde-calipso-10gy-21-375-1671152,,#72813A,"114,129,58",Lima,
60YY 28/443,Verde Cidro,https://www.alba.com.ar/es/paletas-de-colores/verde-cidro-60yy-28-443-1672513,,#9F8B33,"159,139,51",Lima,
70YY 53/638,Verde Cítrico *,https://www.alba.com.ar/es/paletas-de-colores/verde-citrico-70yy-53-638-1672833,,#CFBF3B,"207,191,59",Lima,
70YY 48/700,Verde Extremo *,https://www.alba.com.ar/es/paletas-de-colores/verde-extremo-70yy-48-700-1672829,,#CBBA1F,"203,186,31",Lima,
88YY 71/380,Verde Griego,https://www.alba.com.ar/es/paletas-de-colores/verde-griego-88yy-71-380-1673073,,#E0DD90,"224,221,144",Lima,
10GY 86/138,Verde Langosta Suave,https://www.alba.com.ar/es/paletas-de-colores/verde-langosta-suave-10gy-86-138-3136952,https://msp.images.akzonobel.com/glb/dh/inspirational-images/Livingroom-235108.png,#EAF0D3,"234,240,211",Lima,
70YY 37/366,Verde Lima,https://www.alba.com.ar/es/paletas-de-colores/verde-lima-70yy-37-366-1672824,,#AFA159,"175,161,89",Lima,
30GY 11/076,Verde Liquen,https://www.alba.com.ar/es/paletas-de-colores/verde-liquen-30gy-11-076-1671702,,#53594C,"83,89,76",Lima,
90YY 61/504,Verde Neón,https://www.alba.com.ar/es/paletas-de-colores/verde-neon-90yy-61-504-1673323,,#CED06A,"206,208,106",Lima,
94YY 46/629,Verde Pastel,https://www.alba.com.ar/es/paletas-de-colores/verde-pastel-94yy-46-629-1673359,,#AEBB39,"174,187,57",Lima,
90YY 13/177,Verde Plantación,https://www.alba.com.ar/es/paletas-de-colores/verde-plantacion-90yy-13-177-1673306,,#636040,"99,96,64",Lima,
70YY 18/350,Verde Salvaje *,https://www.alba.com.ar/es/paletas-de-colores/verde-salvaje-70yy-18-350-1672816,,#7E7535,"126,117,53",Lima,
79YY 27/188,Verde Salón,https://www.alba.com.ar/es/paletas-de-colores/verde-salon-79yy-27-188-1672939,,#8D8964,"141,137,100",Lima,
61YY 39/443,Verde Soja,https://www.alba.com.ar/es/paletas-de-colores/verde-soja-61yy-39-443-1672555,,#B7A44B,"183,164,75",Lima,
70YY 39/613,Verde Tecno,https://www.alba.com.ar/es/paletas-de-colores/verde-tecno-70yy-39-613-1672825,,#B5A728,"181,167,40",Lima,
87YY 27/274,Verde Vertiginoso,https://www.alba.com.ar/es/paletas-de-colores/verde-vertiginoso-87yy-27-274-3137244,https://msp.images.akzonobel.com/glb/dh/inspirational-images/Livingroom-234944.png,#8A8B54,"138,139,84",Lima,
90YY 72/225,Vida de Campo,https://www.alba.com.ar/es/paletas-de-colores/vida-de-campo-90yy-72-225-1673328,,#E1DBAE,"225,219,174",Lima,
89YY 62/494,Vértigo,https://www.alba.com.ar/es/paletas-de-colores/vertigo-89yy-62-494-1673081,,#D2D36F,"210,211,111",Lima,
10GY 74/325,Windsurf,https://www.alba.com.ar/es/paletas-de-colores/windsurf-10gy-74-325-1671169,,#D6E0A0,"214,224,160",Lima,
76YY 39/616,Zucchini Sabroso *,https://www.alba.com.ar/es/paletas-de-colores/zucchini-sabroso-76yy-39-616-1672899,,#ACA90C,"172,169,12",Lima,
68YY 16/179,Árbol Glamoroso,https://www.alba.com.ar/es/paletas-de-colores/arbol-glamoroso-68yy-16-179-1672612,,#6F6845,"111,104,69",Lima,
86YR 49/493,Abanico Marino,https://www.alba.com.ar/es/paletas-de-colores/abanico-marino-86yr-49-493-1673053,,#F5A265,"245,162,101",Naranja,
80YR 24/569,Aderezo Caribeño,https://www.alba.com.ar/es/paletas-de-colores/aderezo-caribeno-80yr-24-569-1672964,,#C86C25,"200,108,37",Naranja,
99YR 85/075,Adorable Durazno,https://www.alba.com.ar/es/paletas-de-colores/adorable-durazno-99yr-85-075-1673394,,#F4E6DA,"244,230,218",Naranja,
59YR 53/163,Aguada de Siena,https://www.alba.com.ar/es/paletas-de-colores/aguada-de-siena-59yr-53-163-1672472,,#DBB6A6,"219,182,166",Naranja,
00YY 75/071,Algodón Crudo,https://www.alba.com.ar/es/paletas-de-colores/algodon-crudo-00yy-75-071-1670998,,#E8DBCE,"232,219,206",Naranja,
70YR 36/468,Algodón de la India,https://www.alba.com.ar/es/paletas-de-colores/algodon-de-la-india-70yr-36-468-1672793,,#E18959,"225,137,89",Naranja,
90YR 67/085,Almendra Suave,https://www.alba.com.ar/es/paletas-de-colores/almendra-suave-90yr-67-085-1673290,,#E1D0C3,"225,208,195",Naranja,
70YR 48/195,Almendras a la Miel,https://www.alba.com.ar/es/paletas-de-colores/almendras-a-la-miel-70yr-48-195-1672798,,#D6AD97,"214,173,151",Naranja,
60YR 44/378,Amante,https://www.alba.com.ar/es/paletas-de-colores/amante-60yr-44-378-1672494,,#E99B78,"233,155,120",Naranja,
80YR 34/561,Amapola Oriental,https://www.alba.com.ar/es/paletas-de-colores/amapola-oriental-80yr-34-561-1672975,,#E0843F,"224,132,63",Naranja,
90YR 55/266,Amarillo Dulce,https://www.alba.com.ar/es/paletas-de-colores/amarillo-dulce-90yr-55-266-1673283,,#E7B794,"231,183,148",Naranja,
50YR 23/365,Ambar Terroso,https://www.alba.com.ar/es/paletas-de-colores/ambar-terroso-50yr-23-365-1672338,,#B86C51,"184,108,81",Naranja,
90YR 72/159,Arena de Bali,https://www.alba.com.ar/es/paletas-de-colores/arena-de-bali-90yr-72-159-1673292,,#F3D4BD,"243,212,189",Naranja,
75YR 64/102,Arena de Canoa,https://www.alba.com.ar/es/paletas-de-colores/arena-de-canoa-75yr-64-102-1672890,,#E1CBBE,"225,203,190",Naranja,
80YR 31/508,Aroma de Madera,https://www.alba.com.ar/es/paletas-de-colores/aroma-de-madera-80yr-31-508-1672971,,#D77E44,"215,126,68",Naranja,
40YR 28/563,Atardecer Caribeño,https://www.alba.com.ar/es/paletas-de-colores/atardecer-caribeno-40yr-28-563-3137080,https://msp.images.akzonobel.com/glb/dh/inspirational-images/Livingroom-232830.png,#DE6546,"222,101,70",Naranja,
90YR 49/382,Atardecer en Colorado,https://www.alba.com.ar/es/paletas-de-colores/atardecer-en-colorado-90yr-49-382-1673278,,#EBAA76,"235,170,118",Naranja,
00YY 83/080,Aurora,https://www.alba.com.ar/es/paletas-de-colores/aurora-00yy-83-080-1671005,,#F4E5D7,"244,229,215",Naranja,
60YR 29/559,Ave Exótica,https://www.alba.com.ar/es/paletas-de-colores/ave-exotica-60yr-29-559-1672486,,#DC703D,"220,112,61",Naranja,
70YR 83/051,Beso Suave,https://www.alba.com.ar/es/paletas-de-colores/beso-suave-70yr-83-051-1672811,,#F2E7DF,"242,231,223",Naranja,
60YR 76/105,Biscuit Durazno,https://www.alba.com.ar/es/paletas-de-colores/biscuit-durazno-60yr-76-105-1672507,,#F3D9CD,"243,217,205",Naranja,
60YR 68/118,Biscuit Naranja,https://www.alba.com.ar/es/paletas-de-colores/biscuit-naranja-60yr-68-118-1672503,,#EBCFC2,"235,207,194",Naranja,
80YR 76/086,Bizcocho de Castaña,https://www.alba.com.ar/es/paletas-de-colores/bizcocho-de-castana-80yr-76-086-1672998,,#EFDDD1,"239,221,209",Naranja,
70YR 75/075,Blanco Anís,https://www.alba.com.ar/es/paletas-de-colores/blanco-anis-70yr-75-075-1672808,,#EDDCD2,"237,220,210",Naranja,
64YR 14/300,Bosque en Llamas,https://www.alba.com.ar/es/paletas-de-colores/bosque-en-llamas-64yr-14-300-3137164,https://msp.images.akzonobel.com/glb/dh/inspirational-images/Livingroom-233280.png,#8E5637,"142,86,55",Naranja,
80YR 65/185,Bronce Antílope,https://www.alba.com.ar/es/paletas-de-colores/bronce-antilope-80yr-65-185-1672991,,#F0C8B0,"240,200,176",Naranja,
80YR 27/530,Bronce Fundido,https://www.alba.com.ar/es/paletas-de-colores/bronce-fundido-80yr-27-530-1672967,,#CC7436,"204,116,54",Naranja,
80YR 32/339,Bronce Montura,https://www.alba.com.ar/es/paletas-de-colores/bronce-montura-80yr-32-339-1672972,,#C58961,"197,137,97",Naranja,
90YR 34/468,Bronceado Dorado,https://www.alba.com.ar/es/paletas-de-colores/bronceado-dorado-90yr-34-468-1673267,,#D48B4C,"212,139,76",Naranja,
77YR 14/306,Bruma de Expresso,https://www.alba.com.ar/es/paletas-de-colores/bruma-de-expresso-77yr-14-306-1672909,,#8A5631,"138,86,49",Naranja,
58YR 53/342,Cactus Navideño,https://www.alba.com.ar/es/paletas-de-colores/cactus-navideno-58yr-53-342-1672467,,#F1A888,"241,168,136",Naranja,
70YR 26/605,Caleidoscopio,https://www.alba.com.ar/es/paletas-de-colores/caleidoscopio-70yr-26-605-1672785,,#D66B29,"214,107,41",Naranja,
70YR 56/190,Calor del Desierto,https://www.alba.com.ar/es/paletas-de-colores/calor-del-desierto-70yr-56-190-1672801,,#E1B7A3,"225,183,163",Naranja,
48YR 26/519,Caminatas Otoñales,https://www.alba.com.ar/es/paletas-de-colores/caminatas-otonales-48yr-26-519-1672144,,#D06740,"208,103,64",Naranja,
80YR 35/383,Camino de Arces,https://www.alba.com.ar/es/paletas-de-colores/camino-de-arces-80yr-35-383-1672976,,#D08E61,"208,142,97",Naranja,
90YR 83/070,Campos de Algodón,https://www.alba.com.ar/es/paletas-de-colores/campos-de-algodon-90yr-83-070-1673304,,#F4E5D9,"244,229,217",Naranja,
00YY 21/321,Cappuccino,https://www.alba.com.ar/es/paletas-de-colores/cappuccino-00yy-21-321-1670972,,#9E7043,"158,112,67",Naranja,
60YR 19/557,Caqui Maduro *,https://www.alba.com.ar/es/paletas-de-colores/caqui-maduro-60yr-19-557-1672482,,#BE5A2B,"190,90,43",Naranja,
60YR 26/605,Caqui Naranja,https://www.alba.com.ar/es/paletas-de-colores/caqui-naranja-60yr-26-605-1672485,,#D96630,"217,102,48",Naranja,
82YR 81/106,Caracola del Mar,https://www.alba.com.ar/es/paletas-de-colores/caracola-del-mar-82yr-81-106-1673023,,#F7E2D3,"247,226,211",Naranja,
52YR 12/212,Caramelo de Chocolate,https://www.alba.com.ar/es/paletas-de-colores/caramelo-de-chocolate-52yr-12-212-1672418,,#7A4D3A,"122,77,58",Naranja,
62YR 18/397,Caramelo Picante,https://www.alba.com.ar/es/paletas-de-colores/caramelo-picante-62yr-18-397-3137156,https://msp.images.akzonobel.com/glb/dh/inspirational-images/Livingroom-233284.png,#A75B34,"167,91,52",Naranja,
50YR 30/417,Casa Bonita,https://www.alba.com.ar/es/paletas-de-colores/casa-bonita-50yr-30-417-1672342,,#D47A5C,"212,122,92",Naranja,
70YR 13/259,Casa de Jengibre,https://www.alba.com.ar/es/paletas-de-colores/casa-de-jengibre-70yr-13-259-1672779,,#84563C,"132,86,60",Naranja,
70YR 11/279,Castaña de Otoño,https://www.alba.com.ar/es/paletas-de-colores/castana-de-otono-70yr-11-279-1672776,,#7E4D32,"126,77,50",Naranja,
80YR 13/325,Castaña Española,https://www.alba.com.ar/es/paletas-de-colores/castana-espanola-80yr-13-325-1672954,,#8F5833,"143,88,51",Naranja,
25YR 34/473,Celebración,https://www.alba.com.ar/es/paletas-de-colores/celebracion-25yr-34-473-1671547,,#E47969,"228,121,105",Naranja,
50YR 75/111,Champagne Rosado,https://www.alba.com.ar/es/paletas-de-colores/champagne-rosado-50yr-75-111-1672364,,#F4D8CE,"244,216,206",Naranja,
50YR 26/461,Cidro Hirviente,https://www.alba.com.ar/es/paletas-de-colores/cidro-hirviente-50yr-26-461-1672341,,#CC6D4B,"204,109,75",Naranja,
50YR 32/460,Cinabrio,https://www.alba.com.ar/es/paletas-de-colores/cinabrio-50yr-32-460-1672344,,#DD7B59,"221,123,89",Naranja,
02YY 55/518,Citrus,https://www.alba.com.ar/es/paletas-de-colores/citrus-02yy-55-518-3136918,https://msp.images.akzonobel.com/glb/dh/inspirational-images/Livingroom-264282.png,#FFAE62,"255,174,98",Naranja,
53YR 17/504,Cobre Anaranjado,https://www.alba.com.ar/es/paletas-de-colores/cobre-anaranjado-53yr-17-504-1672427,,#B25431,"178,84,49",Naranja,
50YR 18/223,Cobre Suave,https://www.alba.com.ar/es/paletas-de-colores/cobre-suave-50yr-18-223-1672334,,#976856,"151,104,86",Naranja,
90YR 38/239,Colinas Rodantes,https://www.alba.com.ar/es/paletas-de-colores/colinas-rodantes-90yr-38-239-1673270,,#C49A7A,"196,154,122",Naranja,
00YY 56/173,Comino,https://www.alba.com.ar/es/paletas-de-colores/comino-00yy-56-173-1670988,,#DCBEA4,"220,190,164",Naranja,
20YY 77/110,Copos de Arroz,https://www.alba.com.ar/es/paletas-de-colores/copos-de-arroz-20yy-77-110-1671500,,#EFDFCB,"239,223,203",Naranja,
70YR 35/332,Coral del Mar,https://www.alba.com.ar/es/paletas-de-colores/coral-del-mar-70yr-35-332-1672792,,#CD8E6C,"205,142,108",Naranja,
42YR 43/439,Coral Naranja,https://www.alba.com.ar/es/paletas-de-colores/coral-naranja-42yr-43-439-1672047,,#F39578,"243,149,120",Naranja,
26YR 30/511,Coral Oriental,https://www.alba.com.ar/es/paletas-de-colores/coral-oriental-26yr-30-511-1671567,,#E16F5F,"225,111,95",Naranja,
80YR 57/179,Coral Real,https://www.alba.com.ar/es/paletas-de-colores/coral-real-80yr-57-179-1672988,,#E1BCA7,"225,188,167",Naranja,
50YR 15/243,Cordobés,https://www.alba.com.ar/es/paletas-de-colores/cordobes-50yr-15-243-1672331,,#8C5B48,"140,91,72",Naranja,
70YR 29/559,Cosecha de Especias,https://www.alba.com.ar/es/paletas-de-colores/cosecha-de-especias-70yr-29-559-1672787,,#DA783E,"218,120,62",Naranja,
48YR 50/372,Crema de Pitanga,https://www.alba.com.ar/es/paletas-de-colores/crema-de-pitanga-48yr-50-372-1672145,,#F6A58B,"246,165,139",Naranja,
11YY 79/170,Crepe de Naranja,https://www.alba.com.ar/es/paletas-de-colores/crepe-de-naranja-11yy-79-170-3136960,https://msp.images.akzonobel.com/glb/dh/inspirational-images/Livingroom-233765.png,#FAE0C3,"250,224,195",Naranja,
90YR 68/100,Cuento Nostálgico,https://www.alba.com.ar/es/paletas-de-colores/cuento-nostalgico-90yr-68-100-1673291,,#E4D1C2,"228,209,194",Naranja,
57YR 32/176,Cuero Auténtico,https://www.alba.com.ar/es/paletas-de-colores/cuero-autentico-57yr-32-176-1672462,,#B48D7C,"180,141,124",Naranja,
00YY 37/221,Cáscara de Cebolla,https://www.alba.com.ar/es/paletas-de-colores/cascara-de-cebolla-00yy-37-221-1670979,,#BE9B7C,"190,155,124",Naranja,
70YR 16/345,Danza en la Arena *,https://www.alba.com.ar/es/paletas-de-colores/danza-en-la-arena-70yr-16-345-1672780,,#9A5C38,"154,92,56",Naranja,
93YR 22/305,Deleite de Caramelo,https://www.alba.com.ar/es/paletas-de-colores/deleite-de-caramelo-93yr-22-305-3137266,https://msp.images.akzonobel.com/glb/dh/inspirational-images/Livingroom-233666.png,#A17247,"161,114,71",Naranja,
90YR 64/166,Diosa del Durazno,https://www.alba.com.ar/es/paletas-de-colores/diosa-del-durazno-90yr-64-166-1673288,,#E9C9B2,"233,201,178",Naranja,
90YR 16/406,Dorado Antiguo,https://www.alba.com.ar/es/paletas-de-colores/dorado-antiguo-90yr-16-406-1673255,,#995F2C,"153,95,44",Naranja,
65YR 35/659,Duelo Tanguero *,https://www.alba.com.ar/es/paletas-de-colores/duelo-tanguero-65yr-35-659-1672586,,#F17831,"241,120,49",Naranja,
90YR 23/569,Dulce de Zapallo,https://www.alba.com.ar/es/paletas-de-colores/dulce-de-zapallo-90yr-23-569-1673259,,#C37120,"195,113,32",Naranja,
02YY 52/318,Dulce Nougat,https://www.alba.com.ar/es/paletas-de-colores/dulce-nougat-02yy-52-318-3136917,https://msp.images.akzonobel.com/glb/dh/inspirational-images/Livingroom-233727.png,#E3B383,"227,179,131",Naranja,
70YR 68/118,Dulce Rubor,https://www.alba.com.ar/es/paletas-de-colores/dulce-rubor-70yr-68-118-1672806,,#EACEC0,"234,206,192",Naranja,
00YY 77/124,Duraznero,https://www.alba.com.ar/es/paletas-de-colores/duraznero-00yy-77-124-1671000,,#F3DDC9,"243,221,201",Naranja,
61YR 60/282,Durazno Batido,https://www.alba.com.ar/es/paletas-de-colores/durazno-batido-61yr-60-282-1672553,,#F6B99D,"246,185,157",Naranja,
10YY 83/071,Durazno Blanco,https://www.alba.com.ar/es/paletas-de-colores/durazno-blanco-10yy-83-071-1671334,,#F4E8DA,"244,232,218",Naranja,
83YR 54/381,Durazno Delicioso,https://www.alba.com.ar/es/paletas-de-colores/durazno-delicioso-83yr-54-381-1673032,,#F6B180,"246,177,128",Naranja,
81YR 67/247,Durazno Especial,https://www.alba.com.ar/es/paletas-de-colores/durazno-especial-81yr-67-247-3137213,https://msp.images.akzonobel.com/glb/dh/inspirational-images/Livingroom-233338.png,#FBCAAA,"251,202,170",Naranja,
63YR 50/340,Durazno Etéreo,https://www.alba.com.ar/es/paletas-de-colores/durazno-etereo-63yr-50-340-1672569,,#EEA986,"238,169,134",Naranja,
78YR 74/155,Durazno Intenso,https://www.alba.com.ar/es/paletas-de-colores/durazno-intenso-78yr-74-155-3137194,https://msp.images.akzonobel.com/glb/dh/inspirational-images/Livingroom-233301.png,#F8D7C3,"248,215,195",Naranja,
80YR 49/382,Durazno Maduro,https://www.alba.com.ar/es/paletas-de-colores/durazno-maduro-80yr-49-382-1672985,,#ECA779,"236,167,121",Naranja,
86YR 70/136,Durazno Matinal,https://www.alba.com.ar/es/paletas-de-colores/durazno-matinal-86yr-70-136-1673054,,#EED3C1,"238,211,193",Naranja,
83YR 62/211,Durazno Notorio,https://www.alba.com.ar/es/paletas-de-colores/durazno-notorio-83yr-62-211-1673033,,#EEC4A9,"238,196,169",Naranja,
46YR 69/173,Durazno Pasión,https://www.alba.com.ar/es/paletas-de-colores/durazno-pasion-46yr-69-173-1672124,,#F8CEC0,"248,206,192",Naranja,
00YY 83/069,Durazno Real,https://www.alba.com.ar/es/paletas-de-colores/durazno-real-00yy-83-069-1671004,,#F1E4D7,"241,228,215",Naranja,
74YR 71/141,Durazno Rosado,https://www.alba.com.ar/es/paletas-de-colores/durazno-rosado-74yr-71-141-1672883,,#F2D4C2,"242,212,194",Naranja,
68YR 50/429,Durazno Vital,https://www.alba.com.ar/es/paletas-de-colores/durazno-vital-68yr-50-429-3137180,https://msp.images.akzonobel.com/glb/dh/inspirational-images/Livingroom-233274.png,#F8A476,"248,164,118",Naranja,
50YR 83/035,Esencia de Rosa,https://www.alba.com.ar/es/paletas-de-colores/esencia-de-rosa-50yr-83-035-1672371,,#EFE7E3,"239,231,227",Naranja,
39YR 11/342,Especia Fuerte,https://www.alba.com.ar/es/paletas-de-colores/especia-fuerte-39yr-11-342-1671964,,#874531,"135,69,49",Naranja,
75YR 27/487,Estallido de Azafrán,https://www.alba.com.ar/es/paletas-de-colores/estallido-de-azafran-75yr-27-487-1672889,,#C77338,"199,115,56",Naranja,
50YR 74/054,Eternidad,https://www.alba.com.ar/es/paletas-de-colores/eternidad-50yr-74-054-1672363,,#E6D8D1,"230,216,209",Naranja,
70YR 27/404,Extremo Sur,https://www.alba.com.ar/es/paletas-de-colores/extremo-sur-70yr-27-404-1672786,,#C2794F,"194,121,79",Naranja,
89YR 12/197,Fango del Missisippi,https://www.alba.com.ar/es/paletas-de-colores/fango-del-missisippi-89yr-12-197-3137252,https://msp.images.akzonobel.com/glb/dh/inspirational-images/Livingroom-233705.png,#735237,"115,82,55",Naranja,
90YR 76/086,Fantasía Calma,https://www.alba.com.ar/es/paletas-de-colores/fantasia-calma-90yr-76-086-1673296,,#EFDCCF,"239,220,207",Naranja,
84YR 46/409,Fantasía de Júpiter,https://www.alba.com.ar/es/paletas-de-colores/fantasia-de-jupiter-84yr-46-409-1673039,,#E8A06C,"232,160,108",Naranja,
30YR 29/421,Flamenco Antiguo,https://www.alba.com.ar/es/paletas-de-colores/flamenco-antiguo-30yr-29-421-1671810,,#D27563,"210,117,99",Naranja,
21YR 57/250,Flor de Coral,https://www.alba.com.ar/es/paletas-de-colores/flor-de-coral-21yr-57-250-1671516,,#F2B4A9,"242,180,169",Naranja,
50YR 55/201,Flor de Loto,https://www.alba.com.ar/es/paletas-de-colores/flor-de-loto-50yr-55-201-1672354,,#E5B4A3,"229,180,163",Naranja,
05YY 72/254,Flor de Naranja,https://www.alba.com.ar/es/paletas-de-colores/flor-de-naranja-05yy-72-254-1671040,,#F9D1AA,"249,209,170",Naranja,
90YR 25/323,Floresta,https://www.alba.com.ar/es/paletas-de-colores/floresta-90yr-25-323-1673260,,#AD7A51,"173,122,81",Naranja,
50YR 12/406,Fogón de Leña,https://www.alba.com.ar/es/paletas-de-colores/fogon-de-lena-50yr-12-406-1672329,,#994C33,"153,76,51",Naranja,
00YY 83/034,Fractal,https://www.alba.com.ar/es/paletas-de-colores/fractal-00yy-83-034-1671001,,#F0E8DF,"240,232,223",Naranja,
98YR 65/333,Frambuesa Americana,https://www.alba.com.ar/es/paletas-de-colores/frambuesa-americana-98yr-65-333-1673385,,#F9C292,"249,194,146",Naranja,
55YR 24/666,Fuegos Artificiales *,https://www.alba.com.ar/es/paletas-de-colores/fuegos-artificiales-55yr-24-666-1672445,,#DA5D23,"218,93,35",Naranja,
90YR 75/072,Fuente de Juventud,https://www.alba.com.ar/es/paletas-de-colores/fuente-de-juventud-90yr-75-072-1673295,,#EBDCD0,"235,220,208",Naranja,
80YR 74/043,Gamuza Rosa,https://www.alba.com.ar/es/paletas-de-colores/gamuza-rosa-80yr-74-043-1672996,,#E5DAD3,"229,218,211",Naranja,
11YY 74/263,Gengibre Cristalizado,https://www.alba.com.ar/es/paletas-de-colores/gengibre-cristalizado-11yy-74-263-3136959,https://msp.images.akzonobel.com/glb/dh/inspirational-images/Livingroom-233770.png,#FED6AB,"254,214,171",Naranja,
90YR 34/561,Gloria de la Cosecha,https://www.alba.com.ar/es/paletas-de-colores/gloria-de-la-cosecha-90yr-34-561-1673268,,#DD883A,"221,136,58",Naranja,
20YY 78/146,Goma de Mascar,https://www.alba.com.ar/es/paletas-de-colores/goma-de-mascar-20yy-78-146-1671502,,#F5DFC4,"245,223,196",Naranja,
60YR 65/196,Granada Perfumada,https://www.alba.com.ar/es/paletas-de-colores/granada-perfumada-60yr-65-196-1672502,,#F3C7B3,"243,199,179",Naranja,
60YR 16/464,Herrumbre,https://www.alba.com.ar/es/paletas-de-colores/herrumbre-60yr-16-464-1672481,,#AE562D,"174,86,45",Naranja,
38YR 17/442,Horno Ardiente,https://www.alba.com.ar/es/paletas-de-colores/horno-ardiente-38yr-17-442-1671956,,#AE5138,"174,81,56",Naranja,
85YR 60/336,Infusión Terracota,https://www.alba.com.ar/es/paletas-de-colores/infusion-terracota-85yr-60-336-1673046,,#FABC90,"250,188,144",Naranja,
70YR 74/045,Inspiración,https://www.alba.com.ar/es/paletas-de-colores/inspiracion-70yr-74-045-1672807,,#E7DCD5,"231,220,213",Naranja,
28YR 29/561,Jazz de Bongo,https://www.alba.com.ar/es/paletas-de-colores/jazz-de-bongo-28yr-29-561-1671576,,#E16553,"225,101,83",Naranja,
80YR 42/387,Jengibre Jamaiquino,https://www.alba.com.ar/es/paletas-de-colores/jengibre-jamaiquino-80yr-42-387-1672980,,#E09B6C,"224,155,108",Naranja,
90YR 19/487,Joya Barroca,https://www.alba.com.ar/es/paletas-de-colores/joya-barroca-90yr-19-487-1673257,,#AE6830,"174,104,48",Naranja,
59YR 70/153,Juegos de Bebés,https://www.alba.com.ar/es/paletas-de-colores/juegos-de-bebes-59yr-70-153-1672473,,#F4D1C1,"244,209,193",Naranja,
58YR 49/379,Jugo de Durazno,https://www.alba.com.ar/es/paletas-de-colores/jugo-de-durazno-58yr-49-379-1672466,,#F4A481,"244,164,129",Naranja,
50YR 09/244,Ladrillo Rojo,https://www.alba.com.ar/es/paletas-de-colores/ladrillo-rojo-50yr-09-244-1672327,,#724232,"114,66,50",Naranja,
00YY 12/173,Licor de Café,https://www.alba.com.ar/es/paletas-de-colores/licor-de-cafe-00yy-12-173-1670966,,#70563E,"112,86,62",Naranja,
80YR 19/378,Licor de Chocolate,https://www.alba.com.ar/es/paletas-de-colores/licor-de-chocolate-80yr-19-378-1672960,,#A4673C,"164,103,60",Naranja,
80YR 28/650,Licor de Naranja *,https://www.alba.com.ar/es/paletas-de-colores/licor-de-naranja-80yr-28-650-1672968,,#DC7525,"220,117,37",Naranja,
51YR 83/054,Licor de Pitanga,https://www.alba.com.ar/es/paletas-de-colores/licor-de-pitanga-51yr-83-054-1672411,,#F3E3DA,"243,227,218",Naranja,
10YR 13/437,Llama Antigua *,https://www.alba.com.ar/es/paletas-de-colores/llama-antigua-10yr-13-437-1671230,,#A34140,"163,65,64",Naranja,
63YR 26/584,Llama del Atardecer *,https://www.alba.com.ar/es/paletas-de-colores/llama-del-atardecer-63yr-26-584-1672568,,#D4692E,"212,105,46",Naranja,
31YR 18/648,Lugar de Fiesta *,https://www.alba.com.ar/es/paletas-de-colores/lugar-de-fiesta-31yr-18-648-1671906,,#C8402F,"200,64,47",Naranja,
10YY 72/172,Luz de Durazno,https://www.alba.com.ar/es/paletas-de-colores/luz-de-durazno-10yy-72-172-1671321,,#F1D6BA,"241,214,186",Naranja,
60YR 70/151,Luz de la Alborada,https://www.alba.com.ar/es/paletas-de-colores/luz-de-la-alborada-60yr-70-151-1672504,,#F2CEBE,"242,206,190",Naranja,
77YR 26/391,Macchiato Matutino,https://www.alba.com.ar/es/paletas-de-colores/macchiato-matutino-77yr-26-391-3137193,https://msp.images.akzonobel.com/glb/dh/inspirational-images/Livingroom-233394.png,#BB7546,"187,117,70",Naranja,
80YR 34/468,Mamón Escarchado,https://www.alba.com.ar/es/paletas-de-colores/mamon-escarchado-80yr-34-468-1672974,,#DA8953,"218,137,83",Naranja,
70YR 49/332,Mamón Papaya,https://www.alba.com.ar/es/paletas-de-colores/mamon-papaya-70yr-49-332-1672799,,#EBA984,"235,169,132",Naranja,
83YR 44/540,Mandarina,https://www.alba.com.ar/es/paletas-de-colores/mandarina-83yr-44-540-3137227,https://msp.images.akzonobel.com/glb/dh/inspirational-images/Livingroom-52162.png,#F19754,"241,151,84",Naranja,
69YR 39/474,Mandarina Deliciosa,https://www.alba.com.ar/es/paletas-de-colores/mandarina-deliciosa-69yr-39-474-1672620,,#E68D5A,"230,141,90",Naranja,
50YR 25/556,Mandarín,https://www.alba.com.ar/es/paletas-de-colores/mandarin-50yr-25-556-1672339,,#D4623C,"212,98,60",Naranja,
55YR 36/590,Mandarín Exótico,https://www.alba.com.ar/es/paletas-de-colores/mandarin-exotico-55yr-36-590-1672446,,#F37C4B,"243,124,75",Naranja,
08YY 78/069,Marea Blanca,https://www.alba.com.ar/es/paletas-de-colores/marea-blanca-08yy-78-069-3136943,https://msp.images.akzonobel.com/glb/dh/inspirational-images/Livingroom-233618.png,#EDE1D5,"237,225,213",Naranja,
52YR 18/350,Marrón Ardilla,https://www.alba.com.ar/es/paletas-de-colores/marron-ardilla-52yr-18-350-1672419,,#A55E43,"165,94,67",Naranja,
50YR 44/287,Mañana del Desierto,https://www.alba.com.ar/es/paletas-de-colores/manana-del-desierto-50yr-44-287-1672347,,#DC9C86,"220,156,134",Naranja,
14YY 83/075,Mañana Exuberante,https://www.alba.com.ar/es/paletas-de-colores/manana-exuberante-14yy-83-075-3136971,https://msp.images.akzonobel.com/glb/dh/inspirational-images/Livingroom-233711.png,#F4E8DA,"244,232,218",Naranja,
01YY 75/115,Mañana Luminosa,https://www.alba.com.ar/es/paletas-de-colores/manana-luminosa-01yy-75-115-3136911,https://msp.images.akzonobel.com/glb/dh/inspirational-images/Livingroom-233630.png,#F0DCC9,"240,220,201",Naranja,
32YR 38/392,Melodía de la Tierra,https://www.alba.com.ar/es/paletas-de-colores/melodia-de-la-tierra-32yr-38-392-1671914,,#E58A77,"229,138,119",Naranja,
90YR 54/440,Melón Anaranjado,https://www.alba.com.ar/es/paletas-de-colores/melon-anaranjado-90yr-54-440-1673281,,#F4AC71,"244,172,113",Naranja,
70YR 45/261,Melón Perfumado,https://www.alba.com.ar/es/paletas-de-colores/melon-perfumado-70yr-45-261-1672796,,#D9A387,"217,163,135",Naranja,
98YR 41/326,Miel de Crème Brûlée,https://www.alba.com.ar/es/paletas-de-colores/miel-de-creme-brulee-98yr-41-326-3137280,https://msp.images.akzonobel.com/glb/dh/inspirational-images/Livingroom-233661.png,#D09D6E,"208,157,110",Naranja,
66YR 33/286,Moca Suave,https://www.alba.com.ar/es/paletas-de-colores/moca-suave-66yr-33-286-1672597,,#C2886B,"194,136,107",Naranja,
90YR 81/058,Momento Primaveral,https://www.alba.com.ar/es/paletas-de-colores/momento-primaveral-90yr-81-058-1673298,,#F0E4DB,"240,228,219",Naranja,
70YR 19/432,Moneda de Cobre,https://www.alba.com.ar/es/paletas-de-colores/moneda-de-cobre-70yr-19-432-1672782,,#AE6335,"174,99,53",Naranja,
00YY 67/212,Mousse de Durazno,https://www.alba.com.ar/es/paletas-de-colores/mousse-de-durazno-00yy-67-212-1670996,,#EFCCAB,"239,204,171",Naranja,
17YY 68/203,Mousse de Galletita,https://www.alba.com.ar/es/paletas-de-colores/mousse-de-galletita-17yy-68-203-3136994,https://msp.images.akzonobel.com/glb/dh/inspirational-images/Livingroom-233826.png,#EDD0AE,"237,208,174",Naranja,
80YR 46/243,Muffin,https://www.alba.com.ar/es/paletas-de-colores/muffin-80yr-46-243-1672984,,#D6A78A,"214,167,138",Naranja,
57YR 27/226,Muros de Arcilla,https://www.alba.com.ar/es/paletas-de-colores/muros-de-arcilla-57yr-27-226-1672461,,#AF7F6B,"175,127,107",Naranja,
90YR 83/044,Nacarado,https://www.alba.com.ar/es/paletas-de-colores/nacarado-90yr-83-044-1673302,,#F0E8E0,"240,232,224",Naranja,
50YR 18/650,Naranja Chino *,https://www.alba.com.ar/es/paletas-de-colores/naranja-chino-50yr-18-650-1672335,,#D04F27,"208,79,39",Naranja,
78YR 39/593,Naranja del Desierto,https://www.alba.com.ar/es/paletas-de-colores/naranja-del-desierto-78yr-39-593-1672929,,#F08948,"240,137,72",Naranja,
78YR 39/576,Naranja Efímero,https://www.alba.com.ar/es/paletas-de-colores/naranja-efimero-78yr-39-576-1672928,,#ED8B45,"237,139,69",Naranja,
34YR 23/583,Naranja en Llamas *,https://www.alba.com.ar/es/paletas-de-colores/naranja-en-llamas-34yr-23-583-1671925,,#D35338,"211,83,56",Naranja,
68YR 28/701,Naranja Fiesta *,https://www.alba.com.ar/es/paletas-de-colores/naranja-fiesta-68yr-28-701-1672611,,#E56E27,"229,110,39",Naranja,
80YR 45/427,Naranja Folclore,https://www.alba.com.ar/es/paletas-de-colores/naranja-folclore-80yr-45-427-1672983,,#EC9F6C,"236,159,108",Naranja,
60YR 24/439,Naranja Pekín,https://www.alba.com.ar/es/paletas-de-colores/naranja-pekin-60yr-24-439-1672484,,#BE6B44,"190,107,68",Naranja,
70YR 30/651,Naranjal *,https://www.alba.com.ar/es/paletas-de-colores/naranjal-70yr-30-651-1672788,,#E2712B,"226,113,43",Naranja,
50YR 74/043,Nube Angelical,https://www.alba.com.ar/es/paletas-de-colores/nube-angelical-50yr-74-043-1672362,,#E5D9D4,"229,217,212",Naranja,
36YY 66/349,Néctar de Damasco,https://www.alba.com.ar/es/paletas-de-colores/nectar-de-damasco-36yy-66-349-1671944,,#FEC68D,"254,198,141",Naranja,
80YR 31/419,Néctar Dorado,https://www.alba.com.ar/es/paletas-de-colores/nectar-dorado-80yr-31-419-1672970,,#CD8555,"205,133,85",Naranja,
70YR 44/378,Ola de Calor,https://www.alba.com.ar/es/paletas-de-colores/ola-de-calor-70yr-44-378-1672794,,#E79D75,"231,157,117",Naranja,
10YY 83/100,Orquídea Durazno,https://www.alba.com.ar/es/paletas-de-colores/orquidea-durazno-10yy-83-100-1671335,,#F4E4D2,"244,228,210",Naranja,
60YR 40/297,Otoño Cálido,https://www.alba.com.ar/es/paletas-de-colores/otono-calido-60yr-40-297-1672491,,#D8967B,"216,150,123",Naranja,
90YR 38/427,Panal de Miel,https://www.alba.com.ar/es/paletas-de-colores/panal-de-miel-90yr-38-427-1673271,,#D8935B,"216,147,91",Naranja,
06YY 75/218,Papaya,https://www.alba.com.ar/es/paletas-de-colores/papaya-06yy-75-218-1671047,,#F8D6B3,"248,214,179",Naranja,
73YR 61/343,Papaya Sabrosa,https://www.alba.com.ar/es/paletas-de-colores/papaya-sabrosa-73yr-61-343-3137188,https://msp.images.akzonobel.com/glb/dh/inspirational-images/Livingroom-233265.png,#FFBB93,"255,187,147",Naranja,
00YY 76/088,Papel Reciclado,https://www.alba.com.ar/es/paletas-de-colores/papel-reciclado-00yy-76-088-1670999,,#ECDBCD,"236,219,205",Naranja,
90YR 46/346,Pasta de Maní,https://www.alba.com.ar/es/paletas-de-colores/pasta-de-mani-90yr-46-346-1673275,,#E0A678,"224,166,120",Naranja,
80YR 55/266,Pera Silvestre,https://www.alba.com.ar/es/paletas-de-colores/pera-silvestre-80yr-55-266-1672986,,#EAB696,"234,182,150",Naranja,
82YR 55/140,Piel Auténtica,https://www.alba.com.ar/es/paletas-de-colores/piel-autentica-82yr-55-140-1673022,,#D8BCAA,"216,188,170",Naranja,
45YR 11/240,Pimienta Ardiente,https://www.alba.com.ar/es/paletas-de-colores/pimienta-ardiente-45yr-11-240-1672080,,#794532,"121,69,50",Naranja,
26YR 14/548,Pimiento *,https://www.alba.com.ar/es/paletas-de-colores/pimiento-26yr-14-548-1671566,,#AB392B,"171,57,43",Naranja,
18YR 36/386,Pizca de Durazno,https://www.alba.com.ar/es/paletas-de-colores/pizca-de-durazno-18yr-36-386-1671420,,#E18479,"225,132,121",Naranja,
52YR 37/501,Pleno Florecer,https://www.alba.com.ar/es/paletas-de-colores/pleno-florecer-52yr-37-501-1672421,,#E9855D,"233,133,93",Naranja,
76YR 27/558,Polen de Lila,https://www.alba.com.ar/es/paletas-de-colores/polen-de-lila-76yr-27-558-1672897,,#CD6F27,"205,111,39",Naranja,
80YR 75/057,Polvo de Arroz,https://www.alba.com.ar/es/paletas-de-colores/polvo-de-arroz-80yr-75-057-1672997,,#E9DCD3,"233,220,211",Naranja,
10YY 78/188,Polvo de Durazno,https://www.alba.com.ar/es/paletas-de-colores/polvo-de-durazno-10yy-78-188-1671330,,#F9DBBD,"249,219,189",Naranja,
82YR 38/316,Polvo de Marte,https://www.alba.com.ar/es/paletas-de-colores/polvo-de-marte-82yr-38-316-3137221,https://msp.images.akzonobel.com/glb/dh/inspirational-images/Livingroom-233466.png,#CF966E,"207,150,110",Naranja,
56YR 48/398,Ponche de Durazno,https://www.alba.com.ar/es/paletas-de-colores/ponche-de-durazno-56yr-48-398-1672456,,#F09D7C,"240,157,124",Naranja,
50YR 87/019,Primer Amanecer,https://www.alba.com.ar/es/paletas-de-colores/primer-amanecer-50yr-87-019-1672373,,#F3EDE8,"243,237,232",Naranja,
10YY 74/063,Pétalo de Rosa,https://www.alba.com.ar/es/paletas-de-colores/petalo-de-rosa-10yy-74-063-1671324,,#E7DBD0,"231,219,208",Naranja,
52YR 21/567,Ralladura de Naranja *,https://www.alba.com.ar/es/paletas-de-colores/ralladura-de-naranja-52yr-21-567-1672420,,#CA5322,"202,83,34",Naranja,
80YR 32/489,Rayas de Tigre,https://www.alba.com.ar/es/paletas-de-colores/rayas-de-tigre-80yr-32-489-1672973,,#D38043,"211,128,67",Naranja,
50YR 48/219,Reflejo de Coral,https://www.alba.com.ar/es/paletas-de-colores/reflejo-de-coral-50yr-48-219-1672350,,#DCA896,"220,168,150",Naranja,
31YR 50/290,Reflejo de Salmón,https://www.alba.com.ar/es/paletas-de-colores/reflejo-de-salmon-31yr-50-290-1671907,,#EDA798,"237,167,152",Naranja,
90YR 23/274,Relieve en Cobre,https://www.alba.com.ar/es/paletas-de-colores/relieve-en-cobre-90yr-23-274-1673258,,#A27653,"162,118,83",Naranja,
60YR 55/271,Ritual Rosado,https://www.alba.com.ar/es/paletas-de-colores/ritual-rosado-60yr-55-271-1672497,,#EFB499,"239,180,153",Naranja,
60YR 13/371,Rojizo Profundo *,https://www.alba.com.ar/es/paletas-de-colores/rojizo-profundo-60yr-13-371-1672480,,#954F2E,"149,79,46",Naranja,
50YR 15/377,Rojo Alfarero,https://www.alba.com.ar/es/paletas-de-colores/rojo-alfarero-50yr-15-377-1672332,,#9A5238,"154,82,56",Naranja,
30YR 20/595,Rojo Cardenal *,https://www.alba.com.ar/es/paletas-de-colores/rojo-cardenal-30yr-20-595-1671805,,#CF4D3D,"207,77,61",Naranja,
30YR 21/505,Rojo Insignia,https://www.alba.com.ar/es/paletas-de-colores/rojo-insignia-30yr-21-505-1671806,,#CA5B4A,"202,91,74",Naranja,
30YR 15/550,Rojo Pekín,https://www.alba.com.ar/es/paletas-de-colores/rojo-pekin-30yr-15-550-1671801,,#B54131,"181,65,49",Naranja,
22YR 18/488,Rojo Routelle,https://www.alba.com.ar/es/paletas-de-colores/rojo-routelle-22yr-18-488-1671525,,#B9483C,"185,72,60",Naranja,
30YR 13/471,Rojo Vesubio *,https://www.alba.com.ar/es/paletas-de-colores/rojo-vesubio-30yr-13-471-1671798,,#A43E2D,"164,62,45",Naranja,
30YR 43/295,Rosa Adobe,https://www.alba.com.ar/es/paletas-de-colores/rosa-adobe-30yr-43-295-1671815,,#E19B8D,"225,155,141",Naranja,
60YR 83/060,Rosa Alabastro,https://www.alba.com.ar/es/paletas-de-colores/rosa-alabastro-60yr-83-060-1672512,,#F2E2D9,"242,226,217",Naranja,
50YR 83/040,Rosa Azúcar,https://www.alba.com.ar/es/paletas-de-colores/rosa-azucar-50yr-83-040-1672372,,#F0E5DE,"240,229,222",Naranja,
60YR 75/075,Rosa Bata,https://www.alba.com.ar/es/paletas-de-colores/rosa-bata-60yr-75-075-1672506,,#EDDAD1,"237,218,209",Naranja,
50YR 58/093,Rosa del Desierto,https://www.alba.com.ar/es/paletas-de-colores/rosa-del-desierto-50yr-58-093-1672355,,#D6BFB7,"214,191,183",Naranja,
30YR 38/337,Rosa Durazno,https://www.alba.com.ar/es/paletas-de-colores/rosa-durazno-30yr-38-337-1671812,,#DE8F7F,"222,143,127",Naranja,
32YR 78/106,Rosa Mimosa,https://www.alba.com.ar/es/paletas-de-colores/rosa-mimosa-32yr-78-106-1671915,,#F5DCD3,"245,220,211",Naranja,
50YR 68/114,Rosa Poción,https://www.alba.com.ar/es/paletas-de-colores/rosa-pocion-50yr-68-114-1672360,,#EACDC2,"234,205,194",Naranja,
50YR 66/091,Rosa Pueblo,https://www.alba.com.ar/es/paletas-de-colores/rosa-pueblo-50yr-66-091-1672359,,#E3CCC3,"227,204,195",Naranja,
60YR 59/261,Rosa Salmón,https://www.alba.com.ar/es/paletas-de-colores/rosa-salmon-60yr-59-261-1672500,,#F1BCA4,"241,188,164",Naranja,
30YR 68/127,Rosa Vino,https://www.alba.com.ar/es/paletas-de-colores/rosa-vino-30yr-68-127-1671823,,#EECCC4,"238,204,196",Naranja,
80YR 69/114,Rosa Ópera,https://www.alba.com.ar/es/paletas-de-colores/rosa-opera-80yr-69-114-1672994,,#EAD2C3,"234,210,195",Naranja,
80YR 26/323,Rubor de Otoño,https://www.alba.com.ar/es/paletas-de-colores/rubor-de-otono-80yr-26-323-1672965,,#B37A54,"179,122,84",Naranja,
57YR 77/102,Rubor Leve,https://www.alba.com.ar/es/paletas-de-colores/rubor-leve-57yr-77-102-1672463,,#F5DCD0,"245,220,208",Naranja,
60YR 56/190,Rubor Naranja,https://www.alba.com.ar/es/paletas-de-colores/rubor-naranja-60yr-56-190-1672499,,#E4B8A5,"228,184,165",Naranja,
28YR 25/461,Sabor a Tango,https://www.alba.com.ar/es/paletas-de-colores/sabor-a-tango-28yr-25-461-1671575,,#CC6552,"204,101,82",Naranja,
23YR 45/369,Salmón Fresco,https://www.alba.com.ar/es/paletas-de-colores/salmon-fresco-23yr-45-369-1671533,,#EC9486,"236,148,134",Naranja,
61YR 61/229,Salmón Sensacional,https://www.alba.com.ar/es/paletas-de-colores/salmon-sensacional-61yr-61-229-1672554,,#F3C0A9,"243,192,169",Naranja,
60YR 40/423,Salmón Suave,https://www.alba.com.ar/es/paletas-de-colores/salmon-suave-60yr-40-423-1672492,,#E5906A,"229,144,106",Naranja,
70YR 68/102,Secreto Oculto,https://www.alba.com.ar/es/paletas-de-colores/secreto-oculto-70yr-68-102-1672805,,#E7D0C3,"231,208,195",Naranja,
80YR 77/115,Seda Durazno,https://www.alba.com.ar/es/paletas-de-colores/seda-durazno-80yr-77-115-1672999,,#F5DECE,"245,222,206",Naranja,
11YY 85/042,Seda Suculenta,https://www.alba.com.ar/es/paletas-de-colores/seda-suculenta-11yy-85-042-3136961,https://msp.images.akzonobel.com/glb/dh/inspirational-images/Livingroom-233912.png,#F2EBE3,"242,235,227",Naranja,
30YR 18/596,Sensación Cereza *,https://www.alba.com.ar/es/paletas-de-colores/sensacion-cereza-30yr-18-596-3137042,https://msp.images.akzonobel.com/glb/dh/inspirational-images/Livingroom-232836.png,#C33F28,"195,63,40",Naranja,
74YR 68/064,Sensación de Arena,https://www.alba.com.ar/es/paletas-de-colores/sensacion-de-arena-74yr-68-064-1672882,,#E1D2CA,"225,210,202",Naranja,
49YR 59/226,Sensación Siena,https://www.alba.com.ar/es/paletas-de-colores/sensacion-siena-49yr-59-226-1672157,,#F1BCA9,"241,188,169",Naranja,
29YR 19/621,Shangai *,https://www.alba.com.ar/es/paletas-de-colores/shangai-29yr-19-621-1671581,,#CD4A38,"205,74,56",Naranja,
87YR 67/204,Sidra de Naranja,https://www.alba.com.ar/es/paletas-de-colores/sidra-de-naranja-87yr-67-204-1673062,,#F3CCB0,"243,204,176",Naranja,
84YR 49/139,Siesta Relajante,https://www.alba.com.ar/es/paletas-de-colores/siesta-relajante-84yr-49-139-1673040,,#CCB19F,"204,177,159",Naranja,
49YR 27/627,Sol Ardiente *,https://www.alba.com.ar/es/paletas-de-colores/sol-ardiente-49yr-27-627-3137112,https://msp.images.akzonobel.com/glb/dh/inspirational-images/Livingroom-233033.png,#E16233,"225,98,51",Naranja,
80YR 37/516,Sol de Samoa,https://www.alba.com.ar/es/paletas-de-colores/sol-de-samoa-80yr-37-516-1672977,,#E58C4F,"229,140,79",Naranja,
23YR 66/193,Sol Poniente,https://www.alba.com.ar/es/paletas-de-colores/sol-poniente-23yr-66-193-1671534,,#F4C4BA,"244,196,186",Naranja,
50YR 36/263,Sombra de Cedro,https://www.alba.com.ar/es/paletas-de-colores/sombra-de-cedro-50yr-36-263-1672345,,#CC907B,"204,144,123",Naranja,
70YR 35/216,Sonora,https://www.alba.com.ar/es/paletas-de-colores/sonora-70yr-35-216-1672791,,#C1957D,"193,149,125",Naranja,
80YR 72/159,Soplo de Durazno,https://www.alba.com.ar/es/paletas-de-colores/soplo-de-durazno-80yr-72-159-1672995,,#F4D4BF,"244,212,191",Naranja,
85YR 32/167,Suela,https://www.alba.com.ar/es/paletas-de-colores/suela-85yr-32-167-1673045,,#AF907B,"175,144,123",Naranja,
75YR 18/393,Sueño Sevillano,https://www.alba.com.ar/es/paletas-de-colores/sueno-sevillano-75yr-18-393-1672888,,#A25D2C,"162,93,44",Naranja,
99YR 83/059,Susurro de Ángeles,https://www.alba.com.ar/es/paletas-de-colores/susurro-de-angeles-99yr-83-059-1673393,,#F3E6D9,"243,230,217",Naranja,
90YR 84/076,Talco de Bebé,https://www.alba.com.ar/es/paletas-de-colores/talco-de-bebe-90yr-84-076-3137257,https://msp.images.akzonobel.com/glb/dh/inspirational-images/Livingroom-233436.png,#F8E8DC,"248,232,220",Naranja,
40YR 75/107,Talco Rosado,https://www.alba.com.ar/es/paletas-de-colores/talco-rosado-40yr-75-107-1671979,,#F4D9D0,"244,217,208",Naranja,
17YR 13/463,Teatro de Títeres,https://www.alba.com.ar/es/paletas-de-colores/teatro-de-titeres-17yr-13-463-3136993,https://msp.images.akzonobel.com/glb/dh/inspirational-images/Livingroom-232687.png,#A23530,"162,53,48",Naranja,
54YR 22/344,Teja Continental,https://www.alba.com.ar/es/paletas-de-colores/teja-continental-54yr-22-344-1672439,,#AE684A,"174,104,74",Naranja,
60YR 36/468,Templo,https://www.alba.com.ar/es/paletas-de-colores/templo-60yr-36-468-1672490,,#E3865D,"227,134,93",Naranja,
99YR 61/205,Terraplén,https://www.alba.com.ar/es/paletas-de-colores/terraplen-99yr-61-205-3137283,https://msp.images.akzonobel.com/glb/dh/inspirational-images/Livingroom-233642.png,#E7C4A6,"231,196,166",Naranja,
00YY 43/304,Tesoro de Córcega,https://www.alba.com.ar/es/paletas-de-colores/tesoro-de-corcega-00yy-43-304-1670982,,#D2A074,"210,160,116",Naranja,
80YR 17/406,Tesoro Valioso *,https://www.alba.com.ar/es/paletas-de-colores/tesoro-valioso-80yr-17-406-1672958,,#9F5E2E,"159,94,46",Naranja,
60YR 54/287,Tierra del Durazno,https://www.alba.com.ar/es/paletas-de-colores/tierra-del-durazno-60yr-54-287-1672496,,#F0B195,"240,177,149",Naranja,
60YR 31/368,Tierra del Fuego,https://www.alba.com.ar/es/paletas-de-colores/tierra-del-fuego-60yr-31-368-1672488,,#CD8161,"205,129,97",Naranja,
70YR 19/557,Tierra Egipcia,https://www.alba.com.ar/es/paletas-de-colores/tierra-egipcia-70yr-19-557-1672783,,#C16130,"193,97,48",Naranja,
18YR 54/304,Tinte de Flamenco,https://www.alba.com.ar/es/paletas-de-colores/tinte-de-flamenco-18yr-54-304-1671421,,#F7ACA1,"247,172,161",Naranja,
67YR 77/081,Toallas Mullidas,https://www.alba.com.ar/es/paletas-de-colores/toallas-mullidas-67yr-77-081-1672606,,#EFDCD2,"239,220,210",Naranja,
46YR 12/287,Tobogán de Lodo,https://www.alba.com.ar/es/paletas-de-colores/tobogan-de-lodo-46yr-12-287-1672123,,#864833,"134,72,51",Naranja,
90YR 31/605,Topacio Soleado *,https://www.alba.com.ar/es/paletas-de-colores/topacio-soleado-90yr-31-605-1673264,,#D77E29,"215,126,41",Naranja,
17YY 79/105,Toque de Azúcar,https://www.alba.com.ar/es/paletas-de-colores/toque-de-azucar-17yy-79-105-3136995,https://msp.images.akzonobel.com/glb/dh/inspirational-images/Livingroom-233812.png,#F1E1CF,"241,225,207",Naranja,
90YR 57/293,Toque de Damasco,https://www.alba.com.ar/es/paletas-de-colores/toque-de-damasco-90yr-57-293-1673285,,#F0BC94,"240,188,148",Naranja,
08YY 83/117,Toque de Melaza,https://www.alba.com.ar/es/paletas-de-colores/toque-de-melaza-08yy-83-117-3136944,https://msp.images.akzonobel.com/glb/dh/inspirational-images/Livingroom-233570.png,#FAE7D3,"250,231,211",Naranja,
80YR 57/293,Torbellino de Durazno,https://www.alba.com.ar/es/paletas-de-colores/torbellino-de-durazno-80yr-57-293-1672989,,#F2B895,"242,184,149",Naranja,
00YY 62/144,Travertino,https://www.alba.com.ar/es/paletas-de-colores/travertino-00yy-62-144-1670991,,#DFC6B0,"223,198,176",Naranja,
10YY 53/337,Trigo Dorado,https://www.alba.com.ar/es/paletas-de-colores/trigo-dorado-10yy-53-337-1671303,,#E6B580,"230,181,128",Naranja,
80YR 44/311,Trigo Integral,https://www.alba.com.ar/es/paletas-de-colores/trigo-integral-80yr-44-311-1672982,,#D99F7A,"217,159,122",Naranja,
90YR 48/183,Trigo Suave,https://www.alba.com.ar/es/paletas-de-colores/trigo-suave-90yr-48-183-1673277,,#D1B098,"209,176,152",Naranja,
30YR 25/463,Tulipán Africano,https://www.alba.com.ar/es/paletas-de-colores/tulipan-africano-30yr-25-463-1671807,,#CD6555,"205,101,85",Naranja,
80YR 20/488,Té de la India,https://www.alba.com.ar/es/paletas-de-colores/te-de-la-india-80yr-20-488-1672961,,#B4662F,"180,102,47",Naranja,
90YR 41/472,Valencia,https://www.alba.com.ar/es/paletas-de-colores/valencia-90yr-41-472-1673273,,#E29859,"226,152,89",Naranja,
20YY 67/216,Vara de Mimbre,https://www.alba.com.ar/es/paletas-de-colores/vara-de-mimbre-20yy-67-216-1671492,,#EED0AC,"238,208,172",Naranja,
50YR 21/318,Vasija de Arcilla,https://www.alba.com.ar/es/paletas-de-colores/vasija-de-arcilla-50yr-21-318-1672336,,#AD6C55,"173,108,85",Naranja,
30YR 12/292,Verano Siciliano,https://www.alba.com.ar/es/paletas-de-colores/verano-siciliano-30yr-12-292-1671797,,#8B4C3F,"139,76,63",Naranja,
99YR 62/459,Villa Toscana,https://www.alba.com.ar/es/paletas-de-colores/villa-toscana-99yr-62-459-3137284,https://msp.images.akzonobel.com/glb/dh/inspirational-images/Livingroom-233667.png,#FFBE7A,"255,190,122",Naranja,
90YR 77/115,Yogur de Durazno,https://www.alba.com.ar/es/paletas-de-colores/yogur-de-durazno-90yr-77-115-1673297,,#F4DDCC,"244,221,204",Naranja,
96YR 33/309,Árbol Otoñal,https://www.alba.com.ar/es/paletas-de-colores/arbol-otonal-96yr-33-309-3137274,https://msp.images.akzonobel.com/glb/dh/inspirational-images/Livingroom-233658.png,#BF8E63,"191,142,99",Naranja,
53YY 77/064,Adorable Primavera,https://www.alba.com.ar/es/paletas-de-colores/adorable-primavera-53yy-77-064-3137130,https://msp.images.akzonobel.com/glb/dh/inspirational-images/Livingroom-234326.png,#E7E1D4,"231,225,212",Neutros Cálidos,
10YR 28/072,Adorno Rupestre,https://www.alba.com.ar/es/paletas-de-colores/adorno-rupestre-10yr-28-072-1671242,,#9B8987,"155,137,135",Neutros Cálidos,
90YR 66/070,Agua de Rosas,https://www.alba.com.ar/es/paletas-de-colores/agua-de-rosas-90yr-66-070-1673289,,#DDCEC4,"221,206,196",Neutros Cálidos,
80YR 57/070,Al Natural,https://www.alba.com.ar/es/paletas-de-colores/al-natural-80yr-57-070-1672987,,#D1C2B9,"209,194,185",Neutros Cálidos,
10RR 73/016,Alas de Paloma,https://www.alba.com.ar/es/paletas-de-colores/alas-de-paloma-10rr-73-016-1671223,,#DFDBDA,"223,219,218",Neutros Cálidos,
30YY 24/177,Alazán,https://www.alba.com.ar/es/paletas-de-colores/alazan-30yy-24-177-1671842,,#948062,"148,128,98",Neutros Cálidos,
10YY 35/196,Alfajor,https://www.alba.com.ar/es/paletas-de-colores/alfajor-10yy-35-196-1671287,,#B5987A,"181,152,122",Neutros Cálidos,
40YY 65/061,Algodón Egipcio,https://www.alba.com.ar/es/paletas-de-colores/algodon-egipcio-40yy-65-061-1672004,,#D8D1C5,"216,209,197",Neutros Cálidos,
90YR 48/062,Almendra Confitada,https://www.alba.com.ar/es/paletas-de-colores/almendra-confitada-90yr-48-062-1673276,,#C0B4AB,"192,180,171",Neutros Cálidos,
00YY 66/078,Almendra Suiza,https://www.alba.com.ar/es/paletas-de-colores/almendra-suiza-00yy-66-078-1670994,,#DCCEC2,"220,206,194",Neutros Cálidos,
18YR 05/072,Alpargata,https://www.alba.com.ar/es/paletas-de-colores/alpargata-18yr-05-072-1671419,,#453432,"69,52,50",Neutros Cálidos,
30YY 33/145,Amaranto Seco,https://www.alba.com.ar/es/paletas-de-colores/amaranto-seco-30yy-33-145-1671847,,#A7967E,"167,150,126",Neutros Cálidos,
40YY 44/095,Amarillo Textil,https://www.alba.com.ar/es/paletas-de-colores/amarillo-textil-40yy-44-095-1671991,,#B6AC9B,"182,172,155",Neutros Cálidos,
64YY 65/071,Amor Ligero,https://www.alba.com.ar/es/paletas-de-colores/amor-ligero-64yy-65-071-1672581,,#D5D1C2,"213,209,194",Neutros Cálidos,
96YR 46/065,Anochecer Fogoso,https://www.alba.com.ar/es/paletas-de-colores/anochecer-fogoso-96yr-46-065-3137275,https://msp.images.akzonobel.com/glb/dh/inspirational-images/Livingroom-233621.png,#BDB1A6,"189,177,166",Neutros Cálidos,
40YY 51/084,Antílope,https://www.alba.com.ar/es/paletas-de-colores/antilope-40yy-51-084-1671996,,#C1B8A8,"193,184,168",Neutros Cálidos,
90RR 73/027,Anémona del Bosque,https://www.alba.com.ar/es/paletas-de-colores/anemona-del-bosque-90rr-73-027-1673244,,#E3DBD8,"227,219,216",Neutros Cálidos,
13YR 07/157,Anís Estrellado,https://www.alba.com.ar/es/paletas-de-colores/anis-estrellado-13yr-07-157-1671366,,#5A3732,"90,55,50",Neutros Cálidos,
10YY 11/187,Arboles Altos,https://www.alba.com.ar/es/paletas-de-colores/arboles-altos-10yy-11-187-1671270,,#6D5539,"109,85,57",Neutros Cálidos,
80YR 27/147,Arca de Noé,https://www.alba.com.ar/es/paletas-de-colores/arca-de-noe-80yr-27-147-1672966,,#A08573,"160,133,115",Neutros Cálidos,
50YY 12/095,Arcilla Artesanal,https://www.alba.com.ar/es/paletas-de-colores/arcilla-artesanal-50yy-12-095-1672374,,#605948,"96,89,72",Neutros Cálidos,
40YY 38/107,Arcilla de Alfarero,https://www.alba.com.ar/es/paletas-de-colores/arcilla-de-alfarero-40yy-38-107-1671986,,#AFA490,"175,164,144",Neutros Cálidos,
21YY 18/079,Arcilla Enmarañada,https://www.alba.com.ar/es/paletas-de-colores/arcilla-enmaranada-21yy-18-079-1671519,,#786D60,"120,109,96",Neutros Cálidos,
70YR 58/091,Arcilla Rajada,https://www.alba.com.ar/es/paletas-de-colores/arcilla-rajada-70yr-58-091-1672802,,#D5C2B7,"213,194,183",Neutros Cálidos,
30YY 14/070,Ardilla Gris,https://www.alba.com.ar/es/paletas-de-colores/ardilla-gris-30yy-14-070-1671835,,#696155,"105,97,85",Neutros Cálidos,
30YY 58/082,Arena Blanca,https://www.alba.com.ar/es/paletas-de-colores/arena-blanca-30yy-58-082-1671870,,#CEC5B6,"206,197,182",Neutros Cálidos,
20YY 75/073,Arena de Playa,https://www.alba.com.ar/es/paletas-de-colores/arena-de-playa-20yy-75-073-1671499,,#EADED0,"234,222,208",Neutros Cálidos,
00YY 52/119,Arena del Desierto,https://www.alba.com.ar/es/paletas-de-colores/arena-del-desierto-00yy-52-119-1670987,,#CDB9A7,"205,185,167",Neutros Cálidos,
30YY 53/125,Arenas de Sudán,https://www.alba.com.ar/es/paletas-de-colores/arenas-de-sudan-30yy-53-125-1671868,,#CBBCA6,"203,188,166",Neutros Cálidos,
50YR 31/160,Arenisca,https://www.alba.com.ar/es/paletas-de-colores/arenisca-50yr-31-160-1672343,,#B28D80,"178,141,128",Neutros Cálidos,
50YR 45/014,Arrecife Plateado,https://www.alba.com.ar/es/paletas-de-colores/arrecife-plateado-50yr-45-014-1672348,,#B1AEAC,"177,174,172",Neutros Cálidos,
10YY 59/111,Arte Azteca,https://www.alba.com.ar/es/paletas-de-colores/arte-azteca-10yy-59-111-1671310,,#D7C6B4,"215,198,180",Neutros Cálidos,
40YY 33/118,Arte Urbano,https://www.alba.com.ar/es/paletas-de-colores/arte-urbano-40yy-33-118-1671984,,#A49882,"164,152,130",Neutros Cálidos,
22YR 17/023,Artilugio Gris,https://www.alba.com.ar/es/paletas-de-colores/artilugio-gris-22yr-17-023-3137009,https://msp.images.akzonobel.com/glb/dh/inspirational-images/Livingroom-232953.png,#6E6867,"110,104,103",Neutros Cálidos,
90YR 31/131,Asperula,https://www.alba.com.ar/es/paletas-de-colores/asperula-90yr-31-131-1673263,,#A68F7E,"166,143,126",Neutros Cálidos,
20YY 11/017,Ave de la Tormenta,https://www.alba.com.ar/es/paletas-de-colores/ave-de-la-tormenta-20yy-11-017-3137000,https://msp.images.akzonobel.com/glb/dh/inspirational-images/Livingroom-233948.png,#53504D,"83,80,77",Neutros Cálidos,
20YY 33/145,Banco Antiguo,https://www.alba.com.ar/es/paletas-de-colores/banco-antiguo-20yy-33-145-1671455,,#AA967E,"170,150,126",Neutros Cálidos,
60YR 20/117,Barro,https://www.alba.com.ar/es/paletas-de-colores/barro-60yr-20-117-1672483,,#8B7267,"139,114,103",Neutros Cálidos,
21YY 38/102,Barro Facial,https://www.alba.com.ar/es/paletas-de-colores/barro-facial-21yy-38-102-1671520,,#B0A290,"176,162,144",Neutros Cálidos,
64YY 39/108,Baño de Oliva,https://www.alba.com.ar/es/paletas-de-colores/bano-de-oliva-64yy-39-108-1672580,,#AAA48F,"170,164,143",Neutros Cálidos,
45YY 65/084,Beige Básico,https://www.alba.com.ar/es/paletas-de-colores/beige-basico-45yy-65-084-1672091,,#D9D1C1,"217,209,193",Neutros Cálidos,
80YR 40/148,Beige Cabra,https://www.alba.com.ar/es/paletas-de-colores/beige-cabra-80yr-40-148-1672978,,#BEA18E,"190,161,142",Neutros Cálidos,
00YY 50/091,Beige Castor,https://www.alba.com.ar/es/paletas-de-colores/beige-castor-00yy-50-091-1670986,,#C5B5A7,"197,181,167",Neutros Cálidos,
30YY 68/024,Beige Cebada,https://www.alba.com.ar/es/paletas-de-colores/beige-cebada-30yy-68-024-1671881,,#D8D4CE,"216,212,206",Neutros Cálidos,
90YR 51/109,Beige Costero,https://www.alba.com.ar/es/paletas-de-colores/beige-costero-90yr-51-109-1673279,,#CCB7A8,"204,183,168",Neutros Cálidos,
10YY 75/084,Beige Eterno,https://www.alba.com.ar/es/paletas-de-colores/beige-eterno-10yy-75-084-1671326,,#EBDCCC,"235,220,204",Neutros Cálidos,
10YY 68/110,Beige Marfil,https://www.alba.com.ar/es/paletas-de-colores/beige-marfil-10yy-68-110-1671318,,#E3D1BF,"227,209,191",Neutros Cálidos,
45YY 53/151,Beige Mineral,https://www.alba.com.ar/es/paletas-de-colores/beige-mineral-45yy-53-151-1672087,,#CABB9E,"202,187,158",Neutros Cálidos,
00YY 63/067,Beige Osado,https://www.alba.com.ar/es/paletas-de-colores/beige-osado-00yy-63-067-3136906,https://msp.images.akzonobel.com/glb/dh/inspirational-images/Livingroom-233623.png,#D8CBC0,"216,203,192",Neutros Cálidos,
30YY 36/094,Beige Pardal,https://www.alba.com.ar/es/paletas-de-colores/beige-pardal-30yy-36-094-1671850,,#A99D8D,"169,157,141",Neutros Cálidos,
20YY 43/083,Beige Pergamino,https://www.alba.com.ar/es/paletas-de-colores/beige-pergamino-20yy-43-083-1671466,,#B6AB9D,"182,171,157",Neutros Cálidos,
00YY 59/098,Beige Rosado,https://www.alba.com.ar/es/paletas-de-colores/beige-rosado-00yy-59-098-1670990,,#D7C5B5,"215,197,181",Neutros Cálidos,
03YY 66/085,Beige Sofisticado,https://www.alba.com.ar/es/paletas-de-colores/beige-sofisticado-03yy-66-085-1671020,,#DFD0C2,"223,208,194",Neutros Cálidos,
60YR 07/093,Beso de Chocolate,https://www.alba.com.ar/es/paletas-de-colores/beso-de-chocolate-60yr-07-093-1672477,,#503E37,"80,62,55",Neutros Cálidos,
10YY 67/089,Biscuit Beige,https://www.alba.com.ar/es/paletas-de-colores/biscuit-beige-10yy-67-089-1671316,,#DED0C1,"222,208,193",Neutros Cálidos,
00YY 65/060,Bizcocho,https://www.alba.com.ar/es/paletas-de-colores/bizcocho-00yy-65-060-1670993,,#D9CEC4,"217,206,196",Neutros Cálidos,
60YR 30/094,Bizcocho de Almendra,https://www.alba.com.ar/es/paletas-de-colores/bizcocho-de-almendra-60yr-30-094-1672487,,#A18C82,"161,140,130",Neutros Cálidos,
10YY 56/060,Bizcocho de Canela,https://www.alba.com.ar/es/paletas-de-colores/bizcocho-de-canela-10yy-56-060-1671307,,#CBC1B7,"203,193,183",Neutros Cálidos,
30YR 07/157,Bizcocho de Chocolate,https://www.alba.com.ar/es/paletas-de-colores/bizcocho-de-chocolate-30yr-07-157-1671790,,#5E3B34,"94,59,52",Neutros Cálidos,
30YY 28/161,Bizcocho de Pistacho,https://www.alba.com.ar/es/paletas-de-colores/bizcocho-de-pistacho-30yy-28-161-1671844,,#9D8B70,"157,139,112",Neutros Cálidos,
10YY 46/041,Blanco Chinchilla,https://www.alba.com.ar/es/paletas-de-colores/blanco-chinchilla-10yy-46-041-1671297,,#BAB3AC,"186,179,172",Neutros Cálidos,
20YY 66/066,Blanco Contemporáneo,https://www.alba.com.ar/es/paletas-de-colores/blanco-contemporaneo-20yy-66-066-1671490,,#DAD1C4,"218,209,196",Neutros Cálidos,
00YY 74/053,Blanco Cordel,https://www.alba.com.ar/es/paletas-de-colores/blanco-cordel-00yy-74-053-1670997,,#E4D8CE,"228,216,206",Neutros Cálidos,
50YR 73/022,Blanco Memoria,https://www.alba.com.ar/es/paletas-de-colores/blanco-memoria-50yr-73-022-1672361,,#DED9D5,"222,217,213",Neutros Cálidos,
44YY 70/110,Blanco Perla,https://www.alba.com.ar/es/paletas-de-colores/blanco-perla-44yy-70-110-1672070,,#E3D7C3,"227,215,195",Neutros Cálidos,
60YR 83/009,Blanco Refrescante,https://www.alba.com.ar/es/paletas-de-colores/blanco-refrescante-60yr-83-009-1672508,,#EDEAE6,"237,234,230",Neutros Cálidos,
10YY 64/048,Blanco Unicornio,https://www.alba.com.ar/es/paletas-de-colores/blanco-unicornio-10yy-64-048-1671314,,#D5CCC4,"213,204,196",Neutros Cálidos,
70RR 07/100,Bordeaux Negro,https://www.alba.com.ar/es/paletas-de-colores/bordeaux-negro-70rr-07-100-1672738,,#533A3E,"83,58,62",Neutros Cálidos,
30YY 10/038,Bosque Negro,https://www.alba.com.ar/es/paletas-de-colores/bosque-negro-30yy-10-038-1671832,,#534F49,"83,79,73",Neutros Cálidos,
20YY 41/165,Bronce Camello,https://www.alba.com.ar/es/paletas-de-colores/bronce-camello-20yy-41-165-1671464,,#BDA68A,"189,166,138",Neutros Cálidos,
10YY 61/136,Bronce de Eldorado,https://www.alba.com.ar/es/paletas-de-colores/bronce-de-eldorado-10yy-61-136-1671312,,#DCC6B1,"220,198,177",Neutros Cálidos,
30YY 50/176,Bronce Histórico,https://www.alba.com.ar/es/paletas-de-colores/bronce-historico-30yy-50-176-1671865,,#CCB798,"204,183,152",Neutros Cálidos,
20YY 51/098,Bronce Leyenda,https://www.alba.com.ar/es/paletas-de-colores/bronce-leyenda-20yy-51-098-1671473,,#C7BAA9,"199,186,169",Neutros Cálidos,
20YY 61/127,Bronce Milán,https://www.alba.com.ar/es/paletas-de-colores/bronce-milan-20yy-61-127-1671484,,#DAC8B2,"218,200,178",Neutros Cálidos,
40YY 41/152,Bronce Montana,https://www.alba.com.ar/es/paletas-de-colores/bronce-montana-40yy-41-152-1671989,,#B7A78C,"183,167,140",Neutros Cálidos,
20YY 12/263,Bronce Olímpico,https://www.alba.com.ar/es/paletas-de-colores/bronce-olimpico-20yy-12-263-1671440,,#765935,"118,89,53",Neutros Cálidos,
70YR 08/186,Bronce Talismán,https://www.alba.com.ar/es/paletas-de-colores/bronce-talisman-70yr-08-186-1672774,,#654330,"101,67,48",Neutros Cálidos,
70YR 45/133,Bronce Tibetano,https://www.alba.com.ar/es/paletas-de-colores/bronce-tibetano-70yr-45-133-1672795,,#C5AA9B,"197,170,155",Neutros Cálidos,
20YY 47/145,Bronce Tradicional,https://www.alba.com.ar/es/paletas-de-colores/bronce-tradicional-20yy-47-145-1671471,,#C6B299,"198,178,153",Neutros Cálidos,
10YY 55/163,Bronce Vivo,https://www.alba.com.ar/es/paletas-de-colores/bronce-vivo-10yy-55-163-1671306,,#D7BEA3,"215,190,163",Neutros Cálidos,
20YY 39/130,Bronceado de Verano,https://www.alba.com.ar/es/paletas-de-colores/bronceado-de-verano-20yy-39-130-1671461,,#B3A18C,"179,161,140",Neutros Cálidos,
60YR 54/028,Brote de Bambú,https://www.alba.com.ar/es/paletas-de-colores/brote-de-bambu-60yr-54-028-1672495,,#C5BEBA,"197,190,186",Neutros Cálidos,
65YR 11/146,Brownie Americano,https://www.alba.com.ar/es/paletas-de-colores/brownie-americano-65yr-11-146-1672585,,#6C4E3E,"108,78,62",Neutros Cálidos,
90RR 64/025,Bruma Lavanda,https://www.alba.com.ar/es/paletas-de-colores/bruma-lavanda-90rr-64-025-1673240,,#D5CECD,"213,206,205",Neutros Cálidos,
10YY 33/163,Burbuja de Chocolate,https://www.alba.com.ar/es/paletas-de-colores/burbuja-de-chocolate-10yy-33-163-3136953,https://msp.images.akzonobel.com/glb/dh/inspirational-images/Livingroom-233823.png,#AB9279,"171,146,121",Neutros Cálidos,
10YY 17/140,Cabaña de Paja,https://www.alba.com.ar/es/paletas-de-colores/cabana-de-paja-10yy-17-140-1671275,,#7C6A55,"124,106,85",Neutros Cálidos,
11YY 14/105,Café,https://www.alba.com.ar/es/paletas-de-colores/cafe-11yy-14-105-3136958,https://msp.images.akzonobel.com/glb/dh/inspirational-images/Livingroom-233821.png,#6D5E4D,"109,94,77",Neutros Cálidos,
00YY 09/186,Café Moca,https://www.alba.com.ar/es/paletas-de-colores/cafe-moca-00yy-09-186-1670965,,#6A4E36,"106,78,54",Neutros Cálidos,
00YY 63/024,Calcáreo,https://www.alba.com.ar/es/paletas-de-colores/calcareo-00yy-63-024-1670992,,#D2CDC6,"210,205,198",Neutros Cálidos,
90YR 43/101,Camafeo Intenso,https://www.alba.com.ar/es/paletas-de-colores/camafeo-intenso-90yr-43-101-1673274,,#BAA79A,"186,167,154",Neutros Cálidos,
47YR 18/085,Camel Oscuro,https://www.alba.com.ar/es/paletas-de-colores/camel-oscuro-47yr-18-085-1672135,,#806C65,"128,108,101",Neutros Cálidos,
20YY 43/200,Camello,https://www.alba.com.ar/es/paletas-de-colores/camello-20yy-43-200-1671467,,#C5AA88,"197,170,136",Neutros Cálidos,
90YR 10/244,Camino Arbolado,https://www.alba.com.ar/es/paletas-de-colores/camino-arbolado-90yr-10-244-1673253,,#724D30,"114,77,48",Neutros Cálidos,
15YY 33/043,Camino Urbano,https://www.alba.com.ar/es/paletas-de-colores/camino-urbano-15yy-33-043-3136976,https://msp.images.akzonobel.com/glb/dh/inspirational-images/Livingroom-233949.png,#9E9890,"158,152,144",Neutros Cálidos,
30YY 11/076,Camuflaje,https://www.alba.com.ar/es/paletas-de-colores/camuflaje-30yy-11-076-1671833,,#5D5447,"93,84,71",Neutros Cálidos,
90RR 08/129,Canto de Sirenas,https://www.alba.com.ar/es/paletas-de-colores/canto-de-sirenas-90rr-08-129-1673208,,#5D3E3F,"93,62,63",Neutros Cálidos,
80YR 30/187,Cappuccino Claro,https://www.alba.com.ar/es/paletas-de-colores/cappuccino-claro-80yr-30-187-1672969,,#AD8972,"173,137,114",Neutros Cálidos,
10YY 53/132,Caqui Básico,https://www.alba.com.ar/es/paletas-de-colores/caqui-basico-10yy-53-132-1671302,,#CCB9A4,"204,185,164",Neutros Cálidos,
30YY 17/209,Caqui Intenso,https://www.alba.com.ar/es/paletas-de-colores/caqui-intenso-30yy-17-209-1671836,,#7F6948,"127,105,72",Neutros Cálidos,
90YR 41/179,Caramelo Suave,https://www.alba.com.ar/es/paletas-de-colores/caramelo-suave-90yr-41-179-1673272,,#C1A28B,"193,162,139",Neutros Cálidos,
91YR 08/025,Carbonilla,https://www.alba.com.ar/es/paletas-de-colores/carbonilla-91yr-08-025-1673338,,#48433F,"72,67,63",Neutros Cálidos,
62RR 09/009,Carbón Ardiente,https://www.alba.com.ar/es/paletas-de-colores/carbon-ardiente-62rr-09-009-3137155,https://msp.images.akzonobel.com/glb/dh/inspirational-images/Livingroom-232946.png,#4D4A4A,"77,74,74",Neutros Cálidos,
50YY 43/103,Casa de Arcadia,https://www.alba.com.ar/es/paletas-de-colores/casa-de-arcadia-50yy-43-103-1672380,,#B5AC99,"181,172,153",Neutros Cálidos,
60YR 08/186,Casa de Campo,https://www.alba.com.ar/es/paletas-de-colores/casa-de-campo-60yr-08-186-1672478,,#674332,"103,67,50",Neutros Cálidos,
30YY 05/044,Casa en el Bosque,https://www.alba.com.ar/es/paletas-de-colores/casa-en-el-bosque-30yy-05-044-1671829,,#3F3934,"63,57,52",Neutros Cálidos,
99YR 82/029,Casamiento Memorable,https://www.alba.com.ar/es/paletas-de-colores/casamiento-memorable-99yr-82-029-1673392,,#EAE5DE,"234,229,222",Neutros Cálidos,
20YY 63/149,Castaña de Brasil,https://www.alba.com.ar/es/paletas-de-colores/castana-de-brasil-20yy-63-149-1671486,,#DDC9B0,"221,201,176",Neutros Cálidos,
30YY 62/127,Castaña Ribereña,https://www.alba.com.ar/es/paletas-de-colores/castana-riberena-30yy-62-127-1671874,,#DACAB3,"218,202,179",Neutros Cálidos,
20YY 68/102,Castaños,https://www.alba.com.ar/es/paletas-de-colores/castanos-20yy-68-102-1671493,,#E0D1BF,"224,209,191",Neutros Cálidos,
15YY 57/150,Castillo de Arena Claro,https://www.alba.com.ar/es/paletas-de-colores/castillo-de-arena-claro-15yy-57-150-3136979,https://msp.images.akzonobel.com/glb/dh/inspirational-images/Livingroom-233867.png,#D7C1A8,"215,193,168",Neutros Cálidos,
00YY 38/123,Castillo de Arena Oscuro,https://www.alba.com.ar/es/paletas-de-colores/castillo-de-arena-oscuro-00yy-38-123-1670980,,#B39E8C,"179,158,140",Neutros Cálidos,
10YY 41/083,Castillo de Roca,https://www.alba.com.ar/es/paletas-de-colores/castillo-de-roca-10yy-41-083-1671292,,#B7A99B,"183,169,155",Neutros Cálidos,
20YY 53/124,Castillo del Desierto,https://www.alba.com.ar/es/paletas-de-colores/castillo-del-desierto-20yy-53-124-1671475,,#CDBBA6,"205,187,166",Neutros Cálidos,
90YR 36/203,Castor Suave,https://www.alba.com.ar/es/paletas-de-colores/castor-suave-90yr-36-203-1673269,,#BA977C,"186,151,124",Neutros Cálidos,
40YY 08/107,Caverna Oscura,https://www.alba.com.ar/es/paletas-de-colores/caverna-oscura-40yy-08-107-1671980,,#4F4532,"79,69,50",Neutros Cálidos,
70YR 31/135,Cañón Polvoriento,https://www.alba.com.ar/es/paletas-de-colores/canon-polvoriento-70yr-31-135-1672789,,#AA8E7F,"170,142,127",Neutros Cálidos,
97YR 39/118,Cerveza Inglesa,https://www.alba.com.ar/es/paletas-de-colores/cerveza-inglesa-97yr-39-118-1673374,,#B5A08F,"181,160,143",Neutros Cálidos,
30YY 31/205,Cerámica Verde,https://www.alba.com.ar/es/paletas-de-colores/ceramica-verde-30yy-31-205-1671845,,#A9926F,"169,146,111",Neutros Cálidos,
20YY 31/205,Cesto de Mimbre,https://www.alba.com.ar/es/paletas-de-colores/cesto-de-mimbre-20yy-31-205-1671453,,#AA906F,"170,144,111",Neutros Cálidos,
70YR 13/140,Chalet de Chocolate,https://www.alba.com.ar/es/paletas-de-colores/chalet-de-chocolate-70yr-13-140-1672778,,#765B4D,"118,91,77",Neutros Cálidos,
00YY 67/096,Chamoir,https://www.alba.com.ar/es/paletas-de-colores/chamoir-00yy-67-096-1670995,,#E3D2C2,"227,210,194",Neutros Cálidos,
20YY 55/151,Champignon,https://www.alba.com.ar/es/paletas-de-colores/champignon-20yy-55-151-1671479,,#D4BFA5,"212,191,165",Neutros Cálidos,
30RR 08/044,Chocolate Amargo,https://www.alba.com.ar/es/paletas-de-colores/chocolate-amargo-30rr-08-044-1671767,,#4E4448,"78,68,72",Neutros Cálidos,
70YR 20/239,Chocolate Caliente,https://www.alba.com.ar/es/paletas-de-colores/chocolate-caliente-70yr-20-239-1672784,,#9B6D54,"155,109,84",Neutros Cálidos,
74RR 05/092,Chocolate Chic,https://www.alba.com.ar/es/paletas-de-colores/chocolate-chic-74rr-05-092-1672879,,#442529,"68,37,41",Neutros Cálidos,
90YR 16/129,Chocolate Claro,https://www.alba.com.ar/es/paletas-de-colores/chocolate-claro-90yr-16-129-1673254,,#7C6655,"124,102,85",Neutros Cálidos,
80YR 09/163,Chocolate con Leche,https://www.alba.com.ar/es/paletas-de-colores/chocolate-con-leche-80yr-09-163-1672952,,#624736,"98,71,54",Neutros Cálidos,
00YY 09/069,Chocolate Delicioso,https://www.alba.com.ar/es/paletas-de-colores/chocolate-delicioso-00yy-09-069-3136905,https://msp.images.akzonobel.com/glb/dh/inspirational-images/Livingroom-233718.png,#52463B,"82,70,59",Neutros Cálidos,
30YR 16/162,Chocolate Liviano,https://www.alba.com.ar/es/paletas-de-colores/chocolate-liviano-30yr-16-162-1671802,,#88625A,"136,98,90",Neutros Cálidos,
90RR 18/139,Clarete Ahumado,https://www.alba.com.ar/es/paletas-de-colores/clarete-ahumado-90rr-18-139-1673214,,#8A6769,"138,103,105",Neutros Cálidos,
50YR 08/038,Clavo de la India,https://www.alba.com.ar/es/paletas-de-colores/clavo-de-la-india-50yr-08-038-1672326,,#4A413E,"74,65,62",Neutros Cálidos,
30YY 67/084,Colina Europea,https://www.alba.com.ar/es/paletas-de-colores/colina-europea-30yy-67-084-1671879,,#DCD1C0,"220,209,192",Neutros Cálidos,
50YY 30/192,Colina Toscana,https://www.alba.com.ar/es/paletas-de-colores/colina-toscana-50yy-30-192-1672375,,#A1926E,"161,146,110",Neutros Cálidos,
20YY 09/175,Colinas de Turquía,https://www.alba.com.ar/es/paletas-de-colores/colinas-de-turquia-20yy-09-175-1671438,,#634F35,"99,79,53",Neutros Cálidos,
90YR 64/040,Comienzo de Otoño,https://www.alba.com.ar/es/paletas-de-colores/comienzo-de-otono-90yr-64-040-1673287,,#D6CEC7,"214,206,199",Neutros Cálidos,
20YY 29/095,Conejo Escurridizo,https://www.alba.com.ar/es/paletas-de-colores/conejo-escurridizo-20yy-29-095-1671451,,#998C7C,"153,140,124",Neutros Cálidos,
50YR 07/162,Cookie,https://www.alba.com.ar/es/paletas-de-colores/cookie-50yr-07-162-1672325,,#5E3E32,"94,62,50",Neutros Cálidos,
60YR 73/015,Cordillera,https://www.alba.com.ar/es/paletas-de-colores/cordillera-60yr-73-015-1672505,,#DED9D6,"222,217,214",Neutros Cálidos,
20YY 24/177,Corte Bruto,https://www.alba.com.ar/es/paletas-de-colores/corte-bruto-20yy-24-177-1671446,,#978064,"151,128,100",Neutros Cálidos,
30YY 08/082,Corteza Quemada,https://www.alba.com.ar/es/paletas-de-colores/corteza-quemada-30yy-08-082-1671830,,#52483B,"82,72,59",Neutros Cálidos,
10YR 55/037,Costa de Pelícanos,https://www.alba.com.ar/es/paletas-de-colores/costa-de-pelicanos-10yr-55-037-1671256,,#C9BFBD,"201,191,189",Neutros Cálidos,
50YR 53/011,Costa Plateada,https://www.alba.com.ar/es/paletas-de-colores/costa-plateada-50yr-53-011-1672352,,#BEBCBA,"190,188,186",Neutros Cálidos,
00YY 26/220,Crème Brûlée,https://www.alba.com.ar/es/paletas-de-colores/creme-brulee-00yy-26-220-1670974,,#A38061,"163,128,97",Neutros Cálidos,
30YY 60/104,Cuero Amarillento,https://www.alba.com.ar/es/paletas-de-colores/cuero-amarillento-30yy-60-104-1671873,,#D3C6B4,"211,198,180",Neutros Cálidos,
48YR 09/077,Cuero Elegante,https://www.alba.com.ar/es/paletas-de-colores/cuero-elegante-48yr-09-077-1672143,,#57453E,"87,69,62",Neutros Cálidos,
87RR 12/095,Desayuno con Brownies,https://www.alba.com.ar/es/paletas-de-colores/desayuno-con-brownies-87rr-12-095-1673060,,#6B5253,"107,82,83",Neutros Cálidos,
81RR 51/067,Desierto Rosado,https://www.alba.com.ar/es/paletas-de-colores/desierto-rosado-81rr-51-067-1673012,,#C9B7B7,"201,183,183",Neutros Cálidos,
50YR 38/017,Despeñadero,https://www.alba.com.ar/es/paletas-de-colores/despenadero-50yr-38-017-1672346,,#A5A2A0,"165,162,160",Neutros Cálidos,
34YR 35/025,Dije de Plata,https://www.alba.com.ar/es/paletas-de-colores/dije-de-plata-34yr-35-025-1671926,,#A19B98,"161,155,152",Neutros Cálidos,
80YR 66/070,Diva,https://www.alba.com.ar/es/paletas-de-colores/diva-80yr-66-070-1672992,,#DFD0C6,"223,208,198",Neutros Cálidos,
10YY 06/100,Dulce de Banana,https://www.alba.com.ar/es/paletas-de-colores/dulce-de-banana-10yy-06-100-1671267,,#4D4033,"77,64,51",Neutros Cálidos,
64YY 83/058,Elección Natural,https://www.alba.com.ar/es/paletas-de-colores/eleccion-natural-64yy-83-058-3137165,https://msp.images.akzonobel.com/glb/dh/inspirational-images/Livingroom-234524.png,#ECE9DC,"236,233,220",Neutros Cálidos,
95YR 16/038,Embarcadero de Piedra,https://www.alba.com.ar/es/paletas-de-colores/embarcadero-de-piedra-95yr-16-038-3137271,https://msp.images.akzonobel.com/glb/dh/inspirational-images/Livingroom-233625.png,#6C645F,"108,100,95",Neutros Cálidos,
20YY 60/104,Encaje Primoroso,https://www.alba.com.ar/es/paletas-de-colores/encaje-primoroso-20yy-60-104-1671483,,#D6C7B5,"214,199,181",Neutros Cálidos,
55YY 80/072,Escarcha,https://www.alba.com.ar/es/paletas-de-colores/escarcha-55yy-80-072-1672448,,#ECE4D4,"236,228,212",Neutros Cálidos,
90YR 18/177,Especia Picante,https://www.alba.com.ar/es/paletas-de-colores/especia-picante-90yr-18-177-1673256,,#896B54,"137,107,84",Neutros Cálidos,
60YR 64/038,Estambul,https://www.alba.com.ar/es/paletas-de-colores/estambul-60yr-64-038-1672501,,#D5CBC6,"213,203,198",Neutros Cálidos,
30YY 33/047,Estaño Pulido,https://www.alba.com.ar/es/paletas-de-colores/estano-pulido-30yy-33-047-1671846,,#9D978F,"157,151,143",Neutros Cálidos,
90YY 07/093,Estragón,https://www.alba.com.ar/es/paletas-de-colores/estragon-90yy-07-093-1673305,,#484737,"72,71,55",Neutros Cálidos,
40YY 73/028,Estratósfera,https://www.alba.com.ar/es/paletas-de-colores/estratosfera-40yy-73-028-1672015,,#DFDCD5,"223,220,213",Neutros Cálidos,
20YY 69/120,Flor del Desierto,https://www.alba.com.ar/es/paletas-de-colores/flor-del-desierto-20yy-69-120-1671494,,#E4D2BC,"228,210,188",Neutros Cálidos,
70YR 18/184,Fotografía Antigua,https://www.alba.com.ar/es/paletas-de-colores/fotografia-antigua-70yr-18-184-1672781,,#8F6C58,"143,108,88",Neutros Cálidos,
90RR 49/061,Fucsia Agrisado,https://www.alba.com.ar/es/paletas-de-colores/fucsia-agrisado-90rr-49-061-1673233,,#C3B2B2,"195,178,178",Neutros Cálidos,
70YR 50/086,Fuga del Tiempo,https://www.alba.com.ar/es/paletas-de-colores/fuga-del-tiempo-70yr-50-086-1672800,,#C6B3AA,"198,179,170",Neutros Cálidos,
24YY 22/043,Gamuza Gris,https://www.alba.com.ar/es/paletas-de-colores/gamuza-gris-24yy-22-043-3137023,https://msp.images.akzonobel.com/glb/dh/inspirational-images/Livingroom-234064.png,#817B73,"129,123,115",Neutros Cálidos,
12YY 47/184,Granero del Campo,https://www.alba.com.ar/es/paletas-de-colores/granero-del-campo-12yy-47-184-3136964,https://msp.images.akzonobel.com/glb/dh/inspirational-images/Livingroom-233824.png,#C9AE91,"201,174,145",Neutros Cálidos,
30RR 22/031,Granito Húmedo,https://www.alba.com.ar/es/paletas-de-colores/granito-humedo-30rr-22-031-1671775,,#807A7C,"128,122,124",Neutros Cálidos,
90YR 55/051,Grava,https://www.alba.com.ar/es/paletas-de-colores/grava-90yr-55-051-1673282,,#CAC0B8,"202,192,184",Neutros Cálidos,
04YR 24/029,Gris Adoquín,https://www.alba.com.ar/es/paletas-de-colores/gris-adoquin-04yr-24-029-1671030,,#867E7D,"134,126,125",Neutros Cálidos,
50YY 63/041,Gris Emblemático,https://www.alba.com.ar/es/paletas-de-colores/gris-emblematico-50yy-63-041-1672388,,#D2CFC6,"210,207,198",Neutros Cálidos,
30YY 56/060,Gris Fósil,https://www.alba.com.ar/es/paletas-de-colores/gris-fosil-30yy-56-060-1671869,,#CBC4B8,"203,196,184",Neutros Cálidos,
20YY 37/094,Gris Garza,https://www.alba.com.ar/es/paletas-de-colores/gris-garza-20yy-37-094-1671459,,#AB9E8E,"171,158,142",Neutros Cálidos,
30YY 42/083,Gris Gaviota,https://www.alba.com.ar/es/paletas-de-colores/gris-gaviota-30yy-42-083-1671857,,#B4AA9B,"180,170,155",Neutros Cálidos,
38RR 15/026,Gris Generoso,https://www.alba.com.ar/es/paletas-de-colores/gris-generoso-38rr-15-026-1671955,,#676162,"103,97,98",Neutros Cálidos,
50RR 32/029,Gris Niebla,https://www.alba.com.ar/es/paletas-de-colores/gris-niebla-50rr-32-029-1672308,,#9F9899,"159,152,153",Neutros Cálidos,
20YY 57/060,Gris Piedra,https://www.alba.com.ar/es/paletas-de-colores/gris-piedra-20yy-57-060-1671480,,#CAC2B8,"202,194,184",Neutros Cálidos,
30YY 51/098,Gris Tostado,https://www.alba.com.ar/es/paletas-de-colores/gris-tostado-30yy-51-098-1671866,,#C6BAA8,"198,186,168",Neutros Cálidos,
30YY 22/059,Gris Tweed,https://www.alba.com.ar/es/paletas-de-colores/gris-tweed-30yy-22-059-1671840,,#817B72,"129,123,114",Neutros Cálidos,
44YY 69/069,Guijarro Pálido,https://www.alba.com.ar/es/paletas-de-colores/guijarro-palido-44yy-69-069-1672068,,#DDD6C9,"221,214,201",Neutros Cálidos,
30YR 12/122,Guirnalda,https://www.alba.com.ar/es/paletas-de-colores/guirnalda-30yr-12-122-1671796,,#71554E,"113,85,78",Neutros Cálidos,
50YY 57/082,Gélido,https://www.alba.com.ar/es/paletas-de-colores/gelido-50yy-57-082-1672385,,#CBC4B3,"203,196,179",Neutros Cálidos,
20YY 83/063,Helado de Crema,https://www.alba.com.ar/es/paletas-de-colores/helado-de-crema-20yy-83-063-1671506,,#F1E8DC,"241,232,220",Neutros Cálidos,
91YR 10/089,Henna Hilarante,https://www.alba.com.ar/es/paletas-de-colores/henna-hilarante-91yr-10-089-1673339,,#5A4A3D,"90,74,61",Neutros Cálidos,
70YY 73/083,Hielo Antártico,https://www.alba.com.ar/es/paletas-de-colores/hielo-antartico-70yy-73-083-1672847,,#E2DDCB,"226,221,203",Neutros Cálidos,
45YY 74/073,Hilo de Lino,https://www.alba.com.ar/es/paletas-de-colores/hilo-de-lino-45yy-74-073-1672104,,#E4DDCE,"228,221,206",Neutros Cálidos,
40YY 14/201,Hoja de Roble,https://www.alba.com.ar/es/paletas-de-colores/hoja-de-roble-40yy-14-201-1671981,,#726241,"114,98,65",Neutros Cálidos,
80YR 14/140,Hoja Seca,https://www.alba.com.ar/es/paletas-de-colores/hoja-seca-80yr-14-140-1672955,,#785E4E,"120,94,78",Neutros Cálidos,
80YR 17/129,Hongo Japonés,https://www.alba.com.ar/es/paletas-de-colores/hongo-japones-80yr-17-129-1672957,,#826A5C,"130,106,92",Neutros Cálidos,
02YY 22/055,Horno de Arcilla,https://www.alba.com.ar/es/paletas-de-colores/horno-de-arcilla-02yy-22-055-3136915,https://msp.images.akzonobel.com/glb/dh/inspirational-images/Livingroom-233619.png,#847B72,"132,123,114",Neutros Cálidos,
96YR 09/033,Humo Espeso,https://www.alba.com.ar/es/paletas-de-colores/humo-espeso-96yr-09-033-3137273,https://msp.images.akzonobel.com/glb/dh/inspirational-images/Livingroom-233567.png,#514C47,"81,76,71",Neutros Cálidos,
90RR 35/060,Idílico,https://www.alba.com.ar/es/paletas-de-colores/idilico-90rr-35-060-1673226,,#A99898,"169,152,152",Neutros Cálidos,
70YR 33/175,Ingrediente Orgánico,https://www.alba.com.ar/es/paletas-de-colores/ingrediente-organico-70yr-33-175-1672790,,#B7927F,"183,146,127",Neutros Cálidos,
39RR 07/029,Intensidad Nocturna,https://www.alba.com.ar/es/paletas-de-colores/intensidad-nocturna-39rr-07-029-1671963,,#41393B,"65,57,59",Neutros Cálidos,
90RR 22/126,Isla de Palomas,https://www.alba.com.ar/es/paletas-de-colores/isla-de-palomas-90rr-22-126-1673218,,#957575,"149,117,117",Neutros Cálidos,
19YY 15/105,Isla de Pájaros,https://www.alba.com.ar/es/paletas-de-colores/isla-de-pajaros-19yy-15-105-1671431,,#6F614F,"111,97,79",Neutros Cálidos,
20YY 22/129,Jarro de Cerámica,https://www.alba.com.ar/es/paletas-de-colores/jarro-de-ceramica-20yy-22-129-1671443,,#8B7A66,"139,122,102",Neutros Cálidos,
54YR 12/074,Leño Humeante,https://www.alba.com.ar/es/paletas-de-colores/leno-humeante-54yr-12-074-1672438,,#675750,"103,87,80",Neutros Cálidos,
90RR 16/095,Licor de Ciruela,https://www.alba.com.ar/es/paletas-de-colores/licor-de-ciruela-90rr-16-095-1673211,,#7B6364,"123,99,100",Neutros Cálidos,
40YY 69/112,Licor de Maní,https://www.alba.com.ar/es/paletas-de-colores/licor-de-mani-40yy-69-112-1672010,,#E2D5C0,"226,213,192",Neutros Cálidos,
30YY 44/114,Liebre,https://www.alba.com.ar/es/paletas-de-colores/liebre-30yy-44-114-1671858,,#BCAE9A,"188,174,154",Neutros Cálidos,
90RR 64/036,Lila Suave,https://www.alba.com.ar/es/paletas-de-colores/lila-suave-90rr-64-036-1673241,,#D8CFCD,"216,207,205",Neutros Cálidos,
30YY 70/120,Lino Antiguo,https://www.alba.com.ar/es/paletas-de-colores/lino-antiguo-30yy-70-120-1671884,,#E3D5C0,"227,213,192",Neutros Cálidos,
10YY 83/057,Lino Rústico,https://www.alba.com.ar/es/paletas-de-colores/lino-rustico-10yy-83-057-1671333,,#F0E8DD,"240,232,221",Neutros Cálidos,
25YY 54/123,Llanuras Africanas,https://www.alba.com.ar/es/paletas-de-colores/llanuras-africanas-25yy-54-123-1671551,,#CEBEA8,"206,190,168",Neutros Cálidos,
30YR 73/034,Lujo Moderno,https://www.alba.com.ar/es/paletas-de-colores/lujo-moderno-30yr-73-034-1671824,,#E3DAD6,"227,218,214",Neutros Cálidos,
90RR 83/013,Luz de la Pradera,https://www.alba.com.ar/es/paletas-de-colores/luz-de-la-pradera-90rr-83-013-1673248,,#ECE7E4,"236,231,228",Neutros Cálidos,
87YR 12/005,Lápiz Mágico,https://www.alba.com.ar/es/paletas-de-colores/lapiz-magico-87yr-12-005-1673061,,#5B5A58,"91,90,88",Neutros Cálidos,
90YR 34/084,Madera Agrisada,https://www.alba.com.ar/es/paletas-de-colores/madera-agrisada-90yr-34-084-1673266,,#A8998E,"168,153,142",Neutros Cálidos,
40YY 41/054,Madera Ahumada,https://www.alba.com.ar/es/paletas-de-colores/madera-ahumada-40yy-41-054-1671988,,#B0AAA0,"176,170,160",Neutros Cálidos,
07YY 12/071,Magdalena de Cacao,https://www.alba.com.ar/es/paletas-de-colores/magdalena-de-cacao-07yy-12-071-3136936,https://msp.images.akzonobel.com/glb/dh/inspirational-images/Livingroom-233818.png,#63584C,"99,88,76",Neutros Cálidos,
06YY 21/130,Magdalena de Café,https://www.alba.com.ar/es/paletas-de-colores/magdalena-de-cafe-06yy-21-130-3136933,https://msp.images.akzonobel.com/glb/dh/inspirational-images/Livingroom-233822.png,#8A7662,"138,118,98",Neutros Cálidos,
60YR 56/049,Malva China,https://www.alba.com.ar/es/paletas-de-colores/malva-china-60yr-56-049-1672498,,#C9BDB7,"201,189,183",Neutros Cálidos,
50YR 47/057,Malva Gris,https://www.alba.com.ar/es/paletas-de-colores/malva-gris-50yr-47-057-1672349,,#BEB1AB,"190,177,171",Neutros Cálidos,
10YY 14/080,Mangle,https://www.alba.com.ar/es/paletas-de-colores/mangle-10yy-14-080-1671273,,#6E6256,"110,98,86",Neutros Cálidos,
40YY 60/103,Manuscrito,https://www.alba.com.ar/es/paletas-de-colores/manuscrito-40yy-60-103-1671999,,#D4C9B5,"212,201,181",Neutros Cálidos,
46YY 53/062,Mar de Guijarros,https://www.alba.com.ar/es/paletas-de-colores/mar-de-guijarros-46yy-53-062-1672125,,#C3BDB0,"195,189,176",Neutros Cálidos,
45YY 75/110,Marfil Elocuente,https://www.alba.com.ar/es/paletas-de-colores/marfil-elocuente-45yy-75-110-1672106,,#E8DCC6,"232,220,198",Neutros Cálidos,
21YY 82/053,Mariposa Nocturna,https://www.alba.com.ar/es/paletas-de-colores/mariposa-nocturna-21yy-82-053-3137007,https://msp.images.akzonobel.com/glb/dh/inspirational-images/Livingroom-233805.png,#EFE7DC,"239,231,220",Neutros Cálidos,
71YR 08/119,Marrón Artesano,https://www.alba.com.ar/es/paletas-de-colores/marron-artesano-71yr-08-119-1672863,,#604F47,"96,79,71",Neutros Cálidos,
60YR 09/086,Marrón Auténtico,https://www.alba.com.ar/es/paletas-de-colores/marron-autentico-60yr-09-086-1672479,,#5B4941,"91,73,65",Neutros Cálidos,
84RR 05/082,Marrón Bellota,https://www.alba.com.ar/es/paletas-de-colores/marron-bellota-84rr-05-082-1673037,,#482E32,"72,46,50",Neutros Cálidos,
80YR 19/177,Marrón Centenario,https://www.alba.com.ar/es/paletas-de-colores/marron-centenario-80yr-19-177-1672959,,#8D6E5A,"141,110,90",Neutros Cálidos,
90YR 29/096,Marrón Escandinavo,https://www.alba.com.ar/es/paletas-de-colores/marron-escandinavo-90yr-29-096-1673262,,#9E8C7F,"158,140,127",Neutros Cálidos,
50YR 10/151,Marrón Habana,https://www.alba.com.ar/es/paletas-de-colores/marron-habana-50yr-10-151-1672328,,#6A4A3E,"106,74,62",Neutros Cálidos,
20YY 12/163,Marrón Oliva,https://www.alba.com.ar/es/paletas-de-colores/marron-oliva-20yy-12-163-1671439,,#6A583E,"106,88,62",Neutros Cálidos,
70YR 12/077,Marrón Pirata,https://www.alba.com.ar/es/paletas-de-colores/marron-pirata-70yr-12-077-1672777,,#66554D,"102,85,77",Neutros Cálidos,
00YY 09/087,Marrón Pizarra,https://www.alba.com.ar/es/paletas-de-colores/marron-pizarra-00yy-09-087-1670964,,#594B3F,"89,75,63",Neutros Cálidos,
70YR 07/093,Marrón Profundo,https://www.alba.com.ar/es/paletas-de-colores/marron-profundo-70yr-07-093-1672773,,#4E3D34,"78,61,52",Neutros Cálidos,
80YR 42/073,Marrón Progresivo,https://www.alba.com.ar/es/paletas-de-colores/marron-progresivo-80yr-42-073-1672979,,#B9A99F,"185,169,159",Neutros Cálidos,
81YR 38/111,Marrón Tabaco,https://www.alba.com.ar/es/paletas-de-colores/marron-tabaco-81yr-38-111-1673014,,#B59F91,"181,159,145",Neutros Cálidos,
80YR 16/193,Marrón Tostado,https://www.alba.com.ar/es/paletas-de-colores/marron-tostado-80yr-16-193-1672956,,#85634E,"133,99,78",Neutros Cálidos,
50YR 06/081,Marrón Trufa,https://www.alba.com.ar/es/paletas-de-colores/marron-trufa-50yr-06-081-1672324,,#4A3832,"74,56,50",Neutros Cálidos,
20YY 31/106,Matorral,https://www.alba.com.ar/es/paletas-de-colores/matorral-20yy-31-106-1671452,,#A09180,"160,145,128",Neutros Cálidos,
68YY 86/042,Mañana Cálida,https://www.alba.com.ar/es/paletas-de-colores/manana-calida-68yy-86-042-1672614,,#F0ECDF,"240,236,223",Neutros Cálidos,
51YY 74/066,Mañana Inspiradora,https://www.alba.com.ar/es/paletas-de-colores/manana-inspiradora-51yy-74-066-1672412,,#E3DDCF,"227,221,207",Neutros Cálidos,
50YR 13/032,Medianoche,https://www.alba.com.ar/es/paletas-de-colores/medianoche-50yr-13-032-1672330,,#66605C,"102,96,92",Neutros Cálidos,
30YY 69/048,Meditación,https://www.alba.com.ar/es/paletas-de-colores/meditacion-30yy-69-048-1671882,,#DDD7CD,"221,215,205",Neutros Cálidos,
80YR 59/089,Mochaccino,https://www.alba.com.ar/es/paletas-de-colores/mochaccino-80yr-59-089-1672990,,#D6C2B7,"214,194,183",Neutros Cálidos,
73YR 32/063,Molde de Arcilla,https://www.alba.com.ar/es/paletas-de-colores/molde-de-arcilla-73yr-32-063-3137187,https://msp.images.akzonobel.com/glb/dh/inspirational-images/Livingroom-233234.png,#A1948C,"161,148,140",Neutros Cálidos,
79YR 19/096,Molino Marrón,https://www.alba.com.ar/es/paletas-de-colores/molino-marron-79yr-19-096-1672938,,#826F63,"130,111,99",Neutros Cálidos,
94YR 17/076,Moneda Antigua,https://www.alba.com.ar/es/paletas-de-colores/moneda-antigua-94yr-17-076-1673357,,#796C61,"121,108,97",Neutros Cálidos,
70YY 57/098,Montaña Distante,https://www.alba.com.ar/es/paletas-de-colores/montana-distante-70yy-57-098-1672836,,#CBC5B1,"203,197,177",Neutros Cálidos,
10YY 08/093,Mosaico de Piedras,https://www.alba.com.ar/es/paletas-de-colores/mosaico-de-piedras-10yy-08-093-1671268,,#54473B,"84,71,59",Neutros Cálidos,
48YR 06/091,Mousse de Cacao,https://www.alba.com.ar/es/paletas-de-colores/mousse-de-cacao-48yr-06-091-1672142,,#4E3A34,"78,58,52",Neutros Cálidos,
90YR 26/147,Mousse de Café,https://www.alba.com.ar/es/paletas-de-colores/mousse-de-cafe-90yr-26-147-1673261,,#9E8472,"158,132,114",Neutros Cálidos,
30YY 53/124,Muros de Oliva,https://www.alba.com.ar/es/paletas-de-colores/muros-de-oliva-30yy-53-124-3137043,https://msp.images.akzonobel.com/glb/dh/inspirational-images/Livingroom-234102.png,#CCBDA6,"204,189,166",Neutros Cálidos,
45YY 11/200,Musgo Asiático,https://www.alba.com.ar/es/paletas-de-colores/musgo-asiatico-45yy-11-200-1672082,,#645636,"100,86,54",Neutros Cálidos,
70YY 26/137,Musgo Verdoso,https://www.alba.com.ar/es/paletas-de-colores/musgo-verdoso-70yy-26-137-1672820,,#918A70,"145,138,112",Neutros Cálidos,
45YY 20/168,Musgo Ágata,https://www.alba.com.ar/es/paletas-de-colores/musgo-agata-45yy-20-168-1672084,,#847558,"132,117,88",Neutros Cálidos,
70YR 65/054,Místico,https://www.alba.com.ar/es/paletas-de-colores/mistico-70yr-65-054-1672803,,#DBCEC6,"219,206,198",Neutros Cálidos,
50RR 54/018,Natural Urbano,https://www.alba.com.ar/es/paletas-de-colores/natural-urbano-50rr-54-018-1672314,,#C4C0C0,"196,192,192",Neutros Cálidos,
45YY 67/120,Neblina de Otoño,https://www.alba.com.ar/es/paletas-de-colores/neblina-de-otono-45yy-67-120-1672095,,#DCD0B8,"220,208,184",Neutros Cálidos,
46YY 63/147,Neutro Clásico,https://www.alba.com.ar/es/paletas-de-colores/neutro-clasico-46yy-63-147-3137099,https://msp.images.akzonobel.com/glb/dh/inspirational-images/Livingroom-234345.png,#DACCB0,"218,204,176",Neutros Cálidos,
90YR 59/108,Neutro Nepal,https://www.alba.com.ar/es/paletas-de-colores/neutro-nepal-90yr-59-108-1673286,,#D9C4B6,"217,196,182",Neutros Cálidos,
90YR 53/132,Neutro Normandía,https://www.alba.com.ar/es/paletas-de-colores/neutro-normandia-90yr-53-132-1673280,,#D3BAA7,"211,186,167",Neutros Cálidos,
90YR 10/151,Nido de Aves,https://www.alba.com.ar/es/paletas-de-colores/nido-de-aves-90yr-10-151-1673252,,#664D3B,"102,77,59",Neutros Cálidos,
70YY 43/113,Niebla de Tennessee,https://www.alba.com.ar/es/paletas-de-colores/niebla-de-tennessee-70yy-43-113-1672826,,#B1AC96,"177,172,150",Neutros Cálidos,
10YY 54/034,Niebla Romana,https://www.alba.com.ar/es/paletas-de-colores/niebla-romana-10yy-54-034-1671305,,#C5BFB9,"197,191,185",Neutros Cálidos,
50YR 26/023,Niquel,https://www.alba.com.ar/es/paletas-de-colores/niquel-50yr-26-023-1672340,,#8D8885,"141,136,133",Neutros Cálidos,
45YY 73/081,Nube de Arena,https://www.alba.com.ar/es/paletas-de-colores/nube-de-arena-45yy-73-081-3137096,https://msp.images.akzonobel.com/glb/dh/inspirational-images/Livingroom-234334.png,#E1DACA,"225,218,202",Neutros Cálidos,
50YR 65/056,Nuez Moscada,https://www.alba.com.ar/es/paletas-de-colores/nuez-moscada-50yr-65-056-1672358,,#DBCCC6,"219,204,198",Neutros Cálidos,
20YY 45/114,Obelisco,https://www.alba.com.ar/es/paletas-de-colores/obelisco-20yy-45-114-1671468,,#BCAD9A,"188,173,154",Neutros Cálidos,
10YY 09/200,Ocre Italiano,https://www.alba.com.ar/es/paletas-de-colores/ocre-italiano-10yy-09-200-1671269,,#6B5137,"107,81,55",Neutros Cálidos,
20YY 58/082,Oleada,https://www.alba.com.ar/es/paletas-de-colores/oleada-20yy-58-082-1671482,,#D1C5B7,"209,197,183",Neutros Cálidos,
90YR 57/070,Ornamento en Relieve,https://www.alba.com.ar/es/paletas-de-colores/ornamento-en-relieve-90yr-57-070-1673284,,#CFC2B7,"207,194,183",Neutros Cálidos,
20YY 15/245,Oro Minero,https://www.alba.com.ar/es/paletas-de-colores/oro-minero-20yy-15-245-1671441,,#7D623B,"125,98,59",Neutros Cálidos,
55YY 12/069,Oscura Melodía,https://www.alba.com.ar/es/paletas-de-colores/oscura-melodia-55yy-12-069-3137142,https://msp.images.akzonobel.com/glb/dh/inspirational-images/Livingroom-234412.png,#5F5A4C,"95,90,76",Neutros Cálidos,
47RR 10/045,Oscuro Desierto,https://www.alba.com.ar/es/paletas-de-colores/oscuro-desierto-47rr-10-045-1672131,,#54494B,"84,73,75",Neutros Cálidos,
30YY 20/193,Pantanal,https://www.alba.com.ar/es/paletas-de-colores/pantanal-30yy-20-193-1671838,,#8A7455,"138,116,85",Neutros Cálidos,
70YR 46/069,Pardo Chic,https://www.alba.com.ar/es/paletas-de-colores/pardo-chic-70yr-46-069-1672797,,#BEAFA6,"190,175,166",Neutros Cálidos,
00YY 48/171,Paseo del Parque,https://www.alba.com.ar/es/paletas-de-colores/paseo-del-parque-00yy-48-171-1670984,,#CEAF96,"206,175,150",Neutros Cálidos,
10YY 23/184,Pato Silvestre,https://www.alba.com.ar/es/paletas-de-colores/pato-silvestre-10yy-23-184-1671277,,#977C60,"151,124,96",Neutros Cálidos,
50YR 49/098,Pequeña Rosa,https://www.alba.com.ar/es/paletas-de-colores/pequena-rosa-50yr-49-098-1672351,,#CBB3AA,"203,179,170",Neutros Cálidos,
50YY 31/124,Piedra de Huerto,https://www.alba.com.ar/es/paletas-de-colores/piedra-de-huerto-50yy-31-124-1672376,,#9D937C,"157,147,124",Neutros Cálidos,
10YY 30/106,Piedra Esculpida,https://www.alba.com.ar/es/paletas-de-colores/piedra-esculpida-10yy-30-106-1671283,,#9D8E7E,"157,142,126",Neutros Cálidos,
10YR 40/054,Piedra Rosada,https://www.alba.com.ar/es/paletas-de-colores/piedra-rosada-10yr-40-054-1671249,,#B3A4A3,"179,164,163",Neutros Cálidos,
62YR 22/051,Piedra Sofisticada,https://www.alba.com.ar/es/paletas-de-colores/piedra-sofisticada-62yr-22-051-3137157,https://msp.images.akzonobel.com/glb/dh/inspirational-images/Livingroom-233171.png,#857A74,"133,122,116",Neutros Cálidos,
40YY 67/087,Pilar,https://www.alba.com.ar/es/paletas-de-colores/pilar-40yy-67-087-1672007,,#DDD3C2,"221,211,194",Neutros Cálidos,
80YR 44/101,Pimienta Rosa,https://www.alba.com.ar/es/paletas-de-colores/pimienta-rosa-80yr-44-101-1672981,,#BEA99D,"190,169,157",Neutros Cálidos,
90RR 10/119,Pitanga Salvaje,https://www.alba.com.ar/es/paletas-de-colores/pitanga-salvaje-90rr-10-119-1673209,,#67494B,"103,73,75",Neutros Cálidos,
10YY 41/175,Planicies Escocesas,https://www.alba.com.ar/es/paletas-de-colores/planicies-escocesas-10yy-41-175-1671293,,#BEA488,"190,164,136",Neutros Cálidos,
93YR 80/033,Pliegues de Chiffon,https://www.alba.com.ar/es/paletas-de-colores/pliegues-de-chiffon-93yr-80-033-3137267,https://msp.images.akzonobel.com/glb/dh/inspirational-images/Livingroom-233910.png,#ECE5DF,"236,229,223",Neutros Cálidos,
39YY 53/067,Pluma Gris,https://www.alba.com.ar/es/paletas-de-colores/pluma-gris-39yy-53-067-3137073,https://msp.images.akzonobel.com/glb/dh/inspirational-images/Livingroom-234190.png,#C4BDB0,"196,189,176",Neutros Cálidos,
62YR 13/217,Preciosa Pacana,https://www.alba.com.ar/es/paletas-de-colores/preciosa-pacana-62yr-13-217-1672563,,#7C503A,"124,80,58",Neutros Cálidos,
64YY 10/021,Profunda Oscuridad,https://www.alba.com.ar/es/paletas-de-colores/profunda-oscuridad-64yy-10-021-1672578,,#4F4E49,"79,78,73",Neutros Cálidos,
10YY 48/071,Puerto de Piedra,https://www.alba.com.ar/es/paletas-de-colores/puerto-de-piedra-10yy-48-071-1671299,,#C2B6A9,"194,182,169",Neutros Cálidos,
50YY 74/069,Punto de Encuentro,https://www.alba.com.ar/es/paletas-de-colores/punto-de-encuentro-50yy-74-069-1672391,,#E2DBCC,"226,219,204",Neutros Cálidos,
10YY 13/152,Pura Sangre,https://www.alba.com.ar/es/paletas-de-colores/pura-sangre-10yy-13-152-1671272,,#735F49,"115,95,73",Neutros Cálidos,
22YY 32/156,Rama de Invierno,https://www.alba.com.ar/es/paletas-de-colores/rama-de-invierno-22yy-32-156-3137010,https://msp.images.akzonobel.com/glb/dh/inspirational-images/Livingroom-234019.png,#A79278,"167,146,120",Neutros Cálidos,
30YY 47/145,Región Agreste,https://www.alba.com.ar/es/paletas-de-colores/region-agreste-30yy-47-145-1671862,,#C3B198,"195,177,152",Neutros Cálidos,
03YY 59/088,Resplandor Beige,https://www.alba.com.ar/es/paletas-de-colores/resplandor-beige-03yy-59-088-1671019,,#D4C5B6,"212,197,182",Neutros Cálidos,
08YY 72/077,Resplandor de Marfil,https://www.alba.com.ar/es/paletas-de-colores/resplandor-de-marfil-08yy-72-077-3136942,https://msp.images.akzonobel.com/glb/dh/inspirational-images/Livingroom-233752.png,#E6D9CC,"230,217,204",Neutros Cálidos,
10YY 65/095,Ritual Blanco,https://www.alba.com.ar/es/paletas-de-colores/ritual-blanco-10yy-65-095-3136954,https://msp.images.akzonobel.com/glb/dh/inspirational-images/Livingroom-233811.png,#DECEBE,"222,206,190",Neutros Cálidos,
06YY 08/048,Roble Magnífico,https://www.alba.com.ar/es/paletas-de-colores/roble-magnifico-06yy-08-048-3136932,https://msp.images.akzonobel.com/glb/dh/inspirational-images/Livingroom-233816.png,#4A423A,"74,66,58",Neutros Cálidos,
21YY 45/060,Rocas en Movimiento,https://www.alba.com.ar/es/paletas-de-colores/rocas-en-movimiento-21yy-45-060-3137005,https://msp.images.akzonobel.com/glb/dh/inspirational-images/Livingroom-233997.png,#B7AFA4,"183,175,164",Neutros Cálidos,
10YR 07/125,Rojo Marruecos,https://www.alba.com.ar/es/paletas-de-colores/rojo-marruecos-10yr-07-125-1671228,,#573A38,"87,58,56",Neutros Cálidos,
12YR 45/079,Rosa Adamascado,https://www.alba.com.ar/es/paletas-de-colores/rosa-adamascado-12yr-45-079-1671357,,#C1ACA9,"193,172,169",Neutros Cálidos,
90YR 33/167,Rosa de Arena,https://www.alba.com.ar/es/paletas-de-colores/rosa-de-arena-90yr-33-167-1673265,,#B1937D,"177,147,125",Neutros Cálidos,
30YR 48/074,Rosa Muralla,https://www.alba.com.ar/es/paletas-de-colores/rosa-muralla-30yr-48-074-1671816,,#C4B1AC,"196,177,172",Neutros Cálidos,
60YR 41/072,Rosa Plissê,https://www.alba.com.ar/es/paletas-de-colores/rosa-plisse-60yr-41-072-1672493,,#B5A49D,"181,164,157",Neutros Cálidos,
30YR 40/061,Rubor Chocolate,https://www.alba.com.ar/es/paletas-de-colores/rubor-chocolate-30yr-40-061-1671813,,#B4A4A0,"180,164,160",Neutros Cálidos,
25YY 46/170,Sabor a Té,https://www.alba.com.ar/es/paletas-de-colores/sabor-a-te-25yy-46-170-3137028,https://msp.images.akzonobel.com/glb/dh/inspirational-images/Livingroom-234014.png,#C5AF92,"197,175,146",Neutros Cálidos,
30YY 36/185,Safari Africano,https://www.alba.com.ar/es/paletas-de-colores/safari-africano-30yy-36-185-1671851,,#B29C7D,"178,156,125",Neutros Cálidos,
17YY 16/022,Sagrado Gris,https://www.alba.com.ar/es/paletas-de-colores/sagrado-gris-17yy-16-022-1671411,,#6C6965,"108,105,101",Neutros Cálidos,
52YY 55/131,Salón Neutral,https://www.alba.com.ar/es/paletas-de-colores/salon-neutral-52yy-55-131-3137125,https://msp.images.akzonobel.com/glb/dh/inspirational-images/Livingroom-234410.png,#CBC0A7,"203,192,167",Neutros Cálidos,
10YY 27/060,Sargazo,https://www.alba.com.ar/es/paletas-de-colores/sargazo-10yy-27-060-1671281,,#92897F,"146,137,127",Neutros Cálidos,
20YY 67/084,Seda Damasco,https://www.alba.com.ar/es/paletas-de-colores/seda-damasco-20yy-67-084-1671491,,#DBCFC0,"219,207,192",Neutros Cálidos,
30YR 64/044,Seda Ondulada,https://www.alba.com.ar/es/paletas-de-colores/seda-ondulada-30yr-64-044-1671820,,#D8CCC8,"216,204,200",Neutros Cálidos,
60YR 33/047,Senda para Caminata,https://www.alba.com.ar/es/paletas-de-colores/senda-para-caminata-60yr-33-047-1672489,,#A09591,"160,149,145",Neutros Cálidos,
00YY 44/107,Sendero,https://www.alba.com.ar/es/paletas-de-colores/sendero-00yy-44-107-1670983,,#BFAC9C,"191,172,156",Neutros Cálidos,
51YR 48/101,Sendero del Desierto,https://www.alba.com.ar/es/paletas-de-colores/sendero-del-desierto-51yr-48-101-1672410,,#C9B1A8,"201,177,168",Neutros Cálidos,
33YY 65/106,Sendero en el Sahara,https://www.alba.com.ar/es/paletas-de-colores/sendero-en-el-sahara-33yy-65-106-3137054,https://msp.images.akzonobel.com/glb/dh/inspirational-images/Livingroom-234096.png,#DBCFBB,"219,207,187",Neutros Cálidos,
33YR 48/037,Sensación de Humo,https://www.alba.com.ar/es/paletas-de-colores/sensacion-de-humo-33yr-48-037-1671920,,#BEB4B1,"190,180,177",Neutros Cálidos,
19YY 61/057,Sensación de Piedra,https://www.alba.com.ar/es/paletas-de-colores/sensacion-de-piedra-19yy-61-057-3136998,https://msp.images.akzonobel.com/glb/dh/inspirational-images/Livingroom-233996.png,#D2CABF,"210,202,191",Neutros Cálidos,
08YR 70/012,Sensación Espaciosa,https://www.alba.com.ar/es/paletas-de-colores/sensacion-espaciosa-08yr-70-012-1671056,,#DBD7D5,"219,215,213",Neutros Cálidos,
30YY 20/029,Sierra,https://www.alba.com.ar/es/paletas-de-colores/sierra-30yy-20-029-1671837,,#7D7974,"125,121,116",Neutros Cálidos,
90RR 31/100,Silencio Violeta,https://www.alba.com.ar/es/paletas-de-colores/silencio-violeta-90rr-31-100-1673224,,#A78E8E,"167,142,142",Neutros Cálidos,
30YY 41/165,Sisal Suave,https://www.alba.com.ar/es/paletas-de-colores/sisal-suave-30yy-41-165-1671855,,#BCA88B,"188,168,139",Neutros Cálidos,
50YR 62/008,Sombra Blanca,https://www.alba.com.ar/es/paletas-de-colores/sombra-blanca-50yr-62-008-1672356,,#CDCBC9,"205,203,201",Neutros Cálidos,
16YR 12/037,Sombras de Acero,https://www.alba.com.ar/es/paletas-de-colores/sombras-de-acero-16yr-12-037-3136988,https://msp.images.akzonobel.com/glb/dh/inspirational-images/Livingroom-232634.png,#5F5654,"95,86,84",Neutros Cálidos,
50YR 64/045,Su Santuario,https://www.alba.com.ar/es/paletas-de-colores/su-santuario-50yr-64-045-1672357,,#D7CCC7,"215,204,199",Neutros Cálidos,
70YY 09/175,Suelo de Floresta,https://www.alba.com.ar/es/paletas-de-colores/suelo-de-floresta-70yy-09-175-1672813,,#5A5335,"90,83,53",Neutros Cálidos,
48YY 12/123,Suelo del Bosque,https://www.alba.com.ar/es/paletas-de-colores/suelo-del-bosque-48yy-12-123-1672146,,#625841,"98,88,65",Neutros Cálidos,
58YY 72/095,Suelo Dorado,https://www.alba.com.ar/es/paletas-de-colores/suelo-dorado-58yy-72-095-3137149,https://msp.images.akzonobel.com/glb/dh/inspirational-images/Livingroom-234454.png,#E1DAC7,"225,218,199",Neutros Cálidos,
50YR 16/127,Tierra Brasileña,https://www.alba.com.ar/es/paletas-de-colores/tierra-brasilena-50yr-16-127-1672333,,#7F6359,"127,99,89",Neutros Cálidos,
00YY 07/093,Tierra Lejana,https://www.alba.com.ar/es/paletas-de-colores/tierra-lejana-00yy-07-093-1670963,,#4D3F33,"77,63,51",Neutros Cálidos,
09YY 28/180,Tierra Rocosa,https://www.alba.com.ar/es/paletas-de-colores/tierra-rocosa-09yy-28-180-1671064,,#A1876A,"161,135,106",Neutros Cálidos,
50YY 27/105,Tierra Urbana,https://www.alba.com.ar/es/paletas-de-colores/tierra-urbana-50yy-27-105-3137119,https://msp.images.akzonobel.com/glb/dh/inspirational-images/Livingroom-234343.png,#908874,"144,136,116",Neutros Cálidos,
80YR 21/118,Tinaja Antigua,https://www.alba.com.ar/es/paletas-de-colores/tinaja-antigua-80yr-21-118-1672962,,#8C7567,"140,117,103",Neutros Cálidos,
82RR 10/097,Toque de Arcilla,https://www.alba.com.ar/es/paletas-de-colores/toque-de-arcilla-82rr-10-097-1673019,,#5F4546,"95,69,70",Neutros Cálidos,
80YR 11/151,Toque de Madera,https://www.alba.com.ar/es/paletas-de-colores/toque-de-madera-80yr-11-151-1672953,,#6C5141,"108,81,65",Neutros Cálidos,
80YR 67/085,Toque de Nuez Moscada,https://www.alba.com.ar/es/paletas-de-colores/toque-de-nuez-moscada-80yr-67-085-1672993,,#E1CFC3,"225,207,195",Neutros Cálidos,
47YY 62/143,Toque de Pardo,https://www.alba.com.ar/es/paletas-de-colores/toque-de-pardo-47yy-62-143-1672136,,#D6C9AD,"214,201,173",Neutros Cálidos,
02YY 32/054,Torre de Tierra,https://www.alba.com.ar/es/paletas-de-colores/torre-de-tierra-02yy-32-054-3136916,https://msp.images.akzonobel.com/glb/dh/inspirational-images/Livingroom-233620.png,#9D948B,"157,148,139",Neutros Cálidos,
30YR 29/118,Tradición Antigua,https://www.alba.com.ar/es/paletas-de-colores/tradicion-antigua-30yr-29-118-1671809,,#A78A84,"167,138,132",Neutros Cálidos,
10YY 35/094,Trigo Neutro,https://www.alba.com.ar/es/paletas-de-colores/trigo-neutro-10yy-35-094-1671286,,#A99A8C,"169,154,140",Neutros Cálidos,
70YR 09/086,Tronco de Sándalo,https://www.alba.com.ar/es/paletas-de-colores/tronco-de-sandalo-70yr-09-086-1672775,,#5B4A41,"91,74,65",Neutros Cálidos,
30YY 12/263,Tronco de Árbol,https://www.alba.com.ar/es/paletas-de-colores/tronco-de-arbol-30yy-12-263-1671834,,#745D36,"116,93,54",Neutros Cálidos,
48YY 38/109,Trueno del Atardecer,https://www.alba.com.ar/es/paletas-de-colores/trueno-del-atardecer-48yy-38-109-3137105,https://msp.images.akzonobel.com/glb/dh/inspirational-images/Livingroom-234341.png,#ABA18D,"171,161,141",Neutros Cálidos,
30YR 15/112,Trufa de Chocolate,https://www.alba.com.ar/es/paletas-de-colores/trufa-de-chocolate-30yr-15-112-1671800,,#7C625C,"124,98,92",Neutros Cálidos,
30YY 09/175,Tundra,https://www.alba.com.ar/es/paletas-de-colores/tundra-30yy-09-175-1671831,,#645239,"100,82,57",Neutros Cálidos,
67YR 56/055,Turrón de Almendra,https://www.alba.com.ar/es/paletas-de-colores/turron-de-almendra-67yr-56-055-3137177,https://msp.images.akzonobel.com/glb/dh/inspirational-images/Livingroom-233136.png,#CDC0B9,"205,192,185",Neutros Cálidos,
00YY 19/261,Támara,https://www.alba.com.ar/es/paletas-de-colores/tamara-00yy-19-261-1670970,,#906A46,"144,106,70",Neutros Cálidos,
80YR 21/226,Té de la Tarde,https://www.alba.com.ar/es/paletas-de-colores/te-de-la-tarde-80yr-21-226-1672963,,#9A7259,"154,114,89",Neutros Cálidos,
70YR 66/070,Té de Vainilla,https://www.alba.com.ar/es/paletas-de-colores/te-de-vainilla-70yr-66-070-1672804,,#DFCFC6,"223,207,198",Neutros Cálidos,
60YY 33/130,Verde Caqui,https://www.alba.com.ar/es/paletas-de-colores/verde-caqui-60yy-33-130-1672514,,#9E967E,"158,150,126",Neutros Cálidos,
70YY 65/090,Verde Iónico,https://www.alba.com.ar/es/paletas-de-colores/verde-ionico-70yy-65-090-1672841,,#D4CFBC,"212,207,188",Neutros Cálidos,
70YY 18/152,Vergel Verde,https://www.alba.com.ar/es/paletas-de-colores/vergel-verde-70yy-18-152-1672815,,#787256,"120,114,86",Neutros Cálidos,
44YY 65/034,Vida Urbana,https://www.alba.com.ar/es/paletas-de-colores/vida-urbana-44yy-65-034-1672067,,#CECCC3,"206,204,195",Neutros Cálidos,
50YR 22/052,Vidrio Ahumado,https://www.alba.com.ar/es/paletas-de-colores/vidrio-ahumado-50yr-22-052-1672337,,#857873,"133,120,115",Neutros Cálidos,
30YR 63/031,Vitral Romano,https://www.alba.com.ar/es/paletas-de-colores/vitral-romano-30yr-63-031-1671819,,#D4CCC9,"212,204,201",Neutros Cálidos,
30YY 46/036,Zepelín,https://www.alba.com.ar/es/paletas-de-colores/zepelin-30yy-46-036-1671859,,#B7B3AC,"183,179,172",Neutros Cálidos,
00NN 13/000,Ágata de Islandia,https://www.alba.com.ar/es/paletas-de-colores/agata-de-islandia-00nn-13-000-1670949,,#555656,"85,86,86",Neutros Cálidos,
12BB 35/025,Adoquín,https://www.alba.com.ar/es/paletas-de-colores/adoquin-12bb-35-025-3136962,https://msp.images.akzonobel.com/glb/dh/inspirational-images/Livingroom-236882.png,#9A9EA0,"154,158,160",Neutros Fríos,
30BG 72/017,Alpes Suizos,https://www.alba.com.ar/es/paletas-de-colores/alpes-suizos-30bg-72-017-1671652,,#D6DAD7,"214,218,215",Neutros Fríos,
81BG 12/055,Anochecer en el Lago,https://www.alba.com.ar/es/paletas-de-colores/anochecer-en-el-lago-81bg-12-055-3137210,https://msp.images.akzonobel.com/glb/dh/inspirational-images/Livingroom-236699.png,#4E5A60,"78,90,96",Neutros Fríos,
10GG 38/038,Arbusto del Campo,https://www.alba.com.ar/es/paletas-de-colores/arbusto-del-campo-10gg-38-038-1671131,,#9DA5A0,"157,165,160",Neutros Fríos,
50GY 45/037,Artemisa,https://www.alba.com.ar/es/paletas-de-colores/artemisa-50gy-45-037-1672254,,#AFB4AC,"175,180,172",Neutros Fríos,
02BB 81/030,Aventura en Esquí,https://www.alba.com.ar/es/paletas-de-colores/aventura-en-esqui-02bb-81-030-1671011,,#E1E7EA,"225,231,234",Neutros Fríos,
90BG 17/090,Azul Astral,https://www.alba.com.ar/es/paletas-de-colores/azul-astral-90bg-17-090-1673113,,#5E717B,"94,113,123",Neutros Fríos,
70BG 40/050,Azul Balneario,https://www.alba.com.ar/es/paletas-de-colores/azul-balneario-70bg-40-050-1672664,,#9DAAAE,"157,170,174",Neutros Fríos,
70BG 28/060,Azul Burgués,https://www.alba.com.ar/es/paletas-de-colores/azul-burgues-70bg-28-060-1672660,,#829096,"130,144,150",Neutros Fríos,
70BG 68/056,Azul Celestial,https://www.alba.com.ar/es/paletas-de-colores/azul-celestial-70bg-68-056-1672673,,#CCD9DD,"204,217,221",Neutros Fríos,
90BG 41/040,Azul Chal,https://www.alba.com.ar/es/paletas-de-colores/azul-chal-90bg-41-040-1673124,,#A0A9AE,"160,169,174",Neutros Fríos,
50BG 76/023,Azul Plata,https://www.alba.com.ar/es/paletas-de-colores/azul-plata-50bg-76-023-1672207,,#DBE1E1,"219,225,225",Neutros Fríos,
30BG 56/045,Azul Pálido,https://www.alba.com.ar/es/paletas-de-colores/azul-palido-30bg-56-045-1671648,,#B7C3C5,"183,195,197",Neutros Fríos,
30BB 45/015,Azul Surrealista,https://www.alba.com.ar/es/paletas-de-colores/azul-surrealista-30bb-45-015-1671609,,#AFB1B3,"175,177,179",Neutros Fríos,
21BB 12/077,Ballena Boreal,https://www.alba.com.ar/es/paletas-de-colores/ballena-boreal-21bb-12-077-1671509,,#4E5B66,"78,91,102",Neutros Fríos,
30BB 31/022,Banderín Gris,https://www.alba.com.ar/es/paletas-de-colores/banderin-gris-30bb-31-022-1671603,,#909396,"144,147,150",Neutros Fríos,
90YY 83/036,Blanco Estrella,https://www.alba.com.ar/es/paletas-de-colores/blanco-estrella-90yy-83-036-1673331,,#EBE9E0,"235,233,224",Neutros Fríos,
41BG 76/025,Blanco Laguna,https://www.alba.com.ar/es/paletas-de-colores/blanco-laguna-41bg-76-025-1672031,,#D9E1E0,"217,225,224",Neutros Fríos,
83YY 45/055,Calma Gris,https://www.alba.com.ar/es/paletas-de-colores/calma-gris-83yy-45-055-3137228,https://msp.images.akzonobel.com/glb/dh/inspirational-images/Livingroom-234877.png,#B2B1A5,"178,177,165",Neutros Fríos,
78BG 12/032,Campo Magnético,https://www.alba.com.ar/es/paletas-de-colores/campo-magnetico-78bg-12-032-1672916,,#555C5E,"85,92,94",Neutros Fríos,
20GY 46/067,Caqui Luminoso,https://www.alba.com.ar/es/paletas-de-colores/caqui-luminoso-20gy-46-067-3136999,https://msp.images.akzonobel.com/glb/dh/inspirational-images/Livingroom-235172.png,#AFB3A5,"175,179,165",Neutros Fríos,
88BG 62/005,Carbonilla Claro,https://www.alba.com.ar/es/paletas-de-colores/carbonilla-claro-88bg-62-005-3137245,https://msp.images.akzonobel.com/glb/dh/inspirational-images/Livingroom-236055.png,#CBCCCB,"203,204,203",Neutros Fríos,
00BB 06/017,Caudal Gris,https://www.alba.com.ar/es/paletas-de-colores/caudal-gris-00bb-06-017-1670947,,#36393A,"54,57,58",Neutros Fríos,
10GG 21/050,Cemento Quemado,https://www.alba.com.ar/es/paletas-de-colores/cemento-quemado-10gg-21-050-1671125,,#757E78,"117,126,120",Neutros Fríos,
30BG 49/047,Cielo Canadiense,https://www.alba.com.ar/es/paletas-de-colores/cielo-canadiense-30bg-49-047-1671647,,#ADB9BB,"173,185,187",Neutros Fríos,
90BG 25/079,Cielo Iluminado,https://www.alba.com.ar/es/paletas-de-colores/cielo-iluminado-90bg-25-079-1673117,,#778790,"119,135,144",Neutros Fríos,
46YY 33/057,Cola de Elefante,https://www.alba.com.ar/es/paletas-de-colores/cola-de-elefante-46yy-33-057-3137097,https://msp.images.akzonobel.com/glb/dh/inspirational-images/Livingroom-234287.png,#9C968B,"156,150,139",Neutros Fríos,
89YY 80/039,Copo de Nieve Eterno,https://www.alba.com.ar/es/paletas-de-colores/copo-de-nieve-eterno-89yy-80-039-3137253,https://msp.images.akzonobel.com/glb/dh/inspirational-images/Livingroom-235167.png,#E7E6DD,"231,230,221",Neutros Fríos,
70GY 72/025,Corrida de Obstáculos,https://www.alba.com.ar/es/paletas-de-colores/corrida-de-obstaculos-70gy-72-025-1672714,,#D7DAD5,"215,218,213",Neutros Fríos,
00NN 16/000,Cosmos,https://www.alba.com.ar/es/paletas-de-colores/cosmos-00nn-16-000-1670950,,#666665,"102,102,101",Neutros Fríos,
53BB 36/004,Costura Gris,https://www.alba.com.ar/es/paletas-de-colores/costura-gris-53bb-36-004-3137127,https://msp.images.akzonobel.com/glb/dh/inspirational-images/Livingroom-236051.png,#9E9F9E,"158,159,158",Neutros Fríos,
99YY 55/056,Cria de Nutria,https://www.alba.com.ar/es/paletas-de-colores/cria-de-nutria-99yy-55-056-3137286,https://msp.images.akzonobel.com/glb/dh/inspirational-images/Livingroom-234983.png,#C0C1B5,"192,193,181",Neutros Fríos,
30BB 05/022,Cristal de Turmalina,https://www.alba.com.ar/es/paletas-de-colores/cristal-de-turmalina-30bb-05-022-1671585,,#343639,"52,54,57",Neutros Fríos,
82YY 67/046,Despertar,https://www.alba.com.ar/es/paletas-de-colores/despertar-82yy-67-046-1673024,,#D6D5CB,"214,213,203",Neutros Fríos,
81YY 73/041,Dunas Grises,https://www.alba.com.ar/es/paletas-de-colores/dunas-grises-81yy-73-041-3137216,https://msp.images.akzonobel.com/glb/dh/inspirational-images/Livingroom-235166.png,#DEDDD3,"222,221,211",Neutros Fríos,
50BG 38/011,Día de Lluvia,https://www.alba.com.ar/es/paletas-de-colores/dia-de-lluvia-50bg-38-011-1672196,,#A2A5A5,"162,165,165",Neutros Fríos,
90GY 46/056,Día Ventoso,https://www.alba.com.ar/es/paletas-de-colores/dia-ventoso-90gy-46-056-1673175,,#A9B4AB,"169,180,171",Neutros Fríos,
90BG 08/075,Eclipse,https://www.alba.com.ar/es/paletas-de-colores/eclipse-90bg-08-075-1673107,,#394A53,"57,74,83",Neutros Fríos,
50GY 53/033,Escarcha de Jade,https://www.alba.com.ar/es/paletas-de-colores/escarcha-de-jade-50gy-53-033-1672258,,#BCC1BA,"188,193,186",Neutros Fríos,
30BB 45/049,Esgrima,https://www.alba.com.ar/es/paletas-de-colores/esgrima-30bb-45-049-1671610,,#AAB2B9,"170,178,185",Neutros Fríos,
60RR 07/002,Espacio de Fantasía,https://www.alba.com.ar/es/paletas-de-colores/espacio-de-fantasia-60rr-07-002-3137150,https://msp.images.akzonobel.com/glb/dh/inspirational-images/Livingroom-236043.png,#3F3E3E,"63,62,62",Neutros Fríos,
10GG 62/026,Espejo de Agua,https://www.alba.com.ar/es/paletas-de-colores/espejo-de-agua-10gg-62-026-1671139,,#C9CFCB,"201,207,203",Neutros Fríos,
84BG 66/028,Espíritu Osado,https://www.alba.com.ar/es/paletas-de-colores/espiritu-osado-84bg-66-028-3137233,https://msp.images.akzonobel.com/glb/dh/inspirational-images/Livingroom-236885.png,#CDD3D5,"205,211,213",Neutros Fríos,
18BB 18/075,Estación Tormentosa,https://www.alba.com.ar/es/paletas-de-colores/estacion-tormentosa-18bb-18-075-1671414,,#63707B,"99,112,123",Neutros Fríos,
30GY 40/029,Estaño,https://www.alba.com.ar/es/paletas-de-colores/estano-30gy-40-029-1671717,,#A4A7A1,"164,167,161",Neutros Fríos,
30BB 31/043,Estilo Elegante,https://www.alba.com.ar/es/paletas-de-colores/estilo-elegante-30bb-31-043-1671604,,#90969C,"144,150,156",Neutros Fríos,
70YY 46/053,Estuco Envejecido,https://www.alba.com.ar/es/paletas-de-colores/estuco-envejecido-70yy-46-053-1672827,,#B6B4A9,"182,180,169",Neutros Fríos,
90BG 72/038,Etéreo,https://www.alba.com.ar/es/paletas-de-colores/etereo-90bg-72-038-1673133,,#D5DDE0,"213,221,224",Neutros Fríos,
30BG 72/034,Euforia,https://www.alba.com.ar/es/paletas-de-colores/euforia-30bg-72-034-1671653,,#D5DEDE,"213,222,222",Neutros Fríos,
89BG 09/087,Explosión de Gris,https://www.alba.com.ar/es/paletas-de-colores/explosion-de-gris-89bg-09-087-3137249,https://msp.images.akzonobel.com/glb/dh/inspirational-images/Livingroom-236703.png,#364A55,"54,74,85",Neutros Fríos,
30BG 31/022,Gris Alambre,https://www.alba.com.ar/es/paletas-de-colores/gris-alambre-30bg-31-022-1671641,,#8F9596,"143,149,150",Neutros Fríos,
00NN 62/000,Gris Alpino,https://www.alba.com.ar/es/paletas-de-colores/gris-alpino-00nn-62-000-1670956,,#CCCCCB,"204,204,203",Neutros Fríos,
40YY 20/081,Gris Altiplano,https://www.alba.com.ar/es/paletas-de-colores/gris-altiplano-40yy-20-081-1671982,,#7D7668,"125,118,104",Neutros Fríos,
90BG 44/049,Gris Azulado,https://www.alba.com.ar/es/paletas-de-colores/gris-azulado-90bg-44-049-3137255,https://msp.images.akzonobel.com/glb/dh/inspirational-images/Livingroom-236698.png,#A7B1B6,"167,177,182",Neutros Fríos,
50BG 74/020,Gris Ballena,https://www.alba.com.ar/es/paletas-de-colores/gris-ballena-50bg-74-020-3137115,https://msp.images.akzonobel.com/glb/dh/inspirational-images/Livingroom-236688.png,#D9DEDF,"217,222,223",Neutros Fríos,
50YY 47/053,Gris Bismuto,https://www.alba.com.ar/es/paletas-de-colores/gris-bismuto-50yy-47-053-1672381,,#B7B3A8,"183,179,168",Neutros Fríos,
94GY 66/038,Gris Borroso,https://www.alba.com.ar/es/paletas-de-colores/gris-borroso-94gy-66-038-3137268,https://msp.images.akzonobel.com/glb/dh/inspirational-images/Livingroom-235668.png,#CDD4CE,"205,212,206",Neutros Fríos,
90YY 33/062,Gris Brezo,https://www.alba.com.ar/es/paletas-de-colores/gris-brezo-90yy-33-062-1673313,,#9C9B8E,"156,155,142",Neutros Fríos,
03BB 17/015,Gris Cable,https://www.alba.com.ar/es/paletas-de-colores/gris-cable-03bb-17-015-3136919,https://msp.images.akzonobel.com/glb/dh/inspirational-images/Livingroom-236687.png,#676A6B,"103,106,107",Neutros Fríos,
96YY 66/036,Gris Chic,https://www.alba.com.ar/es/paletas-de-colores/gris-chic-96yy-66-036-3137277,https://msp.images.akzonobel.com/glb/dh/inspirational-images/Livingroom-235162.png,#D3D3CB,"211,211,203",Neutros Fríos,
79GY 59/017,Gris Elefante,https://www.alba.com.ar/es/paletas-de-colores/gris-elefante-79gy-59-017-1672936,,#C5C7C3,"197,199,195",Neutros Fríos,
30GG 52/011,Gris Escarcha,https://www.alba.com.ar/es/paletas-de-colores/gris-escarcha-30gg-52-011-1671680,,#B8BBB9,"184,187,185",Neutros Fríos,
17GY 68/005,Gris Fantasma,https://www.alba.com.ar/es/paletas-de-colores/gris-fantasma-17gy-68-005-1671408,,#D4D4D2,"212,212,210",Neutros Fríos,
00NN 37/000,Gris Granito,https://www.alba.com.ar/es/paletas-de-colores/gris-granito-00nn-37-000-1670954,,#9D9E9D,"157,158,157",Neutros Fríos,
52GY 24/050,Gris Hamster,https://www.alba.com.ar/es/paletas-de-colores/gris-hamster-52gy-24-050-3137123,https://msp.images.akzonobel.com/glb/dh/inspirational-images/Livingroom-235313.png,#7B8178,"123,129,120",Neutros Fríos,
90YY 40/058,Gris Hierba,https://www.alba.com.ar/es/paletas-de-colores/gris-hierba-90yy-40-058-1673316,,#A7A89C,"167,168,156",Neutros Fríos,
90BG 30/073,Gris Humo,https://www.alba.com.ar/es/paletas-de-colores/gris-humo-90bg-30-073-1673120,,#84939C,"132,147,156",Neutros Fríos,
00NN 31/000,Gris Icono,https://www.alba.com.ar/es/paletas-de-colores/gris-icono-00nn-31-000-1670953,,#8F908F,"143,144,143",Neutros Fríos,
97YY 24/045,Gris Icónico,https://www.alba.com.ar/es/paletas-de-colores/gris-iconico-97yy-24-045-3137278,https://msp.images.akzonobel.com/glb/dh/inspirational-images/Livingroom-235011.png,#818278,"129,130,120",Neutros Fríos,
92BG 08/031,Gris Intenso,https://www.alba.com.ar/es/paletas-de-colores/gris-intenso-92bg-08-031-1673343,,#3D4448,"61,68,72",Neutros Fríos,
90YY 63/044,Gris Lechuza,https://www.alba.com.ar/es/paletas-de-colores/gris-lechuza-90yy-63-044-1673325,,#D0D0C6,"208,208,198",Neutros Fríos,
50BG 14/036,Gris Maravilloso,https://www.alba.com.ar/es/paletas-de-colores/gris-maravilloso-50bg-14-036-1672189,,#5B6466,"91,100,102",Neutros Fríos,
44GG 08/039,Gris Misterioso,https://www.alba.com.ar/es/paletas-de-colores/gris-misterioso-44gg-08-039-1672064,,#384340,"56,67,64",Neutros Fríos,
40YY 25/074,Gris Montaña,https://www.alba.com.ar/es/paletas-de-colores/gris-montana-40yy-25-074-1671983,,#8A8376,"138,131,118",Neutros Fríos,
30BB 10/019,Gris Noble,https://www.alba.com.ar/es/paletas-de-colores/gris-noble-30bb-10-019-1671589,,#4D4F52,"77,79,82",Neutros Fríos,
20BB 08/051,Gris Nocturno,https://www.alba.com.ar/es/paletas-de-colores/gris-nocturno-20bb-08-051-1671435,,#3D454D,"61,69,77",Neutros Fríos,
90BG 16/060,Gris Nórdico,https://www.alba.com.ar/es/paletas-de-colores/gris-nordico-90bg-16-060-1673112,,#626D74,"98,109,116",Neutros Fríos,
95BG 49/025,Gris Plata,https://www.alba.com.ar/es/paletas-de-colores/gris-plata-95bg-49-025-3137270,https://msp.images.akzonobel.com/glb/dh/inspirational-images/Livingroom-236883.png,#B2B8BA,"178,184,186",Neutros Fríos,
08GY 19/067,Gris Relajante,https://www.alba.com.ar/es/paletas-de-colores/gris-relajante-08gy-19-067-1671053,,#717366,"113,115,102",Neutros Fríos,
31BG 26/004,Gris Sofisticado,https://www.alba.com.ar/es/paletas-de-colores/gris-sofisticado-31bg-26-004-1671903,,#878888,"135,136,136",Neutros Fríos,
00NN 25/000,Gris Titanio,https://www.alba.com.ar/es/paletas-de-colores/gris-titanio-00nn-25-000-1670952,,#808080,"128,128,128",Neutros Fríos,
00NN 20/000,Gris Urbano,https://www.alba.com.ar/es/paletas-de-colores/gris-urbano-00nn-20-000-1670951,,#737372,"115,115,114",Neutros Fríos,
64GY 14/039,Gris Vigoroso,https://www.alba.com.ar/es/paletas-de-colores/gris-vigoroso-64gy-14-039-3137163,https://msp.images.akzonobel.com/glb/dh/inspirational-images/Livingroom-235385.png,#5C615A,"92,97,90",Neutros Fríos,
37GY 38/050,Guijarro Matinal,https://www.alba.com.ar/es/paletas-de-colores/guijarro-matinal-37gy-38-050-3137066,https://msp.images.akzonobel.com/glb/dh/inspirational-images/Livingroom-235206.png,#9DA298,"157,162,152",Neutros Fríos,
28GG 22/002,Hebilla de Plata,https://www.alba.com.ar/es/paletas-de-colores/hebilla-de-plata-28gg-22-002-1671573,,#7D7D7C,"125,125,124",Neutros Fríos,
61GY 11/019,Hierro Envejecido,https://www.alba.com.ar/es/paletas-de-colores/hierro-envejecido-61gy-11-019-1672551,,#4F514D,"79,81,77",Neutros Fríos,
72BG 75/023,Himalaya,https://www.alba.com.ar/es/paletas-de-colores/himalaya-72bg-75-023-1672866,,#DBE0E0,"219,224,224",Neutros Fríos,
10BB 73/039,Horizonte,https://www.alba.com.ar/es/paletas-de-colores/horizonte-10bb-73-039-1671094,,#D7DDE1,"215,221,225",Neutros Fríos,
30BB 16/031,Intercostero,https://www.alba.com.ar/es/paletas-de-colores/intercostero-30bb-16-031-1671595,,#686D70,"104,109,112",Neutros Fríos,
45GY 55/052,Jeans Grises,https://www.alba.com.ar/es/paletas-de-colores/jeans-grises-45gy-55-052-3137091,https://msp.images.akzonobel.com/glb/dh/inspirational-images/Livingroom-235244.png,#BDC3B9,"189,195,185",Neutros Fríos,
90BG 35/068,Juego de Sombras,https://www.alba.com.ar/es/paletas-de-colores/juego-de-sombras-90bg-35-068-1673122,,#8F9EA5,"143,158,165",Neutros Fríos,
70BG 72/043,Luz Azul,https://www.alba.com.ar/es/paletas-de-colores/luz-azul-70bg-72-043-1672676,,#D3DDE0,"211,221,224",Neutros Fríos,
49BB 14/046,Luz de Sabiduría,https://www.alba.com.ar/es/paletas-de-colores/luz-de-sabiduria-49bb-14-046-1672149,,#60666C,"96,102,108",Neutros Fríos,
60YY 65/082,Luz Silenciosa,https://www.alba.com.ar/es/paletas-de-colores/luz-silenciosa-60yy-65-082-1672524,,#D5D0BF,"213,208,191",Neutros Fríos,
61BG 68/049,Mar Silencioso,https://www.alba.com.ar/es/paletas-de-colores/mar-silencioso-61bg-68-049-3137152,https://msp.images.akzonobel.com/glb/dh/inspirational-images/Livingroom-236602.png,#CBD7DA,"203,215,218",Neutros Fríos,
90GY 63/047,Marea Suave,https://www.alba.com.ar/es/paletas-de-colores/marea-suave-90gy-63-047-1673181,,#C6D0C8,"198,208,200",Neutros Fríos,
16BB 27/091,Marea Vigorosa,https://www.alba.com.ar/es/paletas-de-colores/marea-vigorosa-16bb-27-091-1671385,,#7E8D99,"126,141,153",Neutros Fríos,
26YY 09/028,Marrón Camuflaje,https://www.alba.com.ar/es/paletas-de-colores/marron-camuflaje-26yy-09-028-3137033,https://msp.images.akzonobel.com/glb/dh/inspirational-images/Livingroom-234093.png,#4E4A45,"78,74,69",Neutros Fríos,
70GY 16/063,Matiz Musgo,https://www.alba.com.ar/es/paletas-de-colores/matiz-musgo-70gy-16-063-1672698,,#646E64,"100,110,100",Neutros Fríos,
08GY 32/058,Mañana Brumosa,https://www.alba.com.ar/es/paletas-de-colores/manana-brumosa-08gy-32-058-1671054,,#94968A,"148,150,138",Neutros Fríos,
65YY 71/071,Mañana de Setas,https://www.alba.com.ar/es/paletas-de-colores/manana-de-setas-65yy-71-071-3137166,https://msp.images.akzonobel.com/glb/dh/inspirational-images/Livingroom-234579.png,#DEDACB,"222,218,203",Neutros Fríos,
85BG 59/064,Melancolía,https://www.alba.com.ar/es/paletas-de-colores/melancolia-85bg-59-064-3137237,https://msp.images.akzonobel.com/glb/dh/inspirational-images/Livingroom-236653.png,#BBC9D0,"187,201,208",Neutros Fríos,
26BB 10/008,Metal Forjado,https://www.alba.com.ar/es/paletas-de-colores/metal-forjado-26bb-10-008-1671561,,#4F5050,"79,80,80",Neutros Fríos,
30GG 10/050,Metrópolis,https://www.alba.com.ar/es/paletas-de-colores/metropolis-30gg-10-050-1671659,,#47524D,"71,82,77",Neutros Fríos,
91YY 31/059,Momento de Gris,https://www.alba.com.ar/es/paletas-de-colores/momento-de-gris-91yy-31-059-3137260,https://msp.images.akzonobel.com/glb/dh/inspirational-images/Livingroom-234917.png,#949488,"148,148,136",Neutros Fríos,
30BB 13/068,Mora Negra,https://www.alba.com.ar/es/paletas-de-colores/mora-negra-30bb-13-068-1671593,,#58626C,"88,98,108",Neutros Fríos,
50GY 53/017,Muro de Berlín,https://www.alba.com.ar/es/paletas-de-colores/muro-de-berlin-50gy-53-017-1672257,,#BCBFBA,"188,191,186",Neutros Fríos,
70YY 06/088,Musgo Español,https://www.alba.com.ar/es/paletas-de-colores/musgo-espanol-70yy-06-088-1672812,,#494538,"73,69,56",Neutros Fríos,
50GY 55/066,Neblina Distante,https://www.alba.com.ar/es/paletas-de-colores/neblina-distante-50gy-55-066-1672259,,#BDC4B8,"189,196,184",Neutros Fríos,
90BG 10/067,Negro Cibelina,https://www.alba.com.ar/es/paletas-de-colores/negro-cibelina-90bg-10-067-1673108,,#46545C,"70,84,92",Neutros Fríos,
30GY 56/023,Niebla,https://www.alba.com.ar/es/paletas-de-colores/niebla-30gy-56-023-1671723,,#C1C2BD,"193,194,189",Neutros Fríos,
10GG 72/022,Niebla de Campo,https://www.alba.com.ar/es/paletas-de-colores/niebla-de-campo-10gg-72-022-1671141,,#D5DAD5,"213,218,213",Neutros Fríos,
50GY 32/046,Nivel del Mar,https://www.alba.com.ar/es/paletas-de-colores/nivel-del-mar-50gy-32-046-1672248,,#93988F,"147,152,143",Neutros Fríos,
93BG 18/066,Noches Sombrías,https://www.alba.com.ar/es/paletas-de-colores/noches-sombrias-93bg-18-066-3137265,https://msp.images.akzonobel.com/glb/dh/inspirational-images/Livingroom-236715.png,#64727A,"100,114,122",Neutros Fríos,
54GG 16/017,Nube Invernal,https://www.alba.com.ar/es/paletas-de-colores/nube-invernal-54gg-16-017-1672433,,#646967,"100,105,103",Neutros Fríos,
11GY 12/072,Oliva Magnífico,https://www.alba.com.ar/es/paletas-de-colores/oliva-magnifico-11gy-12-072-1671339,,#575A4C,"87,90,76",Neutros Fríos,
00NN 07/000,Onix Profundo,https://www.alba.com.ar/es/paletas-de-colores/onix-profundo-00nn-07-000-1670948,,#3A3A39,"58,58,57",Neutros Fríos,
10GY 56/073,Orégano,https://www.alba.com.ar/es/paletas-de-colores/oregano-10gy-56-073-1671164,,#C2C4B5,"194,196,181",Neutros Fríos,
16BB 25/001,Oscura Tormenta,https://www.alba.com.ar/es/paletas-de-colores/oscura-tormenta-16bb-25-001-3136980,https://msp.images.akzonobel.com/glb/dh/inspirational-images/Livingroom-236049.png,#858585,"133,133,133",Neutros Fríos,
09BB 07/008,Oscuridad Celeste,https://www.alba.com.ar/es/paletas-de-colores/oscuridad-celeste-09bb-07-008-3136945,https://msp.images.akzonobel.com/glb/dh/inspirational-images/Livingroom-236876.png,#3C3E3E,"60,62,62",Neutros Fríos,
54YY 22/044,Pelaje Gris,https://www.alba.com.ar/es/paletas-de-colores/pelaje-gris-54yy-22-044-3137137,https://msp.images.akzonobel.com/glb/dh/inspirational-images/Livingroom-234452.png,#7F7B73,"127,123,115",Neutros Fríos,
36RR 14/002,Peltre Aterciopelado,https://www.alba.com.ar/es/paletas-de-colores/peltre-aterciopelado-36rr-14-002-3137064,https://msp.images.akzonobel.com/glb/dh/inspirational-images/Livingroom-236046.png,#616160,"97,97,96",Neutros Fríos,
30GG 61/010,Pena Plateada,https://www.alba.com.ar/es/paletas-de-colores/pena-plateada-30gg-61-010-1671685,,#C9CBC9,"201,203,201",Neutros Fríos,
30GY 27/036,Piedra de Amolar,https://www.alba.com.ar/es/paletas-de-colores/piedra-de-amolar-30gy-27-036-1671710,,#878A83,"135,138,131",Neutros Fríos,
90YY 28/067,Piedra Resbaladiza,https://www.alba.com.ar/es/paletas-de-colores/piedra-resbaladiza-90yy-28-067-1673311,,#8E8E81,"142,142,129",Neutros Fríos,
49GG 52/001,Piedra Sedosa,https://www.alba.com.ar/es/paletas-de-colores/piedra-sedosa-49gg-52-001-1672153,,#BCBDBB,"188,189,187",Neutros Fríos,
60YY 74/072,Piedra Simple,https://www.alba.com.ar/es/paletas-de-colores/piedra-simple-60yy-74-072-1672534,,#E0DBCB,"224,219,203",Neutros Fríos,
90YY 19/075,Pino Inglés,https://www.alba.com.ar/es/paletas-de-colores/pino-ingles-90yy-19-075-1673308,,#747264,"116,114,100",Neutros Fríos,
50YY 33/065,Pintura Rupestre,https://www.alba.com.ar/es/paletas-de-colores/pintura-rupestre-50yy-33-065-1672377,,#9E998C,"158,153,140",Neutros Fríos,
30BB 21/014,Pizarra Agrisada,https://www.alba.com.ar/es/paletas-de-colores/pizarra-agrisada-30bb-21-014-1671599,,#77797A,"119,121,122",Neutros Fríos,
30BB 62/044,Plata Aviador,https://www.alba.com.ar/es/paletas-de-colores/plata-aviador-30bb-62-044-1671619,,#C8CED4,"200,206,212",Neutros Fríos,
90BG 55/051,Plata Azulado,https://www.alba.com.ar/es/paletas-de-colores/plata-azulado-90bg-55-051-1673128,,#B9C4C9,"185,196,201",Neutros Fríos,
93GY 24/024,Plata de Nutria,https://www.alba.com.ar/es/paletas-de-colores/plata-de-nutria-93gy-24-024-1673348,,#7F847F,"127,132,127",Neutros Fríos,
30BB 62/004,Plata Fina,https://www.alba.com.ar/es/paletas-de-colores/plata-fina-30bb-62-004-1671618,,#CBCDCC,"203,205,204",Neutros Fríos,
90BG 11/016,Plomizo Intenso,https://www.alba.com.ar/es/paletas-de-colores/plomizo-intenso-90bg-11-016-3137254,https://msp.images.akzonobel.com/glb/dh/inspirational-images/Livingroom-236878.png,#505354,"80,83,84",Neutros Fríos,
81YR 06/003,Plomo Profundo,https://www.alba.com.ar/es/paletas-de-colores/plomo-profundo-81yr-06-003-1673013,,#343333,"52,51,51",Neutros Fríos,
70YY 72/041,Plumas Rizadas,https://www.alba.com.ar/es/paletas-de-colores/plumas-rizadas-70yy-72-041-1672846,,#DDDCD2,"221,220,210",Neutros Fríos,
30GG 13/046,Puente Cubierto,https://www.alba.com.ar/es/paletas-de-colores/puente-cubierto-30gg-13-046-1671662,,#55605B,"85,96,91",Neutros Fríos,
30GY 10/048,Péndulo,https://www.alba.com.ar/es/paletas-de-colores/pendulo-30gy-10-048-1671701,,#4F5148,"79,81,72",Neutros Fríos,
50BG 64/028,Quarzo,https://www.alba.com.ar/es/paletas-de-colores/quarzo-50bg-64-028-1672202,,#C9D1D2,"201,209,210",Neutros Fríos,
39GY 75/033,Reflejo de Lago,https://www.alba.com.ar/es/paletas-de-colores/reflejo-de-lago-39gy-75-033-3137071,https://msp.images.akzonobel.com/glb/dh/inspirational-images/Livingroom-235307.png,#DCDFD8,"220,223,216",Neutros Fríos,
54YY 63/072,Revolución Fluvial,https://www.alba.com.ar/es/paletas-de-colores/revolucion-fluvial-54yy-63-072-3137139,https://msp.images.akzonobel.com/glb/dh/inspirational-images/Livingroom-234400.png,#D3CDBE,"211,205,190",Neutros Fríos,
90BG 63/043,Sales de Lavanda,https://www.alba.com.ar/es/paletas-de-colores/sales-de-lavanda-90bg-63-043-1673131,,#C7D0D4,"199,208,212",Neutros Fríos,
90BG 48/057,Santuario,https://www.alba.com.ar/es/paletas-de-colores/santuario-90bg-48-057-1673126,,#ADB9BF,"173,185,191",Neutros Fríos,
00NN 05/000,Secreto Oscuro,https://www.alba.com.ar/es/paletas-de-colores/secreto-oscuro-00nn-05-000-1670790,,#2C2B2B,"44,43,43",Neutros Fríos,
62GG 31/016,Sello Bruñido,https://www.alba.com.ar/es/paletas-de-colores/sello-brunido-62gg-31-016-1672560,,#8F9391,"143,147,145",Neutros Fríos,
80GY 50/031,Sensación de Plata,https://www.alba.com.ar/es/paletas-de-colores/sensacion-de-plata-80gy-50-031-1672948,,#B5BBB5,"181,187,181",Neutros Fríos,
77GY 32/058,Sensación de Relax,https://www.alba.com.ar/es/paletas-de-colores/sensacion-de-relax-77gy-32-058-1672904,,#8F988F,"143,152,143",Neutros Fríos,
16GY 15/037,Sensación Invernal,https://www.alba.com.ar/es/paletas-de-colores/sensacion-invernal-16gy-15-037-3136982,https://msp.images.akzonobel.com/glb/dh/inspirational-images/Livingroom-235121.png,#63655D,"99,101,93",Neutros Fríos,
74BG 73/042,Sensación Primaveral,https://www.alba.com.ar/es/paletas-de-colores/sensacion-primaveral-74bg-73-042-1672876,,#D4DEE1,"212,222,225",Neutros Fríos,
54YY 46/065,Sensación Romana,https://www.alba.com.ar/es/paletas-de-colores/sensacion-romana-54yy-46-065-3137138,https://msp.images.akzonobel.com/glb/dh/inspirational-images/Livingroom-234482.png,#B7B2A4,"183,178,164",Neutros Fríos,
43BG 75/043,Sombra de Gaviota,https://www.alba.com.ar/es/paletas-de-colores/sombra-de-gaviota-43bg-75-043-3137087,https://msp.images.akzonobel.com/glb/dh/inspirational-images/Livingroom-236603.png,#D5E1E2,"213,225,226",Neutros Fríos,
30BB 21/056,Sombra de Noche,https://www.alba.com.ar/es/paletas-de-colores/sombra-de-noche-30bb-21-056-1671600,,#737B84,"115,123,132",Neutros Fríos,
70BG 19/071,Sonido Misterioso,https://www.alba.com.ar/es/paletas-de-colores/sonido-misterioso-70bg-19-071-1672657,,#67767D,"103,118,125",Neutros Fríos,
10GG 53/030,Souvenir,https://www.alba.com.ar/es/paletas-de-colores/souvenir-10gg-53-030-1671137,,#B8BFBA,"184,191,186",Neutros Fríos,
90YR 06/001,Suave Hollín,https://www.alba.com.ar/es/paletas-de-colores/suave-hollin-90yr-06-001-3137256,https://msp.images.akzonobel.com/glb/dh/inspirational-images/Livingroom-233415.png,#363635,"54,54,53",Neutros Fríos,
95BG 23/044,Suave Plateado,https://www.alba.com.ar/es/paletas-de-colores/suave-plateado-95bg-23-044-1673361,,#767F84,"118,127,132",Neutros Fríos,
29GY 10/029,Sueño de Lajas,https://www.alba.com.ar/es/paletas-de-colores/sueno-de-lajas-29gy-10-029-3137039,https://msp.images.akzonobel.com/glb/dh/inspirational-images/Livingroom-235088.png,#4C4E48,"76,78,72",Neutros Fríos,
90YY 73/040,Telaraña,https://www.alba.com.ar/es/paletas-de-colores/telarana-90yy-73-040-1673329,,#DDDCD3,"221,220,211",Neutros Fríos,
21BG 45/002,Toque de Aleación,https://www.alba.com.ar/es/paletas-de-colores/toque-de-aleacion-21bg-45-002-1671510,,#B0B0AF,"176,176,175",Neutros Fríos,
74GY 15/043,Toque de Pizarra,https://www.alba.com.ar/es/paletas-de-colores/toque-de-pizarra-74gy-15-043-1672878,,#616760,"97,103,96",Neutros Fríos,
50BG 08/021,Toque de Recogimiento,https://www.alba.com.ar/es/paletas-de-colores/toque-de-recogimiento-50bg-08-021-1672185,,#424748,"66,71,72",Neutros Fríos,
10GG 26/046,Tormenta de Granizo,https://www.alba.com.ar/es/paletas-de-colores/tormenta-de-granizo-10gg-26-046-1671127,,#838C86,"131,140,134",Neutros Fríos,
53YY 15/038,Tormenta de Noviembre,https://www.alba.com.ar/es/paletas-de-colores/tormenta-de-noviembre-53yy-15-038-3137129,https://msp.images.akzonobel.com/glb/dh/inspirational-images/Livingroom-234329.png,#68655D,"104,101,93",Neutros Fríos,
87BG 27/077,Tormenta Melancólica,https://www.alba.com.ar/es/paletas-de-colores/tormenta-melancolica-87bg-27-077-3137241,https://msp.images.akzonobel.com/glb/dh/inspirational-images/Livingroom-236701.png,#7C8D95,"124,141,149",Neutros Fríos,
42BB 09/032,Tormenta Nocturna,https://www.alba.com.ar/es/paletas-de-colores/tormenta-nocturna-42bb-09-032-1672039,,#494D52,"73,77,82",Neutros Fríos,
30BB 53/012,Trofeo de Plata,https://www.alba.com.ar/es/paletas-de-colores/trofeo-de-plata-30bb-53-012-1671615,,#BDBFC0,"189,191,192",Neutros Fríos,
10GY 49/081,Té de Hierbabuena,https://www.alba.com.ar/es/paletas-de-colores/te-de-hierbabuena-10gy-49-081-1671161,,#B7B8A7,"183,184,167",Neutros Fríos,
00NN 53/000,Velo,https://www.alba.com.ar/es/paletas-de-colores/velo-00nn-53-000-1670955,,#BABAB9,"186,186,185",Neutros Fríos,
50GY 13/064,Verde Granito,https://www.alba.com.ar/es/paletas-de-colores/verde-granito-50gy-13-064-1672239,,#5C6258,"92,98,88",Neutros Fríos,
70GY 08/075,Verde Noroeste,https://www.alba.com.ar/es/paletas-de-colores/verde-noroeste-70gy-08-075-1672692,,#404B40,"64,75,64",Neutros Fríos,
50GG 05/063,Verde Taberna,https://www.alba.com.ar/es/paletas-de-colores/verde-taberna-50gg-05-063-1672212,,#2D3D39,"45,61,57",Neutros Fríos,
78YY 83/048,Ártico Majestuoso,https://www.alba.com.ar/es/paletas-de-colores/artico-majestuoso-78yy-83-048-1672930,,#ECEADF,"236,234,223",Neutros Fríos,
29YR 27/355,Abundante Rubor,https://www.alba.com.ar/es/paletas-de-colores/abundante-rubor-29yr-27-355-3137040,https://msp.images.akzonobel.com/glb/dh/inspirational-images/Livingroom-232707.png,#C57463,"197,116,99",Rojo,
10RR 68/068,Adorable Dama,https://www.alba.com.ar/es/paletas-de-colores/adorable-dama-10rr-68-068-1671222,,#E1D1D7,"225,209,215",Rojo,
50RR 83/029,Algodón de Azúcar,https://www.alba.com.ar/es/paletas-de-colores/algodon-de-azucar-50rr-83-029-1672321,,#EFE6E5,"239,230,229",Rojo,
30RR 74/058,Almendra Portuguesa,https://www.alba.com.ar/es/paletas-de-colores/almendra-portuguesa-30rr-74-058-1671788,,#E8DADD,"232,218,221",Rojo,
19YR 14/629,Amor *,https://www.alba.com.ar/es/paletas-de-colores/amor-19yr-14-629-1671429,,#BD2F2C,"189,47,44",Rojo,
77RR 67/177,Amor Eterno,https://www.alba.com.ar/es/paletas-de-colores/amor-eterno-77rr-67-177-1672907,,#F3C4C9,"243,196,201",Rojo,
10RR 27/344,Amor Perfecto,https://www.alba.com.ar/es/paletas-de-colores/amor-perfecto-10rr-27-344-1671211,,#BC739E,"188,115,158",Rojo,
09YR 11/475,Anillo de Rubí *,https://www.alba.com.ar/es/paletas-de-colores/anillo-de-rubi-09yr-11-475-1671063,,#9B3738,"155,55,56",Rojo,
30YR 17/341,Arcilla Quemada,https://www.alba.com.ar/es/paletas-de-colores/arcilla-quemada-30yr-17-341-1671803,,#A65B4D,"166,91,77",Rojo,
80RR 10/306,Aroma de Vino,https://www.alba.com.ar/es/paletas-de-colores/aroma-de-vino-80rr-10-306-1672950,,#853643,"133,54,67",Rojo,
07YR 21/415,Arrecife de Coral,https://www.alba.com.ar/es/paletas-de-colores/arrecife-de-coral-07yr-21-415-1671052,,#BE5B59,"190,91,89",Rojo,
90RR 51/191,Atardecer de París,https://www.alba.com.ar/es/paletas-de-colores/atardecer-de-paris-90rr-51-191-1673234,,#E0ADAE,"224,173,174",Rojo,
10YR 53/175,Atmósfera Romántica,https://www.alba.com.ar/es/paletas-de-colores/atmosfera-romantica-10yr-53-175-1671255,,#E2B5B0,"226,181,176",Rojo,
90RB 74/044,Ayer,https://www.alba.com.ar/es/paletas-de-colores/ayer-90rb-74-044-1673202,,#E4DBDF,"228,219,223",Rojo,
01RR 16/397,Azalea,https://www.alba.com.ar/es/paletas-de-colores/azalea-01rr-16-397-1671009,,#9D4F84,"157,79,132",Rojo,
43RR 19/444,Azalea Rosada,https://www.alba.com.ar/es/paletas-de-colores/azalea-rosada-43rr-19-444-1672055,,#B8537B,"184,83,123",Rojo,
30RR 34/277,Azalea Suave,https://www.alba.com.ar/es/paletas-de-colores/azalea-suave-30rr-34-277-1671780,,#C787A2,"199,135,162",Rojo,
22YR 50/316,Bahía de Coral,https://www.alba.com.ar/es/paletas-de-colores/bahia-de-coral-22yr-50-316-1671526,,#EEA197,"238,161,151",Rojo,
10RR 56/121,Bailarina,https://www.alba.com.ar/es/paletas-de-colores/bailarina-10rr-56-121-1671218,,#D6BBC9,"214,187,201",Rojo,
70RR 35/307,Baile de Máscaras,https://www.alba.com.ar/es/paletas-de-colores/baile-de-mascaras-70rr-35-307-1672754,,#D48594,"212,133,148",Rojo,
43YR 75/089,Ballerinas,https://www.alba.com.ar/es/paletas-de-colores/ballerinas-43yr-75-089-3137088,https://msp.images.akzonobel.com/glb/dh/inspirational-images/Livingroom-232793.png,#F1DAD2,"241,218,210",Rojo,
70RR 24/096,Barroco,https://www.alba.com.ar/es/paletas-de-colores/barroco-70rr-24-096-1672748,,#977F82,"151,127,130",Rojo,
31RR 21/462,Batido Rosado,https://www.alba.com.ar/es/paletas-de-colores/batido-rosado-31rr-21-462-1671904,,#BE5385,"190,83,133",Rojo,
05YR 13/387,Baño Oriental,https://www.alba.com.ar/es/paletas-de-colores/bano-oriental-05yr-13-387-3136927,https://msp.images.akzonobel.com/glb/dh/inspirational-images/Livingroom-232450.png,#9B3D3F,"155,61,63",Rojo,
72RR 13/253,Begonia Osada,https://www.alba.com.ar/es/paletas-de-colores/begonia-osada-72rr-13-253-1672868,,#8A4B56,"138,75,86",Rojo,
10RR 19/279,Bella Rosa,https://www.alba.com.ar/es/paletas-de-colores/bella-rosa-10rr-19-279-1671204,,#9A6182,"154,97,130",Rojo,
21YR 73/125,Belleza,https://www.alba.com.ar/es/paletas-de-colores/belleza-21yr-73-125-1671518,,#F6D6CF,"246,214,207",Rojo,
13RR 06/179,Berenjena Profundo,https://www.alba.com.ar/es/paletas-de-colores/berenjena-profundo-13rr-06-179-1671363,,#5E354C,"94,53,76",Rojo,
30YR 41/263,Beso Solar,https://www.alba.com.ar/es/paletas-de-colores/beso-solar-30yr-41-263-1671814,,#D99B8E,"217,155,142",Rojo,
19YR 67/058,Bizcocho Encantado,https://www.alba.com.ar/es/paletas-de-colores/bizcocho-encantado-19yr-67-058-1671430,,#DFCFCC,"223,207,204",Rojo,
30RR 67/093,Blanco Frambuesa,https://www.alba.com.ar/es/paletas-de-colores/blanco-frambuesa-30rr-67-093-1671786,,#E5CED4,"229,206,212",Rojo,
70RR 65/053,Blanco Ilusorio,https://www.alba.com.ar/es/paletas-de-colores/blanco-ilusorio-70rr-65-053-1672766,,#DCCECE,"220,206,206",Rojo,
21YR 67/074,Bollo de Pastelera,https://www.alba.com.ar/es/paletas-de-colores/bollo-de-pastelera-21yr-67-074-1671517,,#E3CFCB,"227,207,203",Rojo,
36RR 75/114,Bombón de Frutilla,https://www.alba.com.ar/es/paletas-de-colores/bombon-de-frutilla-36rr-75-114-1671942,,#F5D8E1,"245,216,225",Rojo,
11YR 07/229,Borgoña,https://www.alba.com.ar/es/paletas-de-colores/borgona-11yr-07-229-1671341,,#6E3936,"110,57,54",Rojo,
30RR 09/187,Borgoña Vibrante,https://www.alba.com.ar/es/paletas-de-colores/borgona-vibrante-30rr-09-187-1671768,,#6A4253,"106,66,83",Rojo,
50RR 51/109,Bouquet de Rosas,https://www.alba.com.ar/es/paletas-de-colores/bouquet-de-rosas-50rr-51-109-1672313,,#D0B5BB,"208,181,187",Rojo,
90RR 16/386,Brillo de París,https://www.alba.com.ar/es/paletas-de-colores/brillo-de-paris-90rr-16-386-1673213,,#AC4B57,"172,75,87",Rojo,
82YR 83/056,Brisa Chic,https://www.alba.com.ar/es/paletas-de-colores/brisa-chic-82yr-83-056-3137222,https://msp.images.akzonobel.com/glb/dh/inspirational-images/Livingroom-233294.png,#F3E7DE,"243,231,222",Rojo,
70RR 10/140,Cabernet,https://www.alba.com.ar/es/paletas-de-colores/cabernet-70rr-10-140-1672739,,#6B4A50,"107,74,80",Rojo,
78RR 54/274,Cactus Dalia,https://www.alba.com.ar/es/paletas-de-colores/cactus-dalia-78rr-54-274-1672926,,#F0A9B1,"240,169,177",Rojo,
30YR 31/154,Café Místico,https://www.alba.com.ar/es/paletas-de-colores/cafe-mistico-30yr-31-154-1671811,,#B18B83,"177,139,131",Rojo,
30YR 18/212,Calle de Ladrillos,https://www.alba.com.ar/es/paletas-de-colores/calle-de-ladrillos-30yr-18-212-1671804,,#93645B,"147,100,91",Rojo,
98RR 06/206,Caoba Envejecido,https://www.alba.com.ar/es/paletas-de-colores/caoba-envejecido-98rr-06-206-1673379,,#623133,"98,49,51",Rojo,
21YR 13/383,Caoba Imponente,https://www.alba.com.ar/es/paletas-de-colores/caoba-imponente-21yr-13-383-3137004,https://msp.images.akzonobel.com/glb/dh/inspirational-images/Livingroom-232683.png,#973E34,"151,62,52",Rojo,
90RR 83/026,Caracola Acústica,https://www.alba.com.ar/es/paletas-de-colores/caracola-acustica-90rr-83-026-1673250,,#EFE8E5,"239,232,229",Rojo,
80RR 12/430,Carmesí Intenso *,https://www.alba.com.ar/es/paletas-de-colores/carmesi-intenso-80rr-12-430-3137207,https://msp.images.akzonobel.com/glb/dh/inspirational-images/Livingroom-232286.png,#9E3147,"158,49,71",Rojo,
30YR 11/393,Carmín Aterciopelado,https://www.alba.com.ar/es/paletas-de-colores/carmin-aterciopelado-30yr-11-393-1671795,,#944032,"148,64,50",Rojo,
52RR 06/105,Casis Jugoso,https://www.alba.com.ar/es/paletas-de-colores/casis-jugoso-52rr-06-105-3137124,https://msp.images.akzonobel.com/glb/dh/inspirational-images/Livingroom-237967.png,#492D35,"73,45,53",Rojo,
62RR 21/444,Catarata Fucsia,https://www.alba.com.ar/es/paletas-de-colores/catarata-fucsia-62rr-21-444-1672562,,#C05674,"192,86,116",Rojo,
00YR 15/510,Cereza *,https://www.alba.com.ar/es/paletas-de-colores/cereza-00yr-15-510-1670960,,#B23643,"178,54,67",Rojo,
50RR 15/400,Cereza Brillante,https://www.alba.com.ar/es/paletas-de-colores/cereza-brillante-50rr-15-400-1672301,,#A54668,"165,70,104",Rojo,
70RR 17/372,Cereza Intenso,https://www.alba.com.ar/es/paletas-de-colores/cereza-intenso-70rr-17-372-1672745,,#AE5367,"174,83,103",Rojo,
04YR 18/324,Cereza Masticable,https://www.alba.com.ar/es/paletas-de-colores/cereza-masticable-04yr-18-324-3136922,https://msp.images.akzonobel.com/glb/dh/inspirational-images/Livingroom-232425.png,#A85958,"168,89,88",Rojo,
01YR 07/180,Chocolate con Chili,https://www.alba.com.ar/es/paletas-de-colores/chocolate-con-chili-01yr-07-180-3136909,https://msp.images.akzonobel.com/glb/dh/inspirational-images/Livingroom-232448.png,#603231,"96,50,49",Rojo,
30YR 10/314,Chocolate y Pimienta,https://www.alba.com.ar/es/paletas-de-colores/chocolate-y-pimienta-30yr-10-314-1671793,,#823F33,"130,63,51",Rojo,
67RR 66/044,Cielo Ardiente,https://www.alba.com.ar/es/paletas-de-colores/cielo-ardiente-67rr-66-044-1672605,,#DBCFD0,"219,207,208",Rojo,
50RR 38/261,Ciruela Japonesa,https://www.alba.com.ar/es/paletas-de-colores/ciruela-japonesa-50rr-38-261-1672310,,#D191A4,"209,145,164",Rojo,
48RR 08/146,Ciruela Osado,https://www.alba.com.ar/es/paletas-de-colores/ciruela-osado-48rr-08-146-3137104,https://msp.images.akzonobel.com/glb/dh/inspirational-images/Livingroom-237968.png,#5D3944,"93,57,68",Rojo,
48RR 08/222,Ciruela Salvaje,https://www.alba.com.ar/es/paletas-de-colores/ciruela-salvaje-48rr-08-222-1672141,,#683748,"104,55,72",Rojo,
12YR 07/279,Clarete Californiano,https://www.alba.com.ar/es/paletas-de-colores/clarete-californiano-12yr-07-279-1671355,,#71312C,"113,49,44",Rojo,
07RR 30/337,Clavel Intenso,https://www.alba.com.ar/es/paletas-de-colores/clavel-intenso-07rr-30-337-3136935,https://msp.images.akzonobel.com/glb/dh/inspirational-images/Livingroom-237794.png,#BF7AA4,"191,122,164",Rojo,
90RR 16/298,Compota de Guayaba,https://www.alba.com.ar/es/paletas-de-colores/compota-de-guayaba-90rr-16-298-1673212,,#9E555C,"158,85,92",Rojo,
10YR 26/462,Coqueteo,https://www.alba.com.ar/es/paletas-de-colores/coqueteo-10yr-26-462-1671240,,#D16965,"209,105,101",Rojo,
10YR 28/361,Coral Rojo,https://www.alba.com.ar/es/paletas-de-colores/coral-rojo-10yr-28-361-1671243,,#CA7571,"202,117,113",Rojo,
89RR 36/416,Coral Rosa,https://www.alba.com.ar/es/paletas-de-colores/coral-rosa-89rr-36-416-1673079,,#E57E87,"229,126,135",Rojo,
10YR 49/082,Crema de Café,https://www.alba.com.ar/es/paletas-de-colores/crema-de-cafe-10yr-49-082-1671252,,#C8B2B0,"200,178,176",Rojo,
10YR 42/250,Crema de Frutilla,https://www.alba.com.ar/es/paletas-de-colores/crema-de-frutilla-10yr-42-250-1671251,,#DB9A95,"219,154,149",Rojo,
50YR 76/087,Crema de Papaya,https://www.alba.com.ar/es/paletas-de-colores/crema-de-papaya-50yr-76-087-1672365,,#EFD8CF,"239,216,207",Rojo,
10YR 67/100,Cuero Rosado,https://www.alba.com.ar/es/paletas-de-colores/cuero-rosado-10yr-67-100-1671260,,#E7CBC7,"231,203,199",Rojo,
51RR 68/146,Dama de Honor,https://www.alba.com.ar/es/paletas-de-colores/dama-de-honor-51rr-68-146-1672409,,#EDC6D0,"237,198,208",Rojo,
10RR 14/186,Del Monte,https://www.alba.com.ar/es/paletas-de-colores/del-monte-10rr-14-186-1671202,,#7D596E,"125,89,110",Rojo,
49RR 39/161,Delicada Gamuza,https://www.alba.com.ar/es/paletas-de-colores/delicada-gamuza-49rr-39-161-3137111,https://msp.images.akzonobel.com/glb/dh/inspirational-images/Livingroom-237962.png,#C199A3,"193,153,163",Rojo,
23YR 10/308,Delicia de Café,https://www.alba.com.ar/es/paletas-de-colores/delicia-de-cafe-23yr-10-308-1671532,,#7E3C33,"126,60,51",Rojo,
19RR 78/088,Delicia Rosa,https://www.alba.com.ar/es/paletas-de-colores/delicia-rosa-19rr-78-088-1671427,,#F1DEE6,"241,222,230",Rojo,
90RR 41/258,Deseos del Corazón,https://www.alba.com.ar/es/paletas-de-colores/deseos-del-corazon-90rr-41-258-1673231,,#DB9599,"219,149,153",Rojo,
10YR 73/038,Después de la Lluvia,https://www.alba.com.ar/es/paletas-de-colores/despues-de-la-lluvia-10yr-73-038-1671262,,#E5DBD7,"229,219,215",Rojo,
63RR 39/350,Destino,https://www.alba.com.ar/es/paletas-de-colores/destino-63rr-39-350-1672567,,#E0899C,"224,137,156",Rojo,
10YR 25/284,Dulce Amor,https://www.alba.com.ar/es/paletas-de-colores/dulce-amor-10yr-25-284-1671239,,#B9746F,"185,116,111",Rojo,
01RR 77/091,Dulce Bebé,https://www.alba.com.ar/es/paletas-de-colores/dulce-bebe-01rr-77-091-1671010,,#EFDDE6,"239,221,230",Rojo,
30RR 23/270,Dulce de Frambuesa,https://www.alba.com.ar/es/paletas-de-colores/dulce-de-frambuesa-30rr-23-270-1671776,,#A86D86,"168,109,134",Rojo,
06YR 52/291,Durazno Calmo,https://www.alba.com.ar/es/paletas-de-colores/durazno-calmo-06yr-52-291-3136931,https://msp.images.akzonobel.com/glb/dh/inspirational-images/Livingroom-232419.png,#F3A9A4,"243,169,164",Rojo,
90YR 83/053,Día de Ocio,https://www.alba.com.ar/es/paletas-de-colores/dia-de-ocio-90yr-83-053-1673303,,#F2E6DE,"242,230,222",Rojo,
10YR 15/500,Día Feliz,https://www.alba.com.ar/es/paletas-de-colores/dia-feliz-10yr-15-500-1671232,,#B33E3F,"179,62,63",Rojo,
99RR 42/216,Elementos Rústicos,https://www.alba.com.ar/es/paletas-de-colores/elementos-rusticos-99rr-42-216-3137282,https://msp.images.akzonobel.com/glb/dh/inspirational-images/Livingroom-232389.png,#D49C9B,"212,156,155",Rojo,
10RR 83/026,Encaje Fino,https://www.alba.com.ar/es/paletas-de-colores/encaje-fino-10rr-83-026-1671227,,#EEE8E8,"238,232,232",Rojo,
07YR 10/489,Encanto *,https://www.alba.com.ar/es/paletas-de-colores/encanto-07yr-10-489-1671051,,#99282C,"153,40,44",Rojo,
90RR 83/021,Encanto Discreto,https://www.alba.com.ar/es/paletas-de-colores/encanto-discreto-90rr-83-021-1673249,,#EEE7E5,"238,231,229",Rojo,
33RR 74/111,Escarcha Rosa,https://www.alba.com.ar/es/paletas-de-colores/escarcha-rosa-33rr-74-111-1671919,,#F1D5DD,"241,213,221",Rojo,
70RR 15/400,Escarlata *,https://www.alba.com.ar/es/paletas-de-colores/escarlata-70rr-15-400-1672743,,#A6445C,"166,68,92",Rojo,
30YR 49/097,Escultura de Madera,https://www.alba.com.ar/es/paletas-de-colores/escultura-de-madera-30yr-49-097-1671817,,#CBB3AD,"203,179,173",Rojo,
30RR 83/020,Espíritu Sereno,https://www.alba.com.ar/es/paletas-de-colores/espiritu-sereno-30rr-83-020-1671789,,#EBE5E5,"235,229,229",Rojo,
50RR 17/372,Estilo Románico,https://www.alba.com.ar/es/paletas-de-colores/estilo-romanico-50rr-17-372-1672302,,#AA516F,"170,81,111",Rojo,
70RR 54/153,Estrella de Cine,https://www.alba.com.ar/es/paletas-de-colores/estrella-de-cine-70rr-54-153-1672762,,#DDB5BA,"221,181,186",Rojo,
55RR 11/401,Explosión de Pasión *,https://www.alba.com.ar/es/paletas-de-colores/explosion-de-pasion-55rr-11-401-1672443,,#942D52,"148,45,82",Rojo,
96RR 08/311,Expreso de Oriente *,https://www.alba.com.ar/es/paletas-de-colores/expreso-de-oriente-96rr-08-311-1673370,,#782E34,"120,46,52",Rojo,
21RR 19/459,Extravagante,https://www.alba.com.ar/es/paletas-de-colores/extravagante-21rr-19-459-1671514,,#B34F83,"179,79,131",Rojo,
50YR 78/064,Exótica Sensación,https://www.alba.com.ar/es/paletas-de-colores/exotica-sensacion-50yr-78-064-3137118,https://msp.images.akzonobel.com/glb/dh/inspirational-images/Livingroom-232787.png,#F0E0D9,"240,224,217",Rojo,
84RR 13/471,Fiesta de la Cereza *,https://www.alba.com.ar/es/paletas-de-colores/fiesta-de-la-cereza-84rr-13-471-1673038,,#A53248,"165,50,72",Rojo,
49RR 50/250,Fiesta de Rosas,https://www.alba.com.ar/es/paletas-de-colores/fiesta-de-rosas-49rr-50-250-1672156,,#E7A8BA,"231,168,186",Rojo,
90RR 31/403,Flamenco Real,https://www.alba.com.ar/es/paletas-de-colores/flamenco-real-90rr-31-403-1673225,,#DB7680,"219,118,128",Rojo,
79RB 76/076,Flor de Lis,https://www.alba.com.ar/es/paletas-de-colores/flor-de-lis-79rb-76-076-1672937,,#EBDEE8,"235,222,232",Rojo,
83RR 23/486,Flor de Madroño,https://www.alba.com.ar/es/paletas-de-colores/flor-de-madrono-83rr-23-486-1673031,,#CE586C,"206,88,108",Rojo,
10YR 74/066,Flor de Miel,https://www.alba.com.ar/es/paletas-de-colores/flor-de-miel-10yr-74-066-1671263,,#ECD9D5,"236,217,213",Rojo,
53RR 83/031,Flor de Saúco,https://www.alba.com.ar/es/paletas-de-colores/flor-de-sauco-53rr-83-031-1672426,,#EFE7E7,"239,231,231",Rojo,
04YR 38/398,Florecer Osado,https://www.alba.com.ar/es/paletas-de-colores/florecer-osado-04yr-38-398-3136924,https://msp.images.akzonobel.com/glb/dh/inspirational-images/Livingroom-232424.png,#E88683,"232,134,131",Rojo,
10YR 41/223,Flores Marchitas,https://www.alba.com.ar/es/paletas-de-colores/flores-marchitas-10yr-41-223-1671250,,#D59B96,"213,155,150",Rojo,
10RR 73/023,Fragancia Dulce,https://www.alba.com.ar/es/paletas-de-colores/fragancia-dulce-10rr-73-023-1671224,,#E2DCDC,"226,220,220",Rojo,
30RR 12/281,Frambuesa,https://www.alba.com.ar/es/paletas-de-colores/frambuesa-30rr-12-281-1671770,,#834662,"131,70,98",Rojo,
70RR 13/380,Frambuesa Radical,https://www.alba.com.ar/es/paletas-de-colores/frambuesa-radical-70rr-13-380-1672742,,#984356,"152,67,86",Rojo,
14RR 09/333,Frambuesa Silvestre,https://www.alba.com.ar/es/paletas-de-colores/frambuesa-silvestre-14rr-09-333-1671373,,#7D3761,"125,55,97",Rojo,
70RR 39/272,Frambuesa Suave,https://www.alba.com.ar/es/paletas-de-colores/frambuesa-suave-70rr-39-272-1672756,,#D7919E,"215,145,158",Rojo,
13RR 12/202,Fresca Remolacha,https://www.alba.com.ar/es/paletas-de-colores/fresca-remolacha-13rr-12-202-1671364,,#744962,"116,73,98",Rojo,
10YR 22/483,Frutilla,https://www.alba.com.ar/es/paletas-de-colores/frutilla-10yr-22-483-1671238,,#CA5A59,"202,90,89",Rojo,
84RB 69/108,Frutilla Sensacional,https://www.alba.com.ar/es/paletas-de-colores/frutilla-sensacional-84rb-69-108-3137236,https://msp.images.akzonobel.com/glb/dh/inspirational-images/Livingroom-237674.png,#E5D1E0,"229,209,224",Rojo,
63RR 19/405,Frutos del Bosque,https://www.alba.com.ar/es/paletas-de-colores/frutos-del-bosque-63rr-19-405-1672566,,#B5506B,"181,80,107",Rojo,
10RR 21/325,Fucsia Antiguo,https://www.alba.com.ar/es/paletas-de-colores/fucsia-antiguo-10rr-21-325-1671205,,#A8658C,"168,101,140",Rojo,
40RR 11/430,Fucsia Real *,https://www.alba.com.ar/es/paletas-de-colores/fucsia-real-40rr-11-430-1671978,,#983660,"152,54,96",Rojo,
12YR 40/146,Fulgor Africano,https://www.alba.com.ar/es/paletas-de-colores/fulgor-africano-12yr-40-146-1671356,,#C49F9A,"196,159,154",Rojo,
10YR 64/048,Gaita Francesa,https://www.alba.com.ar/es/paletas-de-colores/gaita-francesa-10yr-64-048-1671258,,#DBCDCA,"219,205,202",Rojo,
16YR 18/587,Gloria Antigua *,https://www.alba.com.ar/es/paletas-de-colores/gloria-antigua-16yr-18-587-1671397,,#C8403F,"200,64,63",Rojo,
10RR 39/263,Graciosa,https://www.alba.com.ar/es/paletas-de-colores/graciosa-10rr-39-263-1671214,,#CB94B3,"203,148,179",Rojo,
75RR 06/129,Granadero,https://www.alba.com.ar/es/paletas-de-colores/granadero-75rr-06-129-1672886,,#533236,"83,50,54",Rojo,
80RR 07/260,Granate Vibrante,https://www.alba.com.ar/es/paletas-de-colores/granate-vibrante-80rr-07-260-1672949,,#68303A,"104,48,58",Rojo,
70RR 73/025,Gris Exótico,https://www.alba.com.ar/es/paletas-de-colores/gris-exotico-70rr-73-025-1672769,,#E3DAD8,"227,218,216",Rojo,
30YR 67/113,Guayaba Suave,https://www.alba.com.ar/es/paletas-de-colores/guayaba-suave-30yr-67-113-1671822,,#E9CCC5,"233,204,197",Rojo,
95RB 71/132,Helado,https://www.alba.com.ar/es/paletas-de-colores/helado-95rb-71-132-1673365,,#EBD2E2,"235,210,226",Rojo,
94RB 64/182,Helado de Cereza,https://www.alba.com.ar/es/paletas-de-colores/helado-de-cereza-94rb-64-182-1673355,,#E8C4DB,"232,196,219",Rojo,
60RR 62/086,Helado de Champagne,https://www.alba.com.ar/es/paletas-de-colores/helado-de-champagne-60rr-62-086-3137151,https://msp.images.akzonobel.com/glb/dh/inspirational-images/Livingroom-232077.png,#DEC7CB,"222,199,203",Rojo,
09YR 61/117,Helado Suave,https://www.alba.com.ar/es/paletas-de-colores/helado-suave-09yr-61-117-3136949,https://msp.images.akzonobel.com/glb/dh/inspirational-images/Livingroom-232413.png,#E4C5C1,"228,197,193",Rojo,
50RR 83/040,Herencia,https://www.alba.com.ar/es/paletas-de-colores/herencia-50rr-83-040-1672323,,#F0E5E5,"240,229,229",Rojo,
05YR 15/555,Hibisco Tierno *,https://www.alba.com.ar/es/paletas-de-colores/hibisco-tierno-05yr-15-555-1671037,,#B83944,"184,57,68",Rojo,
00YR 18/531,Hibiscus Cálido,https://www.alba.com.ar/es/paletas-de-colores/hibiscus-calido-00yr-18-531-1670962,,#C23F4B,"194,63,75",Rojo,
30RR 13/116,Higo Suave,https://www.alba.com.ar/es/paletas-de-colores/higo-suave-30rr-13-116-1671771,,#715862,"113,88,98",Rojo,
30YR 83/017,Hongo Silvestre,https://www.alba.com.ar/es/paletas-de-colores/hongo-silvestre-30yr-83-017-1688846,,#ECE8E5,"236,232,229",Rojo,
70RR 41/065,Impresionista,https://www.alba.com.ar/es/paletas-de-colores/impresionista-70rr-41-065-1672758,,#B6A5A6,"182,165,166",Rojo,
90YR 74/057,Inercia,https://www.alba.com.ar/es/paletas-de-colores/inercia-90yr-74-057-1673294,,#E8DCD2,"232,220,210",Rojo,
30YR 53/188,Inspiración Poética,https://www.alba.com.ar/es/paletas-de-colores/inspiracion-poetica-30yr-53-188-1671818,,#E3B3A8,"227,179,168",Rojo,
50RR 15/266,Jalea de Ciruela Claro,https://www.alba.com.ar/es/paletas-de-colores/jalea-de-ciruela-claro-50rr-15-266-3137117,https://msp.images.akzonobel.com/glb/dh/inspirational-images/Livingroom-232084.png,#915165,"145,81,101",Rojo,
72RR 07/173,Jalea de Ciruela Oscuro,https://www.alba.com.ar/es/paletas-de-colores/jalea-de-ciruela-oscuro-72rr-07-173-1672867,,#5F373D,"95,55,61",Rojo,
30RR 31/223,Jalea de Frambuesa,https://www.alba.com.ar/es/paletas-de-colores/jalea-de-frambuesa-30rr-31-223-1671779,,#B88599,"184,133,153",Rojo,
98RR 10/318,Jalea Sueca *,https://www.alba.com.ar/es/paletas-de-colores/jalea-sueca-98rr-10-318-1673380,,#80373A,"128,55,58",Rojo,
18YR 78/079,Jardín de Fulgores,https://www.alba.com.ar/es/paletas-de-colores/jardin-de-fulgores-18yr-78-079-1671422,,#F3DEDA,"243,222,218",Rojo,
40YR 53/149,Jarrón de Cerámica,https://www.alba.com.ar/es/paletas-de-colores/jarron-de-ceramica-40yr-53-149-3137081,https://msp.images.akzonobel.com/glb/dh/inspirational-images/Livingroom-232852.png,#DAB6AB,"218,182,171",Rojo,
50RR 23/282,Joya Antigua,https://www.alba.com.ar/es/paletas-de-colores/joya-antigua-50rr-23-282-1672304,,#AE6B80,"174,107,128",Rojo,
80RR 12/516,Latido *,https://www.alba.com.ar/es/paletas-de-colores/latido-80rr-12-516-1672951,,#A03547,"160,53,71",Rojo,
90RR 55/138,Lazo de Amor,https://www.alba.com.ar/es/paletas-de-colores/lazo-de-amor-90rr-55-138-1673236,,#DDB8B8,"221,184,184",Rojo,
90RB 83/030,Lazo de Cinta,https://www.alba.com.ar/es/paletas-de-colores/lazo-de-cinta-90rb-83-030-1673207,,#EEE8EA,"238,232,234",Rojo,
16RR 43/277,Lazo Rosado,https://www.alba.com.ar/es/paletas-de-colores/lazo-rosado-16rr-43-277-3136987,https://msp.images.akzonobel.com/glb/dh/inspirational-images/Livingroom-237815.png,#D699B9,"214,153,185",Rojo,
13YR 80/033,Licor de Durazno,https://www.alba.com.ar/es/paletas-de-colores/licor-de-durazno-13yr-80-033-1671367,,#EDE4E2,"237,228,226",Rojo,
74RR 28/432,Licuado de Frutilla,https://www.alba.com.ar/es/paletas-de-colores/licuado-de-frutilla-74rr-28-432-1672880,,#D86C80,"216,108,128",Rojo,
90RR 69/101,Limonada Rosa,https://www.alba.com.ar/es/paletas-de-colores/limonada-rosa-90rr-69-101-1673243,,#ECD0CF,"236,208,207",Rojo,
70RR 64/034,Lugar de Afecto,https://www.alba.com.ar/es/paletas-de-colores/lugar-de-afecto-70rr-64-034-1672765,,#D6CCCA,"214,204,202",Rojo,
30YR 83/023,Luna Creciente,https://www.alba.com.ar/es/paletas-de-colores/luna-creciente-30yr-83-023-1671826,,#EDE6E2,"237,230,226",Rojo,
06RR 20/418,Luz Deslumbrante,https://www.alba.com.ar/es/paletas-de-colores/luz-deslumbrante-06rr-20-418-3136930,https://msp.images.akzonobel.com/glb/dh/inspirational-images/Livingroom-237798.png,#AD588F,"173,88,143",Rojo,
90RR 28/359,Lápiz Labial,https://www.alba.com.ar/es/paletas-de-colores/lapiz-labial-90rr-28-359-1673222,,#CD747C,"205,116,124",Rojo,
19YR 13/558,Lápiz Labial Rojo,https://www.alba.com.ar/es/paletas-de-colores/lapiz-labial-rojo-19yr-13-558-1671428,,#AF332E,"175,51,46",Rojo,
90RR 21/418,Magnificencia,https://www.alba.com.ar/es/paletas-de-colores/magnificencia-90rr-21-418-1673217,,#C25C67,"194,92,103",Rojo,
50RR 10/229,Malbec,https://www.alba.com.ar/es/paletas-de-colores/malbec-50rr-10-229-1672297,,#734150,"115,65,80",Rojo,
70RR 57/070,Malva de Invierno,https://www.alba.com.ar/es/paletas-de-colores/malva-de-invierno-70rr-57-070-1672764,,#D3BFC1,"211,191,193",Rojo,
10RR 67/057,Malva Mineral,https://www.alba.com.ar/es/paletas-de-colores/malva-mineral-10rr-67-057-1671221,,#DED1D5,"222,209,213",Rojo,
50RR 39/154,Malva Rosa,https://www.alba.com.ar/es/paletas-de-colores/malva-rosa-50rr-39-154-1672311,,#C29CA6,"194,156,166",Rojo,
13RR 72/121,Malva Rosada,https://www.alba.com.ar/es/paletas-de-colores/malva-rosada-13rr-72-121-1671365,,#EDD3DF,"237,211,223",Rojo,
10RR 53/087,Malva Suave,https://www.alba.com.ar/es/paletas-de-colores/malva-suave-10rr-53-087-1671216,,#CDB9C3,"205,185,195",Rojo,
05YR 08/272,Marrón Intenso,https://www.alba.com.ar/es/paletas-de-colores/marron-intenso-05yr-08-272-3136926,https://msp.images.akzonobel.com/glb/dh/inspirational-images/Livingroom-232538.png,#722F2E,"114,47,46",Rojo,
23YR 08/237,Marrón Quemado,https://www.alba.com.ar/es/paletas-de-colores/marron-quemado-23yr-08-237-1671531,,#6F3B33,"111,59,51",Rojo,
26RR 14/332,Melodía Rosada,https://www.alba.com.ar/es/paletas-de-colores/melodia-rosada-26rr-14-332-1671565,,#92486C,"146,72,108",Rojo,
10YR 17/184,Meseta de Diamantes,https://www.alba.com.ar/es/paletas-de-colores/meseta-de-diamantes-10yr-17-184-1671234,,#8F6360,"143,99,96",Rojo,
30RR 42/198,Mezcla de Frambuesas,https://www.alba.com.ar/es/paletas-de-colores/mezcla-de-frambuesas-30rr-42-198-1671781,,#CB9DB0,"203,157,176",Rojo,
14RR 12/349,Mimos de Frutos Rojos,https://www.alba.com.ar/es/paletas-de-colores/mimos-de-frutos-rojos-14rr-12-349-3136970,https://msp.images.akzonobel.com/glb/dh/inspirational-images/Livingroom-237835.png,#863B67,"134,59,103",Rojo,
90RB 83/023,Momento de Promesa,https://www.alba.com.ar/es/paletas-de-colores/momento-de-promesa-90rb-83-023-1673205,,#EEE9EB,"238,233,235",Rojo,
83RR 12/377,Morado Intenso,https://www.alba.com.ar/es/paletas-de-colores/morado-intenso-83rr-12-377-1673030,,#963747,"150,55,71",Rojo,
79RR 66/131,Morado Suave,https://www.alba.com.ar/es/paletas-de-colores/morado-suave-79rr-66-131-3137198,https://msp.images.akzonobel.com/glb/dh/inspirational-images/Livingroom-232219.png,#EDC9CC,"237,201,204",Rojo,
17RR 18/239,Mousse de Berenjena,https://www.alba.com.ar/es/paletas-de-colores/mousse-de-berenjena-17rr-18-239-1671409,,#915D79,"145,93,121",Rojo,
17YR 60/073,Mousse de Chocolate,https://www.alba.com.ar/es/paletas-de-colores/mousse-de-chocolate-17yr-60-073-1671410,,#D8C5C1,"216,197,193",Rojo,
88RR 18/464,Mousse de Granada,https://www.alba.com.ar/es/paletas-de-colores/mousse-de-granada-88rr-18-464-1673069,,#B94657,"185,70,87",Rojo,
89RB 79/040,Mousse Rosado,https://www.alba.com.ar/es/paletas-de-colores/mousse-rosado-89rb-79-040-3137251,https://msp.images.akzonobel.com/glb/dh/inspirational-images/Livingroom-237846.png,#EAE2E6,"234,226,230",Rojo,
82RR 76/111,Moño Rosa,https://www.alba.com.ar/es/paletas-de-colores/mono-rosa-82rr-76-111-1673021,,#F6D8DA,"246,216,218",Rojo,
90RR 52/214,Muchacha,https://www.alba.com.ar/es/paletas-de-colores/muchacha-90rr-52-214-1673235,,#EAB0B2,"234,176,178",Rojo,
90RR 75/053,Niñita,https://www.alba.com.ar/es/paletas-de-colores/ninita-90rr-75-053-1673245,,#EBDCDB,"235,220,219",Rojo,
50RR 74/048,Nube Rosa,https://www.alba.com.ar/es/paletas-de-colores/nube-rosa-50rr-74-048-1672318,,#E7DADB,"231,218,219",Rojo,
90RR 35/365,Ocaso del Pacífico,https://www.alba.com.ar/es/paletas-de-colores/ocaso-del-pacifico-90rr-35-365-1673227,,#DF8289,"223,130,137",Rojo,
04YR 11/537,Oriental Increíble *,https://www.alba.com.ar/es/paletas-de-colores/oriental-increible-04yr-11-537-1671029,,#A6252E,"166,37,46",Rojo,
00YR 08/409,Orquídea Rubí,https://www.alba.com.ar/es/paletas-de-colores/orquidea-rubi-00yr-08-409-1670959,,#832930,"131,41,48",Rojo,
10YR 83/035,Otoño Quemado,https://www.alba.com.ar/es/paletas-de-colores/otono-quemado-10yr-83-035-1688843,,#F1E7E4,"241,231,228",Rojo,
10YR 51/138,Pabellón Rosa,https://www.alba.com.ar/es/paletas-de-colores/pabellon-rosa-10yr-51-138-1671254,,#D8B2AE,"216,178,174",Rojo,
45YR 83/076,Palacio de Budapest,https://www.alba.com.ar/es/paletas-de-colores/palacio-de-budapest-45yr-83-076-1672081,,#F6E3DB,"246,227,219",Rojo,
47RR 55/175,Pashmina Rosada,https://www.alba.com.ar/es/paletas-de-colores/pashmina-rosada-47rr-55-175-1672134,,#E3B6C2,"227,182,194",Rojo,
30RR 26/335,Pasionaria,https://www.alba.com.ar/es/paletas-de-colores/pasionaria-30rr-26-335-1671777,,#BB7191,"187,113,145",Rojo,
02YR 20/536,Pasión Coral,https://www.alba.com.ar/es/paletas-de-colores/pasion-coral-02yr-20-536-3136914,https://msp.images.akzonobel.com/glb/dh/inspirational-images/Livingroom-232428.png,#C9464F,"201,70,79",Rojo,
88RR 78/030,Pasión Secreta,https://www.alba.com.ar/es/paletas-de-colores/pasion-secreta-88rr-78-030-1673070,,#EAE1DE,"234,225,222",Rojo,
32RR 50/280,Pastilla de Cereza,https://www.alba.com.ar/es/paletas-de-colores/pastilla-de-cereza-32rr-50-280-1671913,,#E6A7BE,"230,167,190",Rojo,
70RR 66/072,Penélope,https://www.alba.com.ar/es/paletas-de-colores/penelope-70rr-66-072-1672767,,#E2CECF,"226,206,207",Rojo,
70RR 48/184,Peonías Frescas,https://www.alba.com.ar/es/paletas-de-colores/peonias-frescas-70rr-48-184-1672760,,#D9AAB0,"217,170,176",Rojo,
10RR 35/133,Perfume de Higo,https://www.alba.com.ar/es/paletas-de-colores/perfume-de-higo-10rr-35-133-1671212,,#B195A4,"177,149,164",Rojo,
90RR 68/090,Perla de Princesa,https://www.alba.com.ar/es/paletas-de-colores/perla-de-princesa-90rr-68-090-1673242,,#EAD0CF,"234,208,207",Rojo,
25YR 71/129,Pink à la mode,https://www.alba.com.ar/es/paletas-de-colores/pink-a-la-mode-25yr-71-129-3137027,https://msp.images.akzonobel.com/glb/dh/inspirational-images/Livingroom-232661.png,#F4D3CB,"244,211,203",Rojo,
50RR 13/343,Pitanga Helada *,https://www.alba.com.ar/es/paletas-de-colores/pitanga-helada-50rr-13-343-1672300,,#964561,"150,69,97",Rojo,
14YR 10/434,Pitanga Madura *,https://www.alba.com.ar/es/paletas-de-colores/pitanga-madura-14yr-10-434-1671375,,#91302C,"145,48,44",Rojo,
78RR 71/148,Piñón,https://www.alba.com.ar/es/paletas-de-colores/pinon-78rr-71-148-1672927,,#F5CED1,"245,206,209",Rojo,
10YR 38/318,Playa de Coral,https://www.alba.com.ar/es/paletas-de-colores/playa-de-coral-10yr-38-318-1671248,,#DE8E89,"222,142,137",Rojo,
70RR 74/059,Playa Rosa,https://www.alba.com.ar/es/paletas-de-colores/playa-rosa-70rr-74-059-1672771,,#EBDAD9,"235,218,217",Rojo,
70RR 13/233,Pluma Roja,https://www.alba.com.ar/es/paletas-de-colores/pluma-roja-70rr-13-233-1672741,,#864F5A,"134,79,90",Rojo,
10RR 26/163,Poema,https://www.alba.com.ar/es/paletas-de-colores/poema-10rr-26-163-1671209,,#9F7E91,"159,126,145",Rojo,
30YR 64/058,Poesía,https://www.alba.com.ar/es/paletas-de-colores/poesia-30yr-64-058-1671821,,#DCCCC8,"220,204,200",Rojo,
30RR 73/033,Polvo de Mármol,https://www.alba.com.ar/es/paletas-de-colores/polvo-de-marmol-30rr-73-033-1671787,,#E3DADB,"227,218,219",Rojo,
16YR 79/080,Porcelana Rosada,https://www.alba.com.ar/es/paletas-de-colores/porcelana-rosada-16yr-79-080-1671398,,#F5DFDB,"245,223,219",Rojo,
70RR 43/104,Porción de Moras,https://www.alba.com.ar/es/paletas-de-colores/porcion-de-moras-70rr-43-104-1672759,,#C1A4A9,"193,164,169",Rojo,
10YR 83/025,Primer Rubor,https://www.alba.com.ar/es/paletas-de-colores/primer-rubor-10yr-83-025-1671265,,#EFE8E5,"239,232,229",Rojo,
95RR 36/390,Princesa Sensacional,https://www.alba.com.ar/es/paletas-de-colores/princesa-sensacional-95rr-36-390-1673367,,#E48286,"228,130,134",Rojo,
02YR 09/373,Pájaro de Fuego,https://www.alba.com.ar/es/paletas-de-colores/pajaro-de-fuego-02yr-09-373-3136913,https://msp.images.akzonobel.com/glb/dh/inspirational-images/Livingroom-232549.png,#862A2E,"134,42,46",Rojo,
70RR 16/116,Raíz de Rosal,https://www.alba.com.ar/es/paletas-de-colores/raiz-de-rosal-70rr-16-116-1672744,,#816469,"129,100,105",Rojo,
49RR 17/416,Reflejo de Rosas,https://www.alba.com.ar/es/paletas-de-colores/reflejo-de-rosas-49rr-17-416-1672155,,#AE486D,"174,72,109",Rojo,
57RR 62/183,Reflejo Vivaz,https://www.alba.com.ar/es/paletas-de-colores/reflejo-vivaz-57rr-62-183-1672460,,#EFBFC9,"239,191,201",Rojo,
50RR 11/286,Reina,https://www.alba.com.ar/es/paletas-de-colores/reina-50rr-11-286-1672298,,#854459,"133,68,89",Rojo,
91RR 51/304,Revelación Rosada,https://www.alba.com.ar/es/paletas-de-colores/revelacion-rosada-91rr-51-304-1673337,,#F4A6A8,"244,166,168",Rojo,
00YR 17/365,Revolución Rosa,https://www.alba.com.ar/es/paletas-de-colores/revolucion-rosa-00yr-17-365-1670961,,#AA5154,"170,81,84",Rojo,
31YR 10/591,Rojo Carmesí *,https://www.alba.com.ar/es/paletas-de-colores/rojo-carmesi-31yr-10-591-1671905,,#A42B2C,"164,43,44",Rojo,
10YR 09/250,Rojo Colonia,https://www.alba.com.ar/es/paletas-de-colores/rojo-colonia-10yr-09-250-1671229,,#783C3A,"120,60,58",Rojo,
90RR 20/296,Rojo Envejecido,https://www.alba.com.ar/es/paletas-de-colores/rojo-envejecido-90rr-20-296-1673216,,#AD6368,"173,99,104",Rojo,
10YR 17/465,Rojo Francia,https://www.alba.com.ar/es/paletas-de-colores/rojo-francia-10yr-17-465-1671235,,#B94D4D,"185,77,77",Rojo,
30YR 14/365,Rojo Henna,https://www.alba.com.ar/es/paletas-de-colores/rojo-henna-30yr-14-365-1671799,,#9A4C3C,"154,76,60",Rojo,
30YR 07/354,Rojo Libertad,https://www.alba.com.ar/es/paletas-de-colores/rojo-libertad-30yr-07-354-1671791,,#7C3B31,"124,59,49",Rojo,
99RR 12/469,Rojo Matiz,https://www.alba.com.ar/es/paletas-de-colores/rojo-matiz-99rr-12-469-3137281,https://msp.images.akzonobel.com/glb/dh/inspirational-images/Livingroom-232429.png,#A32E39,"163,46,57",Rojo,
30RR 17/140,Rojo Místico,https://www.alba.com.ar/es/paletas-de-colores/rojo-mistico-30rr-17-140-1671773,,#856772,"133,103,114",Rojo,
64RR 12/436,Rojo Picante *,https://www.alba.com.ar/es/paletas-de-colores/rojo-picante-64rr-12-436-1672576,,#9D3352,"157,51,82",Rojo,
30RR 15/375,Rojo Primoroso,https://www.alba.com.ar/es/paletas-de-colores/rojo-primoroso-30rr-15-375-1671772,,#A14C72,"161,76,114",Rojo,
16YR 13/558,Rojo Semáforo,https://www.alba.com.ar/es/paletas-de-colores/rojo-semaforo-16yr-13-558-1671395,,#B02826,"176,40,38",Rojo,
70RR 10/250,Rojo Tapiz,https://www.alba.com.ar/es/paletas-de-colores/rojo-tapiz-70rr-10-250-1672740,,#7E434E,"126,67,78",Rojo,
95RR 07/271,Rojo Tierra,https://www.alba.com.ar/es/paletas-de-colores/rojo-tierra-95rr-07-271-1673366,,#6B2C31,"107,44,49",Rojo,
90RR 11/257,Rojo Tribal,https://www.alba.com.ar/es/paletas-de-colores/rojo-tribal-90rr-11-257-1673210,,#84474B,"132,71,75",Rojo,
98RR 12/480,Rojo Victoriano *,https://www.alba.com.ar/es/paletas-de-colores/rojo-victoriano-98rr-12-480-1673381,,#9C333C,"156,51,60",Rojo,
04YR 27/258,Romance Rústico,https://www.alba.com.ar/es/paletas-de-colores/romance-rustico-04yr-27-258-3136923,https://msp.images.akzonobel.com/glb/dh/inspirational-images/Livingroom-232420.png,#B97A77,"185,122,119",Rojo,
75RR 63/207,Rosa Algodón Dulce,https://www.alba.com.ar/es/paletas-de-colores/rosa-algodon-dulce-75rr-63-207-1672887,,#F2BCC2,"242,188,194",Rojo,
95RB 56/237,Rosa Angora,https://www.alba.com.ar/es/paletas-de-colores/rosa-angora-95rb-56-237-1673364,,#E4B6D6,"228,182,214",Rojo,
70RR 25/338,Rosa Arbórea,https://www.alba.com.ar/es/paletas-de-colores/rosa-arborea-70rr-25-338-1672749,,#C16D7E,"193,109,126",Rojo,
10YR 67/111,Rosa Ballet,https://www.alba.com.ar/es/paletas-de-colores/rosa-ballet-10yr-67-111-1671261,,#ECCCC8,"236,204,200",Rojo,
50RR 32/262,Rosa Bella,https://www.alba.com.ar/es/paletas-de-colores/rosa-bella-50rr-32-262-1672309,,#C68597,"198,133,151",Rojo,
70RR 30/216,Rosa Berberís,https://www.alba.com.ar/es/paletas-de-colores/rosa-berberis-70rr-30-216-1672752,,#BA838D,"186,131,141",Rojo,
90RR 26/315,Rosa Beso,https://www.alba.com.ar/es/paletas-de-colores/rosa-beso-90rr-26-315-1673219,,#C27179,"194,113,121",Rojo,
90RR 76/062,Rosa Brumoso,https://www.alba.com.ar/es/paletas-de-colores/rosa-brumoso-90rr-76-062-1673246,,#EEDCDA,"238,220,218",Rojo,
70RR 19/190,Rosa Capri,https://www.alba.com.ar/es/paletas-de-colores/rosa-capri-70rr-19-190-1672746,,#966870,"150,104,112",Rojo,
96RB 22/393,Rosa Carmín,https://www.alba.com.ar/es/paletas-de-colores/rosa-carmin-96rb-22-393-1673369,,#AE639A,"174,99,154",Rojo,
21RR 36/354,Rosa Carnaval,https://www.alba.com.ar/es/paletas-de-colores/rosa-carnaval-21rr-36-354-1671515,,#D486AC,"212,134,172",Rojo,
93RR 70/157,Rosa Casa de Muñecas,https://www.alba.com.ar/es/paletas-de-colores/rosa-casa-de-munecas-93rr-70-157-1673350,,#F9CECD,"249,206,205",Rojo,
10YR 65/059,Rosa Ceniza,https://www.alba.com.ar/es/paletas-de-colores/rosa-ceniza-10yr-65-059-1671259,,#DFCECB,"223,206,203",Rojo,
47RR 33/395,Rosa Chicle,https://www.alba.com.ar/es/paletas-de-colores/rosa-chicle-47rr-33-395-1672133,,#D97A99,"217,122,153",Rojo,
54RR 52/260,Rosa Chispeante,https://www.alba.com.ar/es/paletas-de-colores/rosa-chispeante-54rr-52-260-1672437,,#ECA8B9,"236,168,185",Rojo,
70RR 32/139,Rosa Colonial,https://www.alba.com.ar/es/paletas-de-colores/rosa-colonial-70rr-32-139-1672753,,#B18E93,"177,142,147",Rojo,
37RR 42/310,Rosa Confite,https://www.alba.com.ar/es/paletas-de-colores/rosa-confite-37rr-42-310-1671946,,#DF93AF,"223,147,175",Rojo,
24YR 72/146,Rosa de Hadas,https://www.alba.com.ar/es/paletas-de-colores/rosa-de-hadas-24yr-72-146-1671540,,#F5D1C8,"245,209,200",Rojo,
10RR 18/350,Rosa de Jardín,https://www.alba.com.ar/es/paletas-de-colores/rosa-de-jardin-10rr-18-350-1671203,,#A25A85,"162,90,133",Rojo,
90RR 27/440,Rosa Elegante,https://www.alba.com.ar/es/paletas-de-colores/rosa-elegante-90rr-27-440-1673220,,#D66B76,"214,107,118",Rojo,
42RR 26/194,Rosa Emoción,https://www.alba.com.ar/es/paletas-de-colores/rosa-emocion-42rr-26-194-3137086,https://msp.images.akzonobel.com/glb/dh/inspirational-images/Livingroom-237944.png,#A77987,"167,121,135",Rojo,
71RR 23/421,Rosa Espléndido,https://www.alba.com.ar/es/paletas-de-colores/rosa-esplendido-71rr-23-421-3137183,https://msp.images.akzonobel.com/glb/dh/inspirational-images/Livingroom-232189.png,#C95D73,"201,93,115",Rojo,
02RR 35/376,Rosa Exótico,https://www.alba.com.ar/es/paletas-de-colores/rosa-exotico-02rr-35-376-1671014,,#D185B7,"209,133,183",Rojo,
71RR 58/199,Rosa Fantástico,https://www.alba.com.ar/es/paletas-de-colores/rosa-fantastico-71rr-58-199-3137184,https://msp.images.akzonobel.com/glb/dh/inspirational-images/Livingroom-232200.png,#ECB8BE,"236,184,190",Rojo,
47RR 32/383,Rosa Flamenco,https://www.alba.com.ar/es/paletas-de-colores/rosa-flamenco-47rr-32-383-1672132,,#D37998,"211,121,152",Rojo,
90RR 43/290,Rosa Florida,https://www.alba.com.ar/es/paletas-de-colores/rosa-florida-90rr-43-290-1673232,,#E3979B,"227,151,155",Rojo,
64RR 80/073,Rosa Gélido,https://www.alba.com.ar/es/paletas-de-colores/rosa-gelido-64rr-80-073-1672577,,#F4E0E1,"244,224,225",Rojo,
70RR 38/246,Rosa India,https://www.alba.com.ar/es/paletas-de-colores/rosa-india-70rr-38-246-1672755,,#D0929C,"208,146,156",Rojo,
50RR 61/129,Rosa Inglesa,https://www.alba.com.ar/es/paletas-de-colores/rosa-inglesa-50rr-61-129-1672315,,#E3C1C9,"227,193,201",Rojo,
28YR 67/165,Rosa Inspirador,https://www.alba.com.ar/es/paletas-de-colores/rosa-inspirador-28yr-67-165-1671577,,#F5CAC1,"245,202,193",Rojo,
70RR 40/168,Rosa Irlandesa,https://www.alba.com.ar/es/paletas-de-colores/rosa-irlandesa-70rr-40-168-1672757,,#C79CA3,"199,156,163",Rojo,
10YR 27/323,Rosa Madera,https://www.alba.com.ar/es/paletas-de-colores/rosa-madera-10yr-27-323-1671241,,#C27470,"194,116,112",Rojo,
10YR 50/101,Rosa Marchita,https://www.alba.com.ar/es/paletas-de-colores/rosa-marchita-10yr-50-101-1671253,,#CEB2AF,"206,178,175",Rojo,
70RR 67/092,Rosa Menta,https://www.alba.com.ar/es/paletas-de-colores/rosa-menta-70rr-67-092-1672768,,#E7CED0,"231,206,208",Rojo,
90RR 62/124,Rosa Nevada,https://www.alba.com.ar/es/paletas-de-colores/rosa-nevada-90rr-62-124-1673238,,#E6C4C5,"230,196,197",Rojo,
99RR 27/498,Rosa Neón,https://www.alba.com.ar/es/paletas-de-colores/rosa-neon-99rr-27-498-1673389,,#DC656C,"220,101,108",Rojo,
50RR 26/431,Rosa Notorio,https://www.alba.com.ar/es/paletas-de-colores/rosa-notorio-50rr-26-431-1672306,,#CC6487,"204,100,135",Rojo,
50RR 65/065,Rosa Nuevo,https://www.alba.com.ar/es/paletas-de-colores/rosa-nuevo-50rr-65-065-1672316,,#DECDD0,"222,205,208",Rojo,
77RR 16/420,Rosa Osado,https://www.alba.com.ar/es/paletas-de-colores/rosa-osado-77rr-16-420-3137192,https://msp.images.akzonobel.com/glb/dh/inspirational-images/Livingroom-232241.png,#AB4357,"171,67,87",Rojo,
30YR 83/029,Rosa Penélope,https://www.alba.com.ar/es/paletas-de-colores/rosa-penelope-30yr-83-029-1671827,,#EFE7E2,"239,231,226",Rojo,
98RR 80/078,Rosa Perfecto,https://www.alba.com.ar/es/paletas-de-colores/rosa-perfecto-98rr-80-078-1673382,,#F6DFDD,"246,223,221",Rojo,
10YR 57/080,Rosa Puccini,https://www.alba.com.ar/es/paletas-de-colores/rosa-puccini-10yr-57-080-1671257,,#D6C0BE,"214,192,190",Rojo,
90RR 83/030,Rosa Puro,https://www.alba.com.ar/es/paletas-de-colores/rosa-puro-90rr-83-030-1673251,,#F0E7E5,"240,231,229",Rojo,
50RR 49/195,Rosa Pátina,https://www.alba.com.ar/es/paletas-de-colores/rosa-patina-50rr-49-195-1672312,,#DBA9B6,"219,169,182",Rojo,
50RR 19/203,Rosa Real,https://www.alba.com.ar/es/paletas-de-colores/rosa-real-50rr-19-203-1672303,,#976876,"151,104,118",Rojo,
90RR 28/245,Rosa Renacentista,https://www.alba.com.ar/es/paletas-de-colores/rosa-renacentista-90rr-28-245-1673221,,#B87C7E,"184,124,126",Rojo,
70RR 52/120,Rosa Restauración,https://www.alba.com.ar/es/paletas-de-colores/rosa-restauracion-70rr-52-120-1672761,,#D6B5B8,"214,181,184",Rojo,
30RR 54/145,Rosa Retro,https://www.alba.com.ar/es/paletas-de-colores/rosa-retro-30rr-54-145-1671783,,#D8B6C3,"216,182,195",Rojo,
90RR 18/450,Rosa Roja,https://www.alba.com.ar/es/paletas-de-colores/rosa-roja-90rr-18-450-1673215,,#BF4F5C,"191,79,92",Rojo,
50RR 75/068,Rosa Romántico,https://www.alba.com.ar/es/paletas-de-colores/rosa-romantico-50rr-75-068-1672319,,#ECDADD,"236,218,221",Rojo,
86RB 65/163,Rosa Rosa,https://www.alba.com.ar/es/paletas-de-colores/rosa-rosa-86rb-65-163-1673052,,#E6C8DD,"230,200,221",Rojo,
70RR 26/240,Rosa Rural,https://www.alba.com.ar/es/paletas-de-colores/rosa-rural-70rr-26-240-1672750,,#B27782,"178,119,130",Rojo,
90RR 39/226,Rosa Río,https://www.alba.com.ar/es/paletas-de-colores/rosa-rio-90rr-39-226-1673229,,#CF9597,"207,149,151",Rojo,
70RR 27/375,Rosa Sabana,https://www.alba.com.ar/es/paletas-de-colores/rosa-sabana-70rr-27-375-1672751,,#CB6E81,"203,110,129",Rojo,
85RR 75/032,Rosa Sedosa,https://www.alba.com.ar/es/paletas-de-colores/rosa-sedosa-85rr-75-032-3137238,https://msp.images.akzonobel.com/glb/dh/inspirational-images/Livingroom-232270.png,#E5DCDC,"229,220,220",Rojo,
76RR 40/294,Rosa Silvestre,https://www.alba.com.ar/es/paletas-de-colores/rosa-silvestre-76rr-40-294-3137190,https://msp.images.akzonobel.com/glb/dh/inspirational-images/Livingroom-232204.png,#DD939C,"221,147,156",Rojo,
55RR 75/106,Rosa Sinfonía,https://www.alba.com.ar/es/paletas-de-colores/rosa-sinfonia-55rr-75-106-1672444,,#F2D6DA,"242,214,218",Rojo,
50RR 83/034,Rosa Sombra,https://www.alba.com.ar/es/paletas-de-colores/rosa-sombra-50rr-83-034-1672322,,#F0E7E7,"240,231,231",Rojo,
30YR 83/040,Rosa Sospecha,https://www.alba.com.ar/es/paletas-de-colores/rosa-sospecha-30yr-83-040-1671828,,#F2E6E2,"242,230,226",Rojo,
10YR 16/407,Rosa Suave,https://www.alba.com.ar/es/paletas-de-colores/rosa-suave-10yr-16-407-1671233,,#AA4D4C,"170,77,76",Rojo,
81RR 47/323,Rosa Tigre,https://www.alba.com.ar/es/paletas-de-colores/rosa-tigre-81rr-47-323-1673011,,#ED9AA3,"237,154,163",Rojo,
90RR 63/139,Rosa Tudor,https://www.alba.com.ar/es/paletas-de-colores/rosa-tudor-90rr-63-139-1673239,,#EBC5C6,"235,197,198",Rojo,
30RR 61/195,Rosa Turco,https://www.alba.com.ar/es/paletas-de-colores/rosa-turco-30rr-61-195-1671784,,#E9B9CA,"233,185,202",Rojo,
10YR 83/040,Rosa Tímido,https://www.alba.com.ar/es/paletas-de-colores/rosa-timido-10yr-83-040-1671266,,#F2E7E3,"242,231,227",Rojo,
14RR 48/276,Rosa Valentín,https://www.alba.com.ar/es/paletas-de-colores/rosa-valentin-14rr-48-276-1671374,,#E1A5C3,"225,165,195",Rojo,
10RR 60/197,Rosa Vivo,https://www.alba.com.ar/es/paletas-de-colores/rosa-vivo-10rr-60-197-1671219,,#E8BDD3,"232,189,211",Rojo,
94RR 28/490,Rosado Embriagador,https://www.alba.com.ar/es/paletas-de-colores/rosado-embriagador-94rr-28-490-1673356,,#DD646D,"221,100,109",Rojo,
84RB 60/175,Rosado Intenso,https://www.alba.com.ar/es/paletas-de-colores/rosado-intenso-84rb-60-175-3137235,https://msp.images.akzonobel.com/glb/dh/inspirational-images/Livingroom-237678.png,#E0C0DA,"224,192,218",Rojo,
50RR 29/198,Rosedal,https://www.alba.com.ar/es/paletas-de-colores/rosedal-50rr-29-198-1672307,,#B38391,"179,131,145",Rojo,
10YR 34/359,Rouge Rojo,https://www.alba.com.ar/es/paletas-de-colores/rouge-rojo-10yr-34-359-1671246,,#D8827E,"216,130,126",Rojo,
10YR 83/020,Rubor Avellana,https://www.alba.com.ar/es/paletas-de-colores/rubor-avellana-10yr-83-020-1688842,,#EEE8E5,"238,232,229",Rojo,
30YR 83/011,Rubor Cocoa,https://www.alba.com.ar/es/paletas-de-colores/rubor-cocoa-30yr-83-011-1688845,,#EBE8E5,"235,232,229",Rojo,
02YR 45/229,Rubor de Peonía,https://www.alba.com.ar/es/paletas-de-colores/rubor-de-peonia-02yr-45-229-1671015,,#DCA29E,"220,162,158",Rojo,
03YR 08/318,Rubor Intenso,https://www.alba.com.ar/es/paletas-de-colores/rubor-intenso-03yr-08-318-1671018,,#7C2829,"124,40,41",Rojo,
31YR 84/056,Rubor Neutro,https://www.alba.com.ar/es/paletas-de-colores/rubor-neutro-31yr-84-056-1671908,,#F7E7E3,"247,231,227",Rojo,
70RR 74/051,Rubor Nocturno,https://www.alba.com.ar/es/paletas-de-colores/rubor-nocturno-70rr-74-051-1672770,,#E9DAD9,"233,218,217",Rojo,
06YR 12/509,Rubí Estridente,https://www.alba.com.ar/es/paletas-de-colores/rubi-estridente-06yr-12-509-1671045,,#A6272F,"166,39,47",Rojo,
50RR 24/321,Rubí Suave,https://www.alba.com.ar/es/paletas-de-colores/rubi-suave-50rr-24-321-1672305,,#B86D84,"184,109,132",Rojo,
82RR 18/114,Rulo de Chocolate,https://www.alba.com.ar/es/paletas-de-colores/rulo-de-chocolate-82rr-18-114-1673020,,#85686A,"133,104,106",Rojo,
38YR 40/290,Sahara Soleado,https://www.alba.com.ar/es/paletas-de-colores/sahara-soleado-38yr-40-290-3137070,https://msp.images.akzonobel.com/glb/dh/inspirational-images/Livingroom-232764.png,#D89683,"216,150,131",Rojo,
70RR 83/040,Salmón Pálido,https://www.alba.com.ar/es/paletas-de-colores/salmon-palido-70rr-83-040-1672772,,#F1E5E4,"241,229,228",Rojo,
10YR 14/348,Salsa *,https://www.alba.com.ar/es/paletas-de-colores/salsa-10yr-14-348-1671231,,#9C4C49,"156,76,73",Rojo,
99RR 07/325,Salsa Caliente,https://www.alba.com.ar/es/paletas-de-colores/salsa-caliente-99rr-07-325-1688852,,#7B2A2E,"123,42,46",Rojo,
90RR 39/327,Sandía Dulce,https://www.alba.com.ar/es/paletas-de-colores/sandia-dulce-90rr-39-327-1673230,,#E18D93,"225,141,147",Rojo,
32RR 09/203,Sangre de Dragón,https://www.alba.com.ar/es/paletas-de-colores/sangre-de-dragon-32rr-09-203-3137048,https://msp.images.akzonobel.com/glb/dh/inspirational-images/Livingroom-237904.png,#6B3C50,"107,60,80",Rojo,
10YR 37/143,Santa Rosa,https://www.alba.com.ar/es/paletas-de-colores/santa-rosa-10yr-37-143-1671247,,#BC9795,"188,151,149",Rojo,
70RR 23/409,Secreto,https://www.alba.com.ar/es/paletas-de-colores/secreto-70rr-23-409-1672747,,#C55F76,"197,95,118",Rojo,
72RR 78/058,Sensación de Rosas,https://www.alba.com.ar/es/paletas-de-colores/sensacion-de-rosas-72rr-78-058-3137186,https://msp.images.akzonobel.com/glb/dh/inspirational-images/Livingroom-232124.png,#EFDFDF,"239,223,223",Rojo,
01YR 09/386,Sensación Española,https://www.alba.com.ar/es/paletas-de-colores/sensacion-espanola-01yr-09-386-3136910,https://msp.images.akzonobel.com/glb/dh/inspirational-images/Livingroom-232453.png,#86252B,"134,37,43",Rojo,
18YR 83/042,Sensación Japonesa,https://www.alba.com.ar/es/paletas-de-colores/sensacion-japonesa-18yr-83-042-1671423,,#F3E7E4,"243,231,228",Rojo,
66RR 67/091,Sensación Rojo Cereza,https://www.alba.com.ar/es/paletas-de-colores/sensacion-rojo-cereza-66rr-67-091-1672596,,#E6CED0,"230,206,208",Rojo,
81RB 75/080,Sensación Rosada,https://www.alba.com.ar/es/paletas-de-colores/sensacion-rosada-81rb-75-080-3137212,https://msp.images.akzonobel.com/glb/dh/inspirational-images/Livingroom-237649.png,#E8DAE5,"232,218,229",Rojo,
30YR 08/236,Sequoia Antigua,https://www.alba.com.ar/es/paletas-de-colores/sequoia-antigua-30yr-08-236-1671792,,#713E34,"113,62,52",Rojo,
10RR 26/248,Serenata Satinada,https://www.alba.com.ar/es/paletas-de-colores/serenata-satinada-10rr-26-248-1671210,,#AC7996,"172,121,150",Rojo,
50RR 83/006,Siberia,https://www.alba.com.ar/es/paletas-de-colores/siberia-50rr-83-006-1672320,,#ECE9E7,"236,233,231",Rojo,
72RR 05/147,Sinfonía Granate,https://www.alba.com.ar/es/paletas-de-colores/sinfonia-granate-72rr-05-147-1688849,,#4E2A30,"78,42,48",Rojo,
10YR 30/133,Sombra Mística,https://www.alba.com.ar/es/paletas-de-colores/sombra-mistica-10yr-30-133-1671244,,#AC8B88,"172,139,136",Rojo,
10YR 83/015,Sombra Suave,https://www.alba.com.ar/es/paletas-de-colores/sombra-suave-10yr-83-015-1671264,,#ECE7E3,"236,231,227",Rojo,
30RR 30/103,Sonata,https://www.alba.com.ar/es/paletas-de-colores/sonata-30rr-30-103-1671778,,#A48C95,"164,140,149",Rojo,
50RR 12/305,Sorpresa Merlot,https://www.alba.com.ar/es/paletas-de-colores/sorpresa-merlot-50rr-12-305-1672299,,#8A3F59,"138,63,89",Rojo,
77RR 75/025,Soñador,https://www.alba.com.ar/es/paletas-de-colores/sonador-77rr-75-025-1672908,,#E3DDDB,"227,221,219",Rojo,
30RR 64/043,Susurro,https://www.alba.com.ar/es/paletas-de-colores/susurro-30rr-64-043-1671785,,#D9CED1,"217,206,209",Rojo,
74RR 76/023,Susurro de Luz,https://www.alba.com.ar/es/paletas-de-colores/susurro-de-luz-74rr-76-023-1672881,,#E5DFDE,"229,223,222",Rojo,
00YR 26/490,Tañido Cítrico,https://www.alba.com.ar/es/paletas-de-colores/tanido-citrico-00yr-26-490-3136904,https://msp.images.akzonobel.com/glb/dh/inspirational-images/Livingroom-232397.png,#D86165,"216,97,101",Rojo,
10YR 30/400,Tentación,https://www.alba.com.ar/es/paletas-de-colores/tentacion-10yr-30-400-1671245,,#D57471,"213,116,113",Rojo,
54RR 09/276,Terciopelo Escarlata,https://www.alba.com.ar/es/paletas-de-colores/terciopelo-escarlata-54rr-09-276-1672436,,#743347,"116,51,71",Rojo,
90RR 58/177,Terciopelo Rosa,https://www.alba.com.ar/es/paletas-de-colores/terciopelo-rosa-90rr-58-177-1673237,,#EBBABB,"235,186,187",Rojo,
30RR 10/321,Terciopelo Ruso *,https://www.alba.com.ar/es/paletas-de-colores/terciopelo-ruso-30rr-10-321-1671769,,#7D395A,"125,57,90",Rojo,
10YR 22/206,Tierra de Vino,https://www.alba.com.ar/es/paletas-de-colores/tierra-de-vino-10yr-22-206-1671237,,#A4726D,"164,114,109",Rojo,
50YR 53/160,Tierra Rosa,https://www.alba.com.ar/es/paletas-de-colores/tierra-rosa-50yr-53-160-1672353,,#D9B3A6,"217,179,166",Rojo,
80RR 77/083,Toque de Cereza,https://www.alba.com.ar/es/paletas-de-colores/toque-de-cereza-80rr-77-083-3137208,https://msp.images.akzonobel.com/glb/dh/inspirational-images/Livingroom-232162.png,#F2DCDC,"242,220,220",Rojo,
12RR 07/229,Toque de Ciruela,https://www.alba.com.ar/es/paletas-de-colores/toque-de-ciruela-12rr-07-229-1671354,,#603250,"96,50,80",Rojo,
10RR 39/184,Toque de Frambuesa,https://www.alba.com.ar/es/paletas-de-colores/toque-de-frambuesa-10rr-39-184-1671213,,#C29AAF,"194,154,175",Rojo,
30YR 74/045,Toque de Lavanda,https://www.alba.com.ar/es/paletas-de-colores/toque-de-lavanda-30yr-74-045-1671825,,#E6DAD6,"230,218,214",Rojo,
79YR 76/064,Toques Rosados,https://www.alba.com.ar/es/paletas-de-colores/toques-rosados-79yr-76-064-3137199,https://msp.images.akzonobel.com/glb/dh/inspirational-images/Livingroom-233232.png,#EBDED4,"235,222,212",Rojo,
16YR 16/594,Torero *,https://www.alba.com.ar/es/paletas-de-colores/torero-16yr-16-594-1671396,,#C33A38,"195,58,56",Rojo,
32RR 26/413,Tutti Frutti,https://www.alba.com.ar/es/paletas-de-colores/tutti-frutti-32rr-26-413-1671912,,#C76892,"199,104,146",Rojo,
10YR 21/436,Té Danzante,https://www.alba.com.ar/es/paletas-de-colores/te-danzante-10yr-21-436-1671236,,#C15A57,"193,90,87",Rojo,
15RR 27/249,Té de Rosa Mosqueta,https://www.alba.com.ar/es/paletas-de-colores/te-de-rosa-mosqueta-15rr-27-249-1671382,,#AE7995,"174,121,149",Rojo,
76RR 08/316,Uva Francesa *,https://www.alba.com.ar/es/paletas-de-colores/uva-francesa-76rr-08-316-1672896,,#752B3A,"117,43,58",Rojo,
90RR 30/285,Vanguardia de la Moda,https://www.alba.com.ar/es/paletas-de-colores/vanguardia-de-la-moda-90rr-30-285-1673223,,#C77E83,"199,126,131",Rojo,
26YR 18/404,Vasija de Terracota,https://www.alba.com.ar/es/paletas-de-colores/vasija-de-terracota-26yr-18-404-3137032,https://msp.images.akzonobel.com/glb/dh/inspirational-images/Livingroom-232710.png,#B05446,"176,84,70",Rojo,
10RR 83/009,Vela Aromática,https://www.alba.com.ar/es/paletas-de-colores/vela-aromatica-10rr-83-009-1671226,,#EAE8E5,"234,232,229",Rojo,
30YR 26/330,Verano Indio,https://www.alba.com.ar/es/paletas-de-colores/verano-indio-30yr-26-330-1671808,,#BF7567,"191,117,103",Rojo,
10RR 25/437,Vibrato,https://www.alba.com.ar/es/paletas-de-colores/vibrato-10rr-25-437-1671208,,#C1669D,"193,102,157",Rojo,
09YR 05/305,Vino Clásico,https://www.alba.com.ar/es/paletas-de-colores/vino-clasico-09yr-05-305-1671062,,#6B3136,"107,49,54",Rojo,
78RR 06/137,Vino de Mesa,https://www.alba.com.ar/es/paletas-de-colores/vino-de-mesa-78rr-06-137-1672925,,#503137,"80,49,55",Rojo,
10RR 22/178,Vino Helado,https://www.alba.com.ar/es/paletas-de-colores/vino-helado-10rr-22-178-1671206,,#977287,"151,114,135",Rojo,
90RR 36/292,Vino Rosé,https://www.alba.com.ar/es/paletas-de-colores/vino-rose-90rr-36-292-1673228,,#D68C91,"214,140,145",Rojo,
30RR 49/067,Vino Suave,https://www.alba.com.ar/es/paletas-de-colores/vino-suave-30rr-49-067-1671782,,#C3B3B8,"195,179,184",Rojo,
69RB 70/114,Violeta Discreto,https://www.alba.com.ar/es/paletas-de-colores/violeta-discreto-69rb-70-114-1672619,,#E4D2E2,"228,210,226",Rojo,
30YR 11/219,Virola de Cobre,https://www.alba.com.ar/es/paletas-de-colores/virola-de-cobre-30yr-11-219-1671794,,#79493F,"121,73,63",Rojo,
10RR 13/250,Viñedo,https://www.alba.com.ar/es/paletas-de-colores/vinedo-10rr-13-250-1671201,,#82516F,"130,81,111",Rojo,
31BG 10/240,Abismo Profundo,https://www.alba.com.ar/es/paletas-de-colores/abismo-profundo-31bg-10-240-3137046,https://msp.images.akzonobel.com/glb/dh/inspirational-images/Livingroom-236301.png,#005765,"0,87,101",Turquesa,
30BG 37/110,Acantilado Marino,https://www.alba.com.ar/es/paletas-de-colores/acantilado-marino-30bg-37-110-1671644,,#85A6AB,"133,166,171",Turquesa,
90GG 15/398,Adorno Navideño,https://www.alba.com.ar/es/paletas-de-colores/adorno-navideno-90gg-15-398-1673141,,#007A7A,"0,122,122",Turquesa,
56GG 77/156,Agua Celestial,https://www.alba.com.ar/es/paletas-de-colores/agua-celestial-56gg-77-156-1672454,,#BEE9DE,"190,233,222",Turquesa,
90GG 57/146,Agua Persa,https://www.alba.com.ar/es/paletas-de-colores/agua-persa-90gg-57-146-1673152,,#A1CCCA,"161,204,202",Turquesa,
79GG 53/131,Aguamarina Medio,https://www.alba.com.ar/es/paletas-de-colores/aguamarina-medio-79gg-53-131-3137196,https://msp.images.akzonobel.com/glb/dh/inspirational-images/Livingroom-236017.png,#A0C6C2,"160,198,194",Turquesa,
10BG 54/199,Aguamarina Opaco,https://www.alba.com.ar/es/paletas-de-colores/aguamarina-opaco-10bg-54-199-1671112,,#90CCD0,"144,204,208",Turquesa,
90GG 28/133,Aguas Calmas,https://www.alba.com.ar/es/paletas-de-colores/aguas-calmas-90gg-28-133-1673145,,#6C9393,"108,147,147",Turquesa,
68GG 53/098,Aire,https://www.alba.com.ar/es/paletas-de-colores/aire-68gg-53-098-1672610,,#A9C4BF,"169,196,191",Turquesa,
90GG 83/069,Aire Alpino,https://www.alba.com.ar/es/paletas-de-colores/aire-alpino-90gg-83-069-1673160,,#D9EDEA,"217,237,234",Turquesa,
60GG 22/204,Alcaucil,https://www.alba.com.ar/es/paletas-de-colores/alcaucil-60gg-22-204-1672475,,#48877D,"72,135,125",Turquesa,
90GG 66/157,Alga de Mar,https://www.alba.com.ar/es/paletas-de-colores/alga-de-mar-90gg-66-157-1673154,,#AEDCD9,"174,220,217",Turquesa,
17BG 08/158,Algas Marinas,https://www.alba.com.ar/es/paletas-de-colores/algas-marinas-17bg-08-158-1671403,,#004C52,"0,76,82",Turquesa,
44GG 12/299,Arbusto Feliz,https://www.alba.com.ar/es/paletas-de-colores/arbusto-feliz-44gg-12-299-3137089,https://msp.images.akzonobel.com/glb/dh/inspirational-images/Livingroom-235810.png,#006755,"0,103,85",Turquesa,
80GG 09/164,Arbusto Oscuro,https://www.alba.com.ar/es/paletas-de-colores/arbusto-oscuro-80gg-09-164-1672942,,#10514E,"16,81,78",Turquesa,
30BG 44/248,Archipiélago,https://www.alba.com.ar/es/paletas-de-colores/archipielago-30bg-44-248-1671646,,#69B9C5,"105,185,197",Turquesa,
50GG 75/092,Aroma a Hierbabuena,https://www.alba.com.ar/es/paletas-de-colores/aroma-a-hierbabuena-50gg-75-092-1672231,,#CAE3DB,"202,227,219",Turquesa,
30BG 14/248,Artesano,https://www.alba.com.ar/es/paletas-de-colores/artesano-30bg-14-248-1671636,,#006E7B,"0,110,123",Turquesa,
34BG 79/053,Atmósfera del Ártico,https://www.alba.com.ar/es/paletas-de-colores/atmosfera-del-artico-34bg-79-053-3137056,https://msp.images.akzonobel.com/glb/dh/inspirational-images/Livingroom-236395.png,#D8E7E9,"216,231,233",Turquesa,
10BG 38/119,Azul Aspen,https://www.alba.com.ar/es/paletas-de-colores/azul-aspen-10bg-38-119-1671108,,#88ABAD,"136,171,173",Turquesa,
17BG 36/333,Azul Buceo,https://www.alba.com.ar/es/paletas-de-colores/azul-buceo-17bg-36-333-1671404,,#20ADB8,"32,173,184",Turquesa,
13BG 72/151,Azul Cielo,https://www.alba.com.ar/es/paletas-de-colores/azul-cielo-13bg-72-151-1671361,,#B9E3E5,"185,227,229",Turquesa,
30BG 21/301,Azul Cósmico,https://www.alba.com.ar/es/paletas-de-colores/azul-cosmico-30bg-21-301-1671639,,#008897,"0,136,151",Turquesa,
30BG 10/111,Azul de Bohemia,https://www.alba.com.ar/es/paletas-de-colores/azul-de-bohemia-30bg-10-111-1671635,,#39595F,"57,89,95",Turquesa,
10BG 83/061,Azul Diamante,https://www.alba.com.ar/es/paletas-de-colores/azul-diamante-10bg-83-061-1671121,,#DCEDEC,"220,237,236",Turquesa,
16BG 26/318,Azul Electrón,https://www.alba.com.ar/es/paletas-de-colores/azul-electron-16bg-26-318-1671388,,#0096A2,"0,150,162",Turquesa,
10BG 83/053,Azul Escarcha,https://www.alba.com.ar/es/paletas-de-colores/azul-escarcha-10bg-83-053-1671120,,#DEECEA,"222,236,234",Turquesa,
26BG 09/247,Azul Golfo,https://www.alba.com.ar/es/paletas-de-colores/azul-golfo-26bg-09-247-1671562,,#005D67,"0,93,103",Turquesa,
32BG 72/122,Azul Ibiza,https://www.alba.com.ar/es/paletas-de-colores/azul-ibiza-32bg-72-122-1671910,,#BEE2E7,"190,226,231",Turquesa,
10BG 63/143,Azul Lago,https://www.alba.com.ar/es/paletas-de-colores/azul-lago-10bg-63-143-1671115,,#ACD6D8,"172,214,216",Turquesa,
50BG 76/068,Azul Limpio,https://www.alba.com.ar/es/paletas-de-colores/azul-limpio-50bg-76-068-1672208,,#D2E4E8,"210,228,232",Turquesa,
30BG 56/097,Azul Lluvia,https://www.alba.com.ar/es/paletas-de-colores/azul-lluvia-30bg-56-097-1671649,,#ADC9CC,"173,201,204",Turquesa,
88GG 32/346,Azul Marítimo Medio,https://www.alba.com.ar/es/paletas-de-colores/azul-maritimo-medio-88gg-32-346-1673067,,#00A4A6,"0,164,166",Turquesa,
16BG 29/350,Azul Milán,https://www.alba.com.ar/es/paletas-de-colores/azul-milan-16bg-29-350-1671390,,#00A1AD,"0,161,173",Turquesa,
90GG 43/338,Azul Movimiento,https://www.alba.com.ar/es/paletas-de-colores/azul-movimiento-90gg-43-338-1673150,,#44BFBE,"68,191,190",Turquesa,
30BG 08/200,Azul Petróleo,https://www.alba.com.ar/es/paletas-de-colores/azul-petroleo-30bg-08-200-1671634,,#00565F,"0,86,95",Turquesa,
30BG 16/133,Azul Porcelana,https://www.alba.com.ar/es/paletas-de-colores/azul-porcelana-30bg-16-133-1671638,,#4B7278,"75,114,120",Turquesa,
10BG 39/219,Azul Tahití,https://www.alba.com.ar/es/paletas-de-colores/azul-tahiti-10bg-39-219-1671109,,#6AB1B6,"106,177,182",Turquesa,
30BG 57/149,Azul Velero,https://www.alba.com.ar/es/paletas-de-colores/azul-velero-30bg-57-149-1671650,,#A0CCD3,"160,204,211",Turquesa,
78GG 72/138,Baño Relajante,https://www.alba.com.ar/es/paletas-de-colores/bano-relajante-78gg-72-138-1672922,,#BAE3DF,"186,227,223",Turquesa,
70GG 83/034,Blanco Atrio,https://www.alba.com.ar/es/paletas-de-colores/blanco-atrio-70gg-83-034-1672691,,#E3ECE7,"227,236,231",Turquesa,
30GG 83/075,Boda Real,https://www.alba.com.ar/es/paletas-de-colores/boda-real-30gg-83-075-1671697,,#DBEEE5,"219,238,229",Turquesa,
90GG 11/295,Botánico,https://www.alba.com.ar/es/paletas-de-colores/botanico-90gg-11-295-1673139,,#006867,"0,104,103",Turquesa,
10BG 55/223,Brillo de Luna,https://www.alba.com.ar/es/paletas-de-colores/brillo-de-luna-10bg-55-223-1671113,,#89CED2,"137,206,210",Turquesa,
30GY 83/021,Brillo de Luz,https://www.alba.com.ar/es/paletas-de-colores/brillo-de-luz-30gy-83-021-1671734,,#EBEAE4,"235,234,228",Turquesa,
30BG 72/103,Brisa Cálida,https://www.alba.com.ar/es/paletas-de-colores/brisa-calida-30bg-72-103-1671656,,#C4E1E4,"196,225,228",Turquesa,
90GG 73/062,Brisa de las Olas,https://www.alba.com.ar/es/paletas-de-colores/brisa-de-las-olas-90gg-73-062-1673155,,#CDDFDB,"205,223,219",Turquesa,
90GG 64/088,Brisa Fresca,https://www.alba.com.ar/es/paletas-de-colores/brisa-fresca-90gg-64-088-1673153,,#B9D3D1,"185,211,209",Turquesa,
70GG 72/045,Bruma de Otoño,https://www.alba.com.ar/es/paletas-de-colores/bruma-de-otono-70gg-72-045-1672689,,#D1DDD9,"209,221,217",Turquesa,
70GG 60/251,Burbujas Flotantes,https://www.alba.com.ar/es/paletas-de-colores/burbujas-flotantes-70gg-60-251-1672687,,#8BD6CC,"139,214,204",Turquesa,
16BG 13/282,Caribe Intenso,https://www.alba.com.ar/es/paletas-de-colores/caribe-intenso-16bg-13-282-3136981,https://msp.images.akzonobel.com/glb/dh/inspirational-images/Livingroom-236217.png,#006872,"0,104,114",Turquesa,
10BG 21/141,Cascada,https://www.alba.com.ar/es/paletas-de-colores/cascada-10bg-21-141-1671104,,#5A8487,"90,132,135",Turquesa,
25BG 26/253,Cataratas de Pasión,https://www.alba.com.ar/es/paletas-de-colores/cataratas-de-pasion-25bg-26-253-3137026,https://msp.images.akzonobel.com/glb/dh/inspirational-images/Livingroom-236283.png,#37919D,"55,145,157",Turquesa,
92GG 59/245,Celeste Floreciente,https://www.alba.com.ar/es/paletas-de-colores/celeste-floreciente-92gg-59-245-1673344,,#89D6D5,"137,214,213",Turquesa,
78GG 79/109,Chapuzón Refrescante,https://www.alba.com.ar/es/paletas-de-colores/chapuzon-refrescante-78gg-79-109-1672923,,#CBEBE6,"203,235,230",Turquesa,
33BG 64/121,Cielo de Ángeles,https://www.alba.com.ar/es/paletas-de-colores/cielo-de-angeles-33bg-64-121-3137050,https://msp.images.akzonobel.com/glb/dh/inspirational-images/Livingroom-236337.png,#B3D6DC,"179,214,220",Turquesa,
50GG 15/099,Cielo Tempestuoso,https://www.alba.com.ar/es/paletas-de-colores/cielo-tempestuoso-50gg-15-099-1672215,,#536B66,"83,107,102",Turquesa,
90GG 83/057,Claridad Suave,https://www.alba.com.ar/es/paletas-de-colores/claridad-suave-90gg-83-057-1673159,,#DDEDEA,"221,237,234",Turquesa,
90GG 11/131,Club Mónaco,https://www.alba.com.ar/es/paletas-de-colores/club-monaco-90gg-11-131-1673138,,#365E5E,"54,94,94",Turquesa,
10BG 63/189,Colina Ventosa,https://www.alba.com.ar/es/paletas-de-colores/colina-ventosa-10bg-63-189-1671116,,#9FD8DB,"159,216,219",Turquesa,
18BG 47/282,Costa del Pacífico,https://www.alba.com.ar/es/paletas-de-colores/costa-del-pacifico-18bg-47-282-1671416,,#61C3CC,"97,195,204",Turquesa,
75GG 77/065,Cristalino,https://www.alba.com.ar/es/paletas-de-colores/cristalino-75gg-77-065-3137189,https://msp.images.akzonobel.com/glb/dh/inspirational-images/Livingroom-236013.png,#D2E6E2,"210,230,226",Turquesa,
30BG 33/207,Crucero Fluvial,https://www.alba.com.ar/es/paletas-de-colores/crucero-fluvial-30bg-33-207-1671642,,#62A3AD,"98,163,173",Turquesa,
95GG 78/054,Cuento de Hadas,https://www.alba.com.ar/es/paletas-de-colores/cuento-de-hadas-95gg-78-054-1673362,,#D4E4E1,"212,228,225",Turquesa,
70GG 27/105,Cumbre de Montaña,https://www.alba.com.ar/es/paletas-de-colores/cumbre-de-montana-70gg-27-105-1672684,,#73908B,"115,144,139",Turquesa,
39BG 21/339,Deleite Caribeño,https://www.alba.com.ar/es/paletas-de-colores/deleite-caribeno-39bg-21-339-1671962,,#00879E,"0,135,158",Turquesa,
44GG 27/468,Desfile de Luz,https://www.alba.com.ar/es/paletas-de-colores/desfile-de-luz-44gg-27-468-3137090,https://msp.images.akzonobel.com/glb/dh/inspirational-images/Livingroom-235808.png,#009E82,"0,158,130",Turquesa,
45GY 83/023,Diamante Pálido,https://www.alba.com.ar/es/paletas-de-colores/diamante-palido-45gy-83-023-3137092,https://msp.images.akzonobel.com/glb/dh/inspirational-images/Livingroom-235836.png,#E7EAE4,"231,234,228",Turquesa,
12BG 79/065,Divertido Verano,https://www.alba.com.ar/es/paletas-de-colores/divertido-verano-12bg-79-065-1671348,,#D6E8E8,"214,232,232",Turquesa,
30BG 72/051,Escultura en Piedras,https://www.alba.com.ar/es/paletas-de-colores/escultura-en-piedras-30bg-72-051-1671654,,#D1DEDF,"209,222,223",Turquesa,
50GG 18/261,Esencia de Jade,https://www.alba.com.ar/es/paletas-de-colores/esencia-de-jade-50gg-18-261-1672216,,#2D8071,"45,128,113",Turquesa,
50GG 09/189,Esmeralda Intensa,https://www.alba.com.ar/es/paletas-de-colores/esmeralda-intensa-50gg-09-189-1672213,,#1F564C,"31,86,76",Turquesa,
71GG 07/179,Esmeralda Vivaz,https://www.alba.com.ar/es/paletas-de-colores/esmeralda-vivaz-71gg-07-179-1672860,,#004641,"0,70,65",Turquesa,
50GG 69/134,Espuma Cítrica,https://www.alba.com.ar/es/paletas-de-colores/espuma-citrica-50gg-69-134-1672228,,#B9DED3,"185,222,211",Turquesa,
70GG 18/122,Floresta Oculta,https://www.alba.com.ar/es/paletas-de-colores/floresta-oculta-70gg-18-122-1672683,,#567773,"86,119,115",Turquesa,
50GG 71/180,Frescor Oceánico,https://www.alba.com.ar/es/paletas-de-colores/frescor-oceanico-50gg-71-180-1672229,,#B2E5D8,"178,229,216",Turquesa,
80GG 67/036,Fulgor Gris,https://www.alba.com.ar/es/paletas-de-colores/fulgor-gris-80gg-67-036-1672946,,#CBD5D3,"203,213,211",Turquesa,
60GG 79/056,Fulgor Verdoso,https://www.alba.com.ar/es/paletas-de-colores/fulgor-verdoso-60gg-79-056-1672476,,#D8E8E3,"216,232,227",Turquesa,
50GG 50/320,Gracia,https://www.alba.com.ar/es/paletas-de-colores/gracia-50gg-50-320-1672224,,#69CAB7,"105,202,183",Turquesa,
50GG 55/049,Gris Marmota,https://www.alba.com.ar/es/paletas-de-colores/gris-marmota-50gg-55-049-1672225,,#B8C6C2,"184,198,194",Turquesa,
78GG 19/078,Gris Osado,https://www.alba.com.ar/es/paletas-de-colores/gris-osado-78gg-19-078-1672918,,#627775,"98,119,117",Turquesa,
36GG 87/038,Hielo Sedoso,https://www.alba.com.ar/es/paletas-de-colores/hielo-sedoso-36gg-87-038-3137063,https://msp.images.akzonobel.com/glb/dh/inspirational-images/Livingroom-235843.png,#E7F1EC,"231,241,236",Turquesa,
50GG 41/379,Hierbabuena Mejicana,https://www.alba.com.ar/es/paletas-de-colores/hierbabuena-mejicana-50gg-41-379-1672222,,#42BEA7,"66,190,167",Turquesa,
38GG 80/077,Hoja de Saúco,https://www.alba.com.ar/es/paletas-de-colores/hoja-de-sauco-38gg-80-077-3137068,https://msp.images.akzonobel.com/glb/dh/inspirational-images/Livingroom-235761.png,#D6EAE2,"214,234,226",Turquesa,
50GG 63/042,Hoja Gris,https://www.alba.com.ar/es/paletas-de-colores/hoja-gris-50gg-63-042-1672227,,#C6D1CD,"198,209,205",Turquesa,
34GG 81/080,Iceberg Icónico,https://www.alba.com.ar/es/paletas-de-colores/iceberg-iconico-34gg-81-080-1671923,,#D7EBE3,"215,235,227",Turquesa,
90GG 42/171,Isla Bella,https://www.alba.com.ar/es/paletas-de-colores/isla-bella-90gg-42-171-1673149,,#81B5B4,"129,181,180",Turquesa,
44GG 24/451,Jade Miami,https://www.alba.com.ar/es/paletas-de-colores/jade-miami-44gg-24-451-1672065,,#00997E,"0,153,126",Turquesa,
77GG 46/139,Jardín de Tortugas,https://www.alba.com.ar/es/paletas-de-colores/jardin-de-tortugas-77gg-46-139-1672902,,#90B9B5,"144,185,181",Turquesa,
50GG 23/085,Jardín Nocturno,https://www.alba.com.ar/es/paletas-de-colores/jardin-nocturno-50gg-23-085-1672218,,#6D837D,"109,131,125",Turquesa,
55GG 46/244,Jardín Ondulado,https://www.alba.com.ar/es/paletas-de-colores/jardin-ondulado-55gg-46-244-1672442,,#78BEB1,"120,190,177",Turquesa,
70GG 39/303,Joya de Neptuno,https://www.alba.com.ar/es/paletas-de-colores/joya-de-neptuno-70gg-39-303-1672686,,#55B7AC,"85,183,172",Turquesa,
42GG 75/155,Juguete Verde,https://www.alba.com.ar/es/paletas-de-colores/juguete-verde-42gg-75-155-3137085,https://msp.images.akzonobel.com/glb/dh/inspirational-images/Livingroom-235790.png,#BDE8DA,"189,232,218",Turquesa,
87GG 60/239,Lago Cristalino,https://www.alba.com.ar/es/paletas-de-colores/lago-cristalino-87gg-60-239-1673059,,#8BD6D3,"139,214,211",Turquesa,
10BG 72/057,Lago Vienés,https://www.alba.com.ar/es/paletas-de-colores/lago-vienes-10bg-72-057-1671117,,#CEDFDD,"206,223,221",Turquesa,
30BG 08/143,Laguna Artica,https://www.alba.com.ar/es/paletas-de-colores/laguna-artica-30bg-08-143-1671633,,#1E4F56,"30,79,86",Turquesa,
50GG 83/023,Laguna Helada,https://www.alba.com.ar/es/paletas-de-colores/laguna-helada-50gg-83-023-1672234,,#E5E9E4,"229,233,228",Turquesa,
90GG 19/151,Laguna Particular,https://www.alba.com.ar/es/paletas-de-colores/laguna-particular-90gg-19-151-1673142,,#4D7A79,"77,122,121",Turquesa,
78GG 21/381,Laguna Profunda,https://www.alba.com.ar/es/paletas-de-colores/laguna-profunda-78gg-21-381-1672921,,#008C86,"0,140,134",Turquesa,
30BG 72/069,Lazo Azul,https://www.alba.com.ar/es/paletas-de-colores/lazo-azul-30bg-72-069-1671655,,#C9DDDD,"201,221,221",Turquesa,
10BG 72/092,Lluvias de Verano,https://www.alba.com.ar/es/paletas-de-colores/lluvias-de-verano-10bg-72-092-1671118,,#C6E1E1,"198,225,225",Turquesa,
45GG 81/022,Luna Durmiente,https://www.alba.com.ar/es/paletas-de-colores/luna-durmiente-45gg-81-022-1672078,,#E0E6E1,"224,230,225",Turquesa,
19BG 61/207,Línea Costera,https://www.alba.com.ar/es/paletas-de-colores/linea-costera-19bg-61-207-1671425,,#96D6DD,"150,214,221",Turquesa,
30BG 33/269,Mar Abierto,https://www.alba.com.ar/es/paletas-de-colores/mar-abierto-30bg-33-269-1671643,,#49A7B5,"73,167,181",Turquesa,
70GG 16/390,Mar Agitado,https://www.alba.com.ar/es/paletas-de-colores/mar-agitado-70gg-16-390-1672682,,#007F74,"0,127,116",Turquesa,
33BG 43/240,Mar Caribeño,https://www.alba.com.ar/es/paletas-de-colores/mar-caribeno-33bg-43-240-3137049,https://msp.images.akzonobel.com/glb/dh/inspirational-images/Livingroom-236325.png,#6BB7C4,"107,183,196",Turquesa,
90GG 27/273,Mar de Delfines,https://www.alba.com.ar/es/paletas-de-colores/mar-de-delfines-90gg-27-273-1673144,,#3D9A99,"61,154,153",Turquesa,
90GG 74/108,Mar de Hawai,https://www.alba.com.ar/es/paletas-de-colores/mar-de-hawai-90gg-74-108-1673157,,#C3E3DF,"195,227,223",Turquesa,
46GG 31/446,Mar del Caribe,https://www.alba.com.ar/es/paletas-de-colores/mar-del-caribe-46gg-31-446-1672120,,#00AA8F,"0,170,143",Turquesa,
04BG 71/117,Mar Griego,https://www.alba.com.ar/es/paletas-de-colores/mar-griego-04bg-71-117-1671027,,#BEE1E2,"190,225,226",Turquesa,
79GG 27/362,Mar Turbulento,https://www.alba.com.ar/es/paletas-de-colores/mar-turbulento-79gg-27-362-1672933,,#009B96,"0,155,150",Turquesa,
56GG 64/258,Maravillas Griegas,https://www.alba.com.ar/es/paletas-de-colores/maravillas-griegas-56gg-64-258-1672452,,#90DDCD,"144,221,205",Turquesa,
10BG 14/296,Marea Nocturna,https://www.alba.com.ar/es/paletas-de-colores/marea-nocturna-10bg-14-296-1671103,,#00737A,"0,115,122",Turquesa,
89GG 63/216,Mareas Tropicales,https://www.alba.com.ar/es/paletas-de-colores/mareas-tropicales-89gg-63-216-1673077,,#95D9D5,"149,217,213",Turquesa,
87GG 51/291,Mares del Sur,https://www.alba.com.ar/es/paletas-de-colores/mares-del-sur-87gg-51-291-1673058,,#68CAC5,"104,202,197",Turquesa,
47GG 57/246,Melón Jugoso,https://www.alba.com.ar/es/paletas-de-colores/melon-jugoso-47gg-57-246-3137101,https://msp.images.akzonobel.com/glb/dh/inspirational-images/Livingroom-235794.png,#8ED3C2,"142,211,194",Turquesa,
17BG 60/228,Memorias Acuáticas,https://www.alba.com.ar/es/paletas-de-colores/memorias-acuaticas-17bg-60-228-1671405,,#8CD5DC,"140,213,220",Turquesa,
80GG 63/184,Menta Magnífico,https://www.alba.com.ar/es/paletas-de-colores/menta-magnifico-80gg-63-184-1672945,,#A1D8D4,"161,216,212",Turquesa,
16BG 27/325,Milagro Marino,https://www.alba.com.ar/es/paletas-de-colores/milagro-marino-16bg-27-325-1671389,,#0098A4,"0,152,164",Turquesa,
50GG 40/064,Mina de Grava,https://www.alba.com.ar/es/paletas-de-colores/mina-de-grava-50gg-40-064-1672221,,#98A9A4,"152,169,164",Turquesa,
10BG 63/097,Mirador,https://www.alba.com.ar/es/paletas-de-colores/mirador-10bg-63-097-1671114,,#B5D3D2,"181,211,210",Turquesa,
78GG 19/378,Momento Perfecto,https://www.alba.com.ar/es/paletas-de-colores/momento-perfecto-78gg-19-378-1672920,,#00837D,"0,131,125",Turquesa,
78GG 19/160,Momentos Serenos,https://www.alba.com.ar/es/paletas-de-colores/momentos-serenos-78gg-19-160-1672919,,#4B7B78,"75,123,120",Turquesa,
70GG 09/223,Montaña Majestuosa,https://www.alba.com.ar/es/paletas-de-colores/montana-majestuosa-70gg-09-223-1672679,,#005D56,"0,93,86",Turquesa,
30BG 64/072,Navegación Tranquila,https://www.alba.com.ar/es/paletas-de-colores/navegacion-tranquila-30bg-64-072-1671651,,#BDD1D3,"189,209,211",Turquesa,
50GG 30/467,Nilo Profundo,https://www.alba.com.ar/es/paletas-de-colores/nilo-profundo-50gg-30-467-1672220,,#00A58D,"0,165,141",Turquesa,
70GG 13/323,Noche del Zodíaco,https://www.alba.com.ar/es/paletas-de-colores/noche-del-zodiaco-70gg-13-323-1672681,,#007067,"0,112,103",Turquesa,
10BG 46/112,Nórdico,https://www.alba.com.ar/es/paletas-de-colores/nordico-10bg-46-112-1671111,,#98B9BB,"152,185,187",Turquesa,
30BG 76/107,Paisaje Invernal,https://www.alba.com.ar/es/paletas-de-colores/paisaje-invernal-30bg-76-107-1671657,,#C8E6E9,"200,230,233",Turquesa,
77GG 82/044,Paisaje Polar,https://www.alba.com.ar/es/paletas-de-colores/paisaje-polar-77gg-82-044-1672903,,#DEEBE8,"222,235,232",Turquesa,
50GG 43/213,Pantalón Capri,https://www.alba.com.ar/es/paletas-de-colores/pantalon-capri-50gg-43-213-1672223,,#7CB8AA,"124,184,170",Turquesa,
80GG 19/231,Pavo Real,https://www.alba.com.ar/es/paletas-de-colores/pavo-real-80gg-19-231-3137203,https://msp.images.akzonobel.com/glb/dh/inspirational-images/Livingroom-235968.png,#2A7C79,"42,124,121",Turquesa,
10BG 83/018,Perla Nublada,https://www.alba.com.ar/es/paletas-de-colores/perla-nublada-10bg-83-018-1671119,,#E4EAE7,"228,234,231",Turquesa,
16BG 24/357,Pluma de Pavo Real,https://www.alba.com.ar/es/paletas-de-colores/pluma-de-pavo-real-16bg-24-357-1671387,,#00939F,"0,147,159",Turquesa,
14BG 67/174,Popurrí Caribeño,https://www.alba.com.ar/es/paletas-de-colores/popurri-caribeno-14bg-67-174-1671371,,#A8DEE2,"168,222,226",Turquesa,
80GG 12/182,Popurrí de Algas,https://www.alba.com.ar/es/paletas-de-colores/popurri-de-algas-80gg-12-182-1672943,,#22625F,"34,98,95",Turquesa,
70GG 11/140,Poseidón,https://www.alba.com.ar/es/paletas-de-colores/poseidon-70gg-11-140-1672680,,#3B605C,"59,96,92",Turquesa,
10BG 10/222,Precioso,https://www.alba.com.ar/es/paletas-de-colores/precioso-10bg-10-222-1671100,,#005B61,"0,91,97",Turquesa,
70GG 63/062,Quietud,https://www.alba.com.ar/es/paletas-de-colores/quietud-70gg-63-062-1672688,,#C1D2CF,"193,210,207",Turquesa,
33BG 72/072,Reflejo de Cielo,https://www.alba.com.ar/es/paletas-de-colores/reflejo-de-cielo-33bg-72-072-3137051,https://msp.images.akzonobel.com/glb/dh/inspirational-images/Livingroom-236334.png,#CADEE1,"202,222,225",Turquesa,
23BG 51/212,Reposo en la Laguna,https://www.alba.com.ar/es/paletas-de-colores/reposo-en-la-laguna-23bg-51-212-3137016,https://msp.images.akzonobel.com/glb/dh/inspirational-images/Livingroom-236281.png,#83C5CE,"131,197,206",Turquesa,
30BG 43/163,Retiro Azul,https://www.alba.com.ar/es/paletas-de-colores/retiro-azul-30bg-43-163-1671645,,#88B7BF,"136,183,191",Turquesa,
90GG 38/242,Rey del Mar,https://www.alba.com.ar/es/paletas-de-colores/rey-del-mar-90gg-38-242-1673147,,#64B1AF,"100,177,175",Turquesa,
10BG 22/275,Rialto,https://www.alba.com.ar/es/paletas-de-colores/rialto-10bg-22-275-1671106,,#1C8C93,"28,140,147",Turquesa,
50GG 83/034,Rompiente,https://www.alba.com.ar/es/paletas-de-colores/rompiente-50gg-83-034-1672235,,#E2ECE6,"226,236,230",Turquesa,
28GG 82/048,Sensación Acuática,https://www.alba.com.ar/es/paletas-de-colores/sensacion-acuatica-28gg-82-048-1671574,,#DEEBE5,"222,235,229",Turquesa,
80GG 39/220,Sensación Cristal,https://www.alba.com.ar/es/paletas-de-colores/sensacion-cristal-80gg-39-220-3137204,https://msp.images.akzonobel.com/glb/dh/inspirational-images/Livingroom-235993.png,#6DB0AC,"109,176,172",Turquesa,
47GG 19/396,Sensación de Algas,https://www.alba.com.ar/es/paletas-de-colores/sensacion-de-algas-47gg-19-396-3137100,https://msp.images.akzonobel.com/glb/dh/inspirational-images/Livingroom-235831.png,#00836E,"0,131,110",Turquesa,
74GG 60/059,Sensación de Lluvia,https://www.alba.com.ar/es/paletas-de-colores/sensacion-de-lluvia-74gg-60-059-1672877,,#BCCCC9,"188,204,201",Turquesa,
75GG 27/095,Sensación de Truenos,https://www.alba.com.ar/es/paletas-de-colores/sensacion-de-truenos-75gg-27-095-1672884,,#76908D,"118,144,141",Turquesa,
49GG 39/313,Sensación Esmeralda,https://www.alba.com.ar/es/paletas-de-colores/sensacion-esmeralda-49gg-39-313-3137110,https://msp.images.akzonobel.com/glb/dh/inspirational-images/Livingroom-235824.png,#57B5A2,"87,181,162",Turquesa,
48GG 19/309,Serpiente Real,https://www.alba.com.ar/es/paletas-de-colores/serpiente-real-48gg-19-309-1672140,,#007F6E,"0,127,110",Turquesa,
90GG 30/195,Siete Lagos,https://www.alba.com.ar/es/paletas-de-colores/siete-lagos-90gg-30-195-1673146,,#609C9B,"96,156,155",Turquesa,
04BG 74/037,Silencio,https://www.alba.com.ar/es/paletas-de-colores/silencio-04bg-74-037-1671028,,#D5E0DE,"213,224,222",Turquesa,
81GG 67/099,Suave Caudal,https://www.alba.com.ar/es/paletas-de-colores/suave-caudal-81gg-67-099-3137211,https://msp.images.akzonobel.com/glb/dh/inspirational-images/Livingroom-236014.png,#BDD9D6,"189,217,214",Turquesa,
79GG 75/125,Sublime Océano,https://www.alba.com.ar/es/paletas-de-colores/sublime-oceano-79gg-75-125-1672934,,#C1E6E2,"193,230,226",Turquesa,
70GG 83/023,Sueño Grandioso,https://www.alba.com.ar/es/paletas-de-colores/sueno-grandioso-70gg-83-023-1672690,,#E4EBE7,"228,235,231",Turquesa,
87GG 08/151,Sueños Persas,https://www.alba.com.ar/es/paletas-de-colores/suenos-persas-87gg-08-151-3137242,https://msp.images.akzonobel.com/glb/dh/inspirational-images/Livingroom-236000.png,#0F4C4B,"15,76,75",Turquesa,
10BG 26/134,Talismán,https://www.alba.com.ar/es/paletas-de-colores/talisman-10bg-26-134-1671107,,#699093,"105,144,147",Turquesa,
10BG 13/156,Tempestad,https://www.alba.com.ar/es/paletas-de-colores/tempestad-10bg-13-156-1671102,,#386A6D,"56,106,109",Turquesa,
19BG 45/302,Tesoro de Ópalo,https://www.alba.com.ar/es/paletas-de-colores/tesoro-de-opalo-19bg-45-302-1671424,,#53BFCB,"83,191,203",Turquesa,
85GG 76/039,Tierra de Escarcha,https://www.alba.com.ar/es/paletas-de-colores/tierra-de-escarcha-85gg-76-039-1673042,,#D7E3E0,"215,227,224",Turquesa,
01BG 11/248,Trópicos Turbulentos,https://www.alba.com.ar/es/paletas-de-colores/tropicos-turbulentos-01bg-11-248-1671007,,#005E63,"0,94,99",Turquesa,
10BG 11/278,Turmalina Azul,https://www.alba.com.ar/es/paletas-de-colores/turmalina-azul-10bg-11-278-1671101,,#00656B,"0,101,107",Turquesa,
30BG 23/124,Turquesa Ahumado,https://www.alba.com.ar/es/paletas-de-colores/turquesa-ahumado-30bg-23-124-1671640,,#62868B,"98,134,139",Turquesa,
80GG 27/386,Turquesa Intenso,https://www.alba.com.ar/es/paletas-de-colores/turquesa-intenso-80gg-27-386-1672944,,#009C97,"0,156,151",Turquesa,
30BG 15/322,Turquesa Veneciana,https://www.alba.com.ar/es/paletas-de-colores/turquesa-veneciana-30bg-15-322-1671637,,#007585,"0,117,133",Turquesa,
56GG 75/052,Té de Menta,https://www.alba.com.ar/es/paletas-de-colores/te-de-menta-56gg-75-052-1672453,,#D2E1DB,"210,225,219",Turquesa,
50GG 18/353,Valle de Jade,https://www.alba.com.ar/es/paletas-de-colores/valle-de-jade-50gg-18-353-1672217,,#008571,"0,133,113",Turquesa,
90GG 51/211,Verde Asiático,https://www.alba.com.ar/es/paletas-de-colores/verde-asiatico-90gg-51-211-1673151,,#88C8C6,"136,200,198",Turquesa,
90GG 40/115,Verde Atlantis,https://www.alba.com.ar/es/paletas-de-colores/verde-atlantis-90gg-40-115-1673148,,#8CADAC,"140,173,172",Turquesa,
90GG 12/206,Verde Emperador,https://www.alba.com.ar/es/paletas-de-colores/verde-emperador-90gg-12-206-1673140,,#246969,"36,105,105",Turquesa,
90GG 21/219,Verde Estampa,https://www.alba.com.ar/es/paletas-de-colores/verde-estampa-90gg-21-219-1673143,,#3F8685,"63,134,133",Turquesa,
50GG 28/273,Verde Futuro,https://www.alba.com.ar/es/paletas-de-colores/verde-futuro-50gg-28-273-1672219,,#4B9C8C,"75,156,140",Turquesa,
78GG 15/104,Verde Inquietante,https://www.alba.com.ar/es/paletas-de-colores/verde-inquietante-78gg-15-104-1672917,,#4E6C69,"78,108,105",Turquesa,
90GG 74/092,Verde Laguna,https://www.alba.com.ar/es/paletas-de-colores/verde-laguna-90gg-74-092-1673156,,#C8E2DF,"200,226,223",Turquesa,
82GG 12/289,Verde Libertad,https://www.alba.com.ar/es/paletas-de-colores/verde-libertad-82gg-12-289-3137218,https://msp.images.akzonobel.com/glb/dh/inspirational-images/Livingroom-236006.png,#006663,"0,102,99",Turquesa,
90GG 08/118,Verde Noche Intenso,https://www.alba.com.ar/es/paletas-de-colores/verde-noche-intenso-90gg-08-118-1673137,,#2C4F4F,"44,79,79",Turquesa,
41GG 67/162,Verde Notorio,https://www.alba.com.ar/es/paletas-de-colores/verde-notorio-41gg-67-162-1672032,,#B1DCCF,"177,220,207",Turquesa,
49GG 17/232,Verde Perejil,https://www.alba.com.ar/es/paletas-de-colores/verde-perejil-49gg-17-232-1672152,,#2F7769,"47,119,105",Turquesa,
80GG 08/135,Verde Profundo,https://www.alba.com.ar/es/paletas-de-colores/verde-profundo-80gg-08-135-1672941,,#154946,"21,73,70",Turquesa,
50GG 61/154,Verde Radiante,https://www.alba.com.ar/es/paletas-de-colores/verde-radiante-50gg-61-154-1672226,,#AAD4C8,"170,212,200",Turquesa,
50GG 82/115,Verde Suave,https://www.alba.com.ar/es/paletas-de-colores/verde-suave-50gg-82-115-1672232,,#CFEDE3,"207,237,227",Turquesa,
53GG 50/360,Verde Tailandés,https://www.alba.com.ar/es/paletas-de-colores/verde-tailandes-53gg-50-360-1672424,,#50C7B3,"80,199,179",Turquesa,
50GG 11/251,Verde Tritón,https://www.alba.com.ar/es/paletas-de-colores/verde-triton-50gg-11-251-1672214,,#0D6456,"13,100,86",Turquesa,
10BG 22/248,Viaje Submarino,https://www.alba.com.ar/es/paletas-de-colores/viaje-submarino-10bg-22-248-1671105,,#308A91,"48,138,145",Turquesa,
70GG 39/088,Vista de la Colina,https://www.alba.com.ar/es/paletas-de-colores/vista-de-la-colina-70gg-39-088-1672685,,#90A8A4,"144,168,164",Turquesa,
30BG 64/140,Vista del Lago,https://www.alba.com.ar/es/paletas-de-colores/vista-del-lago-30bg-64-140-1688844,,#B3D7DB,"179,215,219",Turquesa,
10BG 39/244,Vista Marina,https://www.alba.com.ar/es/paletas-de-colores/vista-marina-10bg-39-244-1671110,,#63B3B9,"99,179,185",Turquesa,
50GG 73/031,Ópalo Claro,https://www.alba.com.ar/es/paletas-de-colores/opalo-claro-50gg-73-031-1672230,,#D5DDD8,"213,221,216",Turquesa,
02GG 21/542,Amazonia,https://www.alba.com.ar/es/paletas-de-colores/amazonia-02gg-21-542-1671012,,#008C5D,"0,140,93",Verde,
01GG 07/070,Anochecer en el Bosque,https://www.alba.com.ar/es/paletas-de-colores/anochecer-en-el-bosque-01gg-07-070-3136908,https://msp.images.akzonobel.com/glb/dh/inspirational-images/Livingroom-235548.png,#2D3D33,"45,61,51",Verde,
50GY 74/273,Arboleda,https://www.alba.com.ar/es/paletas-de-colores/arboleda-50gy-74-273-1672270,,#C7E6B7,"199,230,183",Verde,
70GY 50/242,Arbusto,https://www.alba.com.ar/es/paletas-de-colores/arbusto-70gy-50-242-1672709,,#9DC49C,"157,196,156",Verde,
50GY 69/165,Aroma del Mar,https://www.alba.com.ar/es/paletas-de-colores/aroma-del-mar-50gy-69-165-1672264,,#CADCBE,"202,220,190",Verde,
90GY 60/164,Aruba,https://www.alba.com.ar/es/paletas-de-colores/aruba-90gy-60-164-1673180,,#B2D0B8,"178,208,184",Verde,
59GY 20/482,Aventura Amazónica *,https://www.alba.com.ar/es/paletas-de-colores/aventura-amazonica-59gy-20-482-1672471,,#368631,"54,134,49",Verde,
30GG 50/332,Bahía de Tampa,https://www.alba.com.ar/es/paletas-de-colores/bahia-de-tampa-30gg-50-332-1671679,,#70CBAD,"112,203,173",Verde,
10GG 83/018,Banco de Nieve,https://www.alba.com.ar/es/paletas-de-colores/banco-de-nieve-10gg-83-018-1671145,,#E6EAE4,"230,234,228",Verde,
30GG 22/079,Bicentenario,https://www.alba.com.ar/es/paletas-de-colores/bicentenario-30gg-22-079-1671669,,#70837B,"112,131,123",Verde,
79GY 36/106,Bosque de Helechos,https://www.alba.com.ar/es/paletas-de-colores/bosque-de-helechos-79gy-36-106-1672935,,#91A392,"145,163,146",Verde,
69GY 47/391,Bosque Griego,https://www.alba.com.ar/es/paletas-de-colores/bosque-griego-69gy-47-391-1672618,,#83C385,"131,195,133",Verde,
12GY 10/087,Bosque Gris,https://www.alba.com.ar/es/paletas-de-colores/bosque-gris-12gy-10-087-1671350,,#4F5342,"79,83,66",Verde,
08GY 36/175,Bosque Melancólico,https://www.alba.com.ar/es/paletas-de-colores/bosque-melancolico-08gy-36-175-3136941,https://msp.images.akzonobel.com/glb/dh/inspirational-images/Livingroom-235069.png,#9AA07D,"154,160,125",Verde,
70GY 74/149,Brillo Marino,https://www.alba.com.ar/es/paletas-de-colores/brillo-marino-70gy-74-149-1672717,,#CCE3C9,"204,227,201",Verde,
30GG 73/048,Brisa Marina,https://www.alba.com.ar/es/paletas-de-colores/brisa-marina-30gg-73-048-1671690,,#D1DDD6,"209,221,214",Verde,
70GY 83/140,Brisa Oceánica,https://www.alba.com.ar/es/paletas-de-colores/brisa-oceanica-70gy-83-140-1672722,,#DAEED5,"218,238,213",Verde,
30GG 61/168,Brote de Hierbabuena,https://www.alba.com.ar/es/paletas-de-colores/brote-de-hierbabuena-30gg-61-168-1671686,,#ABD5C5,"171,213,197",Verde,
71GY 65/301,Brote de Primavera,https://www.alba.com.ar/es/paletas-de-colores/brote-de-primavera-71gy-65-301-1672862,,#ABDDAC,"171,221,172",Verde,
13GY 52/120,Brote de Trébol,https://www.alba.com.ar/es/paletas-de-colores/brote-de-trebol-13gy-52-120-3136965,https://msp.images.akzonobel.com/glb/dh/inspirational-images/Livingroom-235128.png,#B9BFA7,"185,191,167",Verde,
10GY 64/065,Bruma Cristalina,https://www.alba.com.ar/es/paletas-de-colores/bruma-cristalina-10gy-64-065-1671166,,#CFD0C2,"207,208,194",Verde,
50GY 75/122,Bruma Natural,https://www.alba.com.ar/es/paletas-de-colores/bruma-natural-50gy-75-122-1672271,,#D5E2CB,"213,226,203",Verde,
25GG 07/188,Bálsamo,https://www.alba.com.ar/es/paletas-de-colores/balsamo-25gg-07-188-1671546,,#164B3C,"22,75,60",Verde,
30GY 83/107,Búzios,https://www.alba.com.ar/es/paletas-de-colores/buzios-30gy-83-107-1671738,,#E5EBD5,"229,235,213",Verde,
50GY 13/306,Cactus Silvestre,https://www.alba.com.ar/es/paletas-de-colores/cactus-silvestre-50gy-13-306-1672241,,#466A39,"70,106,57",Verde,
30GG 18/450,Camino Verde,https://www.alba.com.ar/es/paletas-de-colores/camino-verde-30gg-18-450-1671665,,#008763,"0,135,99",Verde,
10GY 58/105,Campiñas Inglesas,https://www.alba.com.ar/es/paletas-de-colores/campinas-inglesas-10gy-58-105-1671165,,#C6C8B3,"198,200,179",Verde,
30GG 72/032,Campo Nublado,https://www.alba.com.ar/es/paletas-de-colores/campo-nublado-30gg-72-032-1671688,,#D4DBD6,"212,219,214",Verde,
30GY 30/100,Campos de Otoño,https://www.alba.com.ar/es/paletas-de-colores/campos-de-otono-30gy-30-100-1671712,,#8C9381,"140,147,129",Verde,
30GY 27/514,Campos Escoceses,https://www.alba.com.ar/es/paletas-de-colores/campos-escoceses-30gy-27-514-1671711,,#6D9736,"109,151,54",Verde,
30GG 75/111,Canción de Lluvia,https://www.alba.com.ar/es/paletas-de-colores/cancion-de-lluvia-30gg-75-111-1671692,,#C4E3D6,"196,227,214",Verde,
83GY 33/173,Canto de Pavo Real,https://www.alba.com.ar/es/paletas-de-colores/canto-de-pavo-real-83gy-33-173-3137226,https://msp.images.akzonobel.com/glb/dh/inspirational-images/Livingroom-235486.png,#7E9E84,"126,158,132",Verde,
85GY 10/193,Canto del Delta,https://www.alba.com.ar/es/paletas-de-colores/canto-del-delta-85gy-10-193-1673043,,#32583D,"50,88,61",Verde,
19GY 65/110,Caqui Pasional,https://www.alba.com.ar/es/paletas-de-colores/caqui-pasional-19gy-65-110-1671426,,#CED4BE,"206,212,190",Verde,
94YY 83/072,Caramelo de Manzana,https://www.alba.com.ar/es/paletas-de-colores/caramelo-de-manzana-94yy-83-072-1673360,,#E9EAD9,"233,234,217",Verde,
50GY 83/060,Caramelo de Menta,https://www.alba.com.ar/es/paletas-de-colores/caramelo-de-menta-50gy-83-060-1672276,,#E3EBDD,"227,235,221",Verde,
10GG 17/239,Caricia Amazónica,https://www.alba.com.ar/es/paletas-de-colores/caricia-amazonica-10gg-17-239-1671124,,#41795F,"65,121,95",Verde,
30GG 57/217,Carrusel,https://www.alba.com.ar/es/paletas-de-colores/carrusel-30gg-57-217-1671683,,#95CFBA,"149,207,186",Verde,
90GY 21/472,Casa del Árbol,https://www.alba.com.ar/es/paletas-de-colores/casa-del-arbol-90gy-21-472-1673167,,#238E52,"35,142,82",Verde,
10GG 33/483,Cascadas del Bosque,https://www.alba.com.ar/es/paletas-de-colores/cascadas-del-bosque-10gg-33-483-1671130,,#1CAD78,"28,173,120",Verde,
45GY 89/039,Casquete Polar,https://www.alba.com.ar/es/paletas-de-colores/casquete-polar-45gy-89-039-3137093,https://msp.images.akzonobel.com/glb/dh/inspirational-images/Livingroom-235515.png,#EDF2E9,"237,242,233",Verde,
90GY 48/234,Castillo de Duendes,https://www.alba.com.ar/es/paletas-de-colores/castillo-de-duendes-90gy-48-234-1673178,,#93C1A1,"147,193,161",Verde,
06GG 12/304,Caudal Verdoso,https://www.alba.com.ar/es/paletas-de-colores/caudal-verdoso-06gg-12-304-1671042,,#086845,"8,104,69",Verde,
70GY 20/289,Celos,https://www.alba.com.ar/es/paletas-de-colores/celos-70gy-20-289-1672701,,#5B8359,"91,131,89",Verde,
16GY 28/295,Cerco de Primavera,https://www.alba.com.ar/es/paletas-de-colores/cerco-de-primavera-16gy-28-295-1671391,,#809158,"128,145,88",Verde,
50GY 37/335,Chalet de Hiedras,https://www.alba.com.ar/es/paletas-de-colores/chalet-de-hiedras-50gy-37-335-1672249,,#87AC72,"135,172,114",Verde,
30GG 83/088,Cielo Acuariano,https://www.alba.com.ar/es/paletas-de-colores/cielo-acuariano-30gg-83-088-1671698,,#D9EDE3,"217,237,227",Verde,
50GY 06/077,Cisne Negro,https://www.alba.com.ar/es/paletas-de-colores/cisne-negro-50gy-06-077-1672236,,#384137,"56,65,55",Verde,
50GY 52/263,Coco Verde,https://www.alba.com.ar/es/paletas-de-colores/coco-verde-50gy-52-263-1672256,,#A5C295,"165,194,149",Verde,
22GY 70/140,Comienzo Primaveral,https://www.alba.com.ar/es/paletas-de-colores/comienzo-primaveral-22gy-70-140-1671524,,#D2DCBF,"210,220,191",Verde,
90GY 65/275,Crema de Menta,https://www.alba.com.ar/es/paletas-de-colores/crema-de-menta-90gy-65-275-1673183,,#A6DEB7,"166,222,183",Verde,
70GY 65/166,Crema de Palta,https://www.alba.com.ar/es/paletas-de-colores/crema-de-palta-70gy-65-166-1672712,,#BDD7BB,"189,215,187",Verde,
30GY 72/196,Cristal de Venecia,https://www.alba.com.ar/es/paletas-de-colores/cristal-de-venecia-30gy-72-196-1671728,,#D2E0BB,"210,224,187",Verde,
00GY 80/069,Césped Creciente,https://www.alba.com.ar/es/paletas-de-colores/cesped-creciente-00gy-80-069-3136903,https://msp.images.akzonobel.com/glb/dh/inspirational-images/Livingroom-235102.png,#E6E7D8,"230,231,216",Verde,
10GG 49/300,Delicia Tailandesa,https://www.alba.com.ar/es/paletas-de-colores/delicia-tailandesa-10gg-49-300-1671135,,#83C7A5,"131,199,165",Verde,
50GY 83/090,Dulce Exito,https://www.alba.com.ar/es/paletas-de-colores/dulce-exito-50gy-83-090-1688847,,#E1EDDA,"225,237,218",Verde,
32GY 51/432,Dulce Hoja,https://www.alba.com.ar/es/paletas-de-colores/dulce-hoja-32gy-51-432-1671911,,#A1C777,"161,199,119",Verde,
30GY 50/183,Efecto Bambú,https://www.alba.com.ar/es/paletas-de-colores/efecto-bambu-30gy-50-183-1671720,,#AFBE9B,"175,190,155",Verde,
77GY 68/066,Escena de Almizcle,https://www.alba.com.ar/es/paletas-de-colores/escena-de-almizcle-77gy-68-066-1672906,,#CDD8CD,"205,216,205",Verde,
10GG 15/346,Esmeralda,https://www.alba.com.ar/es/paletas-de-colores/esmeralda-10gg-15-346-1671123,,#207856,"32,120,86",Verde,
70GY 19/233,Esmeralda Real,https://www.alba.com.ar/es/paletas-de-colores/esmeralda-real-70gy-19-233-1672700,,#5E7E5C,"94,126,92",Verde,
17GG 40/107,Eucalipto Claro,https://www.alba.com.ar/es/paletas-de-colores/eucalipto-claro-17gg-40-107-1671406,,#94ACA0,"148,172,160",Verde,
50GY 15/289,Explosión Solar,https://www.alba.com.ar/es/paletas-de-colores/explosion-solar-50gy-15-289-1672242,,#527143,"82,113,67",Verde,
33GY 33/549,Fantasía de Elfo,https://www.alba.com.ar/es/paletas-de-colores/fantasia-de-elfo-33gy-33-549-3137052,https://msp.images.akzonobel.com/glb/dh/inspirational-images/Livingroom-235215.png,#71A63F,"113,166,63",Verde,
17GY 27/098,Fantasía del Bosque,https://www.alba.com.ar/es/paletas-de-colores/fantasia-del-bosque-17gy-27-098-1671407,,#858A77,"133,138,119",Verde,
10GG 40/352,Fauna de Primavera,https://www.alba.com.ar/es/paletas-de-colores/fauna-de-primavera-10gg-40-352-1671133,,#63B990,"99,185,144",Verde,
30GG 16/137,Fauna Suave,https://www.alba.com.ar/es/paletas-de-colores/fauna-suave-30gg-16-137-1671663,,#517367,"81,115,103",Verde,
67GY 40/437,Fiesta del Jardín,https://www.alba.com.ar/es/paletas-de-colores/fiesta-del-jardin-67gy-40-437-3137176,https://msp.images.akzonobel.com/glb/dh/inspirational-images/Livingroom-48390.png,#72B671,"114,182,113",Verde,
30GY 62/344,Fiesta Primaveral,https://www.alba.com.ar/es/paletas-de-colores/fiesta-primaveral-30gy-62-344-1671727,,#B9D594,"185,213,148",Verde,
50GY 70/259,Flauta de Bambú,https://www.alba.com.ar/es/paletas-de-colores/flauta-de-bambu-50gy-70-259-1672266,,#C1E1B2,"193,225,178",Verde,
50GY 51/437,Flores Silvestres,https://www.alba.com.ar/es/paletas-de-colores/flores-silvestres-50gy-51-437-1672255,,#93C87B,"147,200,123",Verde,
30GG 11/281,Floresta Amazónica *,https://www.alba.com.ar/es/paletas-de-colores/floresta-amazonica-30gg-11-281-1671661,,#03664F,"3,102,79",Verde,
10GY 29/158,Floresta de Pinos,https://www.alba.com.ar/es/paletas-de-colores/floresta-de-pinos-10gy-29-158-1671154,,#8D9275,"141,146,117",Verde,
30GG 33/275,Floresta del Sur,https://www.alba.com.ar/es/paletas-de-colores/floresta-del-sur-30gg-33-275-1671672,,#5DA78F,"93,167,143",Verde,
30GG 40/290,Folclore,https://www.alba.com.ar/es/paletas-de-colores/folclore-30gg-40-290-1671675,,#65B59A,"101,181,154",Verde,
30GY 50/195,Follaje,https://www.alba.com.ar/es/paletas-de-colores/follaje-30gy-50-195-1671721,,#AFBC97,"175,188,151",Verde,
30GG 10/225,Fortuna Finlandesa,https://www.alba.com.ar/es/paletas-de-colores/fortuna-finlandesa-30gg-10-225-1671660,,#1C5C4A,"28,92,74",Verde,
39GY 77/179,Fresca Experiencia,https://www.alba.com.ar/es/paletas-de-colores/fresca-experiencia-39gy-77-179-3137072,https://msp.images.akzonobel.com/glb/dh/inspirational-images/Livingroom-235275.png,#D6E8C6,"214,232,198",Verde,
70GY 30/254,Frescor de Otoño,https://www.alba.com.ar/es/paletas-de-colores/frescor-de-otono-70gy-30-254-1672703,,#779B74,"119,155,116",Verde,
30GG 72/212,Frescor Marítimo,https://www.alba.com.ar/es/paletas-de-colores/frescor-maritimo-30gg-72-212-1671689,,#ACE3CD,"172,227,205",Verde,
06GG 19/406,Gnomo Verde,https://www.alba.com.ar/es/paletas-de-colores/gnomo-verde-06gg-19-406-1671043,,#008356,"0,131,86",Verde,
90GY 76/158,Gorro del Elfo,https://www.alba.com.ar/es/paletas-de-colores/gorro-del-elfo-90gy-76-158-1673188,,#C8E6CE,"200,230,206",Verde,
56GY 85/095,Gota de Menta,https://www.alba.com.ar/es/paletas-de-colores/gota-de-menta-56gy-85-095-3137144,https://msp.images.akzonobel.com/glb/dh/inspirational-images/Livingroom-235433.png,#E3F0DD,"227,240,221",Verde,
50GY 70/192,Gramínea,https://www.alba.com.ar/es/paletas-de-colores/graminea-50gy-70-192-1672265,,#C6DEBB,"198,222,187",Verde,
42GG 08/250,Gran Conífera,https://www.alba.com.ar/es/paletas-de-colores/gran-conifera-42gg-08-250-1672041,,#005345,"0,83,69",Verde,
70GY 35/455,Guirnalda Griega,https://www.alba.com.ar/es/paletas-de-colores/guirnalda-griega-70gy-35-455-1672705,,#63AF68,"99,175,104",Verde,
70GY 11/300,Guirnalda Verde,https://www.alba.com.ar/es/paletas-de-colores/guirnalda-verde-70gy-11-300-1672694,,#346437,"52,100,55",Verde,
50GY 22/352,Guisantes Frescos,https://www.alba.com.ar/es/paletas-de-colores/guisantes-frescos-50gy-22-352-1672245,,#61894E,"97,137,78",Verde,
90GY 83/104,Helada Tropical,https://www.alba.com.ar/es/paletas-de-colores/helada-tropical-90gy-83-104-1673192,,#D8EFDC,"216,239,220",Verde,
90GY 72/040,Helado de Limón,https://www.alba.com.ar/es/paletas-de-colores/helado-de-limon-90gy-72-040-1673186,,#D5DED6,"213,222,214",Verde,
30GY 83/086,Helado de Menta,https://www.alba.com.ar/es/paletas-de-colores/helado-de-menta-30gy-83-086-1671737,,#E6ECDA,"230,236,218",Verde,
30GY 38/368,Herbal,https://www.alba.com.ar/es/paletas-de-colores/herbal-30gy-38-368-1671716,,#8DAA65,"141,170,101",Verde,
51GG 12/132,Herbolario,https://www.alba.com.ar/es/paletas-de-colores/herbolario-51gg-12-132-1672408,,#3C6158,"60,97,88",Verde,
90GY 16/151,Hiedra,https://www.alba.com.ar/es/paletas-de-colores/hiedra-90gy-16-151-1673165,,#57725E,"87,114,94",Verde,
10GG 15/261,Hiedra Irlandesa,https://www.alba.com.ar/es/paletas-de-colores/hiedra-irlandesa-10gg-15-261-1671122,,#397359,"57,115,89",Verde,
33GY 46/469,Hierba Primaveral,https://www.alba.com.ar/es/paletas-de-colores/hierba-primaveral-33gy-46-469-3137053,https://msp.images.akzonobel.com/glb/dh/inspirational-images/Livingroom-48382.png,#95C268,"149,194,104",Verde,
10GG 44/395,Hierbabuena,https://www.alba.com.ar/es/paletas-de-colores/hierbabuena-10gg-44-395-1671134,,#5FC094,"95,192,148",Verde,
76GY 69/215,Hierbabuena Dulce,https://www.alba.com.ar/es/paletas-de-colores/hierbabuena-dulce-76gy-69-215-1672894,,#BAE0BD,"186,224,189",Verde,
50GY 18/178,Hierbabuena Intensa,https://www.alba.com.ar/es/paletas-de-colores/hierbabuena-intensa-50gy-18-178-1672244,,#65775B,"101,119,91",Verde,
90GY 54/334,Hierbabuena Rugosa,https://www.alba.com.ar/es/paletas-de-colores/hierbabuena-rugosa-90gy-54-334-1673179,,#8BCEA0,"139,206,160",Verde,
46GY 21/423,Hoja de Banano,https://www.alba.com.ar/es/paletas-de-colores/hoja-de-banano-46gy-21-423-1672121,,#518439,"81,132,57",Verde,
30GY 34/249,Hoja de Cesped,https://www.alba.com.ar/es/paletas-de-colores/hoja-de-cesped-30gy-34-249-1671714,,#919F72,"145,159,114",Verde,
70GY 13/324,Hoja de la Selva,https://www.alba.com.ar/es/paletas-de-colores/hoja-de-la-selva-70gy-13-324-1672696,,#3C6E3E,"60,110,62",Verde,
10GY 14/135,Hoja de Laurel,https://www.alba.com.ar/es/paletas-de-colores/hoja-de-laurel-10gy-14-135-1671149,,#63664F,"99,102,79",Verde,
10GY 52/541,Hoja de Palmera,https://www.alba.com.ar/es/paletas-de-colores/hoja-de-palmera-10gy-52-541-1671162,,#AFC657,"175,198,87",Verde,
71GY 59/307,Hoja de Trébol,https://www.alba.com.ar/es/paletas-de-colores/hoja-de-trebol-71gy-59-307-1672861,,#A1D3A2,"161,211,162",Verde,
18GY 38/328,Huerta Serena,https://www.alba.com.ar/es/paletas-de-colores/huerta-serena-18gy-38-328-1671417,,#95A969,"149,169,105",Verde,
70GY 18/576,Insensatez *,https://www.alba.com.ar/es/paletas-de-colores/insensatez-70gy-18-576-1672699,,#328C37,"50,140,55",Verde,
10GG 23/485,Isla del Tesoro,https://www.alba.com.ar/es/paletas-de-colores/isla-del-tesoro-10gg-23-485-1671126,,#009461,"0,148,97",Verde,
30GG 37/423,Isla Desierta,https://www.alba.com.ar/es/paletas-de-colores/isla-desierta-30gg-37-423-1671674,,#31B592,"49,181,146",Verde,
70GY 22/546,Isla Esmeralda,https://www.alba.com.ar/es/paletas-de-colores/isla-esmeralda-70gy-22-546-3137182,https://msp.images.akzonobel.com/glb/dh/inspirational-images/Livingroom-52242.png,#2E8F3D,"46,143,61",Verde,
10GG 57/307,Isla Marítima,https://www.alba.com.ar/es/paletas-de-colores/isla-maritima-10gg-57-307-1671138,,#8AD3AF,"138,211,175",Verde,
90GY 08/187,Jardin Tropical,https://www.alba.com.ar/es/paletas-de-colores/jardin-tropical-90gy-08-187-1673161,,#32523D,"50,82,61",Verde,
50GY 69/306,Jardinera,https://www.alba.com.ar/es/paletas-de-colores/jardinera-50gy-69-306-3137116,https://msp.images.akzonobel.com/glb/dh/inspirational-images/Livingroom-48755.png,#BDE0A9,"189,224,169",Verde,
70GY 27/154,Jardín Botánico,https://www.alba.com.ar/es/paletas-de-colores/jardin-botanico-70gy-27-154-1672702,,#7C927A,"124,146,122",Verde,
90GY 11/312,Jardín Real,https://www.alba.com.ar/es/paletas-de-colores/jardin-real-90gy-11-312-1673163,,#286640,"40,102,64",Verde,
70GY 46/120,Jardín Secreto,https://www.alba.com.ar/es/paletas-de-colores/jardin-secreto-70gy-46-120-1672707,,#A7B9A5,"167,185,165",Verde,
28GG 08/229,Joya de Arcadia,https://www.alba.com.ar/es/paletas-de-colores/joya-de-arcadia-28gg-08-229-1671572,,#105444,"16,84,68",Verde,
16GY 84/051,Kiwi Escarchado,https://www.alba.com.ar/es/paletas-de-colores/kiwi-escarchado-16gy-84-051-1671393,,#E8EADC,"232,234,220",Verde,
30GY 83/150,Lago Espejado,https://www.alba.com.ar/es/paletas-de-colores/lago-espejado-30gy-83-150-1671739,,#E3ECCE,"227,236,206",Verde,
90GY 82/028,Lago Glacial,https://www.alba.com.ar/es/paletas-de-colores/lago-glacial-90gy-82-028-1673189,,#E3E9E1,"227,233,225",Verde,
70GY 63/098,Laguna de Lirios,https://www.alba.com.ar/es/paletas-de-colores/laguna-de-lirios-70gy-63-098-1672711,,#C4D2C0,"196,210,192",Verde,
30GG 20/227,Laguna Esmeralda,https://www.alba.com.ar/es/paletas-de-colores/laguna-esmeralda-30gg-20-227-1671667,,#4A8471,"74,132,113",Verde,
54GY 54/405,Licor de Pistacho,https://www.alba.com.ar/es/paletas-de-colores/licor-de-pistacho-54gy-54-405-3137136,https://msp.images.akzonobel.com/glb/dh/inspirational-images/Livingroom-235347.png,#97CD87,"151,205,135",Verde,
10GG 74/087,Litoraleño,https://www.alba.com.ar/es/paletas-de-colores/litoraleno-10gg-74-087-1671143,,#CFE2D5,"207,226,213",Verde,
30GY 73/053,Lluvia China,https://www.alba.com.ar/es/paletas-de-colores/lluvia-china-30gy-73-053-1671729,,#DBDDD2,"219,221,210",Verde,
80GY 11/195,Lluvia en el Bosque,https://www.alba.com.ar/es/paletas-de-colores/lluvia-en-el-bosque-80gy-11-195-3137205,https://msp.images.akzonobel.com/glb/dh/inspirational-images/Livingroom-235466.png,#3A5F42,"58,95,66",Verde,
59GY 12/239,Lluvia Tropical,https://www.alba.com.ar/es/paletas-de-colores/lluvia-tropical-59gy-12-239-1672470,,#3B6035,"59,96,53",Verde,
30GG 33/453,Malabar,https://www.alba.com.ar/es/paletas-de-colores/malabar-30gg-33-453-1671673,,#00AD85,"0,173,133",Verde,
90GY 13/375,Manto de Césped,https://www.alba.com.ar/es/paletas-de-colores/manto-de-cesped-90gy-13-375-1673164,,#1F7042,"31,112,66",Verde,
50GY 57/096,Manzanar,https://www.alba.com.ar/es/paletas-de-colores/manzanar-50gy-57-096-1672261,,#BCC7B5,"188,199,181",Verde,
30GG 19/370,Mar de Menta,https://www.alba.com.ar/es/paletas-de-colores/mar-de-menta-30gg-19-370-1671666,,#008466,"0,132,102",Verde,
50GY 73/049,Marfil Oriental,https://www.alba.com.ar/es/paletas-de-colores/marfil-oriental-50gy-73-049-1672268,,#D8DED4,"216,222,212",Verde,
30GY 58/375,Margarita,https://www.alba.com.ar/es/paletas-de-colores/margarita-30gy-58-375-1671724,,#B2CF89,"178,207,137",Verde,
50GY 77/195,Mate,https://www.alba.com.ar/es/paletas-de-colores/mate-50gy-77-195-1672273,,#D2E7C3,"210,231,195",Verde,
40GY 18/372,Menta Matinal,https://www.alba.com.ar/es/paletas-de-colores/menta-matinal-40gy-18-372-3137078,https://msp.images.akzonobel.com/glb/dh/inspirational-images/Livingroom-235252.png,#517933,"81,121,51",Verde,
10GG 83/125,Menta Suave,https://www.alba.com.ar/es/paletas-de-colores/menta-suave-10gg-83-125-1671147,,#D2EDDB,"210,237,219",Verde,
30GG 24/118,Mesa de Verduras,https://www.alba.com.ar/es/paletas-de-colores/mesa-de-verduras-30gg-24-118-1671670,,#6E8A7F,"110,138,127",Verde,
81GY 15/202,Monstruo Verde,https://www.alba.com.ar/es/paletas-de-colores/monstruo-verde-81gy-15-202-1673010,,#496E51,"73,110,81",Verde,
90GY 33/408,Montañas de Escocia,https://www.alba.com.ar/es/paletas-de-colores/montanas-de-escocia-90gy-33-408-1673170,,#57A972,"87,169,114",Verde,
10GY 39/136,Mousse de Oliva,https://www.alba.com.ar/es/paletas-de-colores/mousse-de-oliva-10gy-39-136-1671158,,#A3A78D,"163,167,141",Verde,
11GG 26/195,Muro de Arvejas,https://www.alba.com.ar/es/paletas-de-colores/muro-de-arvejas-11gg-26-195-1671338,,#64907A,"100,144,122",Verde,
90GY 41/101,Musgo Brumoso,https://www.alba.com.ar/es/paletas-de-colores/musgo-brumoso-90gy-41-101-1673173,,#9BAF9F,"155,175,159",Verde,
70GY 10/136,Naturaleza Real,https://www.alba.com.ar/es/paletas-de-colores/naturaleza-real-70gy-10-136-1672693,,#495A47,"73,90,71",Verde,
70GY 73/124,Nido Silencioso,https://www.alba.com.ar/es/paletas-de-colores/nido-silencioso-70gy-73-124-1672716,,#CFE2CD,"207,226,205",Verde,
10GG 33/404,Oasis,https://www.alba.com.ar/es/paletas-de-colores/oasis-10gg-33-404-1671129,,#41AA7D,"65,170,125",Verde,
80GY 12/245,Oliva Intenso,https://www.alba.com.ar/es/paletas-de-colores/oliva-intenso-80gy-12-245-1672947,,#33643E,"51,100,62",Verde,
21GG 28/387,Onda Escénica,https://www.alba.com.ar/es/paletas-de-colores/onda-escenica-21gg-28-387-1671511,,#269D78,"38,157,120",Verde,
50GY 76/146,Orgánico,https://www.alba.com.ar/es/paletas-de-colores/organico-50gy-76-146-1672272,,#D5E5CA,"213,229,202",Verde,
61GY 12/190,Palta Intenso,https://www.alba.com.ar/es/paletas-de-colores/palta-intenso-61gy-12-190-1672552,,#496343,"73,99,67",Verde,
30GG 75/095,Paraíso Tropical,https://www.alba.com.ar/es/paletas-de-colores/paraiso-tropical-30gg-75-095-1671691,,#C9E1D5,"201,225,213",Verde,
63GY 83/021,Pedir un Deseo,https://www.alba.com.ar/es/paletas-de-colores/pedir-un-deseo-63gy-83-021-1672565,,#E6E9E3,"230,233,227",Verde,
30GG 83/025,Perfume de Eucalipto,https://www.alba.com.ar/es/paletas-de-colores/perfume-de-eucalipto-30gg-83-025-1671696,,#E5EAE5,"229,234,229",Verde,
30GY 76/132,Perfume Matutino,https://www.alba.com.ar/es/paletas-de-colores/perfume-matutino-30gy-76-132-1671733,,#DBE4CA,"219,228,202",Verde,
50GY 44/248,Picnic de Verano,https://www.alba.com.ar/es/paletas-de-colores/picnic-de-verano-50gy-44-248-1672253,,#9BB68C,"155,182,140",Verde,
12GY 39/101,Piedra Diáfana,https://www.alba.com.ar/es/paletas-de-colores/piedra-diafana-12gy-39-101-1671351,,#A3A793,"163,167,147",Verde,
70GY 83/060,Pino,https://www.alba.com.ar/es/paletas-de-colores/pino-70gy-83-060-1672719,,#E2ECE0,"226,236,224",Verde,
90GY 64/072,Pino de Noruega,https://www.alba.com.ar/es/paletas-de-colores/pino-de-noruega-90gy-64-072-1673182,,#C5D4C8,"197,212,200",Verde,
82GY 19/152,Pino Espinoso,https://www.alba.com.ar/es/paletas-de-colores/pino-espinoso-82gy-19-152-3137219,https://msp.images.akzonobel.com/glb/dh/inspirational-images/Livingroom-235489.png,#5D7861,"93,120,97",Verde,
12GG 10/310,Pino Suizo,https://www.alba.com.ar/es/paletas-de-colores/pino-suizo-12gg-10-310-1671349,,#025E42,"2,94,66",Verde,
70GY 83/100,Pináculo,https://www.alba.com.ar/es/paletas-de-colores/pinaculo-70gy-83-100-1672721,,#DEEDD9,"222,237,217",Verde,
30GG 47/180,Praderas Tiernas,https://www.alba.com.ar/es/paletas-de-colores/praderas-tiernas-30gg-47-180-1671677,,#8CBCAB,"140,188,171",Verde,
20GY 39/466,Prados,https://www.alba.com.ar/es/paletas-de-colores/prados-20gy-39-466-1671437,,#8EAF54,"142,175,84",Verde,
90GY 28/319,Primavera Irlandesa,https://www.alba.com.ar/es/paletas-de-colores/primavera-irlandesa-90gy-28-319-1673168,,#5B9A70,"91,154,112",Verde,
90GY 46/061,Pueblo Costero,https://www.alba.com.ar/es/paletas-de-colores/pueblo-costero-90gy-46-061-1673176,,#ABB7AD,"171,183,173",Verde,
70GY 49/201,Quarzo Verde,https://www.alba.com.ar/es/paletas-de-colores/quarzo-verde-70gy-49-201-1672708,,#A1C09F,"161,192,159",Verde,
70GY 73/074,Rama de Sauce,https://www.alba.com.ar/es/paletas-de-colores/rama-de-sauce-70gy-73-074-1672715,,#D3DECF,"211,222,207",Verde,
23GY 85/031,Rayuela,https://www.alba.com.ar/es/paletas-de-colores/rayuela-23gy-85-031-1671529,,#EAECE2,"234,236,226",Verde,
90GY 83/033,Reflección,https://www.alba.com.ar/es/paletas-de-colores/refleccion-90gy-83-033-1673190,,#E5EBE4,"229,235,228",Verde,
50GY 83/040,Retiro Tranquilo,https://www.alba.com.ar/es/paletas-de-colores/retiro-tranquilo-50gy-83-040-1672275,,#E5E9DF,"229,233,223",Verde,
24GY 85/110,Rocío Invernal,https://www.alba.com.ar/es/paletas-de-colores/rocio-invernal-24gy-85-110-1671539,,#E9EED7,"233,238,215",Verde,
15GG 53/086,Rubor del Bosque,https://www.alba.com.ar/es/paletas-de-colores/rubor-del-bosque-15gg-53-086-1671380,,#AFC3B9,"175,195,185",Verde,
50GY 65/084,Río Támesis,https://www.alba.com.ar/es/paletas-de-colores/rio-tamesis-50gy-65-084-1672262,,#C9D3C3,"201,211,195",Verde,
01GG 59/285,Sabor a Jardín,https://www.alba.com.ar/es/paletas-de-colores/sabor-a-jardin-01gg-59-285-1671008,,#97D5B1,"151,213,177",Verde,
82GY 75/111,Salto de Langosta,https://www.alba.com.ar/es/paletas-de-colores/salto-de-langosta-82gy-75-111-3137220,https://msp.images.akzonobel.com/glb/dh/inspirational-images/Livingroom-235477.png,#D0E4D2,"208,228,210",Verde,
07GG 07/143,Salvaje,https://www.alba.com.ar/es/paletas-de-colores/salvaje-07gg-07-143-1671049,,#2A493F,"42,73,63",Verde,
30GY 75/105,Salvia,https://www.alba.com.ar/es/paletas-de-colores/salvia-30gy-75-105-1671730,,#D9E1CC,"217,225,204",Verde,
50GY 26/155,Salvia de Verano,https://www.alba.com.ar/es/paletas-de-colores/salvia-de-verano-50gy-26-155-1672247,,#7C8D74,"124,141,116",Verde,
30GG 16/394,Salvia Victoriana,https://www.alba.com.ar/es/paletas-de-colores/salvia-victoriana-30gg-16-394-1671664,,#007C5C,"0,124,92",Verde,
30GG 29/196,Salvia Vigorosa,https://www.alba.com.ar/es/paletas-de-colores/salvia-vigorosa-30gg-29-196-1671671,,#669887,"102,152,135",Verde,
30GG 57/094,Seda Ópalo,https://www.alba.com.ar/es/paletas-de-colores/seda-opalo-30gg-57-094-1671682,,#B3CBC2,"179,203,194",Verde,
90GY 16/354,Selva Atlántica,https://www.alba.com.ar/es/paletas-de-colores/selva-atlantica-90gy-16-354-1673166,,#34794D,"52,121,77",Verde,
18GY 18/160,Selva Brasileña,https://www.alba.com.ar/es/paletas-de-colores/selva-brasilena-18gy-18-160-3136997,https://msp.images.akzonobel.com/glb/dh/inspirational-images/Livingroom-235113.png,#687152,"104,113,82",Verde,
42GY 09/205,Selva del Congo,https://www.alba.com.ar/es/paletas-de-colores/selva-del-congo-42gy-09-205-1672042,,#435736,"67,87,54",Verde,
14GY 12/129,Selva Magnífica,https://www.alba.com.ar/es/paletas-de-colores/selva-magnifica-14gy-12-129-3136968,https://msp.images.akzonobel.com/glb/dh/inspirational-images/Livingroom-235112.png,#565C43,"86,92,67",Verde,
30GY 31/202,Sendero de Jardín,https://www.alba.com.ar/es/paletas-de-colores/sendero-de-jardin-30gy-31-202-1671713,,#8B9973,"139,153,115",Verde,
61GG 08/119,Sensación de Dragón,https://www.alba.com.ar/es/paletas-de-colores/sensacion-de-dragon-61gg-08-119-1672550,,#1C4741,"28,71,65",Verde,
26GY 68/322,Sensación de Menta,https://www.alba.com.ar/es/paletas-de-colores/sensacion-de-menta-26gy-68-322-1671564,,#C5DE9E,"197,222,158",Verde,
73GY 56/241,Sensación Jade,https://www.alba.com.ar/es/paletas-de-colores/sensacion-jade-73gy-56-241-1672872,,#A5CEA7,"165,206,167",Verde,
30GY 16/343,Sierra del Mar,https://www.alba.com.ar/es/paletas-de-colores/sierra-del-mar-30gy-16-343-1671705,,#5B7638,"91,118,56",Verde,
30GY 83/043,Silencio Matutino,https://www.alba.com.ar/es/paletas-de-colores/silencio-matutino-30gy-83-043-1671735,,#E7EAE0,"231,234,224",Verde,
90GY 29/121,Sombra de Montaña,https://www.alba.com.ar/es/paletas-de-colores/sombra-de-montana-90gy-29-121-1673169,,#7F9584,"127,149,132",Verde,
62GY 18/260,Suave Diva,https://www.alba.com.ar/es/paletas-de-colores/suave-diva-62gy-18-260-1672561,,#52774D,"82,119,77",Verde,
30GY 62/159,Suculenta,https://www.alba.com.ar/es/paletas-de-colores/suculenta-30gy-62-159-1671726,,#C4CFB0,"196,207,176",Verde,
80GY 85/051,Susurro Chino,https://www.alba.com.ar/es/paletas-de-colores/susurro-chino-80gy-85-051-3137206,https://msp.images.akzonobel.com/glb/dh/inspirational-images/Livingroom-235543.png,#E5EEE4,"229,238,228",Verde,
14GY 76/113,Sutil Camuflaje,https://www.alba.com.ar/es/paletas-de-colores/sutil-camuflaje-14gy-76-113-1671372,,#DDE3CB,"221,227,203",Verde,
54GG 47/053,Tarde Isleña,https://www.alba.com.ar/es/paletas-de-colores/tarde-islena-54gg-47-053-1672434,,#A9B7B3,"169,183,179",Verde,
70GY 74/173,Tierra de los Lagos,https://www.alba.com.ar/es/paletas-de-colores/tierra-de-los-lagos-70gy-74-173-1672718,,#C8E3C6,"200,227,198",Verde,
79GY 57/120,Tinte Botella,https://www.alba.com.ar/es/paletas-de-colores/tinte-botella-79gy-57-120-3137197,https://msp.images.akzonobel.com/glb/dh/inspirational-images/Livingroom-235482.png,#B5CAB6,"181,202,182",Verde,
70GY 83/080,Toque de Hierbabuena,https://www.alba.com.ar/es/paletas-de-colores/toque-de-hierbabuena-70gy-83-080-1672720,,#E0ECDD,"224,236,221",Verde,
45GY 83/149,Toque de Pistacho,https://www.alba.com.ar/es/paletas-de-colores/toque-de-pistacho-45gy-83-149-1672079,,#DDEED2,"221,238,210",Verde,
10GG 39/152,Trinidad,https://www.alba.com.ar/es/paletas-de-colores/trinidad-10gg-39-152-1671132,,#8CAC9B,"140,172,155",Verde,
30GY 75/251,Trufa de Hierbabuena,https://www.alba.com.ar/es/paletas-de-colores/trufa-de-hierbabuena-30gy-75-251-1671731,,#D4E6B6,"212,230,182",Verde,
70GY 11/387,Trébol Irlandés,https://www.alba.com.ar/es/paletas-de-colores/trebol-irlandes-70gy-11-387-1672695,,#266A34,"38,106,52",Verde,
30GY 41/173,Trébol Pálido,https://www.alba.com.ar/es/paletas-de-colores/trebol-palido-30gy-41-173-1671719,,#A2AE8E,"162,174,142",Verde,
30GG 21/423,Turmalina Verde,https://www.alba.com.ar/es/paletas-de-colores/turmalina-verde-30gg-21-423-1671668,,#008E6B,"0,142,107",Verde,
50GY 83/160,Té de Cidrera,https://www.alba.com.ar/es/paletas-de-colores/te-de-cidrera-50gy-83-160-1672277,,#DBEDCF,"219,237,207",Verde,
50GY 55/207,Té Verde,https://www.alba.com.ar/es/paletas-de-colores/te-verde-50gy-55-207-1672260,,#B3CAA6,"179,202,166",Verde,
50GY 41/084,Valle Lunar,https://www.alba.com.ar/es/paletas-de-colores/valle-lunar-50gy-41-084-1672251,,#A3AD9E,"163,173,158",Verde,
50GY 23/280,Vegetación Exuberante,https://www.alba.com.ar/es/paletas-de-colores/vegetacion-exuberante-50gy-23-280-1672246,,#6C895B,"108,137,91",Verde,
90GY 35/238,Verano Espacial,https://www.alba.com.ar/es/paletas-de-colores/verano-espacial-90gy-35-238-1673171,,#7AA888,"122,168,136",Verde,
21GY 25/379,Verde Acelga,https://www.alba.com.ar/es/paletas-de-colores/verde-acelga-21gy-25-379-1671512,,#728C42,"114,140,66",Verde,
10GG 76/153,Verde Acuático,https://www.alba.com.ar/es/paletas-de-colores/verde-acuatico-10gg-76-153-1671144,,#C7E8D4,"199,232,212",Verde,
50GY 08/153,Verde Agreste,https://www.alba.com.ar/es/paletas-de-colores/verde-agreste-50gy-08-153-1672237,,#3E4E39,"62,78,57",Verde,
70GY 38/330,Verde Angra,https://www.alba.com.ar/es/paletas-de-colores/verde-angra-70gy-38-330-1672706,,#7EB17E,"126,177,126",Verde,
30GY 61/245,Verde Arponero,https://www.alba.com.ar/es/paletas-de-colores/verde-arponero-30gy-61-245-1671725,,#BFD1A3,"191,209,163",Verde,
10GY 20/179,Verde Artesano,https://www.alba.com.ar/es/paletas-de-colores/verde-artesano-10gy-20-179-1671150,,#777B5B,"119,123,91",Verde,
10GG 51/125,Verde Berilo,https://www.alba.com.ar/es/paletas-de-colores/verde-berilo-10gg-51-125-1671136,,#A5C1B2,"165,193,178",Verde,
30GG 55/302,Verde Bermudas,https://www.alba.com.ar/es/paletas-de-colores/verde-bermudas-30gg-55-302-1671681,,#80D2B6,"128,210,182",Verde,
30GG 83/100,Verde Brisa,https://www.alba.com.ar/es/paletas-de-colores/verde-brisa-30gg-83-100-1671699,,#D2EBDE,"210,235,222",Verde,
08GY 26/190,Verde Cabaña,https://www.alba.com.ar/es/paletas-de-colores/verde-cabana-08gy-26-190-3136940,https://msp.images.akzonobel.com/glb/dh/inspirational-images/Livingroom-235073.png,#838A65,"131,138,101",Verde,
95GY 24/449,Verde Calle,https://www.alba.com.ar/es/paletas-de-colores/verde-calle-95gy-24-449-1673363,,#2F955F,"47,149,95",Verde,
90GY 83/098,Verde Camafeo,https://www.alba.com.ar/es/paletas-de-colores/verde-camafeo-90gy-83-098-1673191,,#DAEDDC,"218,237,220",Verde,
10GG 29/179,Verde Campestre,https://www.alba.com.ar/es/paletas-de-colores/verde-campestre-10gg-29-179-1671128,,#729884,"114,152,132",Verde,
30GG 76/127,Verde Casual,https://www.alba.com.ar/es/paletas-de-colores/verde-casual-30gg-76-127-1671693,,#C4E6D7,"196,230,215",Verde,
30GY 12/257,Verde Clorofila,https://www.alba.com.ar/es/paletas-de-colores/verde-clorofila-30gy-12-257-1671703,,#506436,"80,100,54",Verde,
30GY 51/294,Verde Colina,https://www.alba.com.ar/es/paletas-de-colores/verde-colina-30gy-51-294-1671722,,#AAC089,"170,192,137",Verde,
30GG 49/211,Verde Costero,https://www.alba.com.ar/es/paletas-de-colores/verde-costero-30gg-49-211-1671678,,#8BC2AE,"139,194,174",Verde,
70GY 31/304,Verde Danubio,https://www.alba.com.ar/es/paletas-de-colores/verde-danubio-70gy-31-304-1672704,,#72A072,"114,160,114",Verde,
88GY 08/134,Verde Elegante,https://www.alba.com.ar/es/paletas-de-colores/verde-elegante-88gy-08-134-3137246,https://msp.images.akzonobel.com/glb/dh/inspirational-images/Livingroom-235541.png,#304B38,"48,75,56",Verde,
10GG 66/098,Verde Espuma de Mar,https://www.alba.com.ar/es/paletas-de-colores/verde-espuma-de-mar-10gg-66-098-1671140,,#C0D7C8,"192,215,200",Verde,
90GY 42/355,Verde Extravagante,https://www.alba.com.ar/es/paletas-de-colores/verde-extravagante-90gy-42-355-1673174,,#72BA8A,"114,186,138",Verde,
70GY 66/200,Verde Francia,https://www.alba.com.ar/es/paletas-de-colores/verde-francia-70gy-66-200-1672713,,#BAD9B8,"186,217,184",Verde,
70GY 58/259,Verde Fresco,https://www.alba.com.ar/es/paletas-de-colores/verde-fresco-70gy-58-259-1672710,,#A7D1A7,"167,209,167",Verde,
90GY 73/059,Verde Galés,https://www.alba.com.ar/es/paletas-de-colores/verde-gales-90gy-73-059-1673187,,#D2DED4,"210,222,212",Verde,
90GY 70/221,Verde Gracioso,https://www.alba.com.ar/es/paletas-de-colores/verde-gracioso-90gy-70-221-1673185,,#B7E2C3,"183,226,195",Verde,
90GY 36/453,Verde Granada,https://www.alba.com.ar/es/paletas-de-colores/verde-granada-90gy-36-453-1673172,,#51B074,"81,176,116",Verde,
50GY 16/383,Verde Gráfico,https://www.alba.com.ar/es/paletas-de-colores/verde-grafico-50gy-16-383-1672243,,#497839,"73,120,57",Verde,
30GY 24/404,Verde Haba,https://www.alba.com.ar/es/paletas-de-colores/verde-haba-30gy-24-404-1671709,,#6E8C43,"110,140,67",Verde,
50GY 39/536,Verde Helecho,https://www.alba.com.ar/es/paletas-de-colores/verde-helecho-50gy-39-536-1672250,,#74B559,"116,181,89",Verde,
30GY 21/429,Verde Hortaliza,https://www.alba.com.ar/es/paletas-de-colores/verde-hortaliza-30gy-21-429-1671707,,#648637,"100,134,55",Verde,
57GY 28/292,Verde Imponente,https://www.alba.com.ar/es/paletas-de-colores/verde-imponente-57gy-28-292-1672459,,#6D9464,"109,148,100",Verde,
43GY 24/566,Verde Irlandés *,https://www.alba.com.ar/es/paletas-de-colores/verde-irlandes-43gy-24-566-1672052,,#569532,"86,149,50",Verde,
70GY 14/187,Verde Jade,https://www.alba.com.ar/es/paletas-de-colores/verde-jade-70gy-14-187-1672697,,#536C51,"83,108,81",Verde,
34GY 40/515,Verde Jardín,https://www.alba.com.ar/es/paletas-de-colores/verde-jardin-34gy-40-515-1671924,,#83B455,"131,180,85",Verde,
30GG 60/143,Verde Lana,https://www.alba.com.ar/es/paletas-de-colores/verde-lana-30gg-60-143-1671684,,#A9D0C1,"169,208,193",Verde,
90GY 47/328,Verde Molino,https://www.alba.com.ar/es/paletas-de-colores/verde-molino-90gy-47-328-1673177,,#80C194,"128,193,148",Verde,
30GG 09/106,Verde New England,https://www.alba.com.ar/es/paletas-de-colores/verde-new-england-30gg-09-106-1671658,,#385248,"56,82,72",Verde,
77GY 33/506,Verde Ogro,https://www.alba.com.ar/es/paletas-de-colores/verde-ogro-77gy-33-506-1672905,,#46AC5F,"70,172,95",Verde,
30GY 34/600,Verde Oruga *,https://www.alba.com.ar/es/paletas-de-colores/verde-oruga-30gy-34-600-1671715,,#75AA31,"117,170,49",Verde,
10GG 83/071,Verde Pacífico,https://www.alba.com.ar/es/paletas-de-colores/verde-pacifico-10gg-83-071-1671146,,#DDEBDF,"221,235,223",Verde,
30GY 19/323,Verde Pantanal,https://www.alba.com.ar/es/paletas-de-colores/verde-pantanal-30gy-19-323-1671706,,#647D43,"100,125,67",Verde,
90GY 10/250,Verde Paraíso,https://www.alba.com.ar/es/paletas-de-colores/verde-paraiso-90gy-10-250-1673162,,#2B5C3D,"43,92,61",Verde,
16GY 66/078,Verde Parque,https://www.alba.com.ar/es/paletas-de-colores/verde-parque-16gy-66-078-3136983,https://msp.images.akzonobel.com/glb/dh/inspirational-images/Livingroom-235056.png,#D0D4C3,"208,212,195",Verde,
30GY 23/232,Verde Pasto,https://www.alba.com.ar/es/paletas-de-colores/verde-pasto-30gy-23-232-1671708,,#75845D,"117,132,93",Verde,
38GY 26/456,Verde Rana,https://www.alba.com.ar/es/paletas-de-colores/verde-rana-38gy-26-456-1671954,,#61933A,"97,147,58",Verde,
50GY 13/136,Verde Real,https://www.alba.com.ar/es/paletas-de-colores/verde-real-50gy-13-136-1672240,,#57624D,"87,98,77",Verde,
30GG 43/119,Verde Relajante,https://www.alba.com.ar/es/paletas-de-colores/verde-relajante-30gg-43-119-1671676,,#95B3A7,"149,179,167",Verde,
26GG 19/130,Verde Repollo,https://www.alba.com.ar/es/paletas-de-colores/verde-repollo-26gg-19-130-1671563,,#59796C,"89,121,108",Verde,
50GY 43/120,Verde Reptil,https://www.alba.com.ar/es/paletas-de-colores/verde-reptil-50gy-43-120-1672252,,#A5B29C,"165,178,156",Verde,
30GY 40/531,Verde Sintético,https://www.alba.com.ar/es/paletas-de-colores/verde-sintetico-30gy-40-531-1671718,,#86B34F,"134,179,79",Verde,
30GY 15/242,Verde Terapéutico,https://www.alba.com.ar/es/paletas-de-colores/verde-terapeutico-30gy-15-242-1671704,,#5B6C42,"91,108,66",Verde,
50GY 66/111,Verde Tranquilo,https://www.alba.com.ar/es/paletas-de-colores/verde-tranquilo-50gy-66-111-1672263,,#C8D6C1,"200,214,193",Verde,
50GY 10/068,Verde Tribal,https://www.alba.com.ar/es/paletas-de-colores/verde-tribal-50gy-10-068-1672238,,#4E5449,"78,84,73",Verde,
07GG 08/244,Verde Trébol,https://www.alba.com.ar/es/paletas-de-colores/verde-trebol-07gg-08-244-1671050,,#19563E,"25,86,62",Verde,
90GY 67/146,Verde Victoria,https://www.alba.com.ar/es/paletas-de-colores/verde-victoria-90gy-67-146-1673184,,#BEDAC4,"190,218,196",Verde,
10GG 72/219,Verde Villorrio,https://www.alba.com.ar/es/paletas-de-colores/verde-villorrio-10gg-72-219-1671142,,#B4E5CA,"180,229,202",Verde,
97GY 07/135,Viejo Cazador,https://www.alba.com.ar/es/paletas-de-colores/viejo-cazador-97gy-07-135-1673372,,#385142,"56,81,66",Verde,
50GY 74/073,Villa Italiana,https://www.alba.com.ar/es/paletas-de-colores/villa-italiana-50gy-74-073-1672269,,#D7DFD1,"215,223,209",Verde,
84GY 13/321,Árbol Alpino,https://www.alba.com.ar/es/paletas-de-colores/arbol-alpino-84gy-13-321-3137234,https://msp.images.akzonobel.com/glb/dh/inspirational-images/Livingroom-235503.png,#23693B,"35,105,59",Verde,
08RB 19/308,Amatista,https://www.alba.com.ar/es/paletas-de-colores/amatista-08rb-19-308-1671055,,#706CA2,"112,108,162",Violeta,
30RB 15/086,Amatista Gris,https://www.alba.com.ar/es/paletas-de-colores/amatista-gris-30rb-15-086-1671745,,#6A6372,"106,99,114",Violeta,
70RB 67/067,Anochecer,https://www.alba.com.ar/es/paletas-de-colores/anochecer-70rb-67-067-1672733,,#DCD1D9,"220,209,217",Violeta,
09RR 21/078,Arcilla Purpúrea,https://www.alba.com.ar/es/paletas-de-colores/arcilla-purpurea-09rr-21-078-3136948,https://msp.images.akzonobel.com/glb/dh/inspirational-images/Livingroom-237803.png,#84747C,"132,116,124",Violeta,
21RR 07/060,Arcilla Relajante,https://www.alba.com.ar/es/paletas-de-colores/arcilla-relajante-21rr-07-060-3137003,https://msp.images.akzonobel.com/glb/dh/inspirational-images/Livingroom-237879.png,#46383E,"70,56,62",Violeta,
10RB 14/049,Art Deco,https://www.alba.com.ar/es/paletas-de-colores/art-deco-10rb-14-049-1671180,,#66656D,"102,101,109",Violeta,
81BB 22/273,Arándano Jugoso,https://www.alba.com.ar/es/paletas-de-colores/arandano-jugoso-81bb-22-273-1673005,,#6C7AAB,"108,122,171",Violeta,
70RB 74/028,Belladona,https://www.alba.com.ar/es/paletas-de-colores/belladona-70rb-74-028-1672734,,#E0DBDE,"224,219,222",Violeta,
43RB 09/077,Berenjena Intenso,https://www.alba.com.ar/es/paletas-de-colores/berenjena-intenso-43rb-09-077-1672054,,#4E4653,"78,70,83",Violeta,
04RR 14/085,Berenjena Medio,https://www.alba.com.ar/es/paletas-de-colores/berenjena-medio-04rr-14-085-3136921,https://msp.images.akzonobel.com/glb/dh/inspirational-images/Livingroom-237788.png,#705F68,"112,95,104",Violeta,
90BB 67/069,Blanco Espliego,https://www.alba.com.ar/es/paletas-de-colores/blanco-espliego-90bb-67-069-1673102,,#D1D2DC,"209,210,220",Violeta,
02RB 53/171,Bouquet de Lilas,https://www.alba.com.ar/es/paletas-de-colores/bouquet-de-lilas-02rb-53-171-1671013,,#BDBBDA,"189,187,218",Violeta,
83RB 13/268,Boutique Púrpura,https://www.alba.com.ar/es/paletas-de-colores/boutique-purpura-83rb-13-268-1673029,,#7C4E75,"124,78,117",Violeta,
90BB 41/168,Brezo,https://www.alba.com.ar/es/paletas-de-colores/brezo-90bb-41-168-1673094,,#A2A6C5,"162,166,197",Violeta,
80BB 49/174,Brezo en Flor,https://www.alba.com.ar/es/paletas-de-colores/brezo-en-flor-80bb-49-174-3137201,https://msp.images.akzonobel.com/glb/dh/inspirational-images/Livingroom-237258.png,#AEB5D4,"174,181,212",Violeta,
30RB 64/030,Brisa de Invierno,https://www.alba.com.ar/es/paletas-de-colores/brisa-de-invierno-30rb-64-030-1671760,,#D1CFD3,"209,207,211",Violeta,
30RB 11/250,Brujita,https://www.alba.com.ar/es/paletas-de-colores/brujita-30rb-11-250-1671743,,#5F507A,"95,80,122",Violeta,
30RB 56/036,Bruma de Lilas,https://www.alba.com.ar/es/paletas-de-colores/bruma-de-lilas-30rb-56-036-1671759,,#C4C1C6,"196,193,198",Violeta,
70RB 54/110,Campos de Espliegos,https://www.alba.com.ar/es/paletas-de-colores/campos-de-espliegos-70rb-54-110-1672731,,#C9B9C9,"201,185,201",Violeta,
90BB 50/086,Canción de la Ciudad,https://www.alba.com.ar/es/paletas-de-colores/cancion-de-la-ciudad-90bb-50-086-1673096,,#B8B9C8,"184,185,200",Violeta,
90RB 08/113,Cardo Uva,https://www.alba.com.ar/es/paletas-de-colores/cardo-uva-90rb-08-113-1673193,,#533F4F,"83,63,79",Violeta,
50RB 74/033,Castillo de Aire,https://www.alba.com.ar/es/paletas-de-colores/castillo-de-aire-50rb-74-033-1672293,,#E0DDE0,"224,221,224",Violeta,
10RB 23/061,Cerco de Lilas,https://www.alba.com.ar/es/paletas-de-colores/cerco-de-lilas-10rb-23-061-1671186,,#81808B,"129,128,139",Violeta,
41RB 19/322,Cinta Violeta,https://www.alba.com.ar/es/paletas-de-colores/cinta-violeta-41rb-19-322-1672033,,#85689E,"133,104,158",Violeta,
87BB 80/036,Ciruela Especial,https://www.alba.com.ar/es/paletas-de-colores/ciruela-especial-87bb-80-036-1673057,,#E4E5EA,"228,229,234",Violeta,
73BB 16/259,Ciruela Intenso,https://www.alba.com.ar/es/paletas-de-colores/ciruela-intenso-73bb-16-259-1672870,,#546894,"84,104,148",Violeta,
66RB 26/328,Ciruela Perfecta,https://www.alba.com.ar/es/paletas-de-colores/ciruela-perfecta-66rb-26-328-1672595,,#A676AB,"166,118,171",Violeta,
10RB 19/262,Ciruela Perfumada,https://www.alba.com.ar/es/paletas-de-colores/ciruela-perfumada-10rb-19-262-1671183,,#736F9C,"115,111,156",Violeta,
89RB 72/119,Clavel,https://www.alba.com.ar/es/paletas-de-colores/clavel-89rb-72-119-1673078,,#EBD3E2,"235,211,226",Violeta,
16RB 69/065,Colinas de Brezos,https://www.alba.com.ar/es/paletas-de-colores/colinas-de-brezos-16rb-69-065-1671394,,#D8D5E0,"216,213,224",Violeta,
70RB 23/280,Confite,https://www.alba.com.ar/es/paletas-de-colores/confite-70rb-23-280-1672727,,#9A729C,"154,114,156",Violeta,
42RB 21/094,Coulis de Ciruela,https://www.alba.com.ar/es/paletas-de-colores/coulis-de-ciruela-42rb-21-094-1672044,,#7F7685,"127,118,133",Violeta,
70RB 36/156,Crepúsculo,https://www.alba.com.ar/es/paletas-de-colores/crepusculo-70rb-36-156-1672729,,#AF98B0,"175,152,176",Violeta,
30RB 33/103,Crepúsculo Mágico,https://www.alba.com.ar/es/paletas-de-colores/crepusculo-magico-30rb-33-103-1671752,,#9A95A6,"154,149,166",Violeta,
10RB 10/116,Crucero Nocturno,https://www.alba.com.ar/es/paletas-de-colores/crucero-nocturno-10rb-10-116-1671177,,#524F63,"82,79,99",Violeta,
23RB 10/134,Cóctel de Uva,https://www.alba.com.ar/es/paletas-de-colores/coctel-de-uva-23rb-10-134-3137017,https://msp.images.akzonobel.com/glb/dh/inspirational-images/Livingroom-237468.png,#514961,"81,73,97",Violeta,
81BB 12/269,Decreto Real,https://www.alba.com.ar/es/paletas-de-colores/decreto-real-81bb-12-269-3137209,https://msp.images.akzonobel.com/glb/dh/inspirational-images/Livingroom-237231.png,#4A5A88,"74,90,136",Violeta,
03RB 63/122,Dedalera Violeta,https://www.alba.com.ar/es/paletas-de-colores/dedalera-violeta-03rb-63-122-1671017,,#CDCCE1,"205,204,225",Violeta,
11RR 29/068,Dejo de Arcilla,https://www.alba.com.ar/es/paletas-de-colores/dejo-de-arcilla-11rr-29-068-3136956,https://msp.images.akzonobel.com/glb/dh/inspirational-images/Livingroom-237787.png,#9A8B92,"154,139,146",Violeta,
14RB 45/074,Deleite Malva,https://www.alba.com.ar/es/paletas-de-colores/deleite-malva-14rb-45-074-3136969,https://msp.images.akzonobel.com/glb/dh/inspirational-images/Livingroom-237417.png,#B2AFBB,"178,175,187",Violeta,
50RB 20/199,Delicias de Uva,https://www.alba.com.ar/es/paletas-de-colores/delicias-de-uva-50rb-20-199-1672284,,#867091,"134,112,145",Violeta,
90BB 21/220,Deseo Púrpura,https://www.alba.com.ar/es/paletas-de-colores/deseo-purpura-90bb-21-220-1673087,,#71779E,"113,119,158",Violeta,
65RB 62/156,Diamante Rosa,https://www.alba.com.ar/es/paletas-de-colores/diamante-rosa-65rb-62-156-1672584,,#DCC5DD,"220,197,221",Violeta,
50RB 64/035,Digitalis,https://www.alba.com.ar/es/paletas-de-colores/digitalis-50rb-64-035-1672289,,#D3CFD4,"211,207,212",Violeta,
40RB 36/264,Dignidad,https://www.alba.com.ar/es/paletas-de-colores/dignidad-40rb-36-264-1671976,,#AD94C2,"173,148,194",Violeta,
90BB 19/267,Drama Nocturno,https://www.alba.com.ar/es/paletas-de-colores/drama-nocturno-90bb-19-267-1673086,,#68709F,"104,112,159",Violeta,
10RB 10/219,Dramático,https://www.alba.com.ar/es/paletas-de-colores/dramatico-10rb-10-219-1671178,,#534F74,"83,79,116",Violeta,
30RB 13/199,Dulce Travesura,https://www.alba.com.ar/es/paletas-de-colores/dulce-travesura-30rb-13-199-1671744,,#655A7B,"101,90,123",Violeta,
10RB 35/167,Elevación,https://www.alba.com.ar/es/paletas-de-colores/elevacion-10rb-35-167-1671189,,#9C98B6,"156,152,182",Violeta,
30RB 11/133,Enmascarado,https://www.alba.com.ar/es/paletas-de-colores/enmascarado-30rb-11-133-1671742,,#595167,"89,81,103",Violeta,
50RB 83/017,Espliego Apasionado,https://www.alba.com.ar/es/paletas-de-colores/espliego-apasionado-50rb-83-017-1672295,,#ECE9EA,"236,233,234",Violeta,
84BB 53/136,Espléndido Lila,https://www.alba.com.ar/es/paletas-de-colores/esplendido-lila-84bb-53-136-1673035,,#B8BCD4,"184,188,212",Violeta,
90RB 12/225,Fiesta de Brujas,https://www.alba.com.ar/es/paletas-de-colores/fiesta-de-brujas-90rb-12-225-1673194,,#734D6C,"115,77,108",Violeta,
56RB 09/302,Fiesta de la Uva,https://www.alba.com.ar/es/paletas-de-colores/fiesta-de-la-uva-56rb-09-302-1672455,,#63406E,"99,64,110",Violeta,
05RB 34/258,Flor de Ipé,https://www.alba.com.ar/es/paletas-de-colores/flor-de-ipe-05rb-34-258-1671036,,#9895C3,"152,149,195",Violeta,
12RB 51/169,Flor de Maracujá,https://www.alba.com.ar/es/paletas-de-colores/flor-de-maracuja-12rb-51-169-1671353,,#BCB7D5,"188,183,213",Violeta,
10RB 49/062,Flor Salvaje,https://www.alba.com.ar/es/paletas-de-colores/flor-salvaje-10rb-49-062-1671192,,#B8B7C1,"184,183,193",Violeta,
90RB 46/121,Frambuesa Negra,https://www.alba.com.ar/es/paletas-de-colores/frambuesa-negra-90rb-46-121-1673198,,#C3ADBD,"195,173,189",Violeta,
73RB 08/259,Fruta Silvestre,https://www.alba.com.ar/es/paletas-de-colores/fruta-silvestre-73rb-08-259-1672873,,#603960,"96,57,96",Violeta,
10RB 22/242,Frutas del Campo,https://www.alba.com.ar/es/paletas-de-colores/frutas-del-campo-10rb-22-242-1671185,,#7E79A4,"126,121,164",Violeta,
42RB 14/320,Fuego Violeta,https://www.alba.com.ar/es/paletas-de-colores/fuego-violeta-42rb-14-320-1672043,,#74568C,"116,86,140",Violeta,
09RB 12/102,Fulgor de Medianoche,https://www.alba.com.ar/es/paletas-de-colores/fulgor-de-medianoche-09rb-12-102-3136947,https://msp.images.akzonobel.com/glb/dh/inspirational-images/Livingroom-237424.png,#585568,"88,85,104",Violeta,
90RB 23/228,Fábula,https://www.alba.com.ar/es/paletas-de-colores/fabula-90rb-23-228-1673196,,#9E7594,"158,117,148",Violeta,
10RB 31/204,Glicina en Flor,https://www.alba.com.ar/es/paletas-de-colores/glicina-en-flor-10rb-31-204-1671188,,#9390B4,"147,144,180",Violeta,
06RB 76/056,Gota de Violeta,https://www.alba.com.ar/es/paletas-de-colores/gota-de-violeta-06rb-76-056-1671044,,#E2E0E9,"226,224,233",Violeta,
70BB 28/224,Grandeza,https://www.alba.com.ar/es/paletas-de-colores/grandeza-70bb-28-224-1672632,,#7C8DB5,"124,141,181",Violeta,
30RB 36/055,Guante de Terciopelo,https://www.alba.com.ar/es/paletas-de-colores/guante-de-terciopelo-30rb-36-055-1671754,,#A09DA7,"160,157,167",Violeta,
30RR 19/068,Helado de Ciruela,https://www.alba.com.ar/es/paletas-de-colores/helado-de-ciruela-30rr-19-068-1671774,,#7E6F75,"126,111,117",Violeta,
10RB 36/082,Helado de Mora,https://www.alba.com.ar/es/paletas-de-colores/helado-de-mora-10rb-36-082-1671190,,#9C9BA9,"156,155,169",Violeta,
90BB 65/049,Herencia de Dinastía,https://www.alba.com.ar/es/paletas-de-colores/herencia-de-dinastia-90bb-65-049-1673101,,#D0D1D9,"208,209,217",Violeta,
54RB 78/038,Hilo de Seda,https://www.alba.com.ar/es/paletas-de-colores/hilo-de-seda-54rb-78-038-1672435,,#E6E2E6,"230,226,230",Violeta,
10RR 56/029,Hora del Diseño,https://www.alba.com.ar/es/paletas-de-colores/hora-del-diseno-10rr-56-029-1671217,,#C8C1C4,"200,193,196",Violeta,
64RB 58/179,Huevo de Pascua,https://www.alba.com.ar/es/paletas-de-colores/huevo-de-pascua-64rb-58-179-1672575,,#D8BEDB,"216,190,219",Violeta,
41RB 30/290,Ilusión,https://www.alba.com.ar/es/paletas-de-colores/ilusion-41rb-30-290-1672035,,#A185B7,"161,133,183",Violeta,
50RB 14/232,Joya,https://www.alba.com.ar/es/paletas-de-colores/joya-50rb-14-232-1672282,,#725A7F,"114,90,127",Violeta,
10RB 53/115,Lago Brumoso,https://www.alba.com.ar/es/paletas-de-colores/lago-brumoso-10rb-53-115-1671193,,#BEBACF,"190,186,207",Violeta,
82BB 38/251,Lavanda Imperial,https://www.alba.com.ar/es/paletas-de-colores/lavanda-imperial-82bb-38-251-3137217,https://msp.images.akzonobel.com/glb/dh/inspirational-images/Livingroom-237263.png,#97A1CF,"151,161,207",Violeta,
90BB 31/208,Lavanda Salvaje,https://www.alba.com.ar/es/paletas-de-colores/lavanda-salvaje-90bb-31-208-1673090,,#8B90B5,"139,144,181",Violeta,
90BB 58/072,Lavanda Suave,https://www.alba.com.ar/es/paletas-de-colores/lavanda-suave-90bb-58-072-1673098,,#C5C6D2,"197,198,210",Violeta,
78RB 08/163,Licor de Mora,https://www.alba.com.ar/es/paletas-de-colores/licor-de-mora-78rb-08-163-1672924,,#573B55,"87,59,85",Violeta,
30RB 49/042,Lila Agrisado,https://www.alba.com.ar/es/paletas-de-colores/lila-agrisado-30rb-49-042-1671756,,#B8B5BC,"184,181,188",Violeta,
30RB 22/215,Lila Claro,https://www.alba.com.ar/es/paletas-de-colores/lila-claro-30rb-22-215-1671749,,#83769B,"131,118,155",Violeta,
90BB 26/227,Lila Esplendoroso,https://www.alba.com.ar/es/paletas-de-colores/lila-esplendoroso-90bb-26-227-1673089,,#8085AE,"128,133,174",Violeta,
30RB 26/067,Lila Nocturno,https://www.alba.com.ar/es/paletas-de-colores/lila-nocturno-30rb-26-067-1671750,,#8A8692,"138,134,146",Violeta,
50RB 66/066,Lila Precioso,https://www.alba.com.ar/es/paletas-de-colores/lila-precioso-50rb-66-066-1672290,,#D8D0D9,"216,208,217",Violeta,
42RB 53/176,Lila Primaveral,https://www.alba.com.ar/es/paletas-de-colores/lila-primaveral-42rb-53-176-1672045,,#C8B7D6,"200,183,214",Violeta,
70RB 23/203,Lila Profundo,https://www.alba.com.ar/es/paletas-de-colores/lila-profundo-70rb-23-203-1672726,,#937693,"147,118,147",Violeta,
69BB 23/271,Lila Reluciente,https://www.alba.com.ar/es/paletas-de-colores/lila-reluciente-69bb-23-271-1672615,,#677DAD,"103,125,173",Violeta,
90RB 83/026,Lirio de Mar Rosa,https://www.alba.com.ar/es/paletas-de-colores/lirio-de-mar-rosa-90rb-83-026-1673206,,#EEE9EB,"238,233,235",Violeta,
88RB 37/328,Lirio Rosa,https://www.alba.com.ar/es/paletas-de-colores/lirio-rosa-88rb-37-328-1673068,,#C98EBD,"201,142,189",Violeta,
04RB 71/082,Lluvia de Amatistas,https://www.alba.com.ar/es/paletas-de-colores/lluvia-de-amatistas-04rb-71-082-1691798,,#DBD8E7,"219,216,231",Violeta,
10RR 13/081,Lluvia de Mercurio,https://www.alba.com.ar/es/paletas-de-colores/lluvia-de-mercurio-10rr-13-081-1671200,,#695861,"105,88,97",Violeta,
10RR 65/023,Lluvia Silenciosa,https://www.alba.com.ar/es/paletas-de-colores/lluvia-silenciosa-10rr-65-023-1671220,,#D5CECF,"213,206,207",Violeta,
70BB 44/144,Magia de Hadas,https://www.alba.com.ar/es/paletas-de-colores/magia-de-hadas-70bb-44-144-1672636,,#A6AFC8,"166,175,200",Violeta,
03RB 42/220,Magia de Noche,https://www.alba.com.ar/es/paletas-de-colores/magia-de-noche-03rb-42-220-1671016,,#A9A7CE,"169,167,206",Violeta,
92BB 07/350,Majestad *,https://www.alba.com.ar/es/paletas-de-colores/majestad-92bb-07-350-1673342,,#2E416E,"46,65,110",Violeta,
17RB 57/141,Malva de Carnaval,https://www.alba.com.ar/es/paletas-de-colores/malva-de-carnaval-17rb-57-141-3136992,https://msp.images.akzonobel.com/glb/dh/inspirational-images/Livingroom-237422.png,#C6C0D9,"198,192,217",Violeta,
67RB 75/030,Malva Galáctico,https://www.alba.com.ar/es/paletas-de-colores/malva-galactico-67rb-75-030-1672604,,#E3DEE2,"227,222,226",Violeta,
70RB 50/062,Malva Plateada,https://www.alba.com.ar/es/paletas-de-colores/malva-plateada-70rb-50-062-1672730,,#BFB6BF,"191,182,191",Violeta,
30RB 35/166,Manto Real,https://www.alba.com.ar/es/paletas-de-colores/manto-real-30rb-35-166-1671753,,#A398B4,"163,152,180",Violeta,
10RB 47/036,Mar Cósmico,https://www.alba.com.ar/es/paletas-de-colores/mar-cosmico-10rb-47-036-1671191,,#B4B3B9,"180,179,185",Violeta,
24RB 66/037,Mañana Violeta,https://www.alba.com.ar/es/paletas-de-colores/manana-violeta-24rb-66-037-3137022,https://msp.images.akzonobel.com/glb/dh/inspirational-images/Livingroom-237563.png,#D3D0D6,"211,208,214",Violeta,
10RB 08/125,Meditación Púrpura,https://www.alba.com.ar/es/paletas-de-colores/meditacion-purpura-10rb-08-125-1671176,,#444258,"68,66,88",Violeta,
30RB 73/027,Melodía Dulce,https://www.alba.com.ar/es/paletas-de-colores/melodia-dulce-30rb-73-027-1671764,,#DEDBDE,"222,219,222",Violeta,
90RB 16/244,Merlot,https://www.alba.com.ar/es/paletas-de-colores/merlot-90rb-16-244-1673195,,#865C7D,"134,92,125",Violeta,
16RB 38/235,Mezcla Púrpura,https://www.alba.com.ar/es/paletas-de-colores/mezcla-purpura-16rb-38-235-3136985,https://msp.images.akzonobel.com/glb/dh/inspirational-images/Livingroom-237430.png,#A79DC8,"167,157,200",Violeta,
70RB 83/017,Mirada de Ángel,https://www.alba.com.ar/es/paletas-de-colores/mirada-de-angel-70rb-83-017-1672735,,#EBE8E9,"235,232,233",Violeta,
10RR 24/061,Mousse de Uva,https://www.alba.com.ar/es/paletas-de-colores/mousse-de-uva-10rr-24-061-1671207,,#8C7F85,"140,127,133",Violeta,
50RB 20/091,Musgo Púrpura,https://www.alba.com.ar/es/paletas-de-colores/musgo-purpura-50rb-20-091-1672283,,#7E7584,"126,117,132",Violeta,
50RB 09/156,Neblina Púrpura,https://www.alba.com.ar/es/paletas-de-colores/neblina-purpura-50rb-09-156-1672279,,#55455E,"85,69,94",Violeta,
30RB 74/038,Nieve Lila,https://www.alba.com.ar/es/paletas-de-colores/nieve-lila-30rb-74-038-1671765,,#E0DDE1,"224,221,225",Violeta,
80BB 08/225,Noche de Truenos,https://www.alba.com.ar/es/paletas-de-colores/noche-de-truenos-80bb-08-225-1672940,,#324169,"50,65,105",Violeta,
30RB 50/072,Noche Plateada,https://www.alba.com.ar/es/paletas-de-colores/noche-plateada-30rb-50-072-1671757,,#BEB9C5,"190,185,197",Violeta,
70RB 11/196,Nostalgia,https://www.alba.com.ar/es/paletas-de-colores/nostalgia-70rb-11-196-1672723,,#694E6B,"105,78,107",Violeta,
90BB 53/129,Notable,https://www.alba.com.ar/es/paletas-de-colores/notable-90bb-53-129-1673097,,#BCBED5,"188,190,213",Violeta,
90BB 22/247,Novillo,https://www.alba.com.ar/es/paletas-de-colores/novillo-90bb-22-247-1673088,,#757BA7,"117,123,167",Violeta,
30RB 68/084,Nubes Púrpuras,https://www.alba.com.ar/es/paletas-de-colores/nubes-purpuras-30rb-68-084-1671762,,#D8D2E0,"216,210,224",Violeta,
90BB 36/188,Orquídea Pura,https://www.alba.com.ar/es/paletas-de-colores/orquidea-pura-90bb-36-188-1673093,,#969BBD,"150,155,189",Violeta,
76RB 67/048,Orquídea Vigorosa,https://www.alba.com.ar/es/paletas-de-colores/orquidea-vigorosa-76rb-67-048-1672895,,#DAD2D8,"218,210,216",Violeta,
30RB 17/202,Orquídea Violeta,https://www.alba.com.ar/es/paletas-de-colores/orquidea-violeta-30rb-17-202-1671747,,#756A8B,"117,106,139",Violeta,
11RR 43/050,Otoño Brumoso,https://www.alba.com.ar/es/paletas-de-colores/otono-brumoso-11rr-43-050-3136957,https://msp.images.akzonobel.com/glb/dh/inspirational-images/Livingroom-237801.png,#B4AAAE,"180,170,174",Violeta,
16RB 13/349,Palacio Persa,https://www.alba.com.ar/es/paletas-de-colores/palacio-persa-16rb-13-349-3136984,https://msp.images.akzonobel.com/glb/dh/inspirational-images/Livingroom-237445.png,#625894,"98,88,148",Violeta,
50RB 13/107,Pasa de Uva,https://www.alba.com.ar/es/paletas-de-colores/pasa-de-uva-50rb-13-107-1672281,,#675C6D,"103,92,109",Violeta,
50RB 34/153,Pasaje del Viñedo,https://www.alba.com.ar/es/paletas-de-colores/pasaje-del-vinedo-50rb-34-153-1672285,,#A493AC,"164,147,172",Violeta,
50RR 06/057,Pasas al Ron,https://www.alba.com.ar/es/paletas-de-colores/pasas-al-ron-50rr-06-057-1672296,,#45383B,"69,56,59",Violeta,
50RB 10/219,Pasas Californianas,https://www.alba.com.ar/es/paletas-de-colores/pasas-californianas-50rb-10-219-1672280,,#624B6E,"98,75,110",Violeta,
41RB 24/309,Pasión Púrpura,https://www.alba.com.ar/es/paletas-de-colores/pasion-purpura-41rb-24-309-1672034,,#9477AC,"148,119,172",Violeta,
70RB 31/090,Paz Nocturna,https://www.alba.com.ar/es/paletas-de-colores/paz-nocturna-70rb-31-090-1672728,,#9E919F,"158,145,159",Violeta,
90RB 75/051,Perfume Lila,https://www.alba.com.ar/es/paletas-de-colores/perfume-lila-90rb-75-051-1673203,,#E5DBE0,"229,219,224",Violeta,
70RB 65/044,Pico Sereno,https://www.alba.com.ar/es/paletas-de-colores/pico-sereno-70rb-65-044-1672732,,#D5CFD4,"213,207,212",Violeta,
90BB 19/165,Piedra Exótica,https://www.alba.com.ar/es/paletas-de-colores/piedra-exotica-90bb-19-165-1673085,,#6E718E,"110,113,142",Violeta,
15RB 28/271,Pimpollo de Berenjena,https://www.alba.com.ar/es/paletas-de-colores/pimpollo-de-berenjena-15rb-28-271-3136974,https://msp.images.akzonobel.com/glb/dh/inspirational-images/Livingroom-237435.png,#8D84B5,"141,132,181",Violeta,
10RB 17/122,Pinot Noir,https://www.alba.com.ar/es/paletas-de-colores/pinot-noir-10rb-17-122-1671181,,#6F6C81,"111,108,129",Violeta,
90RB 68/085,Poesía Lírica,https://www.alba.com.ar/es/paletas-de-colores/poesia-lirica-90rb-68-085-1673200,,#E1D1DC,"225,209,220",Violeta,
74BB 58/090,Poeta Invernal,https://www.alba.com.ar/es/paletas-de-colores/poeta-invernal-74bb-58-090-1672874,,#C2C7D6,"194,199,214",Violeta,
10RB 73/024,Polvo de Diamantes,https://www.alba.com.ar/es/paletas-de-colores/polvo-de-diamantes-10rb-73-024-1671196,,#DDDBDC,"221,219,220",Violeta,
90RB 69/096,Popurrí,https://www.alba.com.ar/es/paletas-de-colores/popurri-90rb-69-096-1673201,,#E4D2DD,"228,210,221",Violeta,
70RR 55/044,Por Siempre Tuya,https://www.alba.com.ar/es/paletas-de-colores/por-siempre-tuya-70rr-55-044-1672763,,#CCC0C0,"204,192,192",Violeta,
40RB 43/233,Primavera Lila,https://www.alba.com.ar/es/paletas-de-colores/primavera-lila-40rb-43-233-1671977,,#BCA5CC,"188,165,204",Violeta,
90BB 34/167,Princesa Púrpura,https://www.alba.com.ar/es/paletas-de-colores/princesa-purpura-90bb-34-167-1673092,,#9799B8,"151,153,184",Violeta,
15RB 07/237,Púrpura de Windsor,https://www.alba.com.ar/es/paletas-de-colores/purpura-de-windsor-15rb-07-237-3136973,https://msp.images.akzonobel.com/glb/dh/inspirational-images/Livingroom-48473.png,#423B64,"66,59,100",Violeta,
38RB 15/086,Púrpura del Pacífico,https://www.alba.com.ar/es/paletas-de-colores/purpura-del-pacifico-38rb-15-086-3137069,https://msp.images.akzonobel.com/glb/dh/inspirational-images/Livingroom-237515.png,#675F6D,"103,95,109",Violeta,
05RB 32/259,Púrpura Especial,https://www.alba.com.ar/es/paletas-de-colores/purpura-especial-05rb-32-259-1671035,,#9390BE,"147,144,190",Violeta,
70RB 16/220,Púrpura Marroquina,https://www.alba.com.ar/es/paletas-de-colores/purpura-marroquina-70rb-16-220-1672724,,#7D5F7F,"125,95,127",Violeta,
10RB 74/038,Púrpura Místico,https://www.alba.com.ar/es/paletas-de-colores/purpura-mistico-10rb-74-038-1671197,,#DFDDE2,"223,221,226",Violeta,
30RB 26/224,Púrpura Orgulloso,https://www.alba.com.ar/es/paletas-de-colores/purpura-orgulloso-30rb-26-224-1671751,,#9283A9,"146,131,169",Violeta,
30RB 36/187,Púrpura Parisino,https://www.alba.com.ar/es/paletas-de-colores/purpura-parisino-30rb-36-187-1671755,,#A599B9,"165,153,185",Violeta,
50RB 09/087,Púrpura Romano,https://www.alba.com.ar/es/paletas-de-colores/purpura-romano-50rb-09-087-1672278,,#554C59,"85,76,89",Violeta,
83BB 27/352,Rebelión Real,https://www.alba.com.ar/es/paletas-de-colores/rebelion-real-83bb-27-352-3137223,https://msp.images.akzonobel.com/glb/dh/inspirational-images/Livingroom-237265.png,#7586C6,"117,134,198",Violeta,
70RB 18/117,Reflejo de Amatista,https://www.alba.com.ar/es/paletas-de-colores/reflejo-de-amatista-70rb-18-117-1672725,,#7D6D7E,"125,109,126",Violeta,
70RB 83/021,Renovación,https://www.alba.com.ar/es/paletas-de-colores/renovacion-70rb-83-021-1672736,,#ECE8EA,"236,232,234",Violeta,
50RB 35/067,Reposo,https://www.alba.com.ar/es/paletas-de-colores/reposo-50rb-35-067-1672286,,#A29BA6,"162,155,166",Violeta,
86BB 15/237,Retoño de Ciruela,https://www.alba.com.ar/es/paletas-de-colores/retono-de-ciruela-86bb-15-237-1673049,,#5A638D,"90,99,141",Violeta,
26RR 73/037,Rocío Matinal,https://www.alba.com.ar/es/paletas-de-colores/rocio-matinal-26rr-73-037-3137031,https://msp.images.akzonobel.com/glb/dh/inspirational-images/Livingroom-237987.png,#E3DBDC,"227,219,220",Violeta,
97RB 77/086,Rosa Bebé,https://www.alba.com.ar/es/paletas-de-colores/rosa-bebe-97rb-77-086-1673373,,#EEDBE5,"238,219,229",Violeta,
90RB 63/129,Rosa Leyenda,https://www.alba.com.ar/es/paletas-de-colores/rosa-leyenda-90rb-63-129-1673199,,#DEC7D8,"222,199,216",Violeta,
85RB 53/237,Rosa Tecno,https://www.alba.com.ar/es/paletas-de-colores/rosa-tecno-85rb-53-237-1673044,,#DDB1D4,"221,177,212",Violeta,
94RB 60/214,Rosado Fuerte,https://www.alba.com.ar/es/paletas-de-colores/rosado-fuerte-94rb-60-214-1673354,,#E6BDD9,"230,189,217",Violeta,
86RB 47/274,Rosas Híbridas,https://www.alba.com.ar/es/paletas-de-colores/rosas-hibridas-86rb-47-274-1673051,,#D6A4CC,"214,164,204",Violeta,
93RB 27/376,Rosita,https://www.alba.com.ar/es/paletas-de-colores/rosita-93rb-27-376-1673349,,#B973A8,"185,115,168",Violeta,
70RB 83/026,Sales de Rosas,https://www.alba.com.ar/es/paletas-de-colores/sales-de-rosas-70rb-83-026-1672737,,#EDE8EA,"237,232,234",Violeta,
10RB 17/210,Secreto Violeta,https://www.alba.com.ar/es/paletas-de-colores/secreto-violeta-10rb-17-210-1671182,,#6C698D,"108,105,141",Violeta,
83BB 61/071,Sensación Lavanda,https://www.alba.com.ar/es/paletas-de-colores/sensacion-lavanda-83bb-61-071-3137224,https://msp.images.akzonobel.com/glb/dh/inspirational-images/Livingroom-237224.png,#C7C9D5,"199,201,213",Violeta,
83BB 71/082,Sensación Violeta,https://www.alba.com.ar/es/paletas-de-colores/sensacion-violeta-83bb-71-082-3137225,https://msp.images.akzonobel.com/glb/dh/inspirational-images/Livingroom-237253.png,#D6D9E7,"214,217,231",Violeta,
50RB 52/107,Sensualidad,https://www.alba.com.ar/es/paletas-de-colores/sensualidad-50rb-52-107-1672288,,#C6B9CA,"198,185,202",Violeta,
30RB 16/144,Serenata Española,https://www.alba.com.ar/es/paletas-de-colores/serenata-espanola-30rb-16-144-1671746,,#70677F,"112,103,127",Violeta,
15RB 66/112,Sonrisa Púrpura,https://www.alba.com.ar/es/paletas-de-colores/sonrisa-purpura-15rb-66-112-3136975,https://msp.images.akzonobel.com/glb/dh/inspirational-images/Livingroom-237419.png,#D4CFE3,"212,207,227",Violeta,
12RB 18/337,Sueño de Amatista,https://www.alba.com.ar/es/paletas-de-colores/sueno-de-amatista-12rb-18-337-1671352,,#6F68A4,"111,104,164",Violeta,
50RB 73/024,Sueño de Lilas,https://www.alba.com.ar/es/paletas-de-colores/sueno-de-lilas-50rb-73-024-1672292,,#DFDBDD,"223,219,221",Violeta,
82RB 53/154,Sueño Rosado,https://www.alba.com.ar/es/paletas-de-colores/sueno-rosado-82rb-53-154-1673018,,#D2B6CC,"210,182,204",Violeta,
23RB 76/036,Susurro de Brezos,https://www.alba.com.ar/es/paletas-de-colores/susurro-de-brezos-23rb-76-036-3137018,https://msp.images.akzonobel.com/glb/dh/inspirational-images/Livingroom-237567.png,#E1DFE4,"225,223,228",Violeta,
10RR 08/100,Tapiz Renacentista,https://www.alba.com.ar/es/paletas-de-colores/tapiz-renacentista-10rr-08-100-1671199,,#54414C,"84,65,76",Violeta,
39BB 81/032,Temporada de Nieve,https://www.alba.com.ar/es/paletas-de-colores/temporada-de-nieve-39bb-81-032-1671961,,#E4E8EC,"228,232,236",Violeta,
83BB 07/202,Tesoro del Rey,https://www.alba.com.ar/es/paletas-de-colores/tesoro-del-rey-83bb-07-202-1673027,,#343E61,"52,62,97",Violeta,
90RB 37/175,Tierra de Sueños,https://www.alba.com.ar/es/paletas-de-colores/tierra-de-suenos-90rb-37-175-1673197,,#B897AF,"184,151,175",Violeta,
89BB 55/122,Toque de Amatista,https://www.alba.com.ar/es/paletas-de-colores/toque-de-amatista-89bb-55-122-3137248,https://msp.images.akzonobel.com/glb/dh/inspirational-images/Livingroom-237284.png,#BEC1D6,"190,193,214",Violeta,
40RR 57/045,Toque de Armonía,https://www.alba.com.ar/es/paletas-de-colores/toque-de-armonia-40rr-57-045-3137079,https://msp.images.akzonobel.com/glb/dh/inspirational-images/Livingroom-237986.png,#CDC2C4,"205,194,196",Violeta,
90BB 62/139,Toque de Lila,https://www.alba.com.ar/es/paletas-de-colores/toque-de-lila-90bb-62-139-1673100,,#C8CAE4,"200,202,228",Violeta,
16RB 73/058,Toque de Pensamiento,https://www.alba.com.ar/es/paletas-de-colores/toque-de-pensamiento-16rb-73-058-3136986,https://msp.images.akzonobel.com/glb/dh/inspirational-images/Livingroom-237449.png,#DDDAE4,"221,218,228",Violeta,
90BB 59/097,Toque de Púrpura,https://www.alba.com.ar/es/paletas-de-colores/toque-de-purpura-90bb-59-097-1673099,,#C7C7D9,"199,199,217",Violeta,
10RB 68/081,Toque de Violeta,https://www.alba.com.ar/es/paletas-de-colores/toque-de-violeta-10rb-68-081-1671195,,#D4D1DF,"212,209,223",Violeta,
10RR 75/039,Toque Floral,https://www.alba.com.ar/es/paletas-de-colores/toque-floral-10rr-75-039-1671225,,#E7DDDE,"231,221,222",Violeta,
53RB 76/067,Toque Vesperal,https://www.alba.com.ar/es/paletas-de-colores/toque-vesperal-53rb-76-067-1672425,,#E6DDE6,"230,221,230",Violeta,
81BB 29/221,Toque Violeta,https://www.alba.com.ar/es/paletas-de-colores/toque-violeta-81bb-29-221-1673006,,#848DB5,"132,141,181",Violeta,
90BB 14/242,Torbellino de Mármol,https://www.alba.com.ar/es/paletas-de-colores/torbellino-de-marmol-90bb-14-242-1673084,,#58618A,"88,97,138",Violeta,
07RB 07/079,Torta Selva Negra,https://www.alba.com.ar/es/paletas-de-colores/torta-selva-negra-07rb-07-079-3136934,https://msp.images.akzonobel.com/glb/dh/inspirational-images/Livingroom-237362.png,#3C3A48,"60,58,72",Violeta,
30RB 07/107,Tulipán Negro,https://www.alba.com.ar/es/paletas-de-colores/tulipan-negro-30rb-07-107-3137041,https://msp.images.akzonobel.com/glb/dh/inspirational-images/Livingroom-49483.png,#484253,"72,66,83",Violeta,
30RB 19/261,Uva Imperial,https://www.alba.com.ar/es/paletas-de-colores/uva-imperial-30rb-19-261-1671748,,#7D6D99,"125,109,153",Violeta,
30RB 53/117,Uva Suave,https://www.alba.com.ar/es/paletas-de-colores/uva-suave-30rb-53-117-1671758,,#C3BACE,"195,186,206",Violeta,
90BB 46/132,Varita Mágica,https://www.alba.com.ar/es/paletas-de-colores/varita-magica-90bb-46-132-1673095,,#AEB0C8,"174,176,200",Violeta,
50RB 69/097,Vergel Artístico,https://www.alba.com.ar/es/paletas-de-colores/vergel-artistico-50rb-69-097-1672291,,#DDD2DF,"221,210,223",Violeta,
50RB 48/051,Vergel Violeta,https://www.alba.com.ar/es/paletas-de-colores/vergel-violeta-50rb-48-051-1672287,,#BCB6BD,"188,182,189",Violeta,
18RB 08/286,Victoria,https://www.alba.com.ar/es/paletas-de-colores/victoria-18rb-08-286-1671418,,#493F6C,"73,63,108",Violeta,
90BB 32/126,Violeta Antiguo,https://www.alba.com.ar/es/paletas-de-colores/violeta-antiguo-90bb-32-126-1673091,,#9194AB,"145,148,171",Violeta,
42RB 63/137,Violeta Clásico,https://www.alba.com.ar/es/paletas-de-colores/violeta-clasico-42rb-63-137-1672046,,#D6C8DE,"214,200,222",Violeta,
10RB 21/218,Violeta Escocés,https://www.alba.com.ar/es/paletas-de-colores/violeta-escoces-10rb-21-218-1671184,,#7A779C,"122,119,156",Violeta,
13RB 32/077,Violeta Fantástica,https://www.alba.com.ar/es/paletas-de-colores/violeta-fantastica-13rb-32-077-3136966,https://msp.images.akzonobel.com/glb/dh/inspirational-images/Livingroom-237416.png,#9693A1,"150,147,161",Violeta,
46RB 06/074,Violeta Galaxia,https://www.alba.com.ar/es/paletas-de-colores/violeta-galaxia-46rb-06-074-1672122,,#3B343F,"59,52,63",Violeta,
10RR 41/042,Violeta Misteriosa,https://www.alba.com.ar/es/paletas-de-colores/violeta-misteriosa-10rr-41-042-1671215,,#B1A8AD,"177,168,173",Violeta,
43RB 07/249,Violeta Natural,https://www.alba.com.ar/es/paletas-de-colores/violeta-natural-43rb-07-249-1672053,,#523B64,"82,59,100",Violeta,
23RB 11/349,Violeta Palacio,https://www.alba.com.ar/es/paletas-de-colores/violeta-palacio-23rb-11-349-1671530,,#605088,"96,80,136",Violeta,
30RB 65/051,Violeta Perfumada,https://www.alba.com.ar/es/paletas-de-colores/violeta-perfumada-30rb-65-051-1671761,,#D3D0D7,"211,208,215",Violeta,
30RB 10/214,Violeta Preciosa,https://www.alba.com.ar/es/paletas-de-colores/violeta-preciosa-30rb-10-214-1671741,,#5A4D70,"90,77,112",Violeta,
64RB 55/192,Violeta Veneciano,https://www.alba.com.ar/es/paletas-de-colores/violeta-veneciano-64rb-55-192-1672574,,#D5BAD8,"213,186,216",Violeta,
64RB 37/284,Violeta Verona,https://www.alba.com.ar/es/paletas-de-colores/violeta-verona-64rb-37-284-1672573,,#BC93C1,"188,147,193",Violeta,
88BB 11/331,Violeta Victoriano *,https://www.alba.com.ar/es/paletas-de-colores/violeta-victoriano-88bb-11-331-1673065,,#3F5189,"63,81,137",Violeta,
10RB 65/042,Violeta Vogue,https://www.alba.com.ar/es/paletas-de-colores/violeta-vogue-10rb-65-042-1671194,,#D1D1D6,"209,209,214",Violeta,
15RB 27/316,Vívida Lavanda,https://www.alba.com.ar/es/paletas-de-colores/vivida-lavanda-15rb-27-316-1671381,,#8B81BA,"139,129,186",Violeta,
10RB 11/250,Xanadu,https://www.alba.com.ar/es/paletas-de-colores/xanadu-10rb-11-250-1671179,,#57527E,"87,82,126",Violeta,
91BB 07/263,Zona del Crepúsculo,https://www.alba.com.ar/es/paletas-de-colores/zona-del-crepusculo-91bb-07-263-1673336,,#333D6B,"51,61,107",Violeta,
10RB 28/055,Ópera,https://www.alba.com.ar/es/paletas-de-colores/opera-10rb-28-055-1671187,,#8C8B95,"140,139,149",Violeta,
,Aceite De Mostaza,https://www.alba.com.ar/es/paletas-de-colores/aceite-de-mostaza-2840376,,#C39E4B,"195,158,75",Amarillo,
,Alga Verde,https://www.alba.com.ar/es/paletas-de-colores/alga-verde-2949792,,#968550,"150,133,80",Amarillo,
,Amarillo Fueguino,https://www.alba.com.ar/es/paletas-de-colores/amarillo-fueguino-3144770,,#F2BB63,"242,187,99",Amarillo,
,Amarillo Latino,https://www.alba.com.ar/es/paletas-de-colores/amarillo-latino-1565973,,#F9C13B,"249,193,59",Amarillo,
,Beige Urbano,https://www.alba.com.ar/es/paletas-de-colores/beige-urbano-3144771,,#E2CDA9,"226,205,169",Amarillo,
,Blanco Lana,https://www.alba.com.ar/es/paletas-de-colores/blanco-lana-2949809,,#E4DABF,"228,218,191",Amarillo,
,Brote de Caña,https://www.alba.com.ar/es/paletas-de-colores/brote-de-cana-1986149,,#DAB955,"218,185,85",Amarillo,
,Curry Dorado,https://www.alba.com.ar/es/paletas-de-colores/curry-dorado-2949791,,#DEB349,"222,179,73",Amarillo,
,Explosión Cítrica,https://www.alba.com.ar/es/paletas-de-colores/explosion-citrica-3056486,,#D9C15B,"217,193,91",Amarillo,
,Gris Cemento Duralba,https://www.alba.com.ar/es/paletas-de-colores/gris-cemento-duralba-1051389,,#89826E,"137,130,110",Amarillo,
,Litoral Marítimo,https://www.alba.com.ar/es/paletas-de-colores/litoral-maritimo-3056480,,#EFEAD6,"239,234,214",Amarillo,
,Marfil Albalux,https://www.alba.com.ar/es/paletas-de-colores/marfil-albalux-1051370,,#DDBB88,"221,187,136",Amarillo,
,Marfil Seda Esm Std,https://www.alba.com.ar/es/paletas-de-colores/marfil-seda-esm-std-1051340,,#EBD0A4,"235,208,164",Amarillo,
,Mañana Urbana,https://www.alba.com.ar/es/paletas-de-colores/manana-urbana-2840380,,#E8E1CB,"232,225,203",Amarillo,
,Pimienta Del Reino,https://www.alba.com.ar/es/paletas-de-colores/pimienta-del-reino-2840374,,#BBA17B,"187,161,123",Amarillo,
,Verde Escocés,https://www.alba.com.ar/es/paletas-de-colores/verde-escoces-2685376,,#D4B773,"212,183,115",Amarillo,
,Verde Toscana,https://www.alba.com.ar/es/paletas-de-colores/verde-toscana-2434128,,#D1BE8E,"209,190,142",Amarillo,
,Azul Bahamas,https://www.alba.com.ar/es/paletas-de-colores/azul-bahamas-1565974,,#1C78A3,"28,120,163",Azul,
,Azul Fénix,https://www.alba.com.ar/es/paletas-de-colores/azul-fenix-2434130,,#9AB4BA,"154,180,186",Azul,
,Azul Glaciar,https://www.alba.com.ar/es/paletas-de-colores/azul-glaciar-3144777,,#116586,"17,101,134",Azul,
,Azul Informal,https://www.alba.com.ar/es/paletas-de-colores/azul-informal-2949788,,#67A0C1,"103,160,193",Azul,
,Azul Marino Albalux,https://www.alba.com.ar/es/paletas-de-colores/azul-marino-albalux-1051356,,#162B4E,"22,43,78",Azul,
,Azul Marino Esm Std,https://www.alba.com.ar/es/paletas-de-colores/azul-marino-esm-std-1051331,,#112A4A,"17,42,74",Azul,
,Azul Marino Vibrante,https://www.alba.com.ar/es/paletas-de-colores/azul-marino-vibrante-1730249,,#324965,"50,73,101",Azul,
,Azul Marino Vibrante*,https://www.alba.com.ar/es/paletas-de-colores/azul-marino-vibrante-2840389,,#324965,"50,73,101",Azul,
,Azul Pisos,https://www.alba.com.ar/es/paletas-de-colores/azul-pisos-1051413,,#00658B,"0,101,139",Azul,
,Azul Puro,https://www.alba.com.ar/es/paletas-de-colores/azul-puro-3056488,,#024A7F,"2,74,127",Azul,
,Azul Traful Duralba,https://www.alba.com.ar/es/paletas-de-colores/azul-traful-duralba-1202198,,#2A5C7A,"42,92,122",Azul,
,Azulejo Esm Std,https://www.alba.com.ar/es/paletas-de-colores/azulejo-esm-std-1051332,,#005785,"0,87,133",Azul,
,Blueberry,https://www.alba.com.ar/es/paletas-de-colores/blueberry-2125971,,#819BB4,"129,155,180",Azul,
,Caramelo de Arándano,https://www.alba.com.ar/es/paletas-de-colores/caramelo-de-arandano-2434109,,#83A8C1,"131,168,193",Azul,
,Casual Jeans,https://www.alba.com.ar/es/paletas-de-colores/casual-jeans-2685389,,#B8C4CC,"184,196,204",Azul,
,Celeste Piletas Acrilico,https://www.alba.com.ar/es/paletas-de-colores/celeste-piletas-acrilico-1051401,,#2DACCB,"45,172,203",Azul,
,Celeste Profundo Piletas Acrilico,https://www.alba.com.ar/es/paletas-de-colores/celeste-profundo-piletas-acrilico-1051402,,#0081AD,"0,129,173",Azul,
,Celeste Profundo Piletas Caucho Clorado,https://www.alba.com.ar/es/paletas-de-colores/celeste-profundo-piletas-caucho-clorado-1051404,,#0082AE,"0,130,174",Azul,
,Coulis de Arándano,https://www.alba.com.ar/es/paletas-de-colores/coulis-de-arandano-2685390,,#B0C4D3,"176,196,211",Azul,
,Fascinación,https://www.alba.com.ar/es/paletas-de-colores/fascinacion-2949787,,#B1B6C4,"177,182,196",Azul,
,Frío Súbito,https://www.alba.com.ar/es/paletas-de-colores/frio-subito-1986139,,#D1DDE3,"209,221,227",Azul,
,Gris Cobayo,https://www.alba.com.ar/es/paletas-de-colores/gris-cobayo-3056483,,#95A7B4,"149,167,180",Azul,
,Mediterráneo,https://www.alba.com.ar/es/paletas-de-colores/mediterraneo-1986151,,#99BDD0,"153,189,208",Azul,
,Neptuno Profundo,https://www.alba.com.ar/es/paletas-de-colores/neptuno-profundo-2125968,,#3A5267,"58,82,103",Azul,
,Pico De Neblina,https://www.alba.com.ar/es/paletas-de-colores/pico-de-neblina-2840387,,#99AFBC,"153,175,188",Azul,
,Profundidad del Océano,https://www.alba.com.ar/es/paletas-de-colores/profundidad-del-oceano-3056489,,#2C3241,"44,50,65",Azul,
,Realidad Virtual,https://www.alba.com.ar/es/paletas-de-colores/realidad-virtual-2434120,,#D6DCE0,"214,220,224",Azul,
,Río de Piedra,https://www.alba.com.ar/es/paletas-de-colores/rio-de-piedra-2949801,,#587381,"88,115,129",Azul,
,Tempestad Inminente,https://www.alba.com.ar/es/paletas-de-colores/tempestad-inminente-2125966,,#445A66,"68,90,102",Azul,
,Traful Albalux,https://www.alba.com.ar/es/paletas-de-colores/traful-albalux-1051378,,#0085AC,"0,133,172",Azul,
,Viento Suave,https://www.alba.com.ar/es/paletas-de-colores/viento-suave-2125965,,#B8C7CC,"184,199,204",Azul,
,Índigo Profundo,https://www.alba.com.ar/es/paletas-de-colores/indigo-profundo-2949805,,#3B424C,"59,66,76",Azul,
,Bello Brezo,https://www.alba.com.ar/es/paletas-de-colores/bello-brezo-2949806,,#E0DAD5,"224,218,213",Blanco,
,Blanco Crudo,https://www.alba.com.ar/es/paletas-de-colores/blanco-crudo-1986152,,#EEEFEA,"238,239,234",Blanco,
,Blanco Quirúrgico,https://www.alba.com.ar/es/paletas-de-colores/blanco-quirurgico-3056504,,#F1F0E8,"241,240,232",Blanco,
,Cabras Blancas,https://www.alba.com.ar/es/paletas-de-colores/cabras-blancas-2125954,,#DFDAD5,"223,218,213",Blanco,
,Caminata Invernal,https://www.alba.com.ar/es/paletas-de-colores/caminata-invernal-2434115,,#E1E2DD,"225,226,221",Blanco,
,Conejo Blanco,https://www.alba.com.ar/es/paletas-de-colores/conejo-blanco-2840364,,#DDDAD8,"221,218,216",Blanco,
,Escarcha Pura,https://www.alba.com.ar/es/paletas-de-colores/escarcha-pura-2434139,,#F3F2EC,"243,242,236",Blanco,
,Escondite Silencioso,https://www.alba.com.ar/es/paletas-de-colores/escondite-silencioso-2685382,,#E8E7E3,"232,231,227",Blanco,
,Estrella Nueva,https://www.alba.com.ar/es/paletas-de-colores/estrella-nueva-1986138,,#E6E9E9,"230,233,233",Blanco,
,Gris Estupendo,https://www.alba.com.ar/es/paletas-de-colores/gris-estupendo-1986128,,#DAE0E2,"218,224,226",Blanco,
,Gris Rocío,https://www.alba.com.ar/es/paletas-de-colores/gris-rocio-2434114,,#ECEDE7,"236,237,231",Blanco,
,Magnolia Cristalina,https://www.alba.com.ar/es/paletas-de-colores/magnolia-cristalina-2434129,,#E9E9E7,"233,233,231",Blanco,
,Porcelana,https://www.alba.com.ar/es/paletas-de-colores/porcelana-1986123,,#E8E8E5,"232,232,229",Blanco,
,Vientos Calmos,https://www.alba.com.ar/es/paletas-de-colores/vientos-calmos-1986134,,#EFE7E0,"239,231,224",Blanco,
,Amarillo Albalux,https://www.alba.com.ar/es/paletas-de-colores/amarillo-albalux-1051354,,#FAA900,"250,169,0",Dorado,
,Amarillo Duralba,https://www.alba.com.ar/es/paletas-de-colores/amarillo-duralba-1202196,,#FABB33,"250,187,51",Dorado,
,Amarillo Esm Std,https://www.alba.com.ar/es/paletas-de-colores/amarillo-esm-std-1051330,,#FFB40C,"255,180,12",Dorado,
,Amarillo Mediano Albalux,https://www.alba.com.ar/es/paletas-de-colores/amarillo-mediano-albalux-1051355,,#E09100,"224,145,0",Dorado,
,Beige Albalux,https://www.alba.com.ar/es/paletas-de-colores/beige-albalux-1051358,,#AE9374,"174,147,116",Dorado,
,Beige Esm Std,https://www.alba.com.ar/es/paletas-de-colores/beige-esm-std-1051333,,#AE916D,"174,145,109",Dorado,
,Canarias Satinol,https://www.alba.com.ar/es/paletas-de-colores/canarias-satinol-1051421,,#F0B43E,"240,180,62",Dorado,
,Crema Albalux,https://www.alba.com.ar/es/paletas-de-colores/crema-albalux-1051364,,#D5AE6F,"213,174,111",Dorado,
,Crema Esm Std,https://www.alba.com.ar/es/paletas-de-colores/crema-esm-std-1051337,,#E8C189,"232,193,137",Dorado,
,Marfil Seda Albalux,https://www.alba.com.ar/es/paletas-de-colores/marfil-seda-albalux-1051372,,#F4D3A1,"244,211,161",Dorado,
,Oliva Osado,https://www.alba.com.ar/es/paletas-de-colores/oliva-osado-3056485,,#AC833F,"172,131,63",Dorado,
,Oro Monárquico,https://www.alba.com.ar/es/paletas-de-colores/oro-monarquico-2125956,,#C19659,"193,150,89",Dorado,
,Osito de Peluche,https://www.alba.com.ar/es/paletas-de-colores/osito-de-peluche-3056496,,#AA7E54,"170,126,84",Dorado,
,Hoja de Alcaucil,https://www.alba.com.ar/es/paletas-de-colores/hoja-de-alcaucil-2434138,,#A49B7A,"164,155,122",Lima,
,Hojas De Otoño,https://www.alba.com.ar/es/paletas-de-colores/hojas-de-otono-2840381,,#6C6B3E,"108,107,62",Lima,
,Jaspe Precioso,https://www.alba.com.ar/es/paletas-de-colores/jaspe-precioso-3056487,,#A3AC74,"163,172,116",Lima,
,Mordida de Cobra,https://www.alba.com.ar/es/paletas-de-colores/mordida-de-cobra-2434136,,#ECD96A,"236,217,106",Lima,
,Sauce Joven,https://www.alba.com.ar/es/paletas-de-colores/sauce-joven-3056481,,#DED29C,"222,210,156",Lima,
,Silencio de Invierno,https://www.alba.com.ar/es/paletas-de-colores/silencio-de-invierno-2685379,,#C4B591,"196,181,145",Lima,
,Verde Musgo Duralba,https://www.alba.com.ar/es/paletas-de-colores/verde-musgo-duralba-1051394,,#656149,"101,97,73",Lima,
,Caminatas Otoñales,https://www.alba.com.ar/es/paletas-de-colores/caminatas-otonales-2949790,,#D06740,"208,103,64",Naranja,
,Cappuccino,https://www.alba.com.ar/es/paletas-de-colores/cappuccino-2125952,,#9E7043,"158,112,67",Naranja,
,Caramelo de Chocolate,https://www.alba.com.ar/es/paletas-de-colores/caramelo-de-chocolate-1986146,,#7A4D3A,"122,77,58",Naranja,
,Castaño Albalux,https://www.alba.com.ar/es/paletas-de-colores/castano-albalux-1051361,,#AF703D,"175,112,61",Naranja,
,Chocolate Esm Std,https://www.alba.com.ar/es/paletas-de-colores/chocolate-esm-std-1051336,,#694330,"105,67,48",Naranja,
,Cobre Suave,https://www.alba.com.ar/es/paletas-de-colores/cobre-suave-2125944,,#976856,"151,104,86",Naranja,
,Dulce Naranja,https://www.alba.com.ar/es/paletas-de-colores/dulce-naranja-1565975,,#F4974A,"244,151,74",Naranja,
,Extremo Sur,https://www.alba.com.ar/es/paletas-de-colores/extremo-sur-2685370,,#C2794F,"194,121,79",Naranja,
,Macchiato Matutino,https://www.alba.com.ar/es/paletas-de-colores/macchiato-matutino-2949798,,#BB7546,"187,117,70",Naranja,
,Marrón Duralba,https://www.alba.com.ar/es/paletas-de-colores/marron-duralba-1051390,,#76594B,"118,89,75",Naranja,
,Moca Suave,https://www.alba.com.ar/es/paletas-de-colores/moca-suave-2840369,,#C2886B,"194,136,107",Naranja,
,Naranja Alablux,https://www.alba.com.ar/es/paletas-de-colores/naranja-alablux-1051374,,#CA3819,"202,56,25",Naranja,
,Naranja Cafayate,https://www.alba.com.ar/es/paletas-de-colores/naranja-cafayate-3144772,,#DC7D5C,"220,125,92",Naranja,
,Naranja en Llamas *,https://www.alba.com.ar/es/paletas-de-colores/naranja-en-llamas-1986150,,#D35338,"211,83,56",Naranja,
,Naranja Esm Std,https://www.alba.com.ar/es/paletas-de-colores/naranja-esm-std-1051342,,#DD5222,"221,82,34",Naranja,
,Ocre Albalux,https://www.alba.com.ar/es/paletas-de-colores/ocre-albalux-1051375,,#AE6F28,"174,111,40",Naranja,
,Ocre Duralba,https://www.alba.com.ar/es/paletas-de-colores/ocre-duralba-1051391,,#B27A42,"178,122,66",Naranja,
,Ocre Madeira Satinol,https://www.alba.com.ar/es/paletas-de-colores/ocre-madeira-satinol-1051424,,#A07146,"160,113,70",Naranja,
,Siesta Relajante,https://www.alba.com.ar/es/paletas-de-colores/siesta-relajante-3056491,,#CCB19F,"204,177,159",Naranja,
,Silica Texturado Petreo Clear,https://www.alba.com.ar/es/paletas-de-colores/silica-texturado-petreo-clear-3165237,,#C2B7A4,"194,183,164",Naranja,
,Sombra de Cedro,https://www.alba.com.ar/es/paletas-de-colores/sombra-de-cedro-1986147,,#CC907B,"204,144,123",Naranja,
,Teja Continental,https://www.alba.com.ar/es/paletas-de-colores/teja-continental-2840367,,#AE684A,"174,104,74",Naranja,
,Teja Duralba,https://www.alba.com.ar/es/paletas-de-colores/teja-duralba-1051393,,#A46D52,"164,109,82",Naranja,
,Tierra del Fuego,https://www.alba.com.ar/es/paletas-de-colores/tierra-del-fuego-2434135,,#CD8161,"205,129,97",Naranja,
,Vasija de Arcilla,https://www.alba.com.ar/es/paletas-de-colores/vasija-de-arcilla-2949802,,#AD6C55,"173,108,85",Naranja,
,Vicuña Albalux,https://www.alba.com.ar/es/paletas-de-colores/vicuna-albalux-1051383,,#D8A265,"216,162,101",Naranja,
,Árbol Otoñal,https://www.alba.com.ar/es/paletas-de-colores/arbol-otonal-2840371,,#BF8E63,"191,142,99",Naranja,
,Adorno Rupestre,https://www.alba.com.ar/es/paletas-de-colores/adorno-rupestre-1730253,,#9B8987,"155,137,135",Neutros Cálidos,
,Almendra Confitada,https://www.alba.com.ar/es/paletas-de-colores/almendra-confitada-2125947,,#C0B4AB,"192,180,171",Neutros Cálidos,
,Alpargata,https://www.alba.com.ar/es/paletas-de-colores/alpargata-3056501,,#453432,"69,52,50",Neutros Cálidos,
,Anochecer Fogoso,https://www.alba.com.ar/es/paletas-de-colores/anochecer-fogoso-3056499,,#BDB1A6,"189,177,166",Neutros Cálidos,
,Artilugio Gris,https://www.alba.com.ar/es/paletas-de-colores/artilugio-gris-1986131,,#6E6867,"110,104,103",Neutros Cálidos,
,Barro,https://www.alba.com.ar/es/paletas-de-colores/barro-1730256,,#8B7267,"139,114,103",Neutros Cálidos,
,Beige Costero,https://www.alba.com.ar/es/paletas-de-colores/beige-costero-2949786,,#CCB7A8,"204,183,168",Neutros Cálidos,
,Beige Mineral,https://www.alba.com.ar/es/paletas-de-colores/beige-mineral-1986137,,#CABB9E,"202,187,158",Neutros Cálidos,
,Beige Osado,https://www.alba.com.ar/es/paletas-de-colores/beige-osado-2434108,,#D8CBC0,"216,203,192",Neutros Cálidos,
,Blanco,https://www.alba.com.ar/es/paletas-de-colores/blanco-1057559,,#F8F7F1,"248,247,241",Neutros Cálidos,
,Blanco Cordel,https://www.alba.com.ar/es/paletas-de-colores/blanco-cordel-2125950,,#E4D8CE,"228,216,206",Neutros Cálidos,
,Blanco Europeo,https://www.alba.com.ar/es/paletas-de-colores/blanco-europeo-2125958,,#DCD1C0,"220,209,192",Neutros Cálidos,
,Bronce Tibetano,https://www.alba.com.ar/es/paletas-de-colores/bronce-tibetano-2125945,,#C5AA9B,"197,170,155",Neutros Cálidos,
,Calcáreo,https://www.alba.com.ar/es/paletas-de-colores/calcareo-1986124,,#D2CDC6,"210,205,198",Neutros Cálidos,
,Camello,https://www.alba.com.ar/es/paletas-de-colores/camello-3056492,,#C5AA88,"197,170,136",Neutros Cálidos,
,Camino Urbano,https://www.alba.com.ar/es/paletas-de-colores/camino-urbano-2125955,,#9E9890,"158,152,144",Neutros Cálidos,
,Caqui Intenso,https://www.alba.com.ar/es/paletas-de-colores/caqui-intenso-2434122,,#7F6948,"127,105,72",Neutros Cálidos,
,Carbonilla,https://www.alba.com.ar/es/paletas-de-colores/carbonilla-1986156,,#48433F,"72,67,63",Neutros Cálidos,
,Casa Grande,https://www.alba.com.ar/es/paletas-de-colores/casa-grande-1730248,,#4A413E,"74,65,62",Neutros Cálidos,
,Castor Suave,https://www.alba.com.ar/es/paletas-de-colores/castor-suave-2685384,,#BA977C,"186,151,124",Neutros Cálidos,
,Chalet de Chocolate,https://www.alba.com.ar/es/paletas-de-colores/chalet-de-chocolate-3056502,,#765B4D,"118,91,77",Neutros Cálidos,
,Chocolate Liviano,https://www.alba.com.ar/es/paletas-de-colores/chocolate-liviano-2685386,,#88625A,"136,98,90",Neutros Cálidos,
,Crème Brûlée,https://www.alba.com.ar/es/paletas-de-colores/creme-brulee-1986133,,#A38061,"163,128,97",Neutros Cálidos,
,Embarcadero de Piedra,https://www.alba.com.ar/es/paletas-de-colores/embarcadero-de-piedra-2434142,,#6C645F,"108,100,95",Neutros Cálidos,
,Estambul,https://www.alba.com.ar/es/paletas-de-colores/estambul-3056497,,#D5CBC6,"213,203,198",Neutros Cálidos,
,Fuga del Tiempo,https://www.alba.com.ar/es/paletas-de-colores/fuga-del-tiempo-1730252,,#C6B3AA,"198,179,170",Neutros Cálidos,
,GRAFITO,https://www.alba.com.ar/es/paletas-de-colores/grafito-2238127,,#555655,"85,86,85",Neutros Cálidos,
,Granito Húmedo,https://www.alba.com.ar/es/paletas-de-colores/granito-humedo-1730254,,#807A7C,"128,122,124",Neutros Cálidos,
,Grava,https://www.alba.com.ar/es/paletas-de-colores/grava-1986145,,#CAC0B8,"202,192,184",Neutros Cálidos,
,Gris Fósil,https://www.alba.com.ar/es/paletas-de-colores/gris-fosil-2685393,,#CBC4B8,"203,196,184",Neutros Cálidos,
,Gris Generoso,https://www.alba.com.ar/es/paletas-de-colores/gris-generoso-2685367,,#676162,"103,97,98",Neutros Cálidos,
,Gris Niebla,https://www.alba.com.ar/es/paletas-de-colores/gris-niebla-2434133,,#9F9899,"159,152,153",Neutros Cálidos,
,Gris Tostado,https://www.alba.com.ar/es/paletas-de-colores/gris-tostado-2840375,,#C6BAA8,"198,186,168",Neutros Cálidos,
,Guijarro Pálido,https://www.alba.com.ar/es/paletas-de-colores/guijarro-palido-2949808,,#DDD6C9,"221,214,201",Neutros Cálidos,
,Leyenda,https://www.alba.com.ar/es/paletas-de-colores/leyenda-1565977,,#CDB598,"205,181,152",Neutros Cálidos,
,Licor de Ciruela,https://www.alba.com.ar/es/paletas-de-colores/licor-de-ciruela-1730257,,#7B6364,"123,99,100",Neutros Cálidos,
,Lila Suave,https://www.alba.com.ar/es/paletas-de-colores/lila-suave-1986136,,#D8CFCD,"216,207,205",Neutros Cálidos,
,Lujo Moderno,https://www.alba.com.ar/es/paletas-de-colores/lujo-moderno-2125942,,#E3DAD6,"227,218,214",Neutros Cálidos,
,Malva Gris,https://www.alba.com.ar/es/paletas-de-colores/malva-gris-2685377,,#BEB1AB,"190,177,171",Neutros Cálidos,
,Manuscrito,https://www.alba.com.ar/es/paletas-de-colores/manuscrito-2949810,,#D4C9B5,"212,201,181",Neutros Cálidos,
,Marfil Champagne Albalux,https://www.alba.com.ar/es/paletas-de-colores/marfil-champagne-albalux-1051371,,#D4C4A6,"212,196,166",Neutros Cálidos,
,Marrón Albalux,https://www.alba.com.ar/es/paletas-de-colores/marron-albalux-1051373,,#342825,"52,40,37",Neutros Cálidos,
,Marrón Auténtico,https://www.alba.com.ar/es/paletas-de-colores/marron-autentico-2949797,,#5B4941,"91,73,65",Neutros Cálidos,
,Marrón Centenario,https://www.alba.com.ar/es/paletas-de-colores/marron-centenario-2949796,,#8D6E5A,"141,110,90",Neutros Cálidos,
,Marrón Esm Std,https://www.alba.com.ar/es/paletas-de-colores/marron-esm-std-1051341,,#372B27,"55,43,39",Neutros Cálidos,
,Marrón Habana,https://www.alba.com.ar/es/paletas-de-colores/marron-habana-2125943,,#6A4A3E,"106,74,62",Neutros Cálidos,
,Marrón Pizarra,https://www.alba.com.ar/es/paletas-de-colores/marron-pizarra-2125951,,#594B3F,"89,75,63",Neutros Cálidos,
,Marrón Tobago Satinol,https://www.alba.com.ar/es/paletas-de-colores/marron-tobago-satinol-1051423,,#4C4949,"76,73,73",Neutros Cálidos,
,Moneda Antigua,https://www.alba.com.ar/es/paletas-de-colores/moneda-antigua-2125948,,#796C61,"121,108,97",Neutros Cálidos,
,Montaña Distante,https://www.alba.com.ar/es/paletas-de-colores/montana-distante-3056484,,#CBC5B1,"203,197,177",Neutros Cálidos,
,Neutro Normandía,https://www.alba.com.ar/es/paletas-de-colores/neutro-normandia-2840370,,#D3BAA7,"211,186,167",Neutros Cálidos,
,Niebla Romana,https://www.alba.com.ar/es/paletas-de-colores/niebla-romana-2949794,,#C5BFB9,"197,191,185",Neutros Cálidos,
,Oro Minero,https://www.alba.com.ar/es/paletas-de-colores/oro-minero-1986158,,#7D623B,"125,98,59",Neutros Cálidos,
,Paseo del Parque,https://www.alba.com.ar/es/paletas-de-colores/paseo-del-parque-2685369,,#CEAF96,"206,175,150",Neutros Cálidos,
,Piedra Esculpida,https://www.alba.com.ar/es/paletas-de-colores/piedra-esculpida-2949799,,#9D8E7E,"157,142,126",Neutros Cálidos,
,Planicies Escocesas,https://www.alba.com.ar/es/paletas-de-colores/planicies-escocesas-2949795,,#BEA488,"190,164,136",Neutros Cálidos,
,Sendero en el Sahara,https://www.alba.com.ar/es/paletas-de-colores/sendero-en-el-sahara-3056493,,#DBCFBB,"219,207,187",Neutros Cálidos,
,Sensación de Piedra,https://www.alba.com.ar/es/paletas-de-colores/sensacion-de-piedra-3056498,,#D2CABF,"210,202,191",Neutros Cálidos,
,Silica,https://www.alba.com.ar/es/paletas-de-colores/silica-3163184,,#AB9E8E,"171,158,142",Neutros Cálidos,
,Silica Texturado Petreo Gray,https://www.alba.com.ar/es/paletas-de-colores/silica-texturado-petreo-gray-3165239,,#A1876A,"161,135,106",Neutros Cálidos,
,Silica Texturado Petreo Paris,https://www.alba.com.ar/es/paletas-de-colores/silica-texturado-petreo-paris-3165238,,#BEA488,"190,164,136",Neutros Cálidos,
,Su Santuario,https://www.alba.com.ar/es/paletas-de-colores/su-santuario-2685372,,#D7CCC7,"215,204,199",Neutros Cálidos,
,Tabaco Albalux,https://www.alba.com.ar/es/paletas-de-colores/tabaco-albalux-1051377,,#46362C,"70,54,44",Neutros Cálidos,
,Tinaja Antigua,https://www.alba.com.ar/es/paletas-de-colores/tinaja-antigua-3056503,,#8C7567,"140,117,103",Neutros Cálidos,
,Toque de Pardo,https://www.alba.com.ar/es/paletas-de-colores/toque-de-pardo-2685378,,#D6C9AD,"214,201,173",Neutros Cálidos,
,Támara,https://www.alba.com.ar/es/paletas-de-colores/tamara-2949811,,#906A46,"144,106,70",Neutros Cálidos,
,Verde Caqui,https://www.alba.com.ar/es/paletas-de-colores/verde-caqui-2685365,,#9E967E,"158,150,126",Neutros Cálidos,
,Vida Urbana,https://www.alba.com.ar/es/paletas-de-colores/vida-urbana-2434125,,#CECCC3,"206,204,195",Neutros Cálidos,
,Zepelín,https://www.alba.com.ar/es/paletas-de-colores/zepelin-2685394,,#B7B3AC,"183,179,172",Neutros Cálidos,
,Aluminio Albalux,https://www.alba.com.ar/es/paletas-de-colores/aluminio-albalux-1051353,,#D1D3D2,"209,211,210",Neutros Fríos,
,Aluminio Alta Temperatura,https://www.alba.com.ar/es/paletas-de-colores/aluminio-alta-temperatura-1051327,,#D7D8D7,"215,216,215",Neutros Fríos,
,Azul Chal,https://www.alba.com.ar/es/paletas-de-colores/azul-chal-1986130,,#A0A9AE,"160,169,174",Neutros Fríos,
,Azul Pálido,https://www.alba.com.ar/es/paletas-de-colores/azul-palido-1986154,,#B7C3C5,"183,195,197",Neutros Fríos,
,Ballena Boreal,https://www.alba.com.ar/es/paletas-de-colores/ballena-boreal-2685391,,#4E5B66,"78,91,102",Neutros Fríos,
,Capri Satinol,https://www.alba.com.ar/es/paletas-de-colores/capri-satinol-1051422,,#4E6C78,"78,108,120",Neutros Fríos,
,Caqui Luminoso,https://www.alba.com.ar/es/paletas-de-colores/caqui-luminoso-2685364,,#AFB3A5,"175,179,165",Neutros Fríos,
,Carbonilla Claro,https://www.alba.com.ar/es/paletas-de-colores/carbonilla-claro-2434141,,#CBCCCB,"203,204,203",Neutros Fríos,
,Ceniza Pisos,https://www.alba.com.ar/es/paletas-de-colores/ceniza-pisos-1051414,,#7B8084,"123,128,132",Neutros Fríos,
,Despertar,https://www.alba.com.ar/es/paletas-de-colores/despertar-2685359,,#D6D5CB,"214,213,203",Neutros Fríos,
,Esgrima,https://www.alba.com.ar/es/paletas-de-colores/esgrima-2125970,,#AAB2B9,"170,178,185",Neutros Fríos,
,Gris Albalux,https://www.alba.com.ar/es/paletas-de-colores/gris-albalux-1051366,,#5F615D,"95,97,93",Neutros Fríos,
,Gris Andino,https://www.alba.com.ar/es/paletas-de-colores/gris-andino-3144776,,#4D5255,"77,82,85",Neutros Fríos,
,Gris Cincel,https://www.alba.com.ar/es/paletas-de-colores/gris-cincel-1565976,,#767C80,"118,124,128",Neutros Fríos,
,Gris Esm Std,https://www.alba.com.ar/es/paletas-de-colores/gris-esm-std-1051338,,#5F6263,"95,98,99",Neutros Fríos,
,Gris Espacial Albalux,https://www.alba.com.ar/es/paletas-de-colores/gris-espacial-albalux-1051367,,#AEB6B0,"174,182,176",Neutros Fríos,
,Gris Espacial Esm Std,https://www.alba.com.ar/es/paletas-de-colores/gris-espacial-esm-std-1051339,,#A8B0AB,"168,176,171",Neutros Fríos,
,Gris Fantasma,https://www.alba.com.ar/es/paletas-de-colores/gris-fantasma-2685387,,#D4D4D2,"212,212,210",Neutros Fríos,
,Gris Hamster,https://www.alba.com.ar/es/paletas-de-colores/gris-hamster-2685366,,#7B8178,"123,129,120",Neutros Fríos,
,Gris Hielo Albalux,https://www.alba.com.ar/es/paletas-de-colores/gris-hielo-albalux-1051368,,#C2C3BC,"194,195,188",Neutros Fríos,
,Gris Patagónico,https://www.alba.com.ar/es/paletas-de-colores/gris-patagonico-3144775,,#9C9F9F,"156,159,159",Neutros Fríos,
,Gris Visón Albalux,https://www.alba.com.ar/es/paletas-de-colores/gris-vison-albalux-1051369,,#A5AA9A,"165,170,154",Neutros Fríos,
,Horizonte,https://www.alba.com.ar/es/paletas-de-colores/horizonte-2840388,,#D7DDE1,"215,221,225",Neutros Fríos,
,Jeans Grises,https://www.alba.com.ar/es/paletas-de-colores/jeans-grises-1986122,,#BDC3B9,"189,195,185",Neutros Fríos,
,Mañana de Setas,https://www.alba.com.ar/es/paletas-de-colores/manana-de-setas-1986135,,#DEDACB,"222,218,203",Neutros Fríos,
,Mica Negra,https://www.alba.com.ar/es/paletas-de-colores/mica-negra-2125969,,#343639,"52,54,57",Neutros Fríos,
,Negro,https://www.alba.com.ar/es/paletas-de-colores/negro-1054289,,#252525,"37,37,37",Neutros Fríos,
,Pena Plateada,https://www.alba.com.ar/es/paletas-de-colores/pena-plateada-2125964,,#C9CBC9,"201,203,201",Neutros Fríos,
,Perla Albalux,https://www.alba.com.ar/es/paletas-de-colores/perla-albalux-1051376,,#9FA798,"159,167,152",Neutros Fríos,
,Perla Esm Std,https://www.alba.com.ar/es/paletas-de-colores/perla-esm-std-1051343,,#A5A99B,"165,169,155",Neutros Fríos,
,Plata Aviador,https://www.alba.com.ar/es/paletas-de-colores/plata-aviador-1986140,,#C8CED4,"200,206,212",Neutros Fríos,
,Telaraña,https://www.alba.com.ar/es/paletas-de-colores/telarana-2125960,,#DDDCD3,"221,220,211",Neutros Fríos,
,Tormenta Melancólica,https://www.alba.com.ar/es/paletas-de-colores/tormenta-melancolica-2685395,,#7C8D95,"124,141,149",Neutros Fríos,
,Tormenta Nocturna,https://www.alba.com.ar/es/paletas-de-colores/tormenta-nocturna-1986148,,#494D52,"73,77,82",Neutros Fríos,
,Trofeo de Plata,https://www.alba.com.ar/es/paletas-de-colores/trofeo-de-plata-2685388,,#BDBFC0,"189,191,192",Neutros Fríos,
,Velo,https://www.alba.com.ar/es/paletas-de-colores/velo-2434106,,#BABAB9,"186,186,185",Neutros Fríos,
,Abundante Rubor,https://www.alba.com.ar/es/paletas-de-colores/abundante-rubor-2434118,,#C57463,"197,116,99",Rojo,
,Bermellon Duralba,https://www.alba.com.ar/es/paletas-de-colores/bermellon-duralba-1202199,,#A0423A,"160,66,58",Rojo,
,Bermellón Albalux,https://www.alba.com.ar/es/paletas-de-colores/bermellon-albalux-1051359,,#9E141E,"158,20,30",Rojo,
,Bermellón Esm Std,https://www.alba.com.ar/es/paletas-de-colores/bermellon-esm-std-1051334,,#A7151C,"167,21,28",Rojo,
,Carmín Albalux,https://www.alba.com.ar/es/paletas-de-colores/carmin-albalux-1051360,,#7E1A25,"126,26,37",Rojo,
,Cedro Albalux,https://www.alba.com.ar/es/paletas-de-colores/cedro-albalux-1051362,,#6A2E23,"106,46,35",Rojo,
,Cereza Intenso,https://www.alba.com.ar/es/paletas-de-colores/cereza-intenso-2125936,,#AE5367,"174,83,103",Rojo,
,Cielo Ardiente,https://www.alba.com.ar/es/paletas-de-colores/cielo-ardiente-2125937,,#DBCFD0,"219,207,208",Rojo,
,Ciruela Osado,https://www.alba.com.ar/es/paletas-de-colores/ciruela-osado-1986157,,#5D3944,"93,57,68",Rojo,
,Cuero Rosado,https://www.alba.com.ar/es/paletas-de-colores/cuero-rosado-1986153,,#E7CBC7,"231,203,199",Rojo,
,Después de la Lluvia,https://www.alba.com.ar/es/paletas-de-colores/despues-de-la-lluvia-1730250,,#E5DBD7,"229,219,215",Rojo,
,Escultura de Madera,https://www.alba.com.ar/es/paletas-de-colores/escultura-de-madera-1730251,,#CBB3AD,"203,179,173",Rojo,
,Fulgor Africano,https://www.alba.com.ar/es/paletas-de-colores/fulgor-africano-2840366,,#C49F9A,"196,159,154",Rojo,
,Lugar de Afecto,https://www.alba.com.ar/es/paletas-de-colores/lugar-de-afecto-2840365,,#D6CCCA,"214,204,202",Rojo,
,Rojo Borneo Satinol,https://www.alba.com.ar/es/paletas-de-colores/rojo-borneo-satinol-1051425,,#A43F43,"164,63,67",Rojo,
,Rojo Chaqueño,https://www.alba.com.ar/es/paletas-de-colores/rojo-chaqueno-3144773,,#A13735,"161,55,53",Rojo,
,Rojo Colonial Pisos,https://www.alba.com.ar/es/paletas-de-colores/rojo-colonial-pisos-1051415,,#80473D,"128,71,61",Rojo,
,Rojo Henna,https://www.alba.com.ar/es/paletas-de-colores/rojo-henna-2125941,,#9A4C3C,"154,76,60",Rojo,
,Rojo Intenso,https://www.alba.com.ar/es/paletas-de-colores/rojo-intenso-1565978,,#A23530,"162,53,48",Rojo,
,Rojo Mentira,https://www.alba.com.ar/es/paletas-de-colores/rojo-mentira-2125938,,#AD6368,"173,99,104",Rojo,
,Rojo Tanino Duralba,https://www.alba.com.ar/es/paletas-de-colores/rojo-tanino-duralba-1051392,,#804940,"128,73,64",Rojo,
,Rosa Marchita,https://www.alba.com.ar/es/paletas-de-colores/rosa-marchita-3056490,,#CEB2AF,"206,178,175",Rojo,
,Rosa Puccini,https://www.alba.com.ar/es/paletas-de-colores/rosa-puccini-2434112,,#D6C0BE,"214,192,190",Rojo,
,Rosa Renacentista,https://www.alba.com.ar/es/paletas-de-colores/rosa-renacentista-2685374,,#B87C7E,"184,124,126",Rojo,
,Santa Rosa,https://www.alba.com.ar/es/paletas-de-colores/santa-rosa-2434111,,#BC9795,"188,151,149",Rojo,
,Teja Duralba Techos,https://www.alba.com.ar/es/paletas-de-colores/teja-duralba-techos-1051396,,#86463A,"134,70,58",Rojo,
,Té Danzante,https://www.alba.com.ar/es/paletas-de-colores/te-danzante-2125939,,#C15A57,"193,90,87",Rojo,
,Vasija de Terracota,https://www.alba.com.ar/es/paletas-de-colores/vasija-de-terracota-2949789,,#B05446,"176,84,70",Rojo,
,Azul de Bohemia,https://www.alba.com.ar/es/paletas-de-colores/azul-de-bohemia-2685363,,#39595F,"57,89,95",Turquesa,
,Azulejo Albalux,https://www.alba.com.ar/es/paletas-de-colores/azulejo-albalux-1051357,,#12607B,"18,96,123",Turquesa,
,Celeste Albalux,https://www.alba.com.ar/es/paletas-de-colores/celeste-albalux-1051363,,#7DB0B5,"125,176,181",Turquesa,
,Celeste Esm Std,https://www.alba.com.ar/es/paletas-de-colores/celeste-esm-std-1051335,,#77B7C5,"119,183,197",Turquesa,
,Celeste Piletas Caucho Clorado,https://www.alba.com.ar/es/paletas-de-colores/celeste-piletas-caucho-clorado-1051403,,#3FA8C0,"63,168,192",Turquesa,
,Esmeralda Albalux,https://www.alba.com.ar/es/paletas-de-colores/esmeralda-albalux-1051365,,#007157,"0,113,87",Turquesa,
,Gris Osado,https://www.alba.com.ar/es/paletas-de-colores/gris-osado-2840385,,#627775,"98,119,117",Turquesa,
,Jardín Nocturno,https://www.alba.com.ar/es/paletas-de-colores/jardin-nocturno-2125963,,#6D837D,"109,131,125",Turquesa,
,Mina De Grava,https://www.alba.com.ar/es/paletas-de-colores/mina-de-grava-2840384,,#98A9A4,"152,169,164",Turquesa,
,Verde Claro Albalux,https://www.alba.com.ar/es/paletas-de-colores/verde-claro-albalux-1051379,,#56AC7F,"86,172,127",Turquesa,
,Verde Claro Esm Std,https://www.alba.com.ar/es/paletas-de-colores/verde-claro-esm-std-1051344,,#5CB386,"92,179,134",Turquesa,
,Verde Ilusión Albalux,https://www.alba.com.ar/es/paletas-de-colores/verde-ilusion-albalux-1051380,,#6E9F75,"110,159,117",Turquesa,
,Efecto Bambú,https://www.alba.com.ar/es/paletas-de-colores/efecto-bambu-3056482,,#AFBE9B,"175,190,155",Verde,
,Hoja de Laurel,https://www.alba.com.ar/es/paletas-de-colores/hoja-de-laurel-2949804,,#63664F,"99,102,79",Verde,
,Trébol Pálido,https://www.alba.com.ar/es/paletas-de-colores/trebol-palido-2840382,,#A2AE8E,"162,174,142",Verde,
,Verde Exótico,https://www.alba.com.ar/es/paletas-de-colores/verde-exotico-1565979,,#8AB05B,"138,176,91",Verde,
,Verde Guajira Satinol,https://www.alba.com.ar/es/paletas-de-colores/verde-guajira-satinol-1051426,,#4F6852,"79,104,82",Verde,
,Verde Hechicero,https://www.alba.com.ar/es/paletas-de-colores/verde-hechicero-1565972,,#ADD085,"173,208,133",Verde,
,Verde Inglés Albalux,https://www.alba.com.ar/es/paletas-de-colores/verde-ingles-albalux-1051381,,#1F5135,"31,81,53",Verde,
,Verde Inglés Esm Std,https://www.alba.com.ar/es/paletas-de-colores/verde-ingles-esm-std-1051345,,#24492E,"36,73,46",Verde,
,Verde Noche Albalux,https://www.alba.com.ar/es/paletas-de-colores/verde-noche-albalux-1051382,,#203D30,"32,61,48",Verde,
,Verde Noche Esm Std,https://www.alba.com.ar/es/paletas-de-colores/verde-noche-esm-std-1051346,,#20312A,"32,49,42",Verde,
,Verde Pampeano,https://www.alba.com.ar/es/paletas-de-colores/verde-pampeano-3144774,,#85B35B,"133,179,91",Verde,
,Verde Pizarrones,https://www.alba.com.ar/es/paletas-de-colores/verde-pizarrones-1051417,,#698062,"105,128,98",Verde,
,Verde Real,https://www.alba.com.ar/es/paletas-de-colores/verde-real-1986144,,#57624D,"87,98,77",Verde,
,Verde Tenis Duralba,https://www.alba.com.ar/es/paletas-de-colores/verde-tenis-duralba-1051395,,#4C6A5A,"76,106,90",Verde,
,Verde Tenis Pisos,https://www.alba.com.ar/es/paletas-de-colores/verde-tenis-pisos-1051416,,#40584B,"64,88,75",Verde,
,Campos de Espliegos,https://www.alba.com.ar/es/paletas-de-colores/campos-de-espliegos-2125972,,#C9B9C9,"201,185,201",Violeta,
,Magia Negra,https://www.alba.com.ar/es/paletas-de-colores/magia-negra-1730255,,#3B343F,"59,52,63",Violeta,
,Malva Plateada,https://www.alba.com.ar/es/paletas-de-colores/malva-plateada-2685360,,#BFB6BF,"191,182,191",Violeta,
,Mar Cósmico,https://www.alba.com.ar/es/paletas-de-colores/mar-cosmico-2685361,,#B4B3B9,"180,179,185",Violeta,
,Mañana Violeta,https://www.alba.com.ar/es/paletas-de-colores/manana-violeta-2434117,,#D3D0D6,"211,208,214",Violeta,
,Sensación Violeta,https://www.alba.com.ar/es/paletas-de-colores/sensacion-violeta-2840390,,#D6D9E7,"214,217,231",Violeta,
,Toque de Armonía,https://www.alba.com.ar/es/paletas-de-colores/toque-de-armonia-2434124,,#CDC2C4,"205,194,196",Violeta,
,Vergel Violeta,https://www.alba.com.ar/es/paletas-de-colores/vergel-violeta-2840391,,#BCB6BD,"188,182,189",Violeta,
,Violeta Cuyo,https://www.alba.com.ar/es/paletas-de-colores/violeta-cuyo-3144769,,#80759D,"128,117,157",Violeta,
,Violeta Estelar,https://www.alba.com.ar/es/paletas-de-colores/violeta-estelar-1565980,,#725A7F,"114,90,127",Violeta,
