codigo,nombre,temperatura,luminosidad,saturacion,familia_visual,estilos_recomendados,ambientes_recomendados,combina_con,contrasta_con,descripcion_tecnica,nivel_luminosidad,nivel_saturacion,sensacion_visual
50YY 83/200,Acacia,Cálido,8,8,Arena,Pop;Maximalista,Living;Comedor;Cocina,Blanco;Madera clara;Beige;Neutros,Negro mate;Grafito;Azul profundo,Arena cálido de luminosidad alto (8/10) y saturación alta (8/10) que aporta amplitud visual.,Alto,Alta,Luminoso;Amplio;Cálido;Acogedor
37YY 39/443,Aceite de Mostaza,Cálido,4,5,Terracota,Contemporáneo,Living;Dormitorio;Comedor;Cocina;Baño;Pasillo;Home office;Cuarto de niños,Blanco;Madera clara;Beige;Blanco roto,Blanco;Crema;Azul profundo,Terracota cálido de luminosidad bajo (4/10) y saturación media (5/10) que equilibra el espacio.,Bajo,Media,Suave;Cálido;Acogedor;Natural
53YY 26/275,Alga Verde,Cálido,3,4,Terracota,Dramático,Living,Blanco;Madera clara;Beige;Blanco roto,Blanco;Crema;Azul profundo,Terracota cálido de luminosidad bajo (3/10) y saturación baja (4/10) que genera profundidad.,Bajo,Baja,Profundo;Cálido;Acogedor;Natural
60YY 78/216,Almendra Blanca,Cálido,8,7,Arena,Pop;Maximalista,Living;Comedor;Cocina,Blanco;Madera clara;Beige;Neutros,Negro mate;Grafito;Azul profundo,Arena cálido de luminosidad alto (8/10) y saturación alta (7/10) que aporta amplitud visual.,Alto,Alta,Luminoso;Amplio;Cálido;Acogedor
50YY 80/455,Amarillo Arco Iris Claro,Cálido,8,10,Arena,Pop;Maximalista,Living;Comedor;Cocina,Blanco;Madera clara;Beige;Neutros,Negro mate;Grafito;Azul profundo,Arena cálido de luminosidad alto (8/10) y saturación muy alta (10/10) que aporta amplitud visual.,Alto,Muy Alta,Luminoso;Amplio;Cálido;Acogedor
52YY 72/661,Amarillo Arco Iris Vivo,Cálido,7,10,Arena,Pop;Maximalista,Living;Comedor;Cocina,Blanco;Madera clara;Beige;Neutros,Negro mate;Grafito;Azul profundo,Arena cálido de luminosidad alto (7/10) y saturación muy alta (10/10) que aporta amplitud visual.,Alto,Muy Alta,Luminoso;Amplio;Cálido;Acogedor
45YY 64/787,Amarillo Cítrico,Cálido,7,10,Terracota,Pop;Maximalista,Living;Comedor;Cocina,Blanco;Madera clara;Beige;Neutros,Negro mate;Grafito;Azul profundo,Terracota cálido de luminosidad alto (7/10) y saturación muy alta (10/10) que aporta amplitud visual.,Alto,Muy Alta,Luminoso;Amplio;Cálido;Acogedor
50YY 75/254,Amarillo de Mayo,Cálido,8,8,Arena,Pop;Maximalista,Living;Comedor;Cocina,Blanco;Madera clara;Beige;Neutros,Negro mate;Grafito;Azul profundo,Arena cálido de luminosidad alto (8/10) y saturación alta (8/10) que aporta amplitud visual.,Alto,Alta,Luminoso;Amplio;Cálido;Acogedor
60YY 83/187,Amarillo Delicado,Cálido,8,7,Arena,Pop;Maximalista,Living;Comedor;Cocina,Blanco;Madera clara;Beige;Neutros,Negro mate;Grafito;Azul profundo,Arena cálido de luminosidad alto (8/10) y saturación alta (7/10) que aporta amplitud visual.,Alto,Alta,Luminoso;Amplio;Cálido;Acogedor
45YY 66/512,Amarillo Esencial,Cálido,7,9,Arena,Pop;Maximalista,Living;Comedor;Cocina,Blanco;Madera clara;Beige;Neutros,Negro mate;Grafito;Azul profundo,Arena cálido de luminosidad alto (7/10) y saturación muy alta (9/10) que aporta amplitud visual.,Alto,Muy Alta,Luminoso;Amplio;Cálido;Acogedor
60YY 69/583,Amarillo Fantasía,Cálido,7,9,Arena,Pop;Maximalista,Living;Comedor;Cocina,Blanco;Madera clara;Beige;Neutros,Negro mate;Grafito;Azul profundo,Arena cálido de luminosidad alto (7/10) y saturación muy alta (9/10) que aporta amplitud visual.,Alto,Muy Alta,Luminoso;Amplio;Cálido;Acogedor
45YY 65/710,Amarillo Festival,Cálido,7,10,Terracota,Pop;Maximalista,Living;Comedor;Cocina,Blanco;Madera clara;Beige;Neutros,Negro mate;Grafito;Azul profundo,Terracota cálido de luminosidad alto (7/10) y saturación muy alta (10/10) que aporta amplitud visual.,Alto,Muy Alta,Luminoso;Amplio;Cálido;Acogedor
45YY 69/614,Amarillo Imprenta,Cálido,7,10,Arena,Pop;Maximalista,Living;Comedor;Cocina,Blanco;Madera clara;Beige;Neutros,Negro mate;Grafito;Azul profundo,Arena cálido de luminosidad alto (7/10) y saturación muy alta (10/10) que aporta amplitud visual.,Alto,Muy Alta,Luminoso;Amplio;Cálido;Acogedor
60YY 83/219,Amarillo Margarita,Cálido,8,8,Arena,Pop;Maximalista,Living;Comedor;Cocina,Blanco;Madera clara;Beige;Neutros,Negro mate;Grafito;Azul profundo,Arena cálido de luminosidad alto (8/10) y saturación alta (8/10) que aporta amplitud visual.,Alto,Alta,Luminoso;Amplio;Cálido;Acogedor
45YY 74/383,Amarillo Neón,Cálido,7,9,Arena,Pop;Maximalista,Living;Comedor;Cocina,Blanco;Madera clara;Beige;Neutros,Negro mate;Grafito;Azul profundo,Arena cálido de luminosidad alto (7/10) y saturación muy alta (9/10) que aporta amplitud visual.,Alto,Muy Alta,Luminoso;Amplio;Cálido;Acogedor
37YY 61/867,Amarillo Omega *,Cálido,6,10,Terracota,Pop;Maximalista,Comedor;Living,Blanco;Madera clara;Beige;Neutros,Blanco;Crema;Azul profundo,Terracota cálido de luminosidad medio (6/10) y saturación muy alta (10/10) que equilibra el espacio.,Medio,Muy Alta,Suave;Cálido;Acogedor;Alegre
60YY 73/497,Amarillo Optimista,Cálido,7,9,Arena,Pop;Maximalista,Living;Comedor;Cocina,Blanco;Madera clara;Beige;Neutros,Negro mate;Grafito;Azul profundo,Arena cálido de luminosidad alto (7/10) y saturación muy alta (9/10) que aporta amplitud visual.,Alto,Muy Alta,Luminoso;Amplio;Cálido;Acogedor
40YY 68/381,Amarillo Peruano,Cálido,7,8,Arena,Pop;Maximalista,Living;Comedor;Cocina,Blanco;Madera clara;Beige;Neutros,Negro mate;Grafito;Azul profundo,Arena cálido de luminosidad alto (7/10) y saturación alta (8/10) que aporta amplitud visual.,Alto,Alta,Luminoso;Amplio;Cálido;Acogedor
45YY 71/664,Amarillo Real *,Cálido,7,10,Arena,Pop;Maximalista,Living;Comedor;Cocina,Blanco;Madera clara;Beige;Neutros,Negro mate;Grafito;Azul profundo,Arena cálido de luminosidad alto (7/10) y saturación muy alta (10/10) que aporta amplitud visual.,Alto,Muy Alta,Luminoso;Amplio;Cálido;Acogedor
60YY 80/288,Amarillo Refinado,Cálido,8,8,Arena,Pop;Maximalista,Living;Comedor;Cocina,Blanco;Madera clara;Beige;Neutros,Negro mate;Grafito;Azul profundo,Arena cálido de luminosidad alto (8/10) y saturación alta (8/10) que aporta amplitud visual.,Alto,Alta,Luminoso;Amplio;Cálido;Acogedor
60YY 66/487,Amarillo Rico *,Cálido,7,8,Arena,Pop;Maximalista,Living;Comedor;Cocina,Blanco;Madera clara;Beige;Neutros,Negro mate;Grafito;Azul profundo,Arena cálido de luminosidad alto (7/10) y saturación alta (8/10) que aporta amplitud visual.,Alto,Alta,Luminoso;Amplio;Cálido;Acogedor
58YY 88/180,Amarillo Suave,Cálido,8,8,Arena,Pop;Maximalista,Living;Comedor;Cocina,Blanco;Madera clara;Beige;Neutros,Negro mate;Grafito;Azul profundo,Arena cálido de luminosidad alto (8/10) y saturación alta (8/10) que aporta amplitud visual.,Alto,Alta,Luminoso;Amplio;Cálido;Acogedor
60YY 71/409,Amarillo Vibrante,Cálido,7,8,Arena,Pop;Maximalista,Living;Comedor;Cocina,Blanco;Madera clara;Beige;Neutros,Negro mate;Grafito;Azul profundo,Arena cálido de luminosidad alto (7/10) y saturación alta (8/10) que aporta amplitud visual.,Alto,Alta,Luminoso;Amplio;Cálido;Acogedor
45YY 61/368,Amarillo Victoriano,Cálido,6,7,Arena,Pop;Maximalista,Comedor;Living,Blanco;Madera clara;Beige;Neutros,Blanco;Crema;Azul profundo,Arena cálido de luminosidad medio (6/10) y saturación alta (7/10) que equilibra el espacio.,Medio,Alta,Suave;Cálido;Acogedor;Alegre
40YY 63/473,Ananá Maduro,Cálido,6,8,Arena,Pop;Maximalista,Comedor;Living,Blanco;Madera clara;Beige;Neutros,Blanco;Crema;Azul profundo,Arena cálido de luminosidad medio (6/10) y saturación alta (8/10) que equilibra el espacio.,Medio,Alta,Suave;Cálido;Acogedor;Alegre
30YY 47/236,Arroz Dorado,Cálido,5,5,Arena,Rústico;Mediterráneo,Dormitorio;Pasillo;Comedor;Living,Blanco;Madera clara;Beige,Blanco;Crema;Azul profundo,Arena cálido de luminosidad medio (5/10) y saturación media (5/10) que equilibra el espacio.,Medio,Media,Suave;Cálido;Acogedor;Natural
50YY 60/538,Artilugio,Cálido,6,8,Arena,Pop;Maximalista,Comedor;Living,Blanco;Madera clara;Beige;Neutros,Blanco;Crema;Azul profundo,Arena cálido de luminosidad medio (6/10) y saturación alta (8/10) que equilibra el espacio.,Medio,Alta,Suave;Cálido;Acogedor;Alegre
30YY 41/700,Azafrán Indio *,Cálido,5,10,Terracota,Pop;Maximalista,Comedor;Living,Blanco;Madera clara;Beige;Neutros,Blanco;Crema;Azul profundo,Terracota cálido de luminosidad medio (5/10) y saturación muy alta (10/10) que equilibra el espacio.,Medio,Muy Alta,Suave;Cálido;Acogedor;Alegre
50YY 71/369,Bálsamo Amarillo,Cálido,7,8,Arena,Pop;Maximalista,Living;Comedor;Cocina,Blanco;Madera clara;Beige;Neutros,Negro mate;Grafito;Azul profundo,Arena cálido de luminosidad alto (7/10) y saturación alta (8/10) que aporta amplitud visual.,Alto,Alta,Luminoso;Amplio;Cálido;Acogedor
70YY 51/669,Bambú de Bali,Cálido,5,7,Piedra,Pop;Maximalista,Comedor;Living,Blanco;Madera clara;Beige;Neutros,Blanco;Crema;Azul profundo,Piedra cálido de luminosidad medio (5/10) y saturación alta (7/10) que equilibra el espacio.,Medio,Alta,Suave;Cálido;Acogedor;Alegre
39YY 66/628,Banana Madura,Cálido,7,10,Arena,Pop;Maximalista,Living;Comedor;Cocina,Blanco;Madera clara;Beige;Neutros,Negro mate;Grafito;Azul profundo,Arena cálido de luminosidad alto (7/10) y saturación muy alta (10/10) que aporta amplitud visual.,Alto,Muy Alta,Luminoso;Amplio;Cálido;Acogedor
63YY 53/710,Banana Verde *,Cálido,6,8,Piedra,Pop;Maximalista,Living;Dormitorio;Comedor;Cocina;Baño;Pasillo;Home office;Cuarto de niños,Blanco;Madera clara;Beige;Neutros,Blanco;Crema;Azul profundo,Piedra cálido de luminosidad medio (6/10) y saturación alta (8/10) que equilibra el espacio.,Medio,Alta,Suave;Cálido;Acogedor;Alegre
40YY 60/519,Baño de Sol,Cálido,6,8,Arena,Pop;Maximalista,Comedor;Living,Blanco;Madera clara;Beige;Neutros,Blanco;Crema;Azul profundo,Arena cálido de luminosidad medio (6/10) y saturación alta (8/10) que equilibra el espacio.,Medio,Alta,Suave;Cálido;Acogedor;Alegre
43YY 74/339,Batido de Limón,Cálido,7,9,Arena,Pop;Maximalista,Living;Comedor;Cocina,Blanco;Madera clara;Beige;Neutros,Negro mate;Grafito;Azul profundo,Arena cálido de luminosidad alto (7/10) y saturación muy alta (9/10) que aporta amplitud visual.,Alto,Muy Alta,Luminoso;Amplio;Cálido;Acogedor
60YY 75/108,Beige Campestre,Cálido,8,4,Arena,Minimalista;Nórdico;Japandi;Rústico;Mediterráneo,Living;Comedor;Cocina;Dormitorio;Pasillo,Blanco;Madera clara;Beige,Negro mate;Grafito;Azul profundo,Arena cálido de luminosidad alto (8/10) y saturación baja (4/10) que aporta amplitud visual.,Alto,Baja,Luminoso;Amplio;Cálido;Acogedor
61YY 86/159,Blanco Exaltación,Cálido,9,7,Arena,Pop;Maximalista,Living;Dormitorio;Comedor;Cocina;Baño;Pasillo;Home office;Cuarto de niños,Blanco;Madera clara;Beige;Neutros,Negro mate;Grafito;Azul profundo,Arena cálido de luminosidad muy alto (9/10) y saturación alta (7/10) que aporta amplitud visual.,Muy Alto,Alta,Luminoso;Amplio;Cálido;Acogedor
67YY 82/072,Blanco Inocente,Cálido,8,4,Piedra,Minimalista;Nórdico;Japandi;Rústico;Mediterráneo,Living;Dormitorio;Comedor;Cocina;Baño;Pasillo;Home office;Cuarto de niños,Blanco;Madera clara;Beige,Negro mate;Grafito;Azul profundo,Piedra cálido de luminosidad alto (8/10) y saturación baja (4/10) que aporta amplitud visual.,Alto,Baja,Luminoso;Amplio;Cálido;Acogedor
57YY 72/138,Blanco Lana,Cálido,7,5,Arena,Rústico;Mediterráneo,Living;Dormitorio;Comedor;Cocina;Baño;Pasillo;Home office;Cuarto de niños,Blanco;Madera clara;Beige,Negro mate;Grafito;Azul profundo,Arena cálido de luminosidad alto (7/10) y saturación media (5/10) que aporta amplitud visual.,Alto,Media,Luminoso;Amplio;Cálido;Acogedor
60YY 83/125,Blanco Limón,Cálido,8,6,Arena,Rústico;Mediterráneo,Living;Comedor;Cocina,Blanco;Madera clara;Beige;Neutros,Negro mate;Grafito;Azul profundo,Arena cálido de luminosidad alto (8/10) y saturación media (6/10) que aporta amplitud visual.,Alto,Media,Luminoso;Amplio;Cálido;Acogedor
65YY 79/118,Blanco Maíz,Cálido,8,5,Arena,Rústico;Mediterráneo,Living;Dormitorio;Comedor;Cocina;Baño;Pasillo;Home office;Cuarto de niños,Blanco;Madera clara;Beige,Negro mate;Grafito;Azul profundo,Arena cálido de luminosidad alto (8/10) y saturación media (5/10) que aporta amplitud visual.,Alto,Media,Luminoso;Amplio;Cálido;Acogedor
45YY 77/183,Blanco Milhojas,Cálido,8,7,Arena,Pop;Maximalista,Living;Comedor;Cocina,Blanco;Madera clara;Beige;Neutros,Negro mate;Grafito;Azul profundo,Arena cálido de luminosidad alto (8/10) y saturación alta (7/10) que aporta amplitud visual.,Alto,Alta,Luminoso;Amplio;Cálido;Acogedor
40YY 69/666,Botón de Oro,Cálido,7,10,Arena,Pop;Maximalista,Living;Comedor;Cocina,Blanco;Madera clara;Beige;Neutros,Negro mate;Grafito;Azul profundo,Arena cálido de luminosidad alto (7/10) y saturación muy alta (10/10) que aporta amplitud visual.,Alto,Muy Alta,Luminoso;Amplio;Cálido;Acogedor
48YY 77/529,Brindar,Cálido,8,10,Arena,Pop;Maximalista,Living;Comedor;Cocina,Blanco;Madera clara;Beige;Neutros,Negro mate;Grafito;Azul profundo,Arena cálido de luminosidad alto (8/10) y saturación muy alta (10/10) que aporta amplitud visual.,Alto,Muy Alta,Luminoso;Amplio;Cálido;Acogedor
60YY 79/367,Brisa de Primavera,Cálido,8,9,Arena,Pop;Maximalista,Living;Comedor;Cocina,Blanco;Madera clara;Beige;Neutros,Negro mate;Grafito;Azul profundo,Arena cálido de luminosidad alto (8/10) y saturación muy alta (9/10) que aporta amplitud visual.,Alto,Muy Alta,Luminoso;Amplio;Cálido;Acogedor
50YY 51/519,Brote de Caña,Cálido,6,7,Terracota,Pop;Maximalista,Comedor;Living,Blanco;Madera clara;Beige;Neutros,Blanco;Crema;Azul profundo,Terracota cálido de luminosidad medio (6/10) y saturación alta (7/10) que equilibra el espacio.,Medio,Alta,Suave;Cálido;Acogedor;Alegre
50YY 65/454,Campana,Cálido,7,8,Arena,Pop;Maximalista,Living;Comedor;Cocina,Blanco;Madera clara;Beige;Neutros,Negro mate;Grafito;Azul profundo,Arena cálido de luminosidad alto (7/10) y saturación alta (8/10) que aporta amplitud visual.,Alto,Alta,Luminoso;Amplio;Cálido;Acogedor
30YY 23/246,Campo Polvoriento,Cálido,3,4,Terracota,Dramático,Living,Blanco;Madera clara;Beige;Blanco roto,Blanco;Crema;Azul profundo,Terracota cálido de luminosidad bajo (3/10) y saturación baja (4/10) que genera profundidad.,Bajo,Baja,Profundo;Cálido;Acogedor;Natural
39YY 66/813,Capa de Lluvia *,Cálido,7,10,Terracota,Pop;Maximalista,Living;Comedor;Cocina,Blanco;Madera clara;Beige;Neutros,Negro mate;Grafito;Azul profundo,Terracota cálido de luminosidad alto (7/10) y saturación muy alta (10/10) que aporta amplitud visual.,Alto,Muy Alta,Luminoso;Amplio;Cálido;Acogedor
60YY 39/654,Capín *,Cálido,5,8,Piedra,Pop;Maximalista,Comedor;Living,Blanco;Madera clara;Beige;Neutros,Blanco;Crema;Azul profundo,Piedra cálido de luminosidad medio (5/10) y saturación alta (8/10) que equilibra el espacio.,Medio,Alta,Suave;Cálido;Acogedor;Alegre
30YY 35/249,Caqui Dorado,Cálido,4,4,Terracota,Contemporáneo,Living,Blanco;Madera clara;Beige;Blanco roto,Blanco;Crema;Azul profundo,Terracota cálido de luminosidad bajo (4/10) y saturación baja (4/10) que equilibra el espacio.,Bajo,Baja,Suave;Cálido;Acogedor;Natural
60YY 67/626,Carambola,Cálido,7,8,Arena,Pop;Maximalista,Living;Comedor;Cocina,Blanco;Madera clara;Beige;Neutros,Negro mate;Grafito;Azul profundo,Arena cálido de luminosidad alto (7/10) y saturación alta (8/10) que aporta amplitud visual.,Alto,Alta,Luminoso;Amplio;Cálido;Acogedor
51YY 61/792,Césped Mostaza *,Cálido,6,10,Piedra,Pop;Maximalista,Living;Dormitorio;Comedor;Cocina;Baño;Pasillo;Home office;Cuarto de niños,Blanco;Madera clara;Beige;Neutros,Blanco;Crema;Azul profundo,Piedra cálido de luminosidad medio (6/10) y saturación muy alta (10/10) que equilibra el espacio.,Medio,Muy Alta,Suave;Cálido;Acogedor;Alegre
53YY 83/348,Cidro Helado,Cálido,8,10,Arena,Pop;Maximalista,Living;Comedor;Cocina,Blanco;Madera clara;Beige;Neutros,Negro mate;Grafito;Azul profundo,Arena cálido de luminosidad alto (8/10) y saturación muy alta (10/10) que aporta amplitud visual.,Alto,Muy Alta,Luminoso;Amplio;Cálido;Acogedor
50YY 42/490,Corona Dorada,Cálido,5,6,Terracota,Rústico;Mediterráneo,Comedor;Living,Blanco;Madera clara;Beige;Neutros,Blanco;Crema;Azul profundo,Terracota cálido de luminosidad medio (5/10) y saturación media (6/10) que equilibra el espacio.,Medio,Media,Suave;Cálido;Acogedor;Natural
48YY 80/346,Corriente Estival,Cálido,8,10,Arena,Pop;Maximalista,Living;Dormitorio;Comedor;Cocina;Baño;Pasillo;Home office;Cuarto de niños,Blanco;Madera clara;Beige;Neutros,Negro mate;Grafito;Azul profundo,Arena cálido de luminosidad alto (8/10) y saturación muy alta (10/10) que aporta amplitud visual.,Alto,Muy Alta,Luminoso;Amplio;Cálido;Acogedor
40YY 64/165,Costa de Marfil,Cálido,7,5,Arena,Rústico;Mediterráneo,Living;Comedor;Cocina;Dormitorio;Pasillo,Blanco;Madera clara;Beige,Negro mate;Grafito;Azul profundo,Arena cálido de luminosidad alto (7/10) y saturación media (5/10) que aporta amplitud visual.,Alto,Media,Luminoso;Amplio;Cálido;Acogedor
40YY 67/196,Costa Soleada,Cálido,7,6,Arena,Rústico;Mediterráneo,Living;Comedor;Cocina,Blanco;Madera clara;Beige;Neutros,Negro mate;Grafito;Azul profundo,Arena cálido de luminosidad alto (7/10) y saturación media (6/10) que aporta amplitud visual.,Alto,Media,Luminoso;Amplio;Cálido;Acogedor
56YY 85/109,Crema Chic,Cálido,9,6,Arena,Rústico;Mediterráneo,Living;Dormitorio;Comedor;Cocina;Baño;Pasillo;Home office;Cuarto de niños,Blanco;Madera clara;Beige;Neutros,Negro mate;Grafito;Azul profundo,Arena cálido de luminosidad muy alto (9/10) y saturación media (6/10) que aporta amplitud visual.,Muy Alto,Media,Luminoso;Amplio;Cálido;Acogedor
50YY 77/173,Crema de Boston,Cálido,8,7,Arena,Pop;Maximalista,Living;Comedor;Cocina,Blanco;Madera clara;Beige;Neutros,Negro mate;Grafito;Azul profundo,Arena cálido de luminosidad alto (8/10) y saturación alta (7/10) que aporta amplitud visual.,Alto,Alta,Luminoso;Amplio;Cálido;Acogedor
40YY 78/140,Crema de Limón,Cálido,8,6,Arena,Rústico;Mediterráneo,Living;Comedor;Cocina,Blanco;Madera clara;Beige;Neutros,Negro mate;Grafito;Azul profundo,Arena cálido de luminosidad alto (8/10) y saturación media (6/10) que aporta amplitud visual.,Alto,Media,Luminoso;Amplio;Cálido;Acogedor
40YY 65/427,Crema de Manzana,Cálido,7,9,Arena,Pop;Maximalista,Living;Comedor;Cocina,Blanco;Madera clara;Beige;Neutros,Negro mate;Grafito;Azul profundo,Arena cálido de luminosidad alto (7/10) y saturación muy alta (9/10) que aporta amplitud visual.,Alto,Muy Alta,Luminoso;Amplio;Cálido;Acogedor
39YY 74/175,Crema Musical,Cálido,7,6,Arena,Rústico;Mediterráneo,Living;Comedor;Cocina,Blanco;Madera clara;Beige;Neutros,Negro mate;Grafito;Azul profundo,Arena cálido de luminosidad alto (7/10) y saturación media (6/10) que aporta amplitud visual.,Alto,Media,Luminoso;Amplio;Cálido;Acogedor
50YY 77/285,Cremoso,Cálido,8,8,Arena,Pop;Maximalista,Living;Comedor;Cocina,Blanco;Madera clara;Beige;Neutros,Negro mate;Grafito;Azul profundo,Arena cálido de luminosidad alto (8/10) y saturación alta (8/10) que aporta amplitud visual.,Alto,Alta,Luminoso;Amplio;Cálido;Acogedor
60YY 77/332,Crucero del Sur,Cálido,8,8,Arena,Pop;Maximalista,Living;Comedor;Cocina,Blanco;Madera clara;Beige;Neutros,Negro mate;Grafito;Azul profundo,Arena cálido de luminosidad alto (8/10) y saturación alta (8/10) que aporta amplitud visual.,Alto,Alta,Luminoso;Amplio;Cálido;Acogedor
45YY 62/805,Curry *,Cálido,6,10,Terracota,Pop;Maximalista,Comedor;Living,Blanco;Madera clara;Beige;Neutros,Blanco;Crema;Azul profundo,Terracota cálido de luminosidad medio (6/10) y saturación muy alta (10/10) que equilibra el espacio.,Medio,Muy Alta,Suave;Cálido;Acogedor;Alegre
40YY 49/546,Curry Dorado,Cálido,5,7,Terracota,Pop;Maximalista,Comedor;Living,Blanco;Madera clara;Beige;Neutros,Blanco;Crema;Azul profundo,Terracota cálido de luminosidad medio (5/10) y saturación alta (7/10) que equilibra el espacio.,Medio,Alta,Suave;Cálido;Acogedor;Alegre
43YY 71/540,Deleite Estelar,Cálido,7,10,Arena,Pop;Maximalista,Living;Comedor;Cocina,Blanco;Madera clara;Beige;Neutros,Negro mate;Grafito;Azul profundo,Arena cálido de luminosidad alto (7/10) y saturación muy alta (10/10) que aporta amplitud visual.,Alto,Muy Alta,Luminoso;Amplio;Cálido;Acogedor
44YY 69/140,Desierto Deslumbrante,Cálido,7,5,Arena,Rústico;Mediterráneo,Living;Comedor;Cocina;Dormitorio;Pasillo,Blanco;Madera clara;Beige,Negro mate;Grafito;Azul profundo,Arena cálido de luminosidad alto (7/10) y saturación media (5/10) que aporta amplitud visual.,Alto,Media,Luminoso;Amplio;Cálido;Acogedor
60YY 48/748,Drama Rústico *,Cálido,5,10,Piedra,Pop;Maximalista,Comedor;Living,Blanco;Madera clara;Beige;Neutros,Blanco;Crema;Azul profundo,Piedra cálido de luminosidad medio (5/10) y saturación muy alta (10/10) que equilibra el espacio.,Medio,Muy Alta,Suave;Cálido;Acogedor;Alegre
40YY 83/150,Dulce de Coco,Cálido,8,8,Arena,Pop;Maximalista,Living;Comedor;Cocina,Blanco;Madera clara;Beige;Neutros,Negro mate;Grafito;Azul profundo,Arena cálido de luminosidad alto (8/10) y saturación alta (8/10) que aporta amplitud visual.,Alto,Alta,Luminoso;Amplio;Cálido;Acogedor
46YY 61/201,Efecto Pardo,Cálido,6,5,Arena,Rústico;Mediterráneo,Living;Dormitorio;Comedor;Cocina;Baño;Pasillo;Home office;Cuarto de niños,Blanco;Madera clara;Beige,Blanco;Crema;Azul profundo,Arena cálido de luminosidad medio (6/10) y saturación media (5/10) que equilibra el espacio.,Medio,Media,Suave;Cálido;Acogedor;Natural
40YY 38/643,Encaje Portugués *,Cálido,4,9,Terracota,Pop;Maximalista,Comedor;Living,Blanco;Madera clara;Beige;Blanco roto;Neutros,Blanco;Crema;Azul profundo,Terracota cálido de luminosidad bajo (4/10) y saturación muy alta (9/10) que equilibra el espacio.,Bajo,Muy Alta,Suave;Cálido;Acogedor;Alegre
50YY 53/687,Estallido de Azufre *,Cálido,6,8,Terracota,Pop;Maximalista,Comedor;Living,Blanco;Madera clara;Beige;Neutros,Blanco;Crema;Azul profundo,Terracota cálido de luminosidad medio (6/10) y saturación alta (8/10) que equilibra el espacio.,Medio,Alta,Suave;Cálido;Acogedor;Alegre
48YY 73/573,Estallido Estelar,Cálido,7,10,Arena,Pop;Maximalista,Living;Dormitorio;Comedor;Cocina;Baño;Pasillo;Home office;Cuarto de niños,Blanco;Madera clara;Beige;Neutros,Negro mate;Grafito;Azul profundo,Arena cálido de luminosidad alto (7/10) y saturación muy alta (10/10) que aporta amplitud visual.,Alto,Muy Alta,Luminoso;Amplio;Cálido;Acogedor
40YY 64/903,Estrella Ardiente *,Cálido,7,10,Terracota,Pop;Maximalista,Living;Comedor;Cocina,Blanco;Madera clara;Beige;Neutros,Negro mate;Grafito;Azul profundo,Terracota cálido de luminosidad alto (7/10) y saturación muy alta (10/10) que aporta amplitud visual.,Alto,Muy Alta,Luminoso;Amplio;Cálido;Acogedor
67YY 89/124,Estrella del Norte,Cálido,9,7,Arena,Pop;Maximalista,Living;Comedor;Cocina,Blanco;Madera clara;Beige;Neutros,Negro mate;Grafito;Azul profundo,Arena cálido de luminosidad muy alto (9/10) y saturación alta (7/10) que aporta amplitud visual.,Muy Alto,Alta,Luminoso;Amplio;Cálido;Acogedor
60YY 55/504,Explosión Cítrica,Cálido,6,7,Arena,Pop;Maximalista,Comedor;Living,Blanco;Madera clara;Beige;Neutros,Blanco;Crema;Azul profundo,Arena cálido de luminosidad medio (6/10) y saturación alta (7/10) que equilibra el espacio.,Medio,Alta,Suave;Cálido;Acogedor;Alegre
47YY 40/227,Fango Mostaza,Cálido,4,4,Terracota,Contemporáneo,Living;Dormitorio;Comedor;Cocina;Baño;Pasillo;Home office;Cuarto de niños,Blanco;Madera clara;Beige;Blanco roto,Blanco;Crema;Azul profundo,Terracota cálido de luminosidad bajo (4/10) y saturación baja (4/10) que equilibra el espacio.,Bajo,Baja,Suave;Cálido;Acogedor;Natural
53YY 88/112,Fantasía Lunar,Cálido,9,7,Arena,Pop;Maximalista,Living;Dormitorio;Comedor;Cocina;Baño;Pasillo;Home office;Cuarto de niños,Blanco;Madera clara;Beige;Neutros,Negro mate;Grafito;Azul profundo,Arena cálido de luminosidad muy alto (9/10) y saturación alta (7/10) que aporta amplitud visual.,Muy Alto,Alta,Luminoso;Amplio;Cálido;Acogedor
34YY 31/502,Fantasía Oliva,Cálido,4,6,Terracota,Contemporáneo,Living;Dormitorio;Comedor;Cocina;Baño;Pasillo;Home office;Cuarto de niños,Blanco;Madera clara;Beige;Blanco roto;Neutros,Blanco;Crema;Azul profundo,Terracota cálido de luminosidad bajo (4/10) y saturación media (6/10) que equilibra el espacio.,Bajo,Media,Suave;Cálido;Acogedor;Natural
40YY 53/218,Feriado Romano,Cálido,6,5,Arena,Rústico;Mediterráneo,Dormitorio;Pasillo;Comedor;Living,Blanco;Madera clara;Beige,Blanco;Crema;Azul profundo,Arena cálido de luminosidad medio (6/10) y saturación media (5/10) que equilibra el espacio.,Medio,Media,Suave;Cálido;Acogedor;Natural
60YY 59/604,Filete Dorado,Cálido,6,8,Terracota,Pop;Maximalista,Comedor;Living,Blanco;Madera clara;Beige;Neutros,Blanco;Crema;Azul profundo,Terracota cálido de luminosidad medio (6/10) y saturación alta (8/10) que equilibra el espacio.,Medio,Alta,Suave;Cálido;Acogedor;Alegre
64YY 84/180,Fin de Semana Estival,Cálido,8,7,Arena,Pop;Maximalista,Living;Comedor;Cocina,Blanco;Madera clara;Beige;Neutros,Negro mate;Grafito;Azul profundo,Arena cálido de luminosidad alto (8/10) y saturación alta (7/10) que aporta amplitud visual.,Alto,Alta,Luminoso;Amplio;Cálido;Acogedor
62YY 86/253,Flash Fotográfico,Cálido,9,9,Arena,Pop;Maximalista,Living;Dormitorio;Comedor;Cocina;Baño;Pasillo;Home office;Cuarto de niños,Blanco;Madera clara;Beige;Neutros,Negro mate;Grafito;Azul profundo,Arena cálido de luminosidad muy alto (9/10) y saturación muy alta (9/10) que aporta amplitud visual.,Muy Alto,Muy Alta,Luminoso;Amplio;Cálido;Acogedor
35YY 86/117,Flor de Algodón,Cálido,8,6,Arena,Rústico;Mediterráneo,Living;Comedor;Cocina,Blanco;Madera clara;Beige;Neutros,Negro mate;Grafito;Azul profundo,Arena cálido de luminosidad alto (8/10) y saturación media (6/10) que aporta amplitud visual.,Alto,Media,Luminoso;Amplio;Cálido;Acogedor
50YY 37/519,Fuente Frutal,Cálido,4,6,Terracota,Contemporáneo,Comedor;Living,Blanco;Madera clara;Beige;Blanco roto;Neutros,Blanco;Crema;Azul profundo,Terracota cálido de luminosidad bajo (4/10) y saturación media (6/10) que equilibra el espacio.,Bajo,Media,Suave;Cálido;Acogedor;Natural
66YY 61/648,Futurista,Cálido,6,7,Piedra,Pop;Maximalista,Living;Dormitorio;Comedor;Cocina;Baño;Pasillo;Home office;Cuarto de niños,Blanco;Madera clara;Beige;Neutros,Blanco;Crema;Azul profundo,Piedra cálido de luminosidad medio (6/10) y saturación alta (7/10) que equilibra el espacio.,Medio,Alta,Suave;Cálido;Acogedor;Alegre
40YY 65/263,Granero Amarillo,Cálido,7,7,Arena,Pop;Maximalista,Living;Comedor;Cocina,Blanco;Madera clara;Beige;Neutros,Negro mate;Grafito;Azul profundo,Arena cálido de luminosidad alto (7/10) y saturación alta (7/10) que aporta amplitud visual.,Alto,Alta,Luminoso;Amplio;Cálido;Acogedor
40YY 34/446,Guirnalda Dorada,Cálido,4,5,Terracota,Contemporáneo,Comedor;Living,Blanco;Madera clara;Beige;Blanco roto,Blanco;Crema;Azul profundo,Terracota cálido de luminosidad bajo (4/10) y saturación media (5/10) que equilibra el espacio.,Bajo,Media,Suave;Cálido;Acogedor;Natural
70YY 83/112,Halo,Cálido,8,6,Arena,Rústico;Mediterráneo,Living;Comedor;Cocina,Blanco;Madera clara;Beige;Neutros,Negro mate;Grafito;Azul profundo,Arena cálido de luminosidad alto (8/10) y saturación media (6/10) que aporta amplitud visual.,Alto,Media,Luminoso;Amplio;Cálido;Acogedor
51YY 78/444,Inyección de Sol,Cálido,8,10,Arena,Pop;Maximalista,Living;Comedor;Cocina,Blanco;Madera clara;Beige;Neutros,Negro mate;Grafito;Azul profundo,Arena cálido de luminosidad alto (8/10) y saturación muy alta (10/10) que aporta amplitud visual.,Alto,Muy Alta,Luminoso;Amplio;Cálido;Acogedor
39YY 52/691,Juego de Abejorros *,Cálido,6,8,Terracota,Pop;Maximalista,Comedor;Living,Blanco;Madera clara;Beige;Neutros,Blanco;Crema;Azul profundo,Terracota cálido de luminosidad medio (6/10) y saturación alta (8/10) que equilibra el espacio.,Medio,Alta,Suave;Cálido;Acogedor;Alegre
52YY 83/223,Jugo de Limón,Cálido,8,9,Arena,Pop;Maximalista,Living;Dormitorio;Comedor;Cocina;Baño;Pasillo;Home office;Cuarto de niños,Blanco;Madera clara;Beige;Neutros,Negro mate;Grafito;Azul profundo,Arena cálido de luminosidad alto (8/10) y saturación muy alta (9/10) que aporta amplitud visual.,Alto,Muy Alta,Luminoso;Amplio;Cálido;Acogedor
40YY 71/335,Junquillo Amarillo,Cálido,7,8,Arena,Pop;Maximalista,Living;Comedor;Cocina,Blanco;Madera clara;Beige;Neutros,Negro mate;Grafito;Azul profundo,Arena cálido de luminosidad alto (7/10) y saturación alta (8/10) que aporta amplitud visual.,Alto,Alta,Luminoso;Amplio;Cálido;Acogedor
60YY 47/608,Kiwi Amarillento,Cálido,5,6,Terracota,Rústico;Mediterráneo,Comedor;Living,Blanco;Madera clara;Beige;Neutros,Blanco;Crema;Azul profundo,Terracota cálido de luminosidad medio (5/10) y saturación media (6/10) que equilibra el espacio.,Medio,Media,Suave;Cálido;Acogedor;Natural
63YY 79/219,Kiwi Amarillo,Cálido,8,7,Arena,Pop;Maximalista,Living;Comedor;Cocina,Blanco;Madera clara;Beige;Neutros,Negro mate;Grafito;Azul profundo,Arena cálido de luminosidad alto (8/10) y saturación alta (7/10) que aporta amplitud visual.,Alto,Alta,Luminoso;Amplio;Cálido;Acogedor
60YY 57/304,Kiwi Dorado,Cálido,6,5,Arena,Rústico;Mediterráneo,Dormitorio;Pasillo;Comedor;Living,Blanco;Madera clara;Beige,Blanco;Crema;Azul profundo,Arena cálido de luminosidad medio (6/10) y saturación media (5/10) que equilibra el espacio.,Medio,Media,Suave;Cálido;Acogedor;Natural
43YY 65/687,Limón Ardiente *,Cálido,7,10,Arena,Pop;Maximalista,Living;Comedor;Cocina,Blanco;Madera clara;Beige;Neutros,Negro mate;Grafito;Azul profundo,Arena cálido de luminosidad alto (7/10) y saturación muy alta (10/10) que aporta amplitud visual.,Alto,Muy Alta,Luminoso;Amplio;Cálido;Acogedor
56YY 86/241,Limón Hielo,Cálido,8,9,Arena,Pop;Maximalista,Living;Comedor;Cocina,Blanco;Madera clara;Beige;Neutros,Negro mate;Grafito;Azul profundo,Arena cálido de luminosidad alto (8/10) y saturación muy alta (9/10) que aporta amplitud visual.,Alto,Muy Alta,Luminoso;Amplio;Cálido;Acogedor
60YY 83/250,Limón Pálido,Cálido,8,8,Arena,Pop;Maximalista,Living;Comedor;Cocina,Blanco;Madera clara;Beige;Neutros,Negro mate;Grafito;Azul profundo,Arena cálido de luminosidad alto (8/10) y saturación alta (8/10) que aporta amplitud visual.,Alto,Alta,Luminoso;Amplio;Cálido;Acogedor
54YY 69/747,Limón Verde *,Cálido,7,9,Terracota,Pop;Maximalista,Living;Dormitorio;Comedor;Cocina;Baño;Pasillo;Home office;Cuarto de niños,Blanco;Madera clara;Beige;Neutros,Negro mate;Grafito;Azul profundo,Terracota cálido de luminosidad alto (7/10) y saturación muy alta (9/10) que aporta amplitud visual.,Alto,Muy Alta,Luminoso;Amplio;Cálido;Acogedor
50YY 80/242,Linaza,Cálido,8,9,Arena,Pop;Maximalista,Living;Comedor;Cocina,Blanco;Madera clara;Beige;Neutros,Negro mate;Grafito;Azul profundo,Arena cálido de luminosidad alto (8/10) y saturación muy alta (9/10) que aporta amplitud visual.,Alto,Muy Alta,Luminoso;Amplio;Cálido;Acogedor
65YY 84/081,Litoral Marítimo,Cálido,8,5,Arena,Rústico;Mediterráneo,Living;Comedor;Cocina;Dormitorio;Pasillo,Blanco;Madera clara;Beige,Negro mate;Grafito;Azul profundo,Arena cálido de luminosidad alto (8/10) y saturación media (5/10) que aporta amplitud visual.,Alto,Media,Luminoso;Amplio;Cálido;Acogedor
66YY 85/231,Luna de Agosto,Cálido,8,8,Arena,Pop;Maximalista,Living;Comedor;Cocina,Blanco;Madera clara;Beige;Neutros,Negro mate;Grafito;Azul profundo,Arena cálido de luminosidad alto (8/10) y saturación alta (8/10) que aporta amplitud visual.,Alto,Alta,Luminoso;Amplio;Cálido;Acogedor
52YY 89/117,Luna de Miel,Cálido,9,7,Arena,Pop;Maximalista,Living;Comedor;Cocina,Blanco;Madera clara;Beige;Neutros,Negro mate;Grafito;Azul profundo,Arena cálido de luminosidad muy alto (9/10) y saturación alta (7/10) que aporta amplitud visual.,Muy Alto,Alta,Luminoso;Amplio;Cálido;Acogedor
62YY 83/382,Luz Astral,Cálido,8,9,Arena,Pop;Maximalista,Living;Dormitorio;Comedor;Cocina;Baño;Pasillo;Home office;Cuarto de niños,Blanco;Madera clara;Beige;Neutros,Negro mate;Grafito;Azul profundo,Arena cálido de luminosidad alto (8/10) y saturación muy alta (9/10) que aporta amplitud visual.,Alto,Muy Alta,Luminoso;Amplio;Cálido;Acogedor
50YY 83/171,Luz Costera,Cálido,8,8,Arena,Pop;Maximalista,Living;Comedor;Cocina,Blanco;Madera clara;Beige;Neutros,Negro mate;Grafito;Azul profundo,Arena cálido de luminosidad alto (8/10) y saturación alta (8/10) que aporta amplitud visual.,Alto,Alta,Luminoso;Amplio;Cálido;Acogedor
70YY 83/187,Luz de Linterna,Cálido,8,7,Arena,Pop;Maximalista,Living;Comedor;Cocina,Blanco;Madera clara;Beige;Neutros,Negro mate;Grafito;Azul profundo,Arena cálido de luminosidad alto (8/10) y saturación alta (7/10) que aporta amplitud visual.,Alto,Alta,Luminoso;Amplio;Cálido;Acogedor
67YY 87/169,Luz de Velas,Cálido,9,8,Arena,Pop;Maximalista,Living;Comedor;Cocina,Blanco;Madera clara;Beige;Neutros,Negro mate;Grafito;Azul profundo,Arena cálido de luminosidad muy alto (9/10) y saturación alta (8/10) que aporta amplitud visual.,Muy Alto,Alta,Luminoso;Amplio;Cálido;Acogedor
36YY 59/230,Luz Oriental,Cálido,6,5,Arena,Rústico;Mediterráneo,Dormitorio;Pasillo;Comedor;Living,Blanco;Madera clara;Beige,Blanco;Crema;Azul profundo,Arena cálido de luminosidad medio (6/10) y saturación media (5/10) que equilibra el espacio.,Medio,Media,Suave;Cálido;Acogedor;Natural
49YY 75/130,Luz Relajante,Cálido,8,5,Arena,Rústico;Mediterráneo,Living;Comedor;Cocina;Dormitorio;Pasillo,Blanco;Madera clara;Beige,Negro mate;Grafito;Azul profundo,Arena cálido de luminosidad alto (8/10) y saturación media (5/10) que aporta amplitud visual.,Alto,Media,Luminoso;Amplio;Cálido;Acogedor
45YY 72/230,Magnolia Primaveral,Cálido,7,7,Arena,Pop;Maximalista,Living;Comedor;Cocina,Blanco;Madera clara;Beige;Neutros,Negro mate;Grafito;Azul profundo,Arena cálido de luminosidad alto (7/10) y saturación alta (7/10) que aporta amplitud visual.,Alto,Alta,Luminoso;Amplio;Cálido;Acogedor
45YY 71/567,Mancha Solar,Cálido,7,10,Arena,Pop;Maximalista,Living;Comedor;Cocina,Blanco;Madera clara;Beige;Neutros,Negro mate;Grafito;Azul profundo,Arena cálido de luminosidad alto (7/10) y saturación muy alta (10/10) que aporta amplitud visual.,Alto,Muy Alta,Luminoso;Amplio;Cálido;Acogedor
37YY 38/594,Mañana en el Bosque,Cálido,4,8,Terracota,Pop;Maximalista,Comedor;Living,Blanco;Madera clara;Beige;Blanco roto;Neutros,Blanco;Crema;Azul profundo,Terracota cálido de luminosidad bajo (4/10) y saturación alta (8/10) que equilibra el espacio.,Bajo,Alta,Suave;Cálido;Acogedor;Alegre
61YY 76/109,Mañana Urbana,Cálido,8,4,Arena,Minimalista;Nórdico;Japandi;Rústico;Mediterráneo,Living;Dormitorio;Comedor;Cocina;Baño;Pasillo;Home office;Cuarto de niños,Blanco;Madera clara;Beige,Negro mate;Grafito;Azul profundo,Arena cálido de luminosidad alto (8/10) y saturación baja (4/10) que aporta amplitud visual.,Alto,Baja,Luminoso;Amplio;Cálido;Acogedor
45YY 79/376,Margaritas Montañosas,Cálido,8,10,Arena,Pop;Maximalista,Living;Comedor;Cocina,Blanco;Madera clara;Beige;Neutros,Negro mate;Grafito;Azul profundo,Arena cálido de luminosidad alto (8/10) y saturación muy alta (10/10) que aporta amplitud visual.,Alto,Muy Alta,Luminoso;Amplio;Cálido;Acogedor
60YY 83/156,Mariposa de Verano,Cálido,8,7,Arena,Pop;Maximalista,Living;Comedor;Cocina,Blanco;Madera clara;Beige;Neutros,Negro mate;Grafito;Azul profundo,Arena cálido de luminosidad alto (8/10) y saturación alta (7/10) que aporta amplitud visual.,Alto,Alta,Luminoso;Amplio;Cálido;Acogedor
30YY 46/304,Miel Silvestre,Cálido,5,5,Arena,Rústico;Mediterráneo,Dormitorio;Pasillo;Comedor;Living,Blanco;Madera clara;Beige,Blanco;Crema;Azul profundo,Arena cálido de luminosidad medio (5/10) y saturación media (5/10) que equilibra el espacio.,Medio,Media,Suave;Cálido;Acogedor;Natural
49YY 69/406,Mousse de Limón,Cálido,7,8,Arena,Pop;Maximalista,Living;Comedor;Cocina,Blanco;Madera clara;Beige;Neutros,Negro mate;Grafito;Azul profundo,Arena cálido de luminosidad alto (7/10) y saturación alta (8/10) que aporta amplitud visual.,Alto,Alta,Luminoso;Amplio;Cálido;Acogedor
45YY 83/250,Mousse de Maracuyá,Cálido,8,9,Arena,Pop;Maximalista,Living;Comedor;Cocina,Blanco;Madera clara;Beige;Neutros,Negro mate;Grafito;Azul profundo,Arena cálido de luminosidad alto (8/10) y saturación muy alta (9/10) que aporta amplitud visual.,Alto,Muy Alta,Luminoso;Amplio;Cálido;Acogedor
30YY 27/226,Musgo Caqui,Cálido,3,3,Terracota,Dramático,Living,Blanco;Madera clara;Beige;Blanco roto,Blanco;Crema;Azul profundo,Terracota cálido de luminosidad bajo (3/10) y saturación baja (3/10) que genera profundidad.,Bajo,Baja,Profundo;Cálido;Acogedor;Sobrio
50YY 79/208,Noche Agradable,Cálido,8,8,Arena,Pop;Maximalista,Living;Comedor;Cocina,Blanco;Madera clara;Beige;Neutros,Negro mate;Grafito;Azul profundo,Arena cálido de luminosidad alto (8/10) y saturación alta (8/10) que aporta amplitud visual.,Alto,Alta,Luminoso;Amplio;Cálido;Acogedor
44YY 23/330,Oliva Deliciosa,Cálido,3,5,Terracota,Dramático,Comedor;Living,Blanco;Madera clara;Beige;Blanco roto,Blanco;Crema;Azul profundo,Terracota cálido de luminosidad bajo (3/10) y saturación media (5/10) que genera profundidad.,Bajo,Media,Profundo;Cálido;Acogedor;Natural
40YY 72/164,Orégano de Campo,Cálido,7,6,Arena,Rústico;Mediterráneo,Living;Comedor;Cocina,Blanco;Madera clara;Beige;Neutros,Negro mate;Grafito;Azul profundo,Arena cálido de luminosidad alto (7/10) y saturación media (6/10) que aporta amplitud visual.,Alto,Media,Luminoso;Amplio;Cálido;Acogedor
49YY 26/180,Orilla del Lago Verde,Cálido,3,3,Terracota,Dramático,Living;Dormitorio;Comedor;Cocina;Baño;Pasillo;Home office;Cuarto de niños,Blanco;Madera clara;Beige;Blanco roto,Blanco;Crema;Azul profundo,Terracota cálido de luminosidad bajo (3/10) y saturación baja (3/10) que genera profundidad.,Bajo,Baja,Profundo;Cálido;Acogedor;Sobrio
40YY 75/216,Orión,Cálido,8,8,Arena,Pop;Maximalista,Living;Comedor;Cocina,Blanco;Madera clara;Beige;Neutros,Negro mate;Grafito;Azul profundo,Arena cálido de luminosidad alto (8/10) y saturación alta (8/10) que aporta amplitud visual.,Alto,Alta,Luminoso;Amplio;Cálido;Acogedor
40YY 41/603,Oro Bizantino,Cálido,4,7,Terracota,Pop;Maximalista,Comedor;Living,Blanco;Madera clara;Beige;Blanco roto;Neutros,Blanco;Crema;Azul profundo,Terracota cálido de luminosidad bajo (4/10) y saturación alta (7/10) que equilibra el espacio.,Bajo,Alta,Suave;Cálido;Acogedor;Alegre
61YY 89/135,Paisaje Lunar,Cálido,9,7,Arena,Pop;Maximalista,Living;Comedor;Cocina,Blanco;Madera clara;Beige;Neutros,Negro mate;Grafito;Azul profundo,Arena cálido de luminosidad muy alto (9/10) y saturación alta (7/10) que aporta amplitud visual.,Muy Alto,Alta,Luminoso;Amplio;Cálido;Acogedor
70YY 25/200,Palta,Cálido,3,3,Terracota,Dramático,Living,Blanco;Madera clara;Beige;Blanco roto,Blanco;Crema;Azul profundo,Terracota cálido de luminosidad bajo (3/10) y saturación baja (3/10) que genera profundidad.,Bajo,Baja,Profundo;Cálido;Acogedor;Sobrio
45YY 76/146,Papiro,Cálido,8,6,Arena,Rústico;Mediterráneo,Living;Comedor;Cocina,Blanco;Madera clara;Beige;Neutros,Negro mate;Grafito;Azul profundo,Arena cálido de luminosidad alto (8/10) y saturación media (6/10) que aporta amplitud visual.,Alto,Media,Luminoso;Amplio;Cálido;Acogedor
49YY 46/310,Pera Deliciosa,Cálido,5,5,Arena,Rústico;Mediterráneo,Dormitorio;Pasillo;Comedor;Living,Blanco;Madera clara;Beige,Blanco;Crema;Azul profundo,Arena cálido de luminosidad medio (5/10) y saturación media (5/10) que equilibra el espacio.,Medio,Media,Suave;Cálido;Acogedor;Natural
75YY 87/137,Pera Primaveral,Cálido,9,7,Arena,Pop;Maximalista,Living;Comedor;Cocina,Blanco;Madera clara;Beige;Neutros,Negro mate;Grafito;Azul profundo,Arena cálido de luminosidad muy alto (9/10) y saturación alta (7/10) que aporta amplitud visual.,Muy Alto,Alta,Luminoso;Amplio;Cálido;Acogedor
40YY 70/138,Pergamino,Cálido,7,5,Arena,Rústico;Mediterráneo,Living;Comedor;Cocina;Dormitorio;Pasillo,Blanco;Madera clara;Beige,Negro mate;Grafito;Azul profundo,Arena cálido de luminosidad alto (7/10) y saturación media (5/10) que aporta amplitud visual.,Alto,Media,Luminoso;Amplio;Cálido;Acogedor
60YY 65/669,Periquito,Cálido,7,9,Terracota,Pop;Maximalista,Living;Comedor;Cocina,Blanco;Madera clara;Beige;Neutros,Negro mate;Grafito;Azul profundo,Terracota cálido de luminosidad alto (7/10) y saturación muy alta (9/10) que aporta amplitud visual.,Alto,Muy Alta,Luminoso;Amplio;Cálido;Acogedor
45YY 83/156,Perla Cultivada,Cálido,8,8,Arena,Pop;Maximalista,Living;Comedor;Cocina,Blanco;Madera clara;Beige;Neutros,Negro mate;Grafito;Azul profundo,Arena cálido de luminosidad alto (8/10) y saturación alta (8/10) que aporta amplitud visual.,Alto,Alta,Luminoso;Amplio;Cálido;Acogedor
50YY 75/104,Pétalo de Almendro,Cálido,7,5,Arena,Rústico;Mediterráneo,Living;Comedor;Cocina;Dormitorio;Pasillo,Blanco;Madera clara;Beige,Negro mate;Grafito;Azul profundo,Arena cálido de luminosidad alto (7/10) y saturación media (5/10) que aporta amplitud visual.,Alto,Media,Luminoso;Amplio;Cálido;Acogedor
42YY 64/745,Pimienta Cítrica *,Cálido,6,9,Terracota,Pop;Maximalista,Comedor;Living,Blanco;Madera clara;Beige;Neutros,Blanco;Crema;Azul profundo,Terracota cálido de luminosidad medio (6/10) y saturación muy alta (9/10) que equilibra el espacio.,Medio,Muy Alta,Suave;Cálido;Acogedor;Alegre
30YY 39/225,Pimienta del Reino,Cálido,4,4,Arena,Contemporáneo,Living,Blanco;Madera clara;Beige;Blanco roto,Blanco;Crema;Azul profundo,Arena cálido de luminosidad bajo (4/10) y saturación baja (4/10) que equilibra el espacio.,Bajo,Baja,Suave;Cálido;Acogedor;Natural
71YY 87/078,Playa Blanca,Cálido,9,5,Arena,Rústico;Mediterráneo,Living;Comedor;Cocina;Dormitorio;Pasillo,Blanco;Madera clara;Beige,Negro mate;Grafito;Azul profundo,Arena cálido de luminosidad muy alto (9/10) y saturación media (5/10) que aporta amplitud visual.,Muy Alto,Media,Luminoso;Amplio;Cálido;Acogedor
30YY 46/608,Rescate del Rey,Cálido,5,8,Terracota,Pop;Maximalista,Comedor;Living,Blanco;Madera clara;Beige;Neutros,Blanco;Crema;Azul profundo,Terracota cálido de luminosidad medio (5/10) y saturación alta (8/10) que equilibra el espacio.,Medio,Alta,Suave;Cálido;Acogedor;Alegre
45YY 73/519,Rosa Amarilla,Cálido,7,10,Arena,Pop;Maximalista,Living;Comedor;Cocina,Blanco;Madera clara;Beige;Neutros,Negro mate;Grafito;Azul profundo,Arena cálido de luminosidad alto (7/10) y saturación muy alta (10/10) que aporta amplitud visual.,Alto,Muy Alta,Luminoso;Amplio;Cálido;Acogedor
62YY 78/618,Sabor Limón,Cálido,8,10,Piedra,Pop;Maximalista,Living;Dormitorio;Comedor;Cocina;Baño;Pasillo;Home office;Cuarto de niños,Blanco;Madera clara;Beige;Neutros,Negro mate;Grafito;Azul profundo,Piedra cálido de luminosidad alto (8/10) y saturación muy alta (10/10) que aporta amplitud visual.,Alto,Muy Alta,Luminoso;Amplio;Cálido;Acogedor
45YY 67/259,Sahara Occidental,Cálido,7,6,Arena,Rústico;Mediterráneo,Living;Comedor;Cocina,Blanco;Madera clara;Beige;Neutros,Negro mate;Grafito;Azul profundo,Arena cálido de luminosidad alto (7/10) y saturación media (6/10) que aporta amplitud visual.,Alto,Media,Luminoso;Amplio;Cálido;Acogedor
60YY 83/094,Sala Blanca,Cálido,8,5,Arena,Rústico;Mediterráneo,Living;Comedor;Cocina;Dormitorio;Pasillo,Blanco;Madera clara;Beige,Negro mate;Grafito;Azul profundo,Arena cálido de luminosidad alto (8/10) y saturación media (5/10) que aporta amplitud visual.,Alto,Media,Luminoso;Amplio;Cálido;Acogedor
66YY 88/114,Seda Matinal,Cálido,9,6,Arena,Rústico;Mediterráneo,Living;Comedor;Cocina,Blanco;Madera clara;Beige;Neutros,Negro mate;Grafito;Azul profundo,Arena cálido de luminosidad muy alto (9/10) y saturación media (6/10) que aporta amplitud visual.,Muy Alto,Media,Luminoso;Amplio;Cálido;Acogedor
45YY 49/610,Semilla de Mostaza,Cálido,5,7,Terracota,Pop;Maximalista,Comedor;Living,Blanco;Madera clara;Beige;Neutros,Blanco;Crema;Azul profundo,Terracota cálido de luminosidad medio (5/10) y saturación alta (7/10) que equilibra el espacio.,Medio,Alta,Suave;Cálido;Acogedor;Alegre
53YY 82/133,Sensación Cremosa,Cálido,8,6,Arena,Rústico;Mediterráneo,Living;Dormitorio;Comedor;Cocina;Baño;Pasillo;Home office;Cuarto de niños,Blanco;Madera clara;Beige;Neutros,Negro mate;Grafito;Azul profundo,Arena cálido de luminosidad alto (8/10) y saturación media (6/10) que aporta amplitud visual.,Alto,Media,Luminoso;Amplio;Cálido;Acogedor
54YY 71/171,Sensación de Duna,Cálido,7,5,Arena,Rústico;Mediterráneo,Living;Dormitorio;Comedor;Cocina;Baño;Pasillo;Home office;Cuarto de niños,Blanco;Madera clara;Beige,Negro mate;Grafito;Azul profundo,Arena cálido de luminosidad alto (7/10) y saturación media (5/10) que aporta amplitud visual.,Alto,Media,Luminoso;Amplio;Cálido;Acogedor
68YY 83/339,Sensación Matinal,Cálido,8,9,Piedra,Pop;Maximalista,Living;Comedor;Cocina,Blanco;Madera clara;Beige;Neutros,Negro mate;Grafito;Azul profundo,Piedra cálido de luminosidad alto (8/10) y saturación muy alta (9/10) que aporta amplitud visual.,Alto,Muy Alta,Luminoso;Amplio;Cálido;Acogedor
41YY 69/742,Sol Brillante *,Cálido,7,10,Arena,Pop;Maximalista,Living;Comedor;Cocina,Blanco;Madera clara;Beige;Neutros,Negro mate;Grafito;Azul profundo,Arena cálido de luminosidad alto (7/10) y saturación muy alta (10/10) que aporta amplitud visual.,Alto,Muy Alta,Luminoso;Amplio;Cálido;Acogedor
54YY 85/291,Sol Celestial,Cálido,8,9,Arena,Pop;Maximalista,Living;Comedor;Cocina,Blanco;Madera clara;Beige;Neutros,Negro mate;Grafito;Azul profundo,Arena cálido de luminosidad alto (8/10) y saturación muy alta (9/10) que aporta amplitud visual.,Alto,Muy Alta,Luminoso;Amplio;Cálido;Acogedor
60YY 62/755,Sol de Primavera *,Cálido,6,9,Terracota,Pop;Maximalista,Comedor;Living,Blanco;Madera clara;Beige;Neutros,Blanco;Crema;Azul profundo,Terracota cálido de luminosidad medio (6/10) y saturación muy alta (9/10) que equilibra el espacio.,Medio,Muy Alta,Suave;Cálido;Acogedor;Alegre
37YY 61/877,Sol Espléndido *,Cálido,6,10,Terracota,Pop;Maximalista,Comedor;Living,Blanco;Madera clara;Beige;Neutros,Blanco;Crema;Azul profundo,Terracota cálido de luminosidad medio (6/10) y saturación muy alta (10/10) que equilibra el espacio.,Medio,Muy Alta,Suave;Cálido;Acogedor;Alegre
45YY 67/662,Sol Matinal,Cálido,7,10,Arena,Pop;Maximalista,Living;Comedor;Cocina,Blanco;Madera clara;Beige;Neutros,Negro mate;Grafito;Azul profundo,Arena cálido de luminosidad alto (7/10) y saturación muy alta (10/10) que aporta amplitud visual.,Alto,Muy Alta,Luminoso;Amplio;Cálido;Acogedor
45YY 77/424,Soleado,Cálido,8,10,Arena,Pop;Maximalista,Living;Comedor;Cocina,Blanco;Madera clara;Beige;Neutros,Negro mate;Grafito;Azul profundo,Arena cálido de luminosidad alto (8/10) y saturación muy alta (10/10) que aporta amplitud visual.,Alto,Muy Alta,Luminoso;Amplio;Cálido;Acogedor
45YY 65/334,Soneto Portugués,Cálido,7,7,Arena,Pop;Maximalista,Living;Comedor;Cocina,Blanco;Madera clara;Beige;Neutros,Negro mate;Grafito;Azul profundo,Arena cálido de luminosidad alto (7/10) y saturación alta (7/10) que aporta amplitud visual.,Alto,Alta,Luminoso;Amplio;Cálido;Acogedor
34YY 61/672,Sublime Luz Solar *,Cálido,6,9,Arena,Pop;Maximalista,Comedor;Living,Blanco;Madera clara;Beige;Neutros,Blanco;Crema;Azul profundo,Arena cálido de luminosidad medio (6/10) y saturación muy alta (9/10) que equilibra el espacio.,Medio,Muy Alta,Suave;Cálido;Acogedor;Alegre
39YY 68/634,Tesoro Arqueológico,Cálido,7,10,Arena,Pop;Maximalista,Living;Comedor;Cocina,Blanco;Madera clara;Beige;Neutros,Negro mate;Grafito;Azul profundo,Arena cálido de luminosidad alto (7/10) y saturación muy alta (10/10) que aporta amplitud visual.,Alto,Muy Alta,Luminoso;Amplio;Cálido;Acogedor
40YY 46/587,Tiara,Cálido,5,7,Terracota,Pop;Maximalista,Comedor;Living,Blanco;Madera clara;Beige;Neutros,Blanco;Crema;Azul profundo,Terracota cálido de luminosidad medio (5/10) y saturación alta (7/10) que equilibra el espacio.,Medio,Alta,Suave;Cálido;Acogedor;Alegre
65YY 72/399,Toque de Manzana,Cálido,7,7,Arena,Pop;Maximalista,Living;Comedor;Cocina,Blanco;Madera clara;Beige;Neutros,Negro mate;Grafito;Azul profundo,Arena cálido de luminosidad alto (7/10) y saturación alta (7/10) que aporta amplitud visual.,Alto,Alta,Luminoso;Amplio;Cálido;Acogedor
60YY 76/144,Toque de Primavera,Cálido,8,5,Arena,Rústico;Mediterráneo,Living;Comedor;Cocina;Dormitorio;Pasillo,Blanco;Madera clara;Beige,Negro mate;Grafito;Azul profundo,Arena cálido de luminosidad alto (8/10) y saturación media (5/10) que aporta amplitud visual.,Alto,Media,Luminoso;Amplio;Cálido;Acogedor
40YY 49/408,Triple Corona,Cálido,5,6,Arena,Rústico;Mediterráneo,Comedor;Living,Blanco;Madera clara;Beige;Neutros,Blanco;Crema;Azul profundo,Arena cálido de luminosidad medio (5/10) y saturación media (6/10) que equilibra el espacio.,Medio,Media,Suave;Cálido;Acogedor;Natural
43YY 69/543,Tulipán de Mayo,Cálido,7,9,Arena,Pop;Maximalista,Living;Comedor;Cocina,Blanco;Madera clara;Beige;Neutros,Negro mate;Grafito;Azul profundo,Arena cálido de luminosidad alto (7/10) y saturación muy alta (9/10) que aporta amplitud visual.,Alto,Muy Alta,Luminoso;Amplio;Cálido;Acogedor
60YY 67/117,Valle Nublado,Cálido,7,4,Arena,Minimalista;Nórdico;Japandi;Rústico;Mediterráneo,Living;Comedor;Cocina;Dormitorio;Pasillo,Blanco;Madera clara;Beige,Negro mate;Grafito;Azul profundo,Arena cálido de luminosidad alto (7/10) y saturación baja (4/10) que aporta amplitud visual.,Alto,Baja,Luminoso;Amplio;Cálido;Acogedor
70YY 83/075,Vapor,Cálido,8,5,Arena,Rústico;Mediterráneo,Living;Comedor;Cocina;Dormitorio;Pasillo,Blanco;Madera clara;Beige,Negro mate;Grafito;Azul profundo,Arena cálido de luminosidad alto (8/10) y saturación media (5/10) que aporta amplitud visual.,Alto,Media,Luminoso;Amplio;Cálido;Acogedor
45YY 51/758,Verde Dorado *,Cálido,6,10,Terracota,Pop;Maximalista,Comedor;Living,Blanco;Madera clara;Beige;Neutros,Blanco;Crema;Azul profundo,Terracota cálido de luminosidad medio (6/10) y saturación muy alta (10/10) que equilibra el espacio.,Medio,Muy Alta,Suave;Cálido;Acogedor;Alegre
45YY 51/365,Verde Escocés,Cálido,5,6,Arena,Rústico;Mediterráneo,Living;Dormitorio;Comedor;Cocina;Baño;Pasillo;Home office;Cuarto de niños,Blanco;Madera clara;Beige;Neutros,Blanco;Crema;Azul profundo,Arena cálido de luminosidad medio (5/10) y saturación media (6/10) que equilibra el espacio.,Medio,Media,Suave;Cálido;Acogedor;Natural
45YY 63/251,Verde Italiano,Cálido,7,6,Arena,Rústico;Mediterráneo,Living;Dormitorio;Comedor;Cocina;Baño;Pasillo;Home office;Cuarto de niños,Blanco;Madera clara;Beige;Neutros,Negro mate;Grafito;Azul profundo,Arena cálido de luminosidad alto (7/10) y saturación media (6/10) que aporta amplitud visual.,Alto,Media,Luminoso;Amplio;Cálido;Acogedor
41YY 53/306,Verde Mañana,Cálido,6,6,Arena,Rústico;Mediterráneo,Living;Dormitorio;Comedor;Cocina;Baño;Pasillo;Home office;Cuarto de niños,Blanco;Madera clara;Beige;Neutros,Blanco;Crema;Azul profundo,Arena cálido de luminosidad medio (6/10) y saturación media (6/10) que equilibra el espacio.,Medio,Media,Suave;Cálido;Acogedor;Natural
50YY 62/309,Verde Matinal,Cálido,6,6,Arena,Rústico;Mediterráneo,Comedor;Living,Blanco;Madera clara;Beige;Neutros,Blanco;Crema;Azul profundo,Arena cálido de luminosidad medio (6/10) y saturación media (6/10) que equilibra el espacio.,Medio,Media,Suave;Cálido;Acogedor;Natural
40YY 58/565,Verde Sueco,Cálido,6,8,Arena,Pop;Maximalista,Comedor;Living,Blanco;Madera clara;Beige;Neutros,Blanco;Crema;Azul profundo,Arena cálido de luminosidad medio (6/10) y saturación alta (8/10) que equilibra el espacio.,Medio,Alta,Suave;Cálido;Acogedor;Alegre
48YY 12/177,Verde Tapenade,Cálido,2,4,Terracota,Dramático,Living,Blanco;Madera clara;Beige;Blanco roto,Blanco;Crema;Azul profundo,Terracota cálido de luminosidad muy bajo (2/10) y saturación baja (4/10) que genera profundidad.,Muy Bajo,Baja,Profundo;Cálido;Acogedor;Natural
49YY 54/251,Verde Toscana,Cálido,6,5,Arena,Rústico;Mediterráneo,Living;Dormitorio;Comedor;Cocina;Baño;Pasillo;Home office;Cuarto de niños,Blanco;Madera clara;Beige,Blanco;Crema;Azul profundo,Arena cálido de luminosidad medio (6/10) y saturación media (5/10) que equilibra el espacio.,Medio,Media,Suave;Cálido;Acogedor;Natural
46YY 74/602,Yema de Huevo,Cálido,7,10,Arena,Pop;Maximalista,Living;Comedor;Cocina,Blanco;Madera clara;Beige;Neutros,Negro mate;Grafito;Azul profundo,Arena cálido de luminosidad alto (7/10) y saturación muy alta (10/10) que aporta amplitud visual.,Alto,Muy Alta,Luminoso;Amplio;Cálido;Acogedor
76BG 72/113,Agua Mística,Frío,7,5,Azulado,Contemporáneo,Living;Comedor;Cocina;Dormitorio;Pasillo,Blanco;Gris claro;Negro mate,Negro mate;Grafito;Terracota;Mostaza,Azulado frío de luminosidad alto (7/10) y saturación media (5/10) que aporta amplitud visual.,Alto,Media,Luminoso;Amplio;Frío;Sereno
07BB 62/156,Agua Secreta,Frío,6,6,Azulado,Contemporáneo,Living,Blanco;Gris claro;Negro mate;Neutros,Blanco;Crema;Terracota;Mostaza,Azulado frío de luminosidad medio (6/10) y saturación media (6/10) que equilibra el espacio.,Medio,Media,Suave;Frío;Sereno;Natural
65BG 17/353,Aguas Caribeñas,Frío,2,10,Azulado,Industrial;Contemporáneo;Pop;Maximalista;Dramático,Baño;Home office,Blanco;Gris claro;Negro mate;Blanco roto;Neutros,Blanco;Crema;Terracota;Mostaza,Azulado frío de luminosidad muy bajo (2/10) y saturación muy alta (10/10) que genera profundidad.,Muy Bajo,Muy Alta,Profundo;Frío;Sereno;Alegre
15BB 19/227,Aguas de Islandia,Frío,2,4,Azulado,Industrial;Contemporáneo;Dramático,Living;Dormitorio;Comedor;Cocina;Baño;Pasillo;Home office;Cuarto de niños,Blanco;Gris claro;Negro mate;Blanco roto,Blanco;Crema;Terracota;Mostaza,Azulado frío de luminosidad muy bajo (2/10) y saturación baja (4/10) que genera profundidad.,Muy Bajo,Baja,Profundo;Frío;Sereno;Natural
36BB 46/231,Aguas de Lisboa,Frío,5,5,Azulado,Industrial;Contemporáneo,Dormitorio;Pasillo;Baño;Home office,Blanco;Gris claro;Negro mate,Blanco;Crema;Terracota;Mostaza,Azulado frío de luminosidad medio (5/10) y saturación media (5/10) que equilibra el espacio.,Medio,Media,Suave;Frío;Sereno;Natural
25BB 32/310,Aguas Limpias,Frío,4,6,Azulado,Industrial;Contemporáneo,Living;Dormitorio;Comedor;Cocina;Baño;Pasillo;Home office;Cuarto de niños,Blanco;Gris claro;Negro mate;Blanco roto;Neutros,Blanco;Crema;Terracota;Mostaza,Azulado frío de luminosidad bajo (4/10) y saturación media (6/10) que equilibra el espacio.,Bajo,Media,Suave;Frío;Sereno;Natural
50BG 11/123,Aguas Oceánicas,Frío,2,4,Azulado,Industrial;Contemporáneo;Dramático,Baño;Home office,Blanco;Gris claro;Negro mate;Blanco roto,Blanco;Crema;Terracota;Mostaza,Azulado frío de luminosidad muy bajo (2/10) y saturación baja (4/10) que genera profundidad.,Muy Bajo,Baja,Profundo;Frío;Sereno;Natural
14BB 39/289,Aguas Ondulantes,Frío,4,6,Azulado,Industrial;Contemporáneo,Baño;Home office,Blanco;Gris claro;Negro mate;Blanco roto;Neutros,Blanco;Crema;Terracota;Mostaza,Azulado frío de luminosidad bajo (4/10) y saturación media (6/10) que equilibra el espacio.,Bajo,Media,Suave;Frío;Sereno;Natural
30BB 08/225,Aguas Turbulentas,Frío,2,7,Azulado,Industrial;Contemporáneo;Pop;Maximalista;Dramático,Baño;Home office,Blanco;Gris claro;Negro mate;Blanco roto;Neutros,Blanco;Crema;Terracota;Mostaza,Azulado frío de luminosidad muy bajo (2/10) y saturación alta (7/10) que genera profundidad.,Muy Bajo,Alta,Profundo;Frío;Sereno;Alegre
83BG 55/097,Aguas Vaporosas,Frío,6,3,Azulado,Contemporáneo,Dormitorio;Pasillo,Blanco;Gris claro;Negro mate,Blanco;Crema;Terracota;Mostaza,Azulado frío de luminosidad medio (6/10) y saturación baja (3/10) que equilibra el espacio.,Medio,Baja,Suave;Frío;Sereno;Sobrio
32BB 10/296,Alas de Colibrí,Frío,2,10,Azulado,Industrial;Contemporáneo;Pop;Maximalista;Dramático,Living;Dormitorio;Comedor;Cocina;Baño;Pasillo;Home office;Cuarto de niños,Blanco;Gris claro;Negro mate;Blanco roto;Neutros,Blanco;Crema;Terracota;Mostaza,Azulado frío de luminosidad muy bajo (2/10) y saturación muy alta (10/10) que genera profundidad.,Muy Bajo,Muy Alta,Profundo;Frío;Sereno;Alegre
10BB 64/052,Alaska,Frío,7,2,Azulado,Minimalista;Nórdico;Japandi,Living;Comedor;Cocina;Dormitorio;Pasillo,Blanco;Gris claro;Negro mate,Negro mate;Grafito;Terracota;Mostaza,Azulado frío de luminosidad alto (7/10) y saturación muy baja (2/10) que aporta amplitud visual.,Alto,Muy Baja,Luminoso;Amplio;Frío;Sereno
50BG 41/312,Amsterdam,Frío,5,6,Azulado,Industrial;Contemporáneo,Baño;Home office,Blanco;Gris claro;Negro mate;Neutros,Blanco;Crema;Terracota;Mostaza,Azulado frío de luminosidad medio (5/10) y saturación media (6/10) que equilibra el espacio.,Medio,Media,Suave;Frío;Sereno;Natural
50BB 27/232,Arlequín,Frío,3,4,Azulado,Industrial;Contemporáneo;Dramático,Baño;Home office,Blanco;Gris claro;Negro mate;Blanco roto,Blanco;Crema;Terracota;Mostaza,Azulado frío de luminosidad bajo (3/10) y saturación baja (4/10) que genera profundidad.,Bajo,Baja,Profundo;Frío;Sereno;Natural
52BB 75/036,Aroma a Violeta,Frío,8,2,Azulado,Minimalista;Nórdico;Japandi,Living;Dormitorio;Comedor;Cocina;Baño;Pasillo;Home office;Cuarto de niños,Blanco;Gris claro;Negro mate,Negro mate;Grafito;Terracota;Mostaza,Azulado frío de luminosidad alto (8/10) y saturación muy baja (2/10) que aporta amplitud visual.,Alto,Muy Baja,Luminoso;Amplio;Frío;Sereno
39BB 18/351,Azul Añil,Frío,2,7,Azulado,Industrial;Contemporáneo;Pop;Maximalista;Dramático,Baño;Home office,Blanco;Gris claro;Negro mate;Blanco roto;Neutros,Blanco;Crema;Terracota;Mostaza,Azulado frío de luminosidad muy bajo (2/10) y saturación alta (7/10) que genera profundidad.,Muy Bajo,Alta,Profundo;Frío;Sereno;Alegre
70BB 67/096,Azul Arcadia,Frío,7,3,Azulado,Minimalista;Nórdico;Japandi,Living;Comedor;Cocina;Dormitorio;Pasillo,Blanco;Gris claro;Negro mate,Negro mate;Grafito;Terracota;Mostaza,Azulado frío de luminosidad alto (7/10) y saturación baja (3/10) que aporta amplitud visual.,Alto,Baja,Luminoso;Amplio;Frío;Sereno
70BG 53/164,Azul Atlántida,Frío,6,5,Azulado,Contemporáneo,Dormitorio;Pasillo,Blanco;Gris claro;Negro mate,Blanco;Crema;Terracota;Mostaza,Azulado frío de luminosidad medio (6/10) y saturación media (5/10) que equilibra el espacio.,Medio,Media,Suave;Frío;Sereno;Natural
50BB 08/257,Azul Bajo Cero,Frío,2,7,Azulado,Industrial;Contemporáneo;Pop;Maximalista;Dramático,Baño;Home office,Blanco;Gris claro;Negro mate;Blanco roto;Neutros,Blanco;Crema;Terracota;Mostaza,Azulado frío de luminosidad muy bajo (2/10) y saturación alta (7/10) que genera profundidad.,Muy Bajo,Alta,Profundo;Frío;Sereno;Alegre
70BG 44/129,Azul Barroco,Frío,5,3,Azulado,Industrial;Contemporáneo,Dormitorio;Pasillo;Baño;Home office,Blanco;Gris claro;Negro mate,Blanco;Crema;Terracota;Mostaza,Azulado frío de luminosidad medio (5/10) y saturación baja (3/10) que equilibra el espacio.,Medio,Baja,Suave;Frío;Sereno;Sobrio
43BB 09/340,Azul Blazer,Frío,2,10,Azulado,Industrial;Contemporáneo;Pop;Maximalista;Dramático,Baño;Home office,Blanco;Gris claro;Negro mate;Blanco roto;Neutros,Blanco;Crema;Terracota;Mostaza,Azulado frío de luminosidad muy bajo (2/10) y saturación muy alta (10/10) que genera profundidad.,Muy Bajo,Muy Alta,Profundo;Frío;Sereno;Alegre
40BG 65/171,Azul Burbujeante,Frío,7,6,Azulado,Contemporáneo,Living;Dormitorio;Comedor;Cocina;Baño;Pasillo;Home office;Cuarto de niños,Blanco;Gris claro;Negro mate;Neutros,Negro mate;Grafito;Terracota;Mostaza,Azulado frío de luminosidad alto (7/10) y saturación media (6/10) que aporta amplitud visual.,Alto,Media,Luminoso;Amplio;Frío;Sereno
27BB 21/366,Azul Cabalgata,Frío,3,8,Azulado,Industrial;Contemporáneo;Pop;Maximalista;Dramático,Living;Dormitorio;Comedor;Cocina;Baño;Pasillo;Home office;Cuarto de niños,Blanco;Gris claro;Negro mate;Blanco roto;Neutros,Blanco;Crema;Terracota;Mostaza,Azulado frío de luminosidad bajo (3/10) y saturación alta (8/10) que genera profundidad.,Bajo,Alta,Profundo;Frío;Sereno;Alegre
50BG 12/219,Azul Cadete,Frío,2,8,Azulado,Industrial;Contemporáneo;Pop;Maximalista;Dramático,Baño;Home office,Blanco;Gris claro;Negro mate;Blanco roto;Neutros,Blanco;Crema;Terracota;Mostaza,Azulado frío de luminosidad muy bajo (2/10) y saturación alta (8/10) que genera profundidad.,Muy Bajo,Alta,Profundo;Frío;Sereno;Alegre
48BB 33/169,Azul Camarote,Frío,4,3,Azulado,Industrial;Contemporáneo,Living;Dormitorio;Comedor;Cocina;Baño;Pasillo;Home office;Cuarto de niños,Blanco;Gris claro;Negro mate;Blanco roto,Blanco;Crema;Terracota;Mostaza,Azulado frío de luminosidad bajo (4/10) y saturación baja (3/10) que equilibra el espacio.,Bajo,Baja,Suave;Frío;Sereno;Sobrio
30BB 18/318,Azul Campeón,Frío,3,6,Azulado,Industrial;Contemporáneo;Dramático,Baño;Home office,Blanco;Gris claro;Negro mate;Blanco roto;Neutros,Blanco;Crema;Terracota;Mostaza,Azulado frío de luminosidad bajo (3/10) y saturación media (6/10) que genera profundidad.,Bajo,Media,Profundo;Frío;Sereno;Natural
30BB 18/190,Azul Capitolio,Frío,2,3,Azulado,Industrial;Contemporáneo;Dramático,Baño;Home office,Blanco;Gris claro;Negro mate;Blanco roto,Blanco;Crema;Terracota;Mostaza,Azulado frío de luminosidad muy bajo (2/10) y saturación baja (3/10) que genera profundidad.,Muy Bajo,Baja,Profundo;Frío;Sereno;Sobrio
50BB 33/164,Azul Cashmere,Frío,4,3,Azulado,Industrial;Contemporáneo,Baño;Home office,Blanco;Gris claro;Negro mate;Blanco roto,Blanco;Crema;Terracota;Mostaza,Azulado frío de luminosidad bajo (4/10) y saturación baja (3/10) que equilibra el espacio.,Bajo,Baja,Suave;Frío;Sereno;Sobrio
67BG 19/394,Azul Celeste Fusión,Frío,3,10,Azulado,Industrial;Contemporáneo;Pop;Maximalista;Dramático,Baño;Home office,Blanco;Gris claro;Negro mate;Blanco roto;Neutros,Blanco;Crema;Terracota;Mostaza,Azulado frío de luminosidad bajo (3/10) y saturación muy alta (10/10) que genera profundidad.,Bajo,Muy Alta,Profundo;Frío;Sereno;Alegre
50BB 39/188,Azul Ceremonial,Frío,4,4,Azulado,Industrial;Contemporáneo,Baño;Home office,Blanco;Gris claro;Negro mate;Blanco roto,Blanco;Crema;Terracota;Mostaza,Azulado frío de luminosidad bajo (4/10) y saturación baja (4/10) que equilibra el espacio.,Bajo,Baja,Suave;Frío;Sereno;Natural
01BB 69/098,Azul Citrino,Frío,7,4,Azulado,Minimalista;Nórdico;Japandi,Living;Comedor;Cocina;Dormitorio;Pasillo,Blanco;Gris claro;Negro mate,Negro mate;Grafito;Terracota;Mostaza,Azulado frío de luminosidad alto (7/10) y saturación baja (4/10) que aporta amplitud visual.,Alto,Baja,Luminoso;Amplio;Frío;Sereno
50BB 63/094,Azul Colgante,Frío,7,3,Azulado,Minimalista;Nórdico;Japandi,Living;Comedor;Cocina;Dormitorio;Pasillo,Blanco;Gris claro;Negro mate,Negro mate;Grafito;Terracota;Mostaza,Azulado frío de luminosidad alto (7/10) y saturación baja (3/10) que aporta amplitud visual.,Alto,Baja,Luminoso;Amplio;Frío;Sereno
31BB 15/212,Azul Cóndor,Frío,2,4,Azulado,Industrial;Contemporáneo;Dramático,Baño;Home office,Blanco;Gris claro;Negro mate;Blanco roto,Blanco;Crema;Terracota;Mostaza,Azulado frío de luminosidad muy bajo (2/10) y saturación baja (4/10) que genera profundidad.,Muy Bajo,Baja,Profundo;Frío;Sereno;Natural
90BG 56/125,Azul Danubio,Frío,6,4,Azulado,Contemporáneo,Dormitorio;Pasillo,Blanco;Gris claro;Negro mate,Blanco;Crema;Terracota;Mostaza,Azulado frío de luminosidad medio (6/10) y saturación baja (4/10) que equilibra el espacio.,Medio,Baja,Suave;Frío;Sereno;Natural
50BB 63/066,Azul de Jarrón,Frío,7,3,Azulado,Minimalista;Nórdico;Japandi,Living;Comedor;Cocina;Dormitorio;Pasillo,Blanco;Gris claro;Negro mate,Negro mate;Grafito;Terracota;Mostaza,Azulado frío de luminosidad alto (7/10) y saturación baja (3/10) que aporta amplitud visual.,Alto,Baja,Luminoso;Amplio;Frío;Sereno
89BG 37/353,Azul de la Tarde,Frío,4,7,Azulado,Industrial;Contemporáneo;Pop;Maximalista,Baño;Home office,Blanco;Gris claro;Negro mate;Blanco roto;Neutros,Blanco;Crema;Terracota;Mostaza,Azulado frío de luminosidad bajo (4/10) y saturación alta (7/10) que equilibra el espacio.,Bajo,Alta,Suave;Frío;Sereno;Alegre
79BG 27/391,Azul Dicha,Frío,3,10,Azulado,Industrial;Contemporáneo;Pop;Maximalista;Dramático,Living;Dormitorio;Comedor;Cocina;Baño;Pasillo;Home office;Cuarto de niños,Blanco;Gris claro;Negro mate;Blanco roto;Neutros,Blanco;Crema;Terracota;Mostaza,Azulado frío de luminosidad bajo (3/10) y saturación muy alta (10/10) que genera profundidad.,Bajo,Muy Alta,Profundo;Frío;Sereno;Alegre
30BB 63/124,Azul Discreto,Frío,7,5,Azulado,Contemporáneo,Living;Comedor;Cocina;Dormitorio;Pasillo,Blanco;Gris claro;Negro mate,Negro mate;Grafito;Terracota;Mostaza,Azulado frío de luminosidad alto (7/10) y saturación media (5/10) que aporta amplitud visual.,Alto,Media,Luminoso;Amplio;Frío;Sereno
50BB 18/276,Azul Eclesiástico,Frío,2,4,Azulado,Industrial;Contemporáneo;Dramático,Baño;Home office,Blanco;Gris claro;Negro mate;Blanco roto,Blanco;Crema;Terracota;Mostaza,Azulado frío de luminosidad muy bajo (2/10) y saturación baja (4/10) que genera profundidad.,Muy Bajo,Baja,Profundo;Frío;Sereno;Natural
70BG 72/071,Azul Eterno,Frío,7,4,Azulado,Minimalista;Nórdico;Japandi,Living;Comedor;Cocina;Dormitorio;Pasillo,Blanco;Gris claro;Negro mate,Negro mate;Grafito;Terracota;Mostaza,Azulado frío de luminosidad alto (7/10) y saturación baja (4/10) que aporta amplitud visual.,Alto,Baja,Luminoso;Amplio;Frío;Sereno
70BB 16/287,Azul Expreso,Frío,2,4,Azulado,Industrial;Contemporáneo;Dramático,Baño;Home office,Blanco;Gris claro;Negro mate;Blanco roto,Blanco;Crema;Terracota;Mostaza,Azulado frío de luminosidad muy bajo (2/10) y saturación baja (4/10) que genera profundidad.,Muy Bajo,Baja,Profundo;Frío;Sereno;Natural
72BB 07/288,Azul Fantasma,Frío,2,6,Azulado,Industrial;Contemporáneo;Dramático,Baño;Home office,Blanco;Gris claro;Negro mate;Blanco roto;Neutros,Blanco;Crema;Terracota;Mostaza,Azulado frío de luminosidad muy bajo (2/10) y saturación media (6/10) que genera profundidad.,Muy Bajo,Media,Profundo;Frío;Sereno;Natural
50BG 44/094,Azul Fénix,Frío,5,3,Azulado,Industrial;Contemporáneo,Dormitorio;Pasillo;Baño;Home office,Blanco;Gris claro;Negro mate,Blanco;Crema;Terracota;Mostaza,Azulado frío de luminosidad medio (5/10) y saturación baja (3/10) que equilibra el espacio.,Medio,Baja,Suave;Frío;Sereno;Sobrio
79BG 53/259,Azul Feriado,Frío,6,7,Azulado,Pop;Maximalista,Living,Blanco;Gris claro;Negro mate;Neutros,Blanco;Crema;Terracota;Mostaza,Azulado frío de luminosidad medio (6/10) y saturación alta (7/10) que equilibra el espacio.,Medio,Alta,Suave;Frío;Sereno;Alegre
10BB 57/115,Azul Finlandés,Frío,6,4,Azulado,Contemporáneo,Dormitorio;Pasillo,Blanco;Gris claro;Negro mate,Blanco;Crema;Terracota;Mostaza,Azulado frío de luminosidad medio (6/10) y saturación baja (4/10) que equilibra el espacio.,Medio,Baja,Suave;Frío;Sereno;Natural
30BB 10/112,Azul Firma,Frío,2,3,Azulado,Industrial;Contemporáneo;Dramático,Baño;Home office,Blanco;Gris claro;Negro mate;Blanco roto,Blanco;Crema;Terracota;Mostaza,Azulado frío de luminosidad muy bajo (2/10) y saturación baja (3/10) que genera profundidad.,Muy Bajo,Baja,Profundo;Frío;Sereno;Sobrio
30BB 32/139,Azul Florentino,Frío,4,3,Azulado,Industrial;Contemporáneo,Baño;Home office,Blanco;Gris claro;Negro mate;Blanco roto,Blanco;Crema;Terracota;Mostaza,Azulado frío de luminosidad bajo (4/10) y saturación baja (3/10) que equilibra el espacio.,Bajo,Baja,Suave;Frío;Sereno;Sobrio
81BG 09/241,Azul Formal,Frío,2,10,Azulado,Industrial;Contemporáneo;Pop;Maximalista;Dramático,Baño;Home office,Blanco;Gris claro;Negro mate;Blanco roto;Neutros,Blanco;Crema;Terracota;Mostaza,Azulado frío de luminosidad muy bajo (2/10) y saturación muy alta (10/10) que genera profundidad.,Muy Bajo,Muy Alta,Profundo;Frío;Sereno;Alegre
70BG 07/086,Azul Frontón,Frío,1,3,Azulado,Industrial;Contemporáneo;Dramático,Baño;Home office,Blanco;Gris claro;Negro mate;Blanco roto,Blanco;Crema;Terracota;Mostaza,Azulado frío de luminosidad muy bajo (1/10) y saturación baja (3/10) que genera profundidad.,Muy Bajo,Baja,Profundo;Frío;Sereno;Sobrio
10BB 11/126,Azul Gótico,Frío,2,3,Azulado,Industrial;Contemporáneo;Dramático,Baño;Home office,Blanco;Gris claro;Negro mate;Blanco roto,Blanco;Crema;Terracota;Mostaza,Azulado frío de luminosidad muy bajo (2/10) y saturación baja (3/10) que genera profundidad.,Muy Bajo,Baja,Profundo;Frío;Sereno;Sobrio
46BG 63/190,Azul Harmonía,Frío,6,6,Azulado,Contemporáneo,Living,Blanco;Gris claro;Negro mate;Neutros,Blanco;Crema;Terracota;Mostaza,Azulado frío de luminosidad medio (6/10) y saturación media (6/10) que equilibra el espacio.,Medio,Media,Suave;Frío;Sereno;Natural
88BG 08/179,Azul Imaginado,Frío,2,8,Azulado,Industrial;Contemporáneo;Pop;Maximalista;Dramático,Baño;Home office,Blanco;Gris claro;Negro mate;Blanco roto;Neutros,Blanco;Crema;Terracota;Mostaza,Azulado frío de luminosidad muy bajo (2/10) y saturación alta (8/10) que genera profundidad.,Muy Bajo,Alta,Profundo;Frío;Sereno;Alegre
90BG 20/241,Azul Índigo,Frío,3,5,Azulado,Industrial;Contemporáneo;Dramático,Baño;Home office,Blanco;Gris claro;Negro mate;Blanco roto,Blanco;Crema;Terracota;Mostaza,Azulado frío de luminosidad bajo (3/10) y saturación media (5/10) que genera profundidad.,Bajo,Media,Profundo;Frío;Sereno;Natural
04BB 34/244,Azul Informal,Frío,4,5,Azulado,Industrial;Contemporáneo,Baño;Home office,Blanco;Gris claro;Negro mate;Blanco roto,Blanco;Crema;Terracota;Mostaza,Azulado frío de luminosidad bajo (4/10) y saturación media (5/10) que equilibra el espacio.,Bajo,Media,Suave;Frío;Sereno;Natural
30BB 46/124,Azul Invernal,Frío,5,3,Azulado,Industrial;Contemporáneo,Dormitorio;Pasillo;Baño;Home office,Blanco;Gris claro;Negro mate,Blanco;Crema;Terracota;Mostaza,Azulado frío de luminosidad medio (5/10) y saturación baja (3/10) que equilibra el espacio.,Medio,Baja,Suave;Frío;Sereno;Sobrio
50BB 54/079,Azul Laqueado,Frío,6,3,Azulado,Contemporáneo,Dormitorio;Pasillo,Blanco;Gris claro;Negro mate,Blanco;Crema;Terracota;Mostaza,Azulado frío de luminosidad medio (6/10) y saturación baja (3/10) que equilibra el espacio.,Medio,Baja,Suave;Frío;Sereno;Sobrio
18BB 59/133,Azul Liláceo,Frío,6,5,Azulado,Contemporáneo,Living;Dormitorio;Comedor;Cocina;Baño;Pasillo;Home office;Cuarto de niños,Blanco;Gris claro;Negro mate,Blanco;Crema;Terracota;Mostaza,Azulado frío de luminosidad medio (6/10) y saturación media (5/10) que equilibra el espacio.,Medio,Media,Suave;Frío;Sereno;Natural
30BB 72/045,Azul Lunar,Frío,7,3,Azulado,Minimalista;Nórdico;Japandi,Living;Comedor;Cocina;Dormitorio;Pasillo,Blanco;Gris claro;Negro mate,Negro mate;Grafito;Terracota;Mostaza,Azulado frío de luminosidad alto (7/10) y saturación baja (3/10) que aporta amplitud visual.,Alto,Baja,Luminoso;Amplio;Frío;Sereno
70BB 33/202,Azul Majestuoso,Frío,4,3,Azulado,Industrial;Contemporáneo,Baño;Home office,Blanco;Gris claro;Negro mate;Blanco roto,Blanco;Crema;Terracota;Mostaza,Azulado frío de luminosidad bajo (4/10) y saturación baja (3/10) que equilibra el espacio.,Bajo,Baja,Suave;Frío;Sereno;Sobrio
50BB 08/171,Azul Marino Vibrante,Frío,2,4,Azulado,Industrial;Contemporáneo;Dramático,Baño;Home office,Blanco;Gris claro;Negro mate;Blanco roto,Blanco;Crema;Terracota;Mostaza,Azulado frío de luminosidad muy bajo (2/10) y saturación baja (4/10) que genera profundidad.,Muy Bajo,Baja,Profundo;Frío;Sereno;Natural
30BB 08/188,Azul Mediterráneo,Frío,2,5,Azulado,Industrial;Contemporáneo;Dramático,Baño;Home office,Blanco;Gris claro;Negro mate;Blanco roto,Blanco;Crema;Terracota;Mostaza,Azulado frío de luminosidad muy bajo (2/10) y saturación media (5/10) que genera profundidad.,Muy Bajo,Media,Profundo;Frío;Sereno;Natural
10BB 08/200,Azul Neptuno,Frío,2,6,Azulado,Industrial;Contemporáneo;Dramático,Baño;Home office,Blanco;Gris claro;Negro mate;Blanco roto;Neutros,Blanco;Crema;Terracota;Mostaza,Azulado frío de luminosidad muy bajo (2/10) y saturación media (6/10) que genera profundidad.,Muy Bajo,Media,Profundo;Frío;Sereno;Natural
10BB 15/154,Azul Niágara,Frío,2,3,Azulado,Industrial;Contemporáneo;Dramático,Baño;Home office,Blanco;Gris claro;Negro mate;Blanco roto,Blanco;Crema;Terracota;Mostaza,Azulado frío de luminosidad muy bajo (2/10) y saturación baja (3/10) que genera profundidad.,Muy Bajo,Baja,Profundo;Frío;Sereno;Sobrio
40BG 70/146,Azul Niño,Frío,7,6,Azulado,Contemporáneo,Living;Comedor;Cocina,Blanco;Gris claro;Negro mate;Neutros,Negro mate;Grafito;Terracota;Mostaza,Azulado frío de luminosidad alto (7/10) y saturación media (6/10) que aporta amplitud visual.,Alto,Media,Luminoso;Amplio;Frío;Sereno
50BB 18/216,Azul Noble,Frío,2,3,Azulado,Industrial;Contemporáneo;Dramático,Baño;Home office,Blanco;Gris claro;Negro mate;Blanco roto,Blanco;Crema;Terracota;Mostaza,Azulado frío de luminosidad muy bajo (2/10) y saturación baja (3/10) que genera profundidad.,Muy Bajo,Baja,Profundo;Frío;Sereno;Sobrio
70BB 09/241,Azul Noche,Frío,2,4,Azulado,Industrial;Contemporáneo;Dramático,Baño;Home office,Blanco;Gris claro;Negro mate;Blanco roto,Blanco;Crema;Terracota;Mostaza,Azulado frío de luminosidad muy bajo (2/10) y saturación baja (4/10) que genera profundidad.,Muy Bajo,Baja,Profundo;Frío;Sereno;Natural
50BG 20/230,Azul Oceánico,Frío,3,5,Azulado,Industrial;Contemporáneo;Dramático,Baño;Home office,Blanco;Gris claro;Negro mate;Blanco roto,Blanco;Crema;Terracota;Mostaza,Azulado frío de luminosidad bajo (3/10) y saturación media (5/10) que genera profundidad.,Bajo,Media,Profundo;Frío;Sereno;Natural
52BG 38/320,Azul Olímpico,Frío,4,6,Azulado,Industrial;Contemporáneo,Baño;Home office,Blanco;Gris claro;Negro mate;Blanco roto;Neutros,Blanco;Crema;Terracota;Mostaza,Azulado frío de luminosidad bajo (4/10) y saturación media (6/10) que equilibra el espacio.,Bajo,Media,Suave;Frío;Sereno;Natural
10BB 43/206,Azul Ópalo,Frío,5,5,Azulado,Industrial;Contemporáneo,Dormitorio;Pasillo;Baño;Home office,Blanco;Gris claro;Negro mate,Blanco;Crema;Terracota;Mostaza,Azulado frío de luminosidad medio (5/10) y saturación media (5/10) que equilibra el espacio.,Medio,Media,Suave;Frío;Sereno;Natural
30BB 46/086,Azul Otoñal,Frío,5,2,Azulado,Industrial;Contemporáneo,Dormitorio;Pasillo;Baño;Home office,Blanco;Gris claro;Negro mate,Blanco;Crema;Terracota;Mostaza,Azulado frío de luminosidad medio (5/10) y saturación muy baja (2/10) que equilibra el espacio.,Medio,Muy Baja,Suave;Frío;Sereno;Sobrio
10BB 40/090,Azul Oxford,Frío,5,2,Azulado,Industrial;Contemporáneo,Dormitorio;Pasillo;Baño;Home office,Blanco;Gris claro;Negro mate,Blanco;Crema;Terracota;Mostaza,Azulado frío de luminosidad medio (5/10) y saturación muy baja (2/10) que equilibra el espacio.,Medio,Muy Baja,Suave;Frío;Sereno;Sobrio
56BG 23/355,Azul Pekín,Frío,3,10,Azulado,Industrial;Contemporáneo;Pop;Maximalista;Dramático,Baño;Home office,Blanco;Gris claro;Negro mate;Blanco roto;Neutros,Blanco;Crema;Terracota;Mostaza,Azulado frío de luminosidad bajo (3/10) y saturación muy alta (10/10) que genera profundidad.,Bajo,Muy Alta,Profundo;Frío;Sereno;Alegre
30BB 33/235,Azul Pervinca,Frío,4,4,Azulado,Industrial;Contemporáneo,Baño;Home office,Blanco;Gris claro;Negro mate;Blanco roto,Blanco;Crema;Terracota;Mostaza,Azulado frío de luminosidad bajo (4/10) y saturación baja (4/10) que equilibra el espacio.,Bajo,Baja,Suave;Frío;Sereno;Natural
80BG 39/354,Azul Pim,Frío,4,7,Azulado,Industrial;Contemporáneo;Pop;Maximalista,Living;Dormitorio;Comedor;Cocina;Baño;Pasillo;Home office;Cuarto de niños,Blanco;Gris claro;Negro mate;Blanco roto;Neutros,Blanco;Crema;Terracota;Mostaza,Azulado frío de luminosidad bajo (4/10) y saturación alta (7/10) que equilibra el espacio.,Bajo,Alta,Suave;Frío;Sereno;Alegre
50BG 69/117,Azul Polo,Frío,7,5,Azulado,Contemporáneo,Living;Comedor;Cocina;Dormitorio;Pasillo,Blanco;Gris claro;Negro mate,Negro mate;Grafito;Terracota;Mostaza,Azulado frío de luminosidad alto (7/10) y saturación media (5/10) que aporta amplitud visual.,Alto,Media,Luminoso;Amplio;Frío;Sereno
22BB 34/304,Azul Portuario,Frío,4,6,Azulado,Industrial;Contemporáneo,Baño;Home office,Blanco;Gris claro;Negro mate;Blanco roto;Neutros,Blanco;Crema;Terracota;Mostaza,Azulado frío de luminosidad bajo (4/10) y saturación media (6/10) que equilibra el espacio.,Bajo,Media,Suave;Frío;Sereno;Natural
45BB 22/347,Azul Portugués,Frío,3,5,Azulado,Industrial;Contemporáneo;Dramático,Baño;Home office,Blanco;Gris claro;Negro mate;Blanco roto,Blanco;Crema;Terracota;Mostaza,Azulado frío de luminosidad bajo (3/10) y saturación media (5/10) que genera profundidad.,Bajo,Media,Profundo;Frío;Sereno;Natural
31BB 23/340,Azul Preludio,Frío,3,5,Azulado,Industrial;Contemporáneo;Dramático,Baño;Home office,Blanco;Gris claro;Negro mate;Blanco roto,Blanco;Crema;Terracota;Mostaza,Azulado frío de luminosidad bajo (3/10) y saturación media (5/10) que genera profundidad.,Bajo,Media,Profundo;Frío;Sereno;Natural
10BB 09/155,Azul Prusia,Frío,2,4,Azulado,Industrial;Contemporáneo;Dramático,Baño;Home office,Blanco;Gris claro;Negro mate;Blanco roto,Blanco;Crema;Terracota;Mostaza,Azulado frío de luminosidad muy bajo (2/10) y saturación baja (4/10) que genera profundidad.,Muy Bajo,Baja,Profundo;Frío;Sereno;Natural
62BB 08/369,Azul Puro,Frío,2,10,Azulado,Industrial;Contemporáneo;Pop;Maximalista;Dramático,Baño;Home office,Blanco;Gris claro;Negro mate;Blanco roto;Neutros,Blanco;Crema;Terracota;Mostaza,Azulado frío de luminosidad muy bajo (2/10) y saturación muy alta (10/10) que genera profundidad.,Muy Bajo,Muy Alta,Profundo;Frío;Sereno;Alegre
16BB 19/395,Azul Real,Frío,3,10,Azulado,Industrial;Contemporáneo;Pop;Maximalista;Dramático,Baño;Home office,Blanco;Gris claro;Negro mate;Blanco roto;Neutros,Blanco;Crema;Terracota;Mostaza,Azulado frío de luminosidad bajo (3/10) y saturación muy alta (10/10) que genera profundidad.,Bajo,Muy Alta,Profundo;Frío;Sereno;Alegre
13BB 17/399,Azul Regata,Frío,2,10,Azulado,Industrial;Contemporáneo;Pop;Maximalista;Dramático,Baño;Home office,Blanco;Gris claro;Negro mate;Blanco roto;Neutros,Blanco;Crema;Terracota;Mostaza,Azulado frío de luminosidad muy bajo (2/10) y saturación muy alta (10/10) que genera profundidad.,Muy Bajo,Muy Alta,Profundo;Frío;Sereno;Alegre
10BB 09/250,Azul Relámpago,Frío,2,10,Azulado,Industrial;Contemporáneo;Pop;Maximalista;Dramático,Baño;Home office,Blanco;Gris claro;Negro mate;Blanco roto;Neutros,Blanco;Crema;Terracota;Mostaza,Azulado frío de luminosidad muy bajo (2/10) y saturación muy alta (10/10) que genera profundidad.,Muy Bajo,Muy Alta,Profundo;Frío;Sereno;Alegre
74BG 61/206,Azul Remoto,Frío,6,6,Azulado,Contemporáneo,Living,Blanco;Gris claro;Negro mate;Neutros,Blanco;Crema;Terracota;Mostaza,Azulado frío de luminosidad medio (6/10) y saturación media (6/10) que equilibra el espacio.,Medio,Media,Suave;Frío;Sereno;Natural
30BB 11/244,Azul Reposera,Frío,2,7,Azulado,Industrial;Contemporáneo;Pop;Maximalista;Dramático,Baño;Home office,Blanco;Gris claro;Negro mate;Blanco roto;Neutros,Blanco;Crema;Terracota;Mostaza,Azulado frío de luminosidad muy bajo (2/10) y saturación alta (7/10) que genera profundidad.,Muy Bajo,Alta,Profundo;Frío;Sereno;Alegre
50BG 72/170,Azul Salvaje,Frío,7,6,Azulado,Contemporáneo,Living;Comedor;Cocina,Blanco;Gris claro;Negro mate;Neutros,Negro mate;Grafito;Terracota;Mostaza,Azulado frío de luminosidad alto (7/10) y saturación media (6/10) que aporta amplitud visual.,Alto,Media,Luminoso;Amplio;Frío;Sereno
30BB 63/097,Azul Seda,Frío,7,4,Azulado,Minimalista;Nórdico;Japandi,Living;Comedor;Cocina;Dormitorio;Pasillo,Blanco;Gris claro;Negro mate,Negro mate;Grafito;Terracota;Mostaza,Azulado frío de luminosidad alto (7/10) y saturación baja (4/10) que aporta amplitud visual.,Alto,Baja,Luminoso;Amplio;Frío;Sereno
35BG 42/331,Azul Seducción,Frío,5,6,Azulado,Industrial;Contemporáneo,Baño;Home office,Blanco;Gris claro;Negro mate;Neutros,Blanco;Crema;Terracota;Mostaza,Azulado frío de luminosidad medio (5/10) y saturación media (6/10) que equilibra el espacio.,Medio,Media,Suave;Frío;Sereno;Natural
60BG 17/341,Azul Sideral,Frío,3,10,Azulado,Industrial;Contemporáneo;Pop;Maximalista;Dramático,Baño;Home office,Blanco;Gris claro;Negro mate;Blanco roto;Neutros,Blanco;Crema;Terracota;Mostaza,Azulado frío de luminosidad bajo (3/10) y saturación muy alta (10/10) que genera profundidad.,Bajo,Muy Alta,Profundo;Frío;Sereno;Alegre
70BG 11/257,Azul Tempestad,Frío,2,10,Azulado,Industrial;Contemporáneo;Pop;Maximalista;Dramático,Baño;Home office,Blanco;Gris claro;Negro mate;Blanco roto;Neutros,Blanco;Crema;Terracota;Mostaza,Azulado frío de luminosidad muy bajo (2/10) y saturación muy alta (10/10) que genera profundidad.,Muy Bajo,Muy Alta,Profundo;Frío;Sereno;Alegre
10BB 30/203,Azul Tibet,Frío,4,4,Azulado,Industrial;Contemporáneo,Baño;Home office,Blanco;Gris claro;Negro mate;Blanco roto,Blanco;Crema;Terracota;Mostaza,Azulado frío de luminosidad bajo (4/10) y saturación baja (4/10) que equilibra el espacio.,Bajo,Baja,Suave;Frío;Sereno;Natural
16BB 41/268,Azul Toronto,Frío,5,6,Azulado,Industrial;Contemporáneo,Baño;Home office,Blanco;Gris claro;Negro mate;Neutros,Blanco;Crema;Terracota;Mostaza,Azulado frío de luminosidad medio (5/10) y saturación media (6/10) que equilibra el espacio.,Medio,Media,Suave;Frío;Sereno;Natural
04BB 57/189,Azul Tranquilo,Frío,6,6,Azulado,Contemporáneo,Living,Blanco;Gris claro;Negro mate;Neutros,Blanco;Crema;Terracota;Mostaza,Azulado frío de luminosidad medio (6/10) y saturación media (6/10) que equilibra el espacio.,Medio,Media,Suave;Frío;Sereno;Natural
49BB 51/186,Azul Turquía,Frío,5,5,Azulado,Industrial;Contemporáneo,Dormitorio;Pasillo;Baño;Home office,Blanco;Gris claro;Negro mate,Blanco;Crema;Terracota;Mostaza,Azulado frío de luminosidad medio (5/10) y saturación media (5/10) que equilibra el espacio.,Medio,Media,Suave;Frío;Sereno;Natural
89BG 70/116,Azul Viento,Frío,7,5,Azulado,Contemporáneo,Living;Comedor;Cocina;Dormitorio;Pasillo,Blanco;Gris claro;Negro mate,Negro mate;Grafito;Terracota;Mostaza,Azulado frío de luminosidad alto (7/10) y saturación media (5/10) que aporta amplitud visual.,Alto,Media,Luminoso;Amplio;Frío;Sereno
90BG 38/185,Azul Windsor,Frío,4,4,Azulado,Industrial;Contemporáneo,Baño;Home office,Blanco;Gris claro;Negro mate;Blanco roto,Blanco;Crema;Terracota;Mostaza,Azulado frío de luminosidad bajo (4/10) y saturación baja (4/10) que equilibra el espacio.,Bajo,Baja,Suave;Frío;Sereno;Natural
98BG 26/393,Azul Zafiro,Frío,3,10,Azulado,Industrial;Contemporáneo;Pop;Maximalista;Dramático,Baño;Home office,Blanco;Gris claro;Negro mate;Blanco roto;Neutros,Blanco;Crema;Terracota;Mostaza,Azulado frío de luminosidad bajo (3/10) y saturación muy alta (10/10) que genera profundidad.,Bajo,Muy Alta,Profundo;Frío;Sereno;Alegre
11BB 64/135,Biquini,Frío,6,5,Azulado,Contemporáneo,Dormitorio;Pasillo,Blanco;Gris claro;Negro mate,Blanco;Crema;Terracota;Mostaza,Azulado frío de luminosidad medio (6/10) y saturación media (5/10) que equilibra el espacio.,Medio,Media,Suave;Frío;Sereno;Natural
70BB 64/035,Blanco Ahumado,Neutro,7,2,Azulado,Minimalista;Nórdico;Japandi,Living;Comedor;Cocina;Dormitorio;Pasillo,Blanco;Madera clara;Negro mate,Negro mate;Grafito;Verde oliva,Azulado neutro de luminosidad alto (7/10) y saturación muy baja (2/10) que aporta amplitud visual.,Alto,Muy Baja,Luminoso;Amplio;Neutro;Elegante
49BB 76/037,Blanco Dinastía Ming,Frío,8,2,Marfil,Minimalista;Nórdico;Japandi,Living;Comedor;Cocina;Dormitorio;Pasillo,Blanco;Gris claro;Negro mate,Negro mate;Grafito;Terracota;Mostaza,Marfil frío de luminosidad alto (8/10) y saturación muy baja (2/10) que aporta amplitud visual.,Alto,Muy Baja,Luminoso;Amplio;Frío;Sereno
30BB 33/163,Blueberry,Frío,4,3,Azulado,Industrial;Contemporáneo,Baño;Home office,Blanco;Gris claro;Negro mate;Blanco roto,Blanco;Crema;Terracota;Mostaza,Azulado frío de luminosidad bajo (4/10) y saturación baja (3/10) que equilibra el espacio.,Bajo,Baja,Suave;Frío;Sereno;Sobrio
50BG 30/235,Blues,Frío,4,4,Azulado,Industrial;Contemporáneo,Baño;Home office,Blanco;Gris claro;Negro mate;Blanco roto,Blanco;Crema;Terracota;Mostaza,Azulado frío de luminosidad bajo (4/10) y saturación baja (4/10) que equilibra el espacio.,Bajo,Baja,Suave;Frío;Sereno;Natural
51BB 11/311,Boda Azul,Frío,2,7,Azulado,Industrial;Contemporáneo;Pop;Maximalista;Dramático,Baño;Home office,Blanco;Gris claro;Negro mate;Blanco roto;Neutros,Blanco;Crema;Terracota;Mostaza,Azulado frío de luminosidad muy bajo (2/10) y saturación alta (7/10) que genera profundidad.,Muy Bajo,Alta,Profundo;Frío;Sereno;Alegre
66BB 29/332,Bouquet de Lavanda,Frío,3,5,Azulado,Industrial;Contemporáneo;Dramático,Living;Dormitorio;Comedor;Cocina;Baño;Pasillo;Home office;Cuarto de niños,Blanco;Gris claro;Negro mate;Blanco roto,Blanco;Crema;Terracota;Mostaza,Azulado frío de luminosidad bajo (3/10) y saturación media (5/10) que genera profundidad.,Bajo,Media,Profundo;Frío;Sereno;Natural
30BB 72/034,Brillo de Estrellas,Frío,7,2,Azulado,Minimalista;Nórdico;Japandi,Living;Comedor;Cocina;Dormitorio;Pasillo,Blanco;Gris claro;Negro mate,Negro mate;Grafito;Terracota;Mostaza,Azulado frío de luminosidad alto (7/10) y saturación muy baja (2/10) que aporta amplitud visual.,Alto,Muy Baja,Luminoso;Amplio;Frío;Sereno
30BB 54/120,Brillo de Hadas,Frío,6,4,Azulado,Contemporáneo,Dormitorio;Pasillo,Blanco;Gris claro;Negro mate,Blanco;Crema;Terracota;Mostaza,Azulado frío de luminosidad medio (6/10) y saturación baja (4/10) que equilibra el espacio.,Medio,Baja,Suave;Frío;Sereno;Natural
10BB 17/269,Brillo de Zafiro,Frío,2,6,Azulado,Industrial;Contemporáneo;Dramático,Baño;Home office,Blanco;Gris claro;Negro mate;Blanco roto;Neutros,Blanco;Crema;Terracota;Mostaza,Azulado frío de luminosidad muy bajo (2/10) y saturación media (6/10) que genera profundidad.,Muy Bajo,Media,Profundo;Frío;Sereno;Natural
10BB 49/137,Brillo Estelar,Frío,5,4,Azulado,Industrial;Contemporáneo,Dormitorio;Pasillo;Baño;Home office,Blanco;Gris claro;Negro mate,Blanco;Crema;Terracota;Mostaza,Azulado frío de luminosidad medio (5/10) y saturación baja (4/10) que equilibra el espacio.,Medio,Baja,Suave;Frío;Sereno;Natural
17BB 79/028,Bruma de Escarcha,Frío,8,2,Marfil,Minimalista;Nórdico;Japandi,Living;Dormitorio;Comedor;Cocina;Baño;Pasillo;Home office;Cuarto de niños,Blanco;Gris claro;Negro mate,Negro mate;Grafito;Terracota;Mostaza,Marfil frío de luminosidad alto (8/10) y saturación muy baja (2/10) que aporta amplitud visual.,Alto,Muy Baja,Luminoso;Amplio;Frío;Sereno
70BG 70/131,Bruma Naciente,Frío,7,6,Azulado,Contemporáneo,Living;Comedor;Cocina,Blanco;Gris claro;Negro mate;Neutros,Negro mate;Grafito;Terracota;Mostaza,Azulado frío de luminosidad alto (7/10) y saturación media (6/10) que aporta amplitud visual.,Alto,Media,Luminoso;Amplio;Frío;Sereno
70BB 35/108,Caída de la Noche,Frío,4,2,Azulado,Industrial;Contemporáneo,Baño;Home office,Blanco;Gris claro;Negro mate;Blanco roto,Blanco;Crema;Terracota;Mostaza,Azulado frío de luminosidad bajo (4/10) y saturación muy baja (2/10) que equilibra el espacio.,Bajo,Muy Baja,Suave;Frío;Sereno;Sobrio
96BG 20/413,Calma Mediterránea,Frío,3,10,Azulado,Industrial;Contemporáneo;Pop;Maximalista;Dramático,Living;Dormitorio;Comedor;Cocina;Baño;Pasillo;Home office;Cuarto de niños,Blanco;Gris claro;Negro mate;Blanco roto;Neutros,Blanco;Crema;Terracota;Mostaza,Azulado frío de luminosidad bajo (3/10) y saturación muy alta (10/10) que genera profundidad.,Bajo,Muy Alta,Profundo;Frío;Sereno;Alegre
32BB 33/133,Campanilla Silvestre,Frío,4,3,Azulado,Industrial;Contemporáneo,Baño;Home office,Blanco;Gris claro;Negro mate;Blanco roto,Blanco;Crema;Terracota;Mostaza,Azulado frío de luminosidad bajo (4/10) y saturación baja (3/10) que equilibra el espacio.,Bajo,Baja,Suave;Frío;Sereno;Sobrio
93BG 32/374,Canción del Ave,Frío,4,9,Azulado,Industrial;Contemporáneo;Pop;Maximalista,Baño;Home office,Blanco;Gris claro;Negro mate;Blanco roto;Neutros,Blanco;Crema;Terracota;Mostaza,Azulado frío de luminosidad bajo (4/10) y saturación muy alta (9/10) que equilibra el espacio.,Bajo,Muy Alta,Suave;Frío;Sereno;Alegre
67BB 14/216,Capa Real,Frío,2,3,Azulado,Industrial;Contemporáneo;Dramático,Living;Dormitorio;Comedor;Cocina;Baño;Pasillo;Home office;Cuarto de niños,Blanco;Gris claro;Negro mate;Blanco roto,Blanco;Crema;Terracota;Mostaza,Azulado frío de luminosidad muy bajo (2/10) y saturación baja (3/10) que genera profundidad.,Muy Bajo,Baja,Profundo;Frío;Sereno;Sobrio
06BB 39/179,Caramelo de Arándano,Frío,4,4,Azulado,Industrial;Contemporáneo,Living;Dormitorio;Comedor;Cocina;Baño;Pasillo;Home office;Cuarto de niños,Blanco;Gris claro;Negro mate;Blanco roto,Blanco;Crema;Terracota;Mostaza,Azulado frío de luminosidad bajo (4/10) y saturación baja (4/10) que equilibra el espacio.,Bajo,Baja,Suave;Frío;Sereno;Natural
10BB 55/065,Casual Jeans,Frío,6,2,Azulado,Contemporáneo,Dormitorio;Pasillo,Blanco;Gris claro;Negro mate,Blanco;Crema;Terracota;Mostaza,Azulado frío de luminosidad medio (6/10) y saturación muy baja (2/10) que equilibra el espacio.,Medio,Muy Baja,Suave;Frío;Sereno;Sobrio
99BG 62/159,Celestial Claro,Frío,7,6,Azulado,Contemporáneo,Living;Comedor;Cocina,Blanco;Gris claro;Negro mate;Neutros,Negro mate;Grafito;Terracota;Mostaza,Azulado frío de luminosidad alto (7/10) y saturación media (6/10) que aporta amplitud visual.,Alto,Media,Luminoso;Amplio;Frío;Sereno
77BG 57/234,Chiffon Azul,Frío,6,7,Azulado,Pop;Maximalista,Living,Blanco;Gris claro;Negro mate;Neutros,Blanco;Crema;Terracota;Mostaza,Azulado frío de luminosidad medio (6/10) y saturación alta (7/10) que equilibra el espacio.,Medio,Alta,Suave;Frío;Sereno;Alegre
70BG 70/113,Cielo Californiano,Frío,7,5,Azulado,Contemporáneo,Living;Comedor;Cocina;Dormitorio;Pasillo,Blanco;Gris claro;Negro mate,Negro mate;Grafito;Terracota;Mostaza,Azulado frío de luminosidad alto (7/10) y saturación media (5/10) que aporta amplitud visual.,Alto,Media,Luminoso;Amplio;Frío;Sereno
50BG 74/130,Cielo de Verano,Frío,7,5,Azulado,Contemporáneo,Living;Comedor;Cocina;Dormitorio;Pasillo,Blanco;Gris claro;Negro mate,Negro mate;Grafito;Terracota;Mostaza,Azulado frío de luminosidad alto (7/10) y saturación media (5/10) que aporta amplitud visual.,Alto,Media,Luminoso;Amplio;Frío;Sereno
54BB 39/103,Cielo Eléctrico,Frío,4,2,Azulado,Industrial;Contemporáneo,Living;Dormitorio;Comedor;Cocina;Baño;Pasillo;Home office;Cuarto de niños,Blanco;Gris claro;Negro mate;Blanco roto,Blanco;Crema;Terracota;Mostaza,Azulado frío de luminosidad bajo (4/10) y saturación muy baja (2/10) que equilibra el espacio.,Bajo,Muy Baja,Suave;Frío;Sereno;Sobrio
70BB 21/147,Cielo Estrellado,Frío,3,2,Azulado,Industrial;Contemporáneo;Dramático,Baño;Home office,Blanco;Gris claro;Negro mate;Blanco roto,Blanco;Crema;Terracota;Mostaza,Azulado frío de luminosidad bajo (3/10) y saturación muy baja (2/10) que genera profundidad.,Bajo,Muy Baja,Profundo;Frío;Sereno;Sobrio
48BG 54/244,Cielo Limpio,Frío,6,6,Azulado,Contemporáneo,Living,Blanco;Gris claro;Negro mate;Neutros,Blanco;Crema;Terracota;Mostaza,Azulado frío de luminosidad medio (6/10) y saturación media (6/10) que equilibra el espacio.,Medio,Media,Suave;Frío;Sereno;Natural
25BB 30/318,Cielo Náutico,Frío,4,6,Azulado,Industrial;Contemporáneo,Baño;Home office,Blanco;Gris claro;Negro mate;Blanco roto;Neutros,Blanco;Crema;Terracota;Mostaza,Azulado frío de luminosidad bajo (4/10) y saturación media (6/10) que equilibra el espacio.,Bajo,Media,Suave;Frío;Sereno;Natural
70BG 67/126,Cielo Radiante,Frío,7,5,Azulado,Contemporáneo,Living;Comedor;Cocina;Dormitorio;Pasillo,Blanco;Gris claro;Negro mate,Negro mate;Grafito;Terracota;Mostaza,Azulado frío de luminosidad alto (7/10) y saturación media (5/10) que aporta amplitud visual.,Alto,Media,Luminoso;Amplio;Frío;Sereno
81BG 60/128,Cielos Infinitos,Frío,6,5,Azulado,Contemporáneo,Dormitorio;Pasillo,Blanco;Gris claro;Negro mate,Blanco;Crema;Terracota;Mostaza,Azulado frío de luminosidad medio (6/10) y saturación media (5/10) que equilibra el espacio.,Medio,Media,Suave;Frío;Sereno;Natural
50BB 17/126,Claro de Luna,Frío,2,2,Azulado,Industrial;Contemporáneo;Dramático,Baño;Home office,Blanco;Gris claro;Negro mate;Blanco roto,Blanco;Crema;Terracota;Mostaza,Azulado frío de luminosidad muy bajo (2/10) y saturación muy baja (2/10) que genera profundidad.,Muy Bajo,Muy Baja,Profundo;Frío;Sereno;Sobrio
10BB 22/318,Cobalto Intenso,Frío,3,6,Azulado,Industrial;Contemporáneo;Dramático,Baño;Home office,Blanco;Gris claro;Negro mate;Blanco roto;Neutros,Blanco;Crema;Terracota;Mostaza,Azulado frío de luminosidad bajo (3/10) y saturación media (6/10) que genera profundidad.,Bajo,Media,Profundo;Frío;Sereno;Natural
10BB 65/094,Copos de Nube,Frío,7,4,Azulado,Minimalista;Nórdico;Japandi,Living;Comedor;Cocina;Dormitorio;Pasillo,Blanco;Gris claro;Negro mate,Negro mate;Grafito;Terracota;Mostaza,Azulado frío de luminosidad alto (7/10) y saturación baja (4/10) que aporta amplitud visual.,Alto,Baja,Luminoso;Amplio;Frío;Sereno
66BG 68/157,Corriente Oceánica,Frío,7,6,Azulado,Contemporáneo,Living;Comedor;Cocina,Blanco;Gris claro;Negro mate;Neutros,Negro mate;Grafito;Terracota;Mostaza,Azulado frío de luminosidad alto (7/10) y saturación media (6/10) que aporta amplitud visual.,Alto,Media,Luminoso;Amplio;Frío;Sereno
70BG 40/284,Costa Oceánica,Frío,4,6,Azulado,Industrial;Contemporáneo,Baño;Home office,Blanco;Gris claro;Negro mate;Blanco roto;Neutros,Blanco;Crema;Terracota;Mostaza,Azulado frío de luminosidad bajo (4/10) y saturación media (6/10) que equilibra el espacio.,Bajo,Media,Suave;Frío;Sereno;Natural
84BG 18/143,Costa Salvaje,Frío,2,3,Azulado,Industrial;Contemporáneo;Dramático,Baño;Home office,Blanco;Gris claro;Negro mate;Blanco roto,Blanco;Crema;Terracota;Mostaza,Azulado frío de luminosidad muy bajo (2/10) y saturación baja (3/10) que genera profundidad.,Muy Bajo,Baja,Profundo;Frío;Sereno;Sobrio
14BB 55/113,Coulis de Arándano,Frío,6,4,Azulado,Contemporáneo,Dormitorio;Pasillo,Blanco;Gris claro;Negro mate,Blanco;Crema;Terracota;Mostaza,Azulado frío de luminosidad medio (6/10) y saturación baja (4/10) que equilibra el espacio.,Medio,Baja,Suave;Frío;Sereno;Natural
50BB 26/105,Creciente Cósmico,Frío,3,2,Azulado,Industrial;Contemporáneo;Dramático,Baño;Home office,Blanco;Gris claro;Negro mate;Blanco roto,Blanco;Crema;Terracota;Mostaza,Azulado frío de luminosidad bajo (3/10) y saturación muy baja (2/10) que genera profundidad.,Bajo,Muy Baja,Profundo;Frío;Sereno;Sobrio
30BB 54/072,Cristalería,Frío,6,3,Azulado,Contemporáneo,Dormitorio;Pasillo,Blanco;Gris claro;Negro mate,Blanco;Crema;Terracota;Mostaza,Azulado frío de luminosidad medio (6/10) y saturación baja (3/10) que equilibra el espacio.,Medio,Baja,Suave;Frío;Sereno;Sobrio
40BB 83/017,Cristales Marítimos,Frío,8,2,Marfil,Minimalista;Nórdico;Japandi,Living;Comedor;Cocina;Dormitorio;Pasillo,Blanco;Gris claro;Negro mate,Negro mate;Grafito;Terracota;Mostaza,Marfil frío de luminosidad alto (8/10) y saturación muy baja (2/10) que aporta amplitud visual.,Alto,Muy Baja,Luminoso;Amplio;Frío;Sereno
50BG 55/241,Curasao Azul,Frío,6,6,Azulado,Contemporáneo,Living,Blanco;Gris claro;Negro mate;Neutros,Blanco;Crema;Terracota;Mostaza,Azulado frío de luminosidad medio (6/10) y saturación media (6/10) que equilibra el espacio.,Medio,Media,Suave;Frío;Sereno;Natural
70BG 47/182,Dalia Azul,Frío,5,5,Azulado,Industrial;Contemporáneo,Dormitorio;Pasillo;Baño;Home office,Blanco;Gris claro;Negro mate,Blanco;Crema;Terracota;Mostaza,Azulado frío de luminosidad medio (5/10) y saturación media (5/10) que equilibra el espacio.,Medio,Media,Suave;Frío;Sereno;Natural
09BB 51/218,Danubio,Frío,5,6,Azulado,Industrial;Contemporáneo,Baño;Home office,Blanco;Gris claro;Negro mate;Neutros,Blanco;Crema;Terracota;Mostaza,Azulado frío de luminosidad medio (5/10) y saturación media (6/10) que equilibra el espacio.,Medio,Media,Suave;Frío;Sereno;Natural
12BB 82/058,Danza de Mariposa,Frío,8,4,Azulado,Minimalista;Nórdico;Japandi,Living;Comedor;Cocina;Dormitorio;Pasillo,Blanco;Gris claro;Negro mate,Negro mate;Grafito;Terracota;Mostaza,Azulado frío de luminosidad alto (8/10) y saturación baja (4/10) que aporta amplitud visual.,Alto,Baja,Luminoso;Amplio;Frío;Sereno
10BB 59/176,Dejo de Ciruela,Frío,6,6,Azulado,Contemporáneo,Living,Blanco;Gris claro;Negro mate;Neutros,Blanco;Crema;Terracota;Mostaza,Azulado frío de luminosidad medio (6/10) y saturación media (6/10) que equilibra el espacio.,Medio,Media,Suave;Frío;Sereno;Natural
49BB 19/182,Deleite Denim,Frío,2,3,Azulado,Industrial;Contemporáneo;Dramático,Living;Dormitorio;Comedor;Cocina;Baño;Pasillo;Home office;Cuarto de niños,Blanco;Gris claro;Negro mate;Blanco roto,Blanco;Crema;Terracota;Mostaza,Azulado frío de luminosidad muy bajo (2/10) y saturación baja (3/10) que genera profundidad.,Muy Bajo,Baja,Profundo;Frío;Sereno;Sobrio
71BB 10/202,Delirio de Moras,Frío,2,4,Azulado,Industrial;Contemporáneo;Dramático,Baño;Home office,Blanco;Gris claro;Negro mate;Blanco roto,Blanco;Crema;Terracota;Mostaza,Azulado frío de luminosidad muy bajo (2/10) y saturación baja (4/10) que genera profundidad.,Muy Bajo,Baja,Profundo;Frío;Sereno;Natural
15BB 13/261,Deslumbrante Zafiro,Frío,2,8,Azulado,Industrial;Contemporáneo;Pop;Maximalista;Dramático,Baño;Home office,Blanco;Gris claro;Negro mate;Blanco roto;Neutros,Blanco;Crema;Terracota;Mostaza,Azulado frío de luminosidad muy bajo (2/10) y saturación alta (8/10) que genera profundidad.,Muy Bajo,Alta,Profundo;Frío;Sereno;Alegre
54BG 56/236,Día de Spa,Frío,6,6,Azulado,Contemporáneo,Living;Dormitorio;Comedor;Cocina;Baño;Pasillo;Home office;Cuarto de niños,Blanco;Gris claro;Negro mate;Neutros,Blanco;Crema;Terracota;Mostaza,Azulado frío de luminosidad medio (6/10) y saturación media (6/10) que equilibra el espacio.,Medio,Media,Suave;Frío;Sereno;Natural
30BB 73/052,Diente de León Claro,Frío,7,3,Azulado,Minimalista;Nórdico;Japandi,Living;Comedor;Cocina;Dormitorio;Pasillo,Blanco;Gris claro;Negro mate,Negro mate;Grafito;Terracota;Mostaza,Azulado frío de luminosidad alto (7/10) y saturación baja (3/10) que aporta amplitud visual.,Alto,Baja,Luminoso;Amplio;Frío;Sereno
50BG 18/350,Dulce Zafiro,Frío,3,10,Azulado,Industrial;Contemporáneo;Pop;Maximalista;Dramático,Baño;Home office,Blanco;Gris claro;Negro mate;Blanco roto;Neutros,Blanco;Crema;Terracota;Mostaza,Azulado frío de luminosidad bajo (3/10) y saturación muy alta (10/10) que genera profundidad.,Bajo,Muy Alta,Profundo;Frío;Sereno;Alegre
67BB 22/374,Efecto Amatista,Frío,3,5,Azulado,Industrial;Contemporáneo;Dramático,Living;Dormitorio;Comedor;Cocina;Baño;Pasillo;Home office;Cuarto de niños,Blanco;Gris claro;Negro mate;Blanco roto,Blanco;Crema;Terracota;Mostaza,Azulado frío de luminosidad bajo (3/10) y saturación media (5/10) que genera profundidad.,Bajo,Media,Profundo;Frío;Sereno;Natural
70BB 27/201,Eléctrico,Frío,3,3,Azulado,Industrial;Contemporáneo;Dramático,Baño;Home office,Blanco;Gris claro;Negro mate;Blanco roto,Blanco;Crema;Terracota;Mostaza,Azulado frío de luminosidad bajo (3/10) y saturación baja (3/10) que genera profundidad.,Bajo,Baja,Profundo;Frío;Sereno;Sobrio
49BB 63/056,Encaje Lavanda,Frío,7,2,Azulado,Minimalista;Nórdico;Japandi,Living;Dormitorio;Comedor;Cocina;Baño;Pasillo;Home office;Cuarto de niños,Blanco;Gris claro;Negro mate,Negro mate;Grafito;Terracota;Mostaza,Azulado frío de luminosidad alto (7/10) y saturación muy baja (2/10) que aporta amplitud visual.,Alto,Muy Baja,Luminoso;Amplio;Frío;Sereno
30BB 47/161,Encantamiento,Frío,5,4,Azulado,Industrial;Contemporáneo,Dormitorio;Pasillo;Baño;Home office,Blanco;Gris claro;Negro mate,Blanco;Crema;Terracota;Mostaza,Azulado frío de luminosidad medio (5/10) y saturación baja (4/10) que equilibra el espacio.,Medio,Baja,Suave;Frío;Sereno;Natural
50BG 30/384,Ensenada,Frío,4,10,Azulado,Industrial;Contemporáneo;Pop;Maximalista,Baño;Home office,Blanco;Gris claro;Negro mate;Blanco roto;Neutros,Blanco;Crema;Terracota;Mostaza,Azulado frío de luminosidad bajo (4/10) y saturación muy alta (10/10) que equilibra el espacio.,Bajo,Muy Alta,Suave;Frío;Sereno;Alegre
70BG 13/300,Era de los Jets,Frío,2,10,Azulado,Industrial;Contemporáneo;Pop;Maximalista;Dramático,Baño;Home office,Blanco;Gris claro;Negro mate;Blanco roto;Neutros,Blanco;Crema;Terracota;Mostaza,Azulado frío de luminosidad muy bajo (2/10) y saturación muy alta (10/10) que genera profundidad.,Muy Bajo,Muy Alta,Profundo;Frío;Sereno;Alegre
69BG 77/076,Era del Hielo,Frío,8,4,Azulado,Minimalista;Nórdico;Japandi,Living;Comedor;Cocina;Dormitorio;Pasillo,Blanco;Gris claro;Negro mate,Negro mate;Grafito;Terracota;Mostaza,Azulado frío de luminosidad alto (8/10) y saturación baja (4/10) que aporta amplitud visual.,Alto,Baja,Luminoso;Amplio;Frío;Sereno
79BG 66/110,Escarabajo Azul,Frío,7,5,Azulado,Contemporáneo,Living;Comedor;Cocina;Dormitorio;Pasillo,Blanco;Gris claro;Negro mate,Negro mate;Grafito;Terracota;Mostaza,Azulado frío de luminosidad alto (7/10) y saturación media (5/10) que aporta amplitud visual.,Alto,Media,Luminoso;Amplio;Frío;Sereno
50BB 39/104,Escollera,Frío,4,3,Azulado,Industrial;Contemporáneo,Baño;Home office,Blanco;Gris claro;Negro mate;Blanco roto,Blanco;Crema;Terracota;Mostaza,Azulado frío de luminosidad bajo (4/10) y saturación baja (3/10) que equilibra el espacio.,Bajo,Baja,Suave;Frío;Sereno;Sobrio
30BB 27/236,Espiral Onírica,Frío,3,4,Azulado,Industrial;Contemporáneo;Dramático,Baño;Home office,Blanco;Gris claro;Negro mate;Blanco roto,Blanco;Crema;Terracota;Mostaza,Azulado frío de luminosidad bajo (3/10) y saturación baja (4/10) que genera profundidad.,Bajo,Baja,Profundo;Frío;Sereno;Natural
70BB 73/035,Espíritu Naciente,Frío,7,2,Azulado,Minimalista;Nórdico;Japandi,Living;Comedor;Cocina;Dormitorio;Pasillo,Blanco;Gris claro;Negro mate,Negro mate;Grafito;Terracota;Mostaza,Azulado frío de luminosidad alto (7/10) y saturación muy baja (2/10) que aporta amplitud visual.,Alto,Muy Baja,Luminoso;Amplio;Frío;Sereno
38BG 30/352,Espuma Oceánica,Frío,4,10,Azulado,Industrial;Contemporáneo;Pop;Maximalista,Baño;Home office,Blanco;Gris claro;Negro mate;Blanco roto;Neutros,Blanco;Crema;Terracota;Mostaza,Azulado frío de luminosidad bajo (4/10) y saturación muy alta (10/10) que equilibra el espacio.,Bajo,Muy Alta,Suave;Frío;Sereno;Alegre
23BB 68/102,Estallido de Lavandas,Frío,7,4,Azulado,Minimalista;Nórdico;Japandi,Living;Dormitorio;Comedor;Cocina;Baño;Pasillo;Home office;Cuarto de niños,Blanco;Gris claro;Negro mate,Negro mate;Grafito;Terracota;Mostaza,Azulado frío de luminosidad alto (7/10) y saturación baja (4/10) que aporta amplitud visual.,Alto,Baja,Luminoso;Amplio;Frío;Sereno
70BB 59/118,Faceta Azul,Frío,6,4,Azulado,Contemporáneo,Dormitorio;Pasillo,Blanco;Gris claro;Negro mate,Blanco;Crema;Terracota;Mostaza,Azulado frío de luminosidad medio (6/10) y saturación baja (4/10) que equilibra el espacio.,Medio,Baja,Suave;Frío;Sereno;Natural
34BG 75/107,Fantasía Denim,Frío,8,5,Azulado,Contemporáneo,Living;Dormitorio;Comedor;Cocina;Baño;Pasillo;Home office;Cuarto de niños,Blanco;Gris claro;Negro mate,Negro mate;Grafito;Terracota;Mostaza,Azulado frío de luminosidad alto (8/10) y saturación media (5/10) que aporta amplitud visual.,Alto,Media,Luminoso;Amplio;Frío;Sereno
70BB 49/082,Fascinación,Frío,5,2,Azulado,Industrial;Contemporáneo,Dormitorio;Pasillo;Baño;Home office,Blanco;Gris claro;Negro mate,Blanco;Crema;Terracota;Mostaza,Azulado frío de luminosidad medio (5/10) y saturación muy baja (2/10) que equilibra el espacio.,Medio,Muy Baja,Suave;Frío;Sereno;Sobrio
69BB 17/324,Festival de Ópera,Frío,2,4,Azulado,Industrial;Contemporáneo;Dramático,Living;Dormitorio;Comedor;Cocina;Baño;Pasillo;Home office;Cuarto de niños,Blanco;Gris claro;Negro mate;Blanco roto,Blanco;Crema;Terracota;Mostaza,Azulado frío de luminosidad muy bajo (2/10) y saturación baja (4/10) que genera profundidad.,Muy Bajo,Baja,Profundo;Frío;Sereno;Natural
90BG 28/213,Firmamento,Frío,3,4,Azulado,Industrial;Contemporáneo;Dramático,Baño;Home office,Blanco;Gris claro;Negro mate;Blanco roto,Blanco;Crema;Terracota;Mostaza,Azulado frío de luminosidad bajo (3/10) y saturación baja (4/10) que genera profundidad.,Bajo,Baja,Profundo;Frío;Sereno;Natural
10BB 73/045,Flor Alpina,Frío,7,3,Azulado,Minimalista;Nórdico;Japandi,Living;Comedor;Cocina;Dormitorio;Pasillo,Blanco;Gris claro;Negro mate,Negro mate;Grafito;Terracota;Mostaza,Azulado frío de luminosidad alto (7/10) y saturación baja (3/10) que aporta amplitud visual.,Alto,Baja,Luminoso;Amplio;Frío;Sereno
44BB 54/129,Flor del Atardecer,Frío,6,4,Azulado,Contemporáneo,Dormitorio;Pasillo,Blanco;Gris claro;Negro mate,Blanco;Crema;Terracota;Mostaza,Azulado frío de luminosidad medio (6/10) y saturación baja (4/10) que equilibra el espacio.,Medio,Baja,Suave;Frío;Sereno;Natural
30BB 23/291,Flor Oceánica,Frío,3,5,Azulado,Industrial;Contemporáneo;Dramático,Baño;Home office,Blanco;Gris claro;Negro mate;Blanco roto,Blanco;Crema;Terracota;Mostaza,Azulado frío de luminosidad bajo (3/10) y saturación media (5/10) que genera profundidad.,Bajo,Media,Profundo;Frío;Sereno;Natural
70BG 41/201,Flores de Mayo Azules,Frío,5,5,Azulado,Industrial;Contemporáneo,Dormitorio;Pasillo;Baño;Home office,Blanco;Gris claro;Negro mate,Blanco;Crema;Terracota;Mostaza,Azulado frío de luminosidad medio (5/10) y saturación media (5/10) que equilibra el espacio.,Medio,Media,Suave;Frío;Sereno;Natural
17BB 54/211,Fresco Encuentro,Frío,6,6,Azulado,Contemporáneo,Living,Blanco;Gris claro;Negro mate;Neutros,Blanco;Crema;Terracota;Mostaza,Azulado frío de luminosidad medio (6/10) y saturación media (6/10) que equilibra el espacio.,Medio,Media,Suave;Frío;Sereno;Natural
73BG 64/122,Fresco Matinal,Frío,7,5,Azulado,Contemporáneo,Living;Comedor;Cocina;Dormitorio;Pasillo,Blanco;Gris claro;Negro mate,Negro mate;Grafito;Terracota;Mostaza,Azulado frío de luminosidad alto (7/10) y saturación media (5/10) que aporta amplitud visual.,Alto,Media,Luminoso;Amplio;Frío;Sereno
90BG 72/063,Frío Súbito,Frío,7,3,Azulado,Minimalista;Nórdico;Japandi,Living;Comedor;Cocina;Dormitorio;Pasillo,Blanco;Gris claro;Negro mate,Negro mate;Grafito;Terracota;Mostaza,Azulado frío de luminosidad alto (7/10) y saturación baja (3/10) que aporta amplitud visual.,Alto,Baja,Luminoso;Amplio;Frío;Sereno
11BB 35/316,Fruto del Bosque Azul,Frío,4,6,Azulado,Industrial;Contemporáneo,Baño;Home office,Blanco;Gris claro;Negro mate;Blanco roto;Neutros,Blanco;Crema;Terracota;Mostaza,Azulado frío de luminosidad bajo (4/10) y saturación media (6/10) que equilibra el espacio.,Bajo,Media,Suave;Frío;Sereno;Natural
77BB 07/344,Fuerte Presencia,Frío,1,7,Azulado,Industrial;Contemporáneo;Pop;Maximalista;Dramático,Living;Dormitorio;Comedor;Cocina;Baño;Pasillo;Home office;Cuarto de niños,Blanco;Gris claro;Negro mate;Blanco roto;Neutros,Blanco;Crema;Terracota;Mostaza,Azulado frío de luminosidad muy bajo (1/10) y saturación alta (7/10) que genera profundidad.,Muy Bajo,Alta,Profundo;Frío;Sereno;Alegre
30BB 08/263,Gota Azul,Frío,2,10,Azulado,Industrial;Contemporáneo;Pop;Maximalista;Dramático,Baño;Home office,Blanco;Gris claro;Negro mate;Blanco roto;Neutros,Blanco;Crema;Terracota;Mostaza,Azulado frío de luminosidad muy bajo (2/10) y saturación muy alta (10/10) que genera profundidad.,Muy Bajo,Muy Alta,Profundo;Frío;Sereno;Alegre
10BB 39/100,Gris Cobayo,Frío,4,3,Azulado,Industrial;Contemporáneo,Baño;Home office,Blanco;Gris claro;Negro mate;Blanco roto,Blanco;Crema;Terracota;Mostaza,Azulado frío de luminosidad bajo (4/10) y saturación baja (3/10) que equilibra el espacio.,Bajo,Baja,Suave;Frío;Sereno;Sobrio
70BB 15/081,Gris Elemental,Frío,2,2,Azulado,Industrial;Contemporáneo;Dramático,Baño;Home office,Blanco;Gris claro;Negro mate;Blanco roto,Blanco;Crema;Terracota;Mostaza,Azulado frío de luminosidad muy bajo (2/10) y saturación muy baja (2/10) que genera profundidad.,Muy Bajo,Muy Baja,Profundo;Frío;Sereno;Sobrio
64BG 78/058,Hielo Fluvial,Frío,8,4,Azulado,Minimalista;Nórdico;Japandi,Living;Dormitorio;Comedor;Cocina;Baño;Pasillo;Home office;Cuarto de niños,Blanco;Gris claro;Negro mate,Negro mate;Grafito;Terracota;Mostaza,Azulado frío de luminosidad alto (8/10) y saturación baja (4/10) que aporta amplitud visual.,Alto,Baja,Luminoso;Amplio;Frío;Sereno
24BB 43/232,Horizonte Azul,Frío,5,5,Azulado,Industrial;Contemporáneo,Living;Dormitorio;Comedor;Cocina;Baño;Pasillo;Home office;Cuarto de niños,Blanco;Gris claro;Negro mate,Blanco;Crema;Terracota;Mostaza,Azulado frío de luminosidad medio (5/10) y saturación media (5/10) que equilibra el espacio.,Medio,Media,Suave;Frío;Sereno;Natural
70BG 59/124,Hortensia Azul,Frío,6,4,Azulado,Contemporáneo,Dormitorio;Pasillo,Blanco;Gris claro;Negro mate,Blanco;Crema;Terracota;Mostaza,Azulado frío de luminosidad medio (6/10) y saturación baja (4/10) que equilibra el espacio.,Medio,Baja,Suave;Frío;Sereno;Natural
33BB 32/308,Hortensia Perfumada,Frío,4,5,Azulado,Industrial;Contemporáneo,Baño;Home office,Blanco;Gris claro;Negro mate;Blanco roto,Blanco;Crema;Terracota;Mostaza,Azulado frío de luminosidad bajo (4/10) y saturación media (5/10) que equilibra el espacio.,Bajo,Media,Suave;Frío;Sereno;Natural
90BG 72/100,Huella de Esquí,Frío,7,5,Azulado,Contemporáneo,Living;Comedor;Cocina;Dormitorio;Pasillo,Blanco;Gris claro;Negro mate,Negro mate;Grafito;Terracota;Mostaza,Azulado frío de luminosidad alto (7/10) y saturación media (5/10) que aporta amplitud visual.,Alto,Media,Luminoso;Amplio;Frío;Sereno
46BB 08/059,Índigo Profundo,Frío,1,2,Azulado,Industrial;Contemporáneo;Dramático,Baño;Home office,Blanco;Gris claro;Negro mate;Blanco roto,Blanco;Crema;Terracota;Mostaza,Azulado frío de luminosidad muy bajo (1/10) y saturación muy baja (2/10) que genera profundidad.,Muy Bajo,Muy Baja,Profundo;Frío;Sereno;Sobrio
70BG 10/214,Índigo Suave,Frío,2,8,Azulado,Industrial;Contemporáneo;Pop;Maximalista;Dramático,Baño;Home office,Blanco;Gris claro;Negro mate;Blanco roto;Neutros,Blanco;Crema;Terracota;Mostaza,Azulado frío de luminosidad muy bajo (2/10) y saturación alta (8/10) que genera profundidad.,Muy Bajo,Alta,Profundo;Frío;Sereno;Alegre
70BG 28/169,Invierno Azul,Frío,3,3,Azulado,Industrial;Contemporáneo;Dramático,Baño;Home office,Blanco;Gris claro;Negro mate;Blanco roto,Blanco;Crema;Terracota;Mostaza,Azulado frío de luminosidad bajo (3/10) y saturación baja (3/10) que genera profundidad.,Bajo,Baja,Profundo;Frío;Sereno;Sobrio
64BB 46/254,Jazmín Azul,Frío,5,6,Azulado,Industrial;Contemporáneo,Baño;Home office,Blanco;Gris claro;Negro mate;Neutros,Blanco;Crema;Terracota;Mostaza,Azulado frío de luminosidad medio (5/10) y saturación media (6/10) que equilibra el espacio.,Medio,Media,Suave;Frío;Sereno;Natural
30BB 10/337,Jazz,Frío,2,10,Azulado,Industrial;Contemporáneo;Pop;Maximalista;Dramático,Baño;Home office,Blanco;Gris claro;Negro mate;Blanco roto;Neutros,Blanco;Crema;Terracota;Mostaza,Azulado frío de luminosidad muy bajo (2/10) y saturación muy alta (10/10) que genera profundidad.,Muy Bajo,Muy Alta,Profundo;Frío;Sereno;Alegre
50BB 11/216,Joya Matutina,Frío,2,4,Azulado,Industrial;Contemporáneo;Dramático,Baño;Home office,Blanco;Gris claro;Negro mate;Blanco roto,Blanco;Crema;Terracota;Mostaza,Azulado frío de luminosidad muy bajo (2/10) y saturación baja (4/10) que genera profundidad.,Muy Bajo,Baja,Profundo;Frío;Sereno;Natural
50BG 44/184,Lagos de Michigan,Frío,5,4,Azulado,Industrial;Contemporáneo,Dormitorio;Pasillo;Baño;Home office,Blanco;Gris claro;Negro mate,Blanco;Crema;Terracota;Mostaza,Azulado frío de luminosidad medio (5/10) y saturación baja (4/10) que equilibra el espacio.,Medio,Baja,Suave;Frío;Sereno;Natural
10BB 12/310,Lapislázuli,Frío,2,10,Azulado,Industrial;Contemporáneo;Pop;Maximalista;Dramático,Baño;Home office,Blanco;Gris claro;Negro mate;Blanco roto;Neutros,Blanco;Crema;Terracota;Mostaza,Azulado frío de luminosidad muy bajo (2/10) y saturación muy alta (10/10) que genera profundidad.,Muy Bajo,Muy Alta,Profundo;Frío;Sereno;Alegre
51BB 27/310,Lavanda Artístico,Frío,3,5,Azulado,Industrial;Contemporáneo;Dramático,Baño;Home office,Blanco;Gris claro;Negro mate;Blanco roto,Blanco;Crema;Terracota;Mostaza,Azulado frío de luminosidad bajo (3/10) y saturación media (5/10) que genera profundidad.,Bajo,Media,Profundo;Frío;Sereno;Natural
38BB 69/096,Lavanda Crepúsculo,Frío,7,4,Azulado,Minimalista;Nórdico;Japandi,Living;Comedor;Cocina;Dormitorio;Pasillo,Blanco;Gris claro;Negro mate,Negro mate;Grafito;Terracota;Mostaza,Azulado frío de luminosidad alto (7/10) y saturación baja (4/10) que aporta amplitud visual.,Alto,Baja,Luminoso;Amplio;Frío;Sereno
53BB 69/079,Lavanda Matinal,Frío,7,3,Azulado,Minimalista;Nórdico;Japandi,Living;Dormitorio;Comedor;Cocina;Baño;Pasillo;Home office;Cuarto de niños,Blanco;Gris claro;Negro mate,Negro mate;Grafito;Terracota;Mostaza,Azulado frío de luminosidad alto (7/10) y saturación baja (3/10) que aporta amplitud visual.,Alto,Baja,Luminoso;Amplio;Frío;Sereno
48BB 56/162,Lila Moreno,Frío,6,5,Azulado,Contemporáneo,Dormitorio;Pasillo,Blanco;Gris claro;Negro mate,Blanco;Crema;Terracota;Mostaza,Azulado frío de luminosidad medio (6/10) y saturación media (5/10) que equilibra el espacio.,Medio,Media,Suave;Frío;Sereno;Natural
70BB 12/116,Límite Nocturno,Frío,2,2,Azulado,Industrial;Contemporáneo;Dramático,Baño;Home office,Blanco;Gris claro;Negro mate;Blanco roto,Blanco;Crema;Terracota;Mostaza,Azulado frío de luminosidad muy bajo (2/10) y saturación muy baja (2/10) que genera profundidad.,Muy Bajo,Muy Baja,Profundo;Frío;Sereno;Sobrio
08BB 46/152,Limpia Armonía,Frío,5,4,Azulado,Industrial;Contemporáneo,Living;Dormitorio;Comedor;Cocina;Baño;Pasillo;Home office;Cuarto de niños,Blanco;Gris claro;Negro mate,Blanco;Crema;Terracota;Mostaza,Azulado frío de luminosidad medio (5/10) y saturación baja (4/10) que equilibra el espacio.,Medio,Baja,Suave;Frío;Sereno;Natural
70BB 65/066,Línea del Horizonte,Frío,7,3,Azulado,Minimalista;Nórdico;Japandi,Living;Comedor;Cocina;Dormitorio;Pasillo,Blanco;Gris claro;Negro mate,Negro mate;Grafito;Terracota;Mostaza,Azulado frío de luminosidad alto (7/10) y saturación baja (3/10) que aporta amplitud visual.,Alto,Baja,Luminoso;Amplio;Frío;Sereno
70BG 16/209,Llamas Azules,Frío,2,5,Azulado,Industrial;Contemporáneo;Dramático,Baño;Home office,Blanco;Gris claro;Negro mate;Blanco roto,Blanco;Crema;Terracota;Mostaza,Azulado frío de luminosidad muy bajo (2/10) y saturación media (5/10) que genera profundidad.,Muy Bajo,Media,Profundo;Frío;Sereno;Natural
18BB 19/153,Lluvia de Medianoche,Frío,2,3,Azulado,Industrial;Contemporáneo;Dramático,Baño;Home office,Blanco;Gris claro;Negro mate;Blanco roto,Blanco;Crema;Terracota;Mostaza,Azulado frío de luminosidad muy bajo (2/10) y saturación baja (3/10) que genera profundidad.,Muy Bajo,Baja,Profundo;Frío;Sereno;Sobrio
30BB 14/242,Luz de Luna,Frío,2,5,Azulado,Industrial;Contemporáneo;Dramático,Baño;Home office,Blanco;Gris claro;Negro mate;Blanco roto,Blanco;Crema;Terracota;Mostaza,Azulado frío de luminosidad muy bajo (2/10) y saturación media (5/10) que genera profundidad.,Muy Bajo,Media,Profundo;Frío;Sereno;Natural
70BB 07/103,Luz Negra,Frío,1,3,Azulado,Industrial;Contemporáneo;Dramático,Baño;Home office,Blanco;Gris claro;Negro mate;Blanco roto,Blanco;Crema;Terracota;Mostaza,Azulado frío de luminosidad muy bajo (1/10) y saturación baja (3/10) que genera profundidad.,Muy Bajo,Baja,Profundo;Frío;Sereno;Sobrio
47BB 74/091,Malva Brillante,Frío,8,5,Azulado,Contemporáneo,Living;Comedor;Cocina;Dormitorio;Pasillo,Blanco;Gris claro;Negro mate,Negro mate;Grafito;Terracota;Mostaza,Azulado frío de luminosidad alto (8/10) y saturación media (5/10) que aporta amplitud visual.,Alto,Media,Luminoso;Amplio;Frío;Sereno
82BG 79/062,Mañana Junto al Mar,Frío,8,4,Azulado,Minimalista;Nórdico;Japandi,Living;Comedor;Cocina;Dormitorio;Pasillo,Blanco;Gris claro;Negro mate,Negro mate;Grafito;Terracota;Mostaza,Azulado frío de luminosidad alto (8/10) y saturación baja (4/10) que aporta amplitud visual.,Alto,Baja,Luminoso;Amplio;Frío;Sereno
30BB 63/058,Mar Azul,Frío,6,3,Azulado,Contemporáneo,Dormitorio;Pasillo,Blanco;Gris claro;Negro mate,Blanco;Crema;Terracota;Mostaza,Azulado frío de luminosidad medio (6/10) y saturación baja (3/10) que equilibra el espacio.,Medio,Baja,Suave;Frío;Sereno;Sobrio
50BG 32/114,Mar Balcánico,Frío,4,3,Azulado,Industrial;Contemporáneo,Baño;Home office,Blanco;Gris claro;Negro mate;Blanco roto,Blanco;Crema;Terracota;Mostaza,Azulado frío de luminosidad bajo (4/10) y saturación baja (3/10) que equilibra el espacio.,Bajo,Baja,Suave;Frío;Sereno;Sobrio
90BG 11/262,Mar Báltico,Frío,2,10,Azulado,Industrial;Contemporáneo;Pop;Maximalista;Dramático,Baño;Home office,Blanco;Gris claro;Negro mate;Blanco roto;Neutros,Blanco;Crema;Terracota;Mostaza,Azulado frío de luminosidad muy bajo (2/10) y saturación muy alta (10/10) que genera profundidad.,Muy Bajo,Muy Alta,Profundo;Frío;Sereno;Alegre
77BG 24/246,Mar de Marineros,Frío,3,5,Azulado,Industrial;Contemporáneo;Dramático,Baño;Home office,Blanco;Gris claro;Negro mate;Blanco roto,Blanco;Crema;Terracota;Mostaza,Azulado frío de luminosidad bajo (3/10) y saturación media (5/10) que genera profundidad.,Bajo,Media,Profundo;Frío;Sereno;Natural
90BG 21/302,Mar Índigo,Frío,3,8,Azulado,Industrial;Contemporáneo;Pop;Maximalista;Dramático,Baño;Home office,Blanco;Gris claro;Negro mate;Blanco roto;Neutros,Blanco;Crema;Terracota;Mostaza,Azulado frío de luminosidad bajo (3/10) y saturación alta (8/10) que genera profundidad.,Bajo,Alta,Profundo;Frío;Sereno;Alegre
50BG 62/133,Mar Reluciente,Frío,6,4,Azulado,Contemporáneo,Dormitorio;Pasillo,Blanco;Gris claro;Negro mate,Blanco;Crema;Terracota;Mostaza,Azulado frío de luminosidad medio (6/10) y saturación baja (4/10) que equilibra el espacio.,Medio,Baja,Suave;Frío;Sereno;Natural
50BG 19/144,Marea,Frío,3,3,Azulado,Industrial;Contemporáneo;Dramático,Baño;Home office,Blanco;Gris claro;Negro mate;Blanco roto,Blanco;Crema;Terracota;Mostaza,Azulado frío de luminosidad bajo (3/10) y saturación baja (3/10) que genera profundidad.,Bajo,Baja,Profundo;Frío;Sereno;Sobrio
70BB 28/080,Más Allá del Azul,Frío,3,2,Azulado,Industrial;Contemporáneo;Dramático,Baño;Home office,Blanco;Gris claro;Negro mate;Blanco roto,Blanco;Crema;Terracota;Mostaza,Azulado frío de luminosidad bajo (3/10) y saturación muy baja (2/10) que genera profundidad.,Bajo,Muy Baja,Profundo;Frío;Sereno;Sobrio
90BG 50/157,Mediterráneo,Frío,5,4,Azulado,Industrial;Contemporáneo,Dormitorio;Pasillo;Baño;Home office,Blanco;Gris claro;Negro mate,Blanco;Crema;Terracota;Mostaza,Azulado frío de luminosidad medio (5/10) y saturación baja (4/10) que equilibra el espacio.,Medio,Baja,Suave;Frío;Sereno;Natural
58BB 51/183,Mermelada de Ciruela,Frío,5,5,Azulado,Industrial;Contemporáneo,Living;Dormitorio;Comedor;Cocina;Baño;Pasillo;Home office;Cuarto de niños,Blanco;Gris claro;Negro mate,Blanco;Crema;Terracota;Mostaza,Azulado frío de luminosidad medio (5/10) y saturación media (5/10) que equilibra el espacio.,Medio,Media,Suave;Frío;Sereno;Natural
50BB 83/020,Montaña Blanca,Neutro,8,2,Marfil,Minimalista;Nórdico;Japandi,Living;Comedor;Cocina;Dormitorio;Pasillo,Blanco;Madera clara;Negro mate,Negro mate;Grafito;Verde oliva,Marfil neutro de luminosidad alto (8/10) y saturación muy baja (2/10) que aporta amplitud visual.,Alto,Muy Baja,Luminoso;Amplio;Neutro;Elegante
99BG 22/432,Movimiento del Viento,Frío,3,10,Azulado,Industrial;Contemporáneo;Pop;Maximalista;Dramático,Baño;Home office,Blanco;Gris claro;Negro mate;Blanco roto;Neutros,Blanco;Crema;Terracota;Mostaza,Azulado frío de luminosidad bajo (3/10) y saturación muy alta (10/10) que genera profundidad.,Bajo,Muy Alta,Profundo;Frío;Sereno;Alegre
47BG 62/184,Navegante Aventurero,Frío,7,6,Azulado,Contemporáneo,Living;Comedor;Cocina,Blanco;Gris claro;Negro mate;Neutros,Negro mate;Grafito;Terracota;Mostaza,Azulado frío de luminosidad alto (7/10) y saturación media (6/10) que aporta amplitud visual.,Alto,Media,Luminoso;Amplio;Frío;Sereno
10BB 11/350,Navegantes,Frío,2,10,Azulado,Industrial;Contemporáneo;Pop;Maximalista;Dramático,Baño;Home office,Blanco;Gris claro;Negro mate;Blanco roto;Neutros,Blanco;Crema;Terracota;Mostaza,Azulado frío de luminosidad muy bajo (2/10) y saturación muy alta (10/10) que genera profundidad.,Muy Bajo,Muy Alta,Profundo;Frío;Sereno;Alegre
10BB 13/362,Navíos en el Mar,Frío,2,10,Azulado,Industrial;Contemporáneo;Pop;Maximalista;Dramático,Baño;Home office,Blanco;Gris claro;Negro mate;Blanco roto;Neutros,Blanco;Crema;Terracota;Mostaza,Azulado frío de luminosidad muy bajo (2/10) y saturación muy alta (10/10) que genera profundidad.,Muy Bajo,Muy Alta,Profundo;Frío;Sereno;Alegre
10BB 73/026,Neblina,Frío,7,2,Azulado,Minimalista;Nórdico;Japandi,Living;Comedor;Cocina;Dormitorio;Pasillo,Blanco;Gris claro;Negro mate,Negro mate;Grafito;Terracota;Mostaza,Azulado frío de luminosidad alto (7/10) y saturación muy baja (2/10) que aporta amplitud visual.,Alto,Muy Baja,Luminoso;Amplio;Frío;Sereno
30BB 72/028,Neblina Azul,Frío,7,2,Azulado,Minimalista;Nórdico;Japandi,Living;Comedor;Cocina;Dormitorio;Pasillo,Blanco;Gris claro;Negro mate,Negro mate;Grafito;Terracota;Mostaza,Azulado frío de luminosidad alto (7/10) y saturación muy baja (2/10) que aporta amplitud visual.,Alto,Muy Baja,Luminoso;Amplio;Frío;Sereno
27BB 10/138,Neptuno Profundo,Frío,2,4,Azulado,Industrial;Contemporáneo;Dramático,Living;Dormitorio;Comedor;Cocina;Baño;Pasillo;Home office;Cuarto de niños,Blanco;Gris claro;Negro mate;Blanco roto,Blanco;Crema;Terracota;Mostaza,Azulado frío de luminosidad muy bajo (2/10) y saturación baja (4/10) que genera profundidad.,Muy Bajo,Baja,Profundo;Frío;Sereno;Natural
10BB 50/177,Nobleza,Frío,5,5,Azulado,Industrial;Contemporáneo,Dormitorio;Pasillo;Baño;Home office,Blanco;Gris claro;Negro mate,Blanco;Crema;Terracota;Mostaza,Azulado frío de luminosidad medio (5/10) y saturación media (5/10) que equilibra el espacio.,Medio,Media,Suave;Frío;Sereno;Natural
10BB 07/150,Noche Ártica,Frío,2,5,Azulado,Industrial;Contemporáneo;Dramático,Baño;Home office,Blanco;Gris claro;Negro mate;Blanco roto,Blanco;Crema;Terracota;Mostaza,Azulado frío de luminosidad muy bajo (2/10) y saturación media (5/10) que genera profundidad.,Muy Bajo,Media,Profundo;Frío;Sereno;Natural
10BB 32/262,Noche Estrellada,Frío,4,5,Azulado,Industrial;Contemporáneo,Baño;Home office,Blanco;Gris claro;Negro mate;Blanco roto,Blanco;Crema;Terracota;Mostaza,Azulado frío de luminosidad bajo (4/10) y saturación media (5/10) que equilibra el espacio.,Bajo,Media,Suave;Frío;Sereno;Natural
52BB 08/128,Noche Impenetrable,Frío,2,3,Azulado,Industrial;Contemporáneo;Dramático,Baño;Home office,Blanco;Gris claro;Negro mate;Blanco roto,Blanco;Crema;Terracota;Mostaza,Azulado frío de luminosidad muy bajo (2/10) y saturación baja (3/10) que genera profundidad.,Muy Bajo,Baja,Profundo;Frío;Sereno;Sobrio
70BG 23/276,Noche Tropical,Frío,3,6,Azulado,Industrial;Contemporáneo;Dramático,Baño;Home office,Blanco;Gris claro;Negro mate;Blanco roto;Neutros,Blanco;Crema;Terracota;Mostaza,Azulado frío de luminosidad bajo (3/10) y saturación media (6/10) que genera profundidad.,Bajo,Media,Profundo;Frío;Sereno;Natural
22BB 08/161,Noches de Añil,Frío,2,5,Azulado,Industrial;Contemporáneo;Dramático,Baño;Home office,Blanco;Gris claro;Negro mate;Blanco roto,Blanco;Crema;Terracota;Mostaza,Azulado frío de luminosidad muy bajo (2/10) y saturación media (5/10) que genera profundidad.,Muy Bajo,Media,Profundo;Frío;Sereno;Natural
90BG 72/088,Nube Suave,Frío,7,4,Azulado,Minimalista;Nórdico;Japandi,Living;Comedor;Cocina;Dormitorio;Pasillo,Blanco;Gris claro;Negro mate,Negro mate;Grafito;Terracota;Mostaza,Azulado frío de luminosidad alto (7/10) y saturación baja (4/10) que aporta amplitud visual.,Alto,Baja,Luminoso;Amplio;Frío;Sereno
70BB 65/056,Oasis Azul,Frío,7,2,Azulado,Minimalista;Nórdico;Japandi,Living;Comedor;Cocina;Dormitorio;Pasillo,Blanco;Gris claro;Negro mate,Negro mate;Grafito;Terracota;Mostaza,Azulado frío de luminosidad alto (7/10) y saturación muy baja (2/10) que aporta amplitud visual.,Alto,Muy Baja,Luminoso;Amplio;Frío;Sereno
06BB 71/091,Oceánico,Frío,7,4,Azulado,Minimalista;Nórdico;Japandi,Living;Comedor;Cocina;Dormitorio;Pasillo,Blanco;Gris claro;Negro mate,Negro mate;Grafito;Terracota;Mostaza,Azulado frío de luminosidad alto (7/10) y saturación baja (4/10) que aporta amplitud visual.,Alto,Baja,Luminoso;Amplio;Frío;Sereno
05BB 59/165,Océano Bravo,Frío,6,6,Azulado,Contemporáneo,Living,Blanco;Gris claro;Negro mate;Neutros,Blanco;Crema;Terracota;Mostaza,Azulado frío de luminosidad medio (6/10) y saturación media (6/10) que equilibra el espacio.,Medio,Media,Suave;Frío;Sereno;Natural
50BB 06/163,Océano Tranquilo *,Frío,1,5,Azulado,Industrial;Contemporáneo;Dramático,Baño;Home office,Blanco;Gris claro;Negro mate;Blanco roto,Blanco;Crema;Terracota;Mostaza,Azulado frío de luminosidad muy bajo (1/10) y saturación media (5/10) que genera profundidad.,Muy Bajo,Media,Profundo;Frío;Sereno;Natural
81BG 17/262,Ola de Poseidón,Frío,2,7,Azulado,Industrial;Contemporáneo;Pop;Maximalista;Dramático,Baño;Home office,Blanco;Gris claro;Negro mate;Blanco roto;Neutros,Blanco;Crema;Terracota;Mostaza,Azulado frío de luminosidad muy bajo (2/10) y saturación alta (7/10) que genera profundidad.,Muy Bajo,Alta,Profundo;Frío;Sereno;Alegre
70BG 09/171,Ola Real,Frío,2,6,Azulado,Industrial;Contemporáneo;Dramático,Baño;Home office,Blanco;Gris claro;Negro mate;Blanco roto;Neutros,Blanco;Crema;Terracota;Mostaza,Azulado frío de luminosidad muy bajo (2/10) y saturación media (6/10) que genera profundidad.,Muy Bajo,Media,Profundo;Frío;Sereno;Natural
70BG 31/332,Olas de Hawaii,Frío,4,7,Azulado,Industrial;Contemporáneo;Pop;Maximalista,Baño;Home office,Blanco;Gris claro;Negro mate;Blanco roto;Neutros,Blanco;Crema;Terracota;Mostaza,Azulado frío de luminosidad bajo (4/10) y saturación alta (7/10) que equilibra el espacio.,Bajo,Alta,Suave;Frío;Sereno;Alegre
70BG 14/243,Orgullo Marcial,Frío,2,9,Azulado,Industrial;Contemporáneo;Pop;Maximalista;Dramático,Baño;Home office,Blanco;Gris claro;Negro mate;Blanco roto;Neutros,Blanco;Crema;Terracota;Mostaza,Azulado frío de luminosidad muy bajo (2/10) y saturación muy alta (9/10) que genera profundidad.,Muy Bajo,Muy Alta,Profundo;Frío;Sereno;Alegre
90BG 31/124,Orilla del Lago Azul,Frío,4,3,Azulado,Industrial;Contemporáneo,Baño;Home office,Blanco;Gris claro;Negro mate;Blanco roto,Blanco;Crema;Terracota;Mostaza,Azulado frío de luminosidad bajo (4/10) y saturación baja (3/10) que equilibra el espacio.,Bajo,Baja,Suave;Frío;Sereno;Sobrio
56BB 45/240,Orquídea Sublime,Frío,5,5,Azulado,Industrial;Contemporáneo,Living;Dormitorio;Comedor;Cocina;Baño;Pasillo;Home office;Cuarto de niños,Blanco;Gris claro;Negro mate,Blanco;Crema;Terracota;Mostaza,Azulado frío de luminosidad medio (5/10) y saturación media (5/10) que equilibra el espacio.,Medio,Media,Suave;Frío;Sereno;Natural
67BB 09/166,Oscuridad Profunda,Frío,2,3,Azulado,Industrial;Contemporáneo;Dramático,Living;Dormitorio;Comedor;Cocina;Baño;Pasillo;Home office;Cuarto de niños,Blanco;Gris claro;Negro mate;Blanco roto,Blanco;Crema;Terracota;Mostaza,Azulado frío de luminosidad muy bajo (2/10) y saturación baja (3/10) que genera profundidad.,Muy Bajo,Baja,Profundo;Frío;Sereno;Sobrio
56BB 07/196,Pacífico Profundo,Frío,1,5,Azulado,Industrial;Contemporáneo;Dramático,Baño;Home office,Blanco;Gris claro;Negro mate;Blanco roto,Blanco;Crema;Terracota;Mostaza,Azulado frío de luminosidad muy bajo (1/10) y saturación media (5/10) que genera profundidad.,Muy Bajo,Media,Profundo;Frío;Sereno;Natural
50BB 72/032,Parada de Tren,Frío,7,2,Azulado,Minimalista;Nórdico;Japandi,Living;Comedor;Cocina;Dormitorio;Pasillo,Blanco;Gris claro;Negro mate,Negro mate;Grafito;Terracota;Mostaza,Azulado frío de luminosidad alto (7/10) y saturación muy baja (2/10) que aporta amplitud visual.,Alto,Muy Baja,Luminoso;Amplio;Frío;Sereno
50BB 46/129,Paz,Frío,5,3,Azulado,Industrial;Contemporáneo,Dormitorio;Pasillo;Baño;Home office,Blanco;Gris claro;Negro mate,Blanco;Crema;Terracota;Mostaza,Azulado frío de luminosidad medio (5/10) y saturación baja (3/10) que equilibra el espacio.,Medio,Baja,Suave;Frío;Sereno;Sobrio
86BG 43/321,Pelourinho,Frío,5,7,Azulado,Industrial;Contemporáneo;Pop;Maximalista,Baño;Home office,Blanco;Gris claro;Negro mate;Neutros,Blanco;Crema;Terracota;Mostaza,Azulado frío de luminosidad medio (5/10) y saturación alta (7/10) que equilibra el espacio.,Medio,Alta,Suave;Frío;Sereno;Alegre
50BG 76/079,Perla del Pacífico,Frío,8,4,Azulado,Minimalista;Nórdico;Japandi,Living;Comedor;Cocina;Dormitorio;Pasillo,Blanco;Gris claro;Negro mate,Negro mate;Grafito;Terracota;Mostaza,Azulado frío de luminosidad alto (8/10) y saturación baja (4/10) que aporta amplitud visual.,Alto,Baja,Luminoso;Amplio;Frío;Sereno
90BG 42/106,Pico de Neblina,Frío,5,3,Azulado,Industrial;Contemporáneo,Dormitorio;Pasillo;Baño;Home office,Blanco;Gris claro;Negro mate,Blanco;Crema;Terracota;Mostaza,Azulado frío de luminosidad medio (5/10) y saturación baja (3/10) que equilibra el espacio.,Medio,Baja,Suave;Frío;Sereno;Sobrio
90BG 14/337,Planetario,Frío,2,10,Azulado,Industrial;Contemporáneo;Pop;Maximalista;Dramático,Baño;Home office,Blanco;Gris claro;Negro mate;Blanco roto;Neutros,Blanco;Crema;Terracota;Mostaza,Azulado frío de luminosidad muy bajo (2/10) y saturación muy alta (10/10) que genera profundidad.,Muy Bajo,Muy Alta,Profundo;Frío;Sereno;Alegre
42BB 23/348,Playa Pasional,Frío,3,5,Azulado,Industrial;Contemporáneo;Dramático,Baño;Home office,Blanco;Gris claro;Negro mate;Blanco roto,Blanco;Crema;Terracota;Mostaza,Azulado frío de luminosidad bajo (3/10) y saturación media (5/10) que genera profundidad.,Bajo,Media,Profundo;Frío;Sereno;Natural
17BB 08/104,Pozo Profundo,Frío,2,3,Azulado,Industrial;Contemporáneo;Dramático,Living;Dormitorio;Comedor;Cocina;Baño;Pasillo;Home office;Cuarto de niños,Blanco;Gris claro;Negro mate;Blanco roto,Blanco;Crema;Terracota;Mostaza,Azulado frío de luminosidad muy bajo (2/10) y saturación baja (3/10) que genera profundidad.,Muy Bajo,Baja,Profundo;Frío;Sereno;Sobrio
55BG 74/117,Primera Edición,Frío,7,5,Azulado,Contemporáneo,Living;Comedor;Cocina;Dormitorio;Pasillo,Blanco;Gris claro;Negro mate,Negro mate;Grafito;Terracota;Mostaza,Azulado frío de luminosidad alto (7/10) y saturación media (5/10) que aporta amplitud visual.,Alto,Media,Luminoso;Amplio;Frío;Sereno
66BB 06/077,Profundidad del Océano,Frío,1,3,Azulado,Industrial;Contemporáneo;Dramático,Living;Dormitorio;Comedor;Cocina;Baño;Pasillo;Home office;Cuarto de niños,Blanco;Gris claro;Negro mate;Blanco roto,Blanco;Crema;Terracota;Mostaza,Azulado frío de luminosidad muy bajo (1/10) y saturación baja (3/10) que genera profundidad.,Muy Bajo,Baja,Profundo;Frío;Sereno;Sobrio
70BG 32/238,Puerto Oculto,Frío,4,5,Azulado,Industrial;Contemporáneo,Baño;Home office,Blanco;Gris claro;Negro mate;Blanco roto,Blanco;Crema;Terracota;Mostaza,Azulado frío de luminosidad bajo (4/10) y saturación media (5/10) que equilibra el espacio.,Bajo,Media,Suave;Frío;Sereno;Natural
50BB 72/045,Puesta del Sol,Frío,7,2,Azulado,Minimalista;Nórdico;Japandi,Living;Comedor;Cocina;Dormitorio;Pasillo,Blanco;Gris claro;Negro mate,Negro mate;Grafito;Terracota;Mostaza,Azulado frío de luminosidad alto (7/10) y saturación muy baja (2/10) que aporta amplitud visual.,Alto,Muy Baja,Luminoso;Amplio;Frío;Sereno
70BG 24/380,Rayo Azul,Frío,3,10,Azulado,Industrial;Contemporáneo;Pop;Maximalista;Dramático,Baño;Home office,Blanco;Gris claro;Negro mate;Blanco roto;Neutros,Blanco;Crema;Terracota;Mostaza,Azulado frío de luminosidad bajo (3/10) y saturación muy alta (10/10) que genera profundidad.,Bajo,Muy Alta,Profundo;Frío;Sereno;Alegre
30BB 72/040,Realidad Virtual,Frío,7,2,Azulado,Minimalista;Nórdico;Japandi,Living;Comedor;Cocina;Dormitorio;Pasillo,Blanco;Gris claro;Negro mate,Negro mate;Grafito;Terracota;Mostaza,Azulado frío de luminosidad alto (7/10) y saturación muy baja (2/10) que aporta amplitud visual.,Alto,Muy Baja,Luminoso;Amplio;Frío;Sereno
58BB 12/390,Reino,Frío,2,8,Azulado,Industrial;Contemporáneo;Pop;Maximalista;Dramático,Baño;Home office,Blanco;Gris claro;Negro mate;Blanco roto;Neutros,Blanco;Crema;Terracota;Mostaza,Azulado frío de luminosidad muy bajo (2/10) y saturación alta (8/10) que genera profundidad.,Muy Bajo,Alta,Profundo;Frío;Sereno;Alegre
50BG 10/175,Rendez-Vous Azul,Frío,2,5,Azulado,Industrial;Contemporáneo;Dramático,Baño;Home office,Blanco;Gris claro;Negro mate;Blanco roto,Blanco;Crema;Terracota;Mostaza,Azulado frío de luminosidad muy bajo (2/10) y saturación media (5/10) que genera profundidad.,Muy Bajo,Media,Profundo;Frío;Sereno;Natural
90BG 17/120,Río de Piedra,Frío,2,3,Azulado,Industrial;Contemporáneo;Dramático,Baño;Home office,Blanco;Gris claro;Negro mate;Blanco roto,Blanco;Crema;Terracota;Mostaza,Azulado frío de luminosidad muy bajo (2/10) y saturación baja (3/10) que genera profundidad.,Muy Bajo,Baja,Profundo;Frío;Sereno;Sobrio
30BB 63/084,Sala de Lectura,Frío,7,3,Azulado,Minimalista;Nórdico;Japandi,Living;Comedor;Cocina;Dormitorio;Pasillo,Blanco;Gris claro;Negro mate,Negro mate;Grafito;Terracota;Mostaza,Azulado frío de luminosidad alto (7/10) y saturación baja (3/10) que aporta amplitud visual.,Alto,Baja,Luminoso;Amplio;Frío;Sereno
47BB 14/349,Sangre Real *,Frío,2,8,Azulado,Industrial;Contemporáneo;Pop;Maximalista;Dramático,Baño;Home office,Blanco;Gris claro;Negro mate;Blanco roto;Neutros,Blanco;Crema;Terracota;Mostaza,Azulado frío de luminosidad muy bajo (2/10) y saturación alta (8/10) que genera profundidad.,Muy Bajo,Alta,Profundo;Frío;Sereno;Alegre
70BB 14/202,Satisfacción,Frío,2,3,Azulado,Industrial;Contemporáneo;Dramático,Baño;Home office,Blanco;Gris claro;Negro mate;Blanco roto,Blanco;Crema;Terracota;Mostaza,Azulado frío de luminosidad muy bajo (2/10) y saturación baja (3/10) que genera profundidad.,Muy Bajo,Baja,Profundo;Frío;Sereno;Sobrio
10BB 28/116,Saturno Frío,Frío,3,2,Azulado,Industrial;Contemporáneo;Dramático,Baño;Home office,Blanco;Gris claro;Negro mate;Blanco roto,Blanco;Crema;Terracota;Mostaza,Azulado frío de luminosidad bajo (3/10) y saturación muy baja (2/10) que genera profundidad.,Bajo,Muy Baja,Profundo;Frío;Sereno;Sobrio
01BB 59/109,Sensación Feliz,Frío,6,4,Azulado,Contemporáneo,Living;Dormitorio;Comedor;Cocina;Baño;Pasillo;Home office;Cuarto de niños,Blanco;Gris claro;Negro mate,Blanco;Crema;Terracota;Mostaza,Azulado frío de luminosidad medio (6/10) y saturación baja (4/10) que equilibra el espacio.,Medio,Baja,Suave;Frío;Sereno;Natural
33BB 61/174,Sensación Festiva,Frío,6,6,Azulado,Contemporáneo,Living,Blanco;Gris claro;Negro mate;Neutros,Blanco;Crema;Terracota;Mostaza,Azulado frío de luminosidad medio (6/10) y saturación media (6/10) que equilibra el espacio.,Medio,Media,Suave;Frío;Sereno;Natural
45BB 37/281,Sensación Francesa,Frío,4,5,Azulado,Industrial;Contemporáneo,Baño;Home office,Blanco;Gris claro;Negro mate;Blanco roto,Blanco;Crema;Terracota;Mostaza,Azulado frío de luminosidad bajo (4/10) y saturación media (5/10) que equilibra el espacio.,Bajo,Media,Suave;Frío;Sereno;Natural
37BG 26/349,Sensación Neptuno,Frío,3,10,Azulado,Industrial;Contemporáneo;Pop;Maximalista;Dramático,Baño;Home office,Blanco;Gris claro;Negro mate;Blanco roto;Neutros,Blanco;Crema;Terracota;Mostaza,Azulado frío de luminosidad bajo (3/10) y saturación muy alta (10/10) que genera profundidad.,Bajo,Muy Alta,Profundo;Frío;Sereno;Alegre
11BB 15/359,Sentimiento Fabuloso,Frío,2,10,Azulado,Industrial;Contemporáneo;Pop;Maximalista;Dramático,Living;Dormitorio;Comedor;Cocina;Baño;Pasillo;Home office;Cuarto de niños,Blanco;Gris claro;Negro mate;Blanco roto;Neutros,Blanco;Crema;Terracota;Mostaza,Azulado frío de luminosidad muy bajo (2/10) y saturación muy alta (10/10) que genera profundidad.,Muy Bajo,Muy Alta,Profundo;Frío;Sereno;Alegre
70BB 40/062,Silueta,Frío,4,2,Azulado,Industrial;Contemporáneo,Baño;Home office,Blanco;Gris claro;Negro mate;Blanco roto,Blanco;Crema;Terracota;Mostaza,Azulado frío de luminosidad bajo (4/10) y saturación muy baja (2/10) que equilibra el espacio.,Bajo,Muy Baja,Suave;Frío;Sereno;Sobrio
45BB 18/339,Sirena de Policía,Frío,2,6,Azulado,Industrial;Contemporáneo;Dramático,Baño;Home office,Blanco;Gris claro;Negro mate;Blanco roto;Neutros,Blanco;Crema;Terracota;Mostaza,Azulado frío de luminosidad muy bajo (2/10) y saturación media (6/10) que genera profundidad.,Muy Bajo,Media,Profundo;Frío;Sereno;Natural
90BG 56/088,Sombra de Duda,Frío,6,3,Azulado,Contemporáneo,Dormitorio;Pasillo,Blanco;Gris claro;Negro mate,Blanco;Crema;Terracota;Mostaza,Azulado frío de luminosidad medio (6/10) y saturación baja (3/10) que equilibra el espacio.,Medio,Baja,Suave;Frío;Sereno;Sobrio
70BB 55/044,Sombra Lunar,Frío,6,2,Azulado,Contemporáneo,Dormitorio;Pasillo,Blanco;Gris claro;Negro mate,Blanco;Crema;Terracota;Mostaza,Azulado frío de luminosidad medio (6/10) y saturación muy baja (2/10) que equilibra el espacio.,Medio,Muy Baja,Suave;Frío;Sereno;Sobrio
70BG 72/086,Sonata de Domingo,Frío,7,4,Azulado,Minimalista;Nórdico;Japandi,Living;Comedor;Cocina;Dormitorio;Pasillo,Blanco;Gris claro;Negro mate,Negro mate;Grafito;Terracota;Mostaza,Azulado frío de luminosidad alto (7/10) y saturación baja (4/10) que aporta amplitud visual.,Alto,Baja,Luminoso;Amplio;Frío;Sereno
54BB 66/088,Suave Lavanda,Frío,7,4,Azulado,Minimalista;Nórdico;Japandi,Living;Comedor;Cocina;Dormitorio;Pasillo,Blanco;Gris claro;Negro mate,Negro mate;Grafito;Terracota;Mostaza,Azulado frío de luminosidad alto (7/10) y saturación baja (4/10) que aporta amplitud visual.,Alto,Baja,Luminoso;Amplio;Frío;Sereno
28BB 72/039,Sueño Eterno,Frío,7,2,Azulado,Minimalista;Nórdico;Japandi,Living;Comedor;Cocina;Dormitorio;Pasillo,Blanco;Gris claro;Negro mate,Negro mate;Grafito;Terracota;Mostaza,Azulado frío de luminosidad alto (7/10) y saturación muy baja (2/10) que aporta amplitud visual.,Alto,Muy Baja,Luminoso;Amplio;Frío;Sereno
90BG 11/101,Tempestad Inminente,Frío,2,3,Azulado,Industrial;Contemporáneo;Dramático,Baño;Home office,Blanco;Gris claro;Negro mate;Blanco roto,Blanco;Crema;Terracota;Mostaza,Azulado frío de luminosidad muy bajo (2/10) y saturación baja (3/10) que genera profundidad.,Muy Bajo,Baja,Profundo;Frío;Sereno;Sobrio
30BB 33/211,Tira de Lona,Frío,4,4,Azulado,Industrial;Contemporáneo,Baño;Home office,Blanco;Gris claro;Negro mate;Blanco roto,Blanco;Crema;Terracota;Mostaza,Azulado frío de luminosidad bajo (4/10) y saturación baja (4/10) que equilibra el espacio.,Bajo,Baja,Suave;Frío;Sereno;Natural
50BB 45/185,Toque Florido,Frío,5,4,Azulado,Industrial;Contemporáneo,Dormitorio;Pasillo;Baño;Home office,Blanco;Gris claro;Negro mate,Blanco;Crema;Terracota;Mostaza,Azulado frío de luminosidad medio (5/10) y saturación baja (4/10) que equilibra el espacio.,Medio,Baja,Suave;Frío;Sereno;Natural
89BG 72/060,Toque Matinal,Frío,7,3,Azulado,Minimalista;Nórdico;Japandi,Living;Dormitorio;Comedor;Cocina;Baño;Pasillo;Home office;Cuarto de niños,Blanco;Gris claro;Negro mate,Negro mate;Grafito;Terracota;Mostaza,Azulado frío de luminosidad alto (7/10) y saturación baja (3/10) que aporta amplitud visual.,Alto,Baja,Luminoso;Amplio;Frío;Sereno
36BB 15/398,Tormenta Eléctrica,Frío,2,10,Azulado,Industrial;Contemporáneo;Pop;Maximalista;Dramático,Living;Dormitorio;Comedor;Cocina;Baño;Pasillo;Home office;Cuarto de niños,Blanco;Gris claro;Negro mate;Blanco roto;Neutros,Blanco;Crema;Terracota;Mostaza,Azulado frío de luminosidad muy bajo (2/10) y saturación muy alta (10/10) que genera profundidad.,Muy Bajo,Muy Alta,Profundo;Frío;Sereno;Alegre
98BG 45/237,Torrente de Agua,Frío,5,6,Azulado,Industrial;Contemporáneo,Baño;Home office,Blanco;Gris claro;Negro mate;Neutros,Blanco;Crema;Terracota;Mostaza,Azulado frío de luminosidad medio (5/10) y saturación media (6/10) que equilibra el espacio.,Medio,Media,Suave;Frío;Sereno;Natural
50BB 10/112,Trato Real,Frío,2,3,Azulado,Industrial;Contemporáneo;Dramático,Baño;Home office,Blanco;Gris claro;Negro mate;Blanco roto,Blanco;Crema;Terracota;Mostaza,Azulado frío de luminosidad muy bajo (2/10) y saturación baja (3/10) que genera profundidad.,Muy Bajo,Baja,Profundo;Frío;Sereno;Sobrio
58BB 62/119,Uva Magnífica,Frío,6,4,Azulado,Contemporáneo,Living;Dormitorio;Comedor;Cocina;Baño;Pasillo;Home office;Cuarto de niños,Blanco;Gris claro;Negro mate,Blanco;Crema;Terracota;Mostaza,Azulado frío de luminosidad medio (6/10) y saturación baja (4/10) que equilibra el espacio.,Medio,Baja,Suave;Frío;Sereno;Natural
30BB 17/158,Vals Azul,Frío,2,3,Azulado,Industrial;Contemporáneo;Dramático,Baño;Home office,Blanco;Gris claro;Negro mate;Blanco roto,Blanco;Crema;Terracota;Mostaza,Azulado frío de luminosidad muy bajo (2/10) y saturación baja (3/10) que genera profundidad.,Muy Bajo,Baja,Profundo;Frío;Sereno;Sobrio
21BB 52/181,Vasto Océano,Frío,6,5,Azulado,Contemporáneo,Living;Dormitorio;Comedor;Cocina;Baño;Pasillo;Home office;Cuarto de niños,Blanco;Gris claro;Negro mate,Blanco;Crema;Terracota;Mostaza,Azulado frío de luminosidad medio (6/10) y saturación media (5/10) que equilibra el espacio.,Medio,Media,Suave;Frío;Sereno;Natural
90BG 63/072,Velo Azul,Frío,7,3,Azulado,Minimalista;Nórdico;Japandi,Living;Comedor;Cocina;Dormitorio;Pasillo,Blanco;Gris claro;Negro mate,Negro mate;Grafito;Terracota;Mostaza,Azulado frío de luminosidad alto (7/10) y saturación baja (3/10) que aporta amplitud visual.,Alto,Baja,Luminoso;Amplio;Frío;Sereno
54BB 41/237,Versalles,Frío,4,5,Azulado,Industrial;Contemporáneo,Baño;Home office,Blanco;Gris claro;Negro mate;Blanco roto,Blanco;Crema;Terracota;Mostaza,Azulado frío de luminosidad bajo (4/10) y saturación media (5/10) que equilibra el espacio.,Bajo,Media,Suave;Frío;Sereno;Natural
10BB 18/106,Vía Láctea,Frío,2,2,Azulado,Industrial;Contemporáneo;Dramático,Baño;Home office,Blanco;Gris claro;Negro mate;Blanco roto,Blanco;Crema;Terracota;Mostaza,Azulado frío de luminosidad muy bajo (2/10) y saturación muy baja (2/10) que genera profundidad.,Muy Bajo,Muy Baja,Profundo;Frío;Sereno;Sobrio
29BB 75/065,Viento en Popa,Frío,8,4,Azulado,Minimalista;Nórdico;Japandi,Living;Comedor;Cocina;Dormitorio;Pasillo,Blanco;Gris claro;Negro mate,Negro mate;Grafito;Terracota;Mostaza,Azulado frío de luminosidad alto (8/10) y saturación baja (4/10) que aporta amplitud visual.,Alto,Baja,Luminoso;Amplio;Frío;Sereno
70BG 56/061,Viento Suave,Frío,6,2,Azulado,Contemporáneo,Dormitorio;Pasillo,Blanco;Gris claro;Negro mate,Blanco;Crema;Terracota;Mostaza,Azulado frío de luminosidad medio (6/10) y saturación muy baja (2/10) que equilibra el espacio.,Medio,Muy Baja,Suave;Frío;Sereno;Sobrio
70BB 10/275,Violeta Alegórico,Frío,2,5,Azulado,Industrial;Contemporáneo;Dramático,Baño;Home office,Blanco;Gris claro;Negro mate;Blanco roto,Blanco;Crema;Terracota;Mostaza,Azulado frío de luminosidad muy bajo (2/10) y saturación media (5/10) que genera profundidad.,Muy Bajo,Media,Profundo;Frío;Sereno;Natural
50BB 22/199,Violeta de Praga,Frío,3,3,Azulado,Industrial;Contemporáneo;Dramático,Baño;Home office,Blanco;Gris claro;Negro mate;Blanco roto,Blanco;Crema;Terracota;Mostaza,Azulado frío de luminosidad bajo (3/10) y saturación baja (3/10) que genera profundidad.,Bajo,Baja,Profundo;Frío;Sereno;Sobrio
90BB 09/186,Violeta Inspirado,Frío,2,3,Azulado,Industrial;Contemporáneo;Dramático,Baño;Home office,Blanco;Gris claro;Negro mate;Blanco roto,Blanco;Crema;Terracota;Mostaza,Azulado frío de luminosidad muy bajo (2/10) y saturación baja (3/10) que genera profundidad.,Muy Bajo,Baja,Profundo;Frío;Sereno;Sobrio
44BB 62/134,Violeta Perla,Frío,6,5,Azulado,Contemporáneo,Dormitorio;Pasillo,Blanco;Gris claro;Negro mate,Blanco;Crema;Terracota;Mostaza,Azulado frío de luminosidad medio (6/10) y saturación media (5/10) que equilibra el espacio.,Medio,Media,Suave;Frío;Sereno;Natural
61BB 28/291,Violeta Pervinca,Frío,3,4,Azulado,Industrial;Contemporáneo;Dramático,Baño;Home office,Blanco;Gris claro;Negro mate;Blanco roto,Blanco;Crema;Terracota;Mostaza,Azulado frío de luminosidad bajo (3/10) y saturación baja (4/10) que genera profundidad.,Bajo,Baja,Profundo;Frío;Sereno;Natural
70BB 24/245,Violeta Tropical,Frío,3,3,Azulado,Industrial;Contemporáneo;Dramático,Baño;Home office,Blanco;Gris claro;Negro mate;Blanco roto,Blanco;Crema;Terracota;Mostaza,Azulado frío de luminosidad bajo (3/10) y saturación baja (3/10) que genera profundidad.,Bajo,Baja,Profundo;Frío;Sereno;Sobrio
30BB 47/179,Virtuoso,Frío,5,4,Azulado,Industrial;Contemporáneo,Dormitorio;Pasillo;Baño;Home office,Blanco;Gris claro;Negro mate,Blanco;Crema;Terracota;Mostaza,Azulado frío de luminosidad medio (5/10) y saturación baja (4/10) que equilibra el espacio.,Medio,Baja,Suave;Frío;Sereno;Natural
50BG 76/090,Visión Aérea,Frío,8,5,Azulado,Contemporáneo,Living;Comedor;Cocina;Dormitorio;Pasillo,Blanco;Gris claro;Negro mate,Negro mate;Grafito;Terracota;Mostaza,Azulado frío de luminosidad alto (8/10) y saturación media (5/10) que aporta amplitud visual.,Alto,Media,Luminoso;Amplio;Frío;Sereno
69BG 40/190,Visión Atmosférica,Frío,5,4,Azulado,Industrial;Contemporáneo,Dormitorio;Pasillo;Baño;Home office,Blanco;Gris claro;Negro mate,Blanco;Crema;Terracota;Mostaza,Azulado frío de luminosidad medio (5/10) y saturación baja (4/10) que equilibra el espacio.,Medio,Baja,Suave;Frío;Sereno;Natural
17BB 71/069,Vuelo de Palomas,Frío,7,4,Azulado,Minimalista;Nórdico;Japandi,Living;Comedor;Cocina;Dormitorio;Pasillo,Blanco;Gris claro;Negro mate,Negro mate;Grafito;Terracota;Mostaza,Azulado frío de luminosidad alto (7/10) y saturación baja (4/10) que aporta amplitud visual.,Alto,Baja,Luminoso;Amplio;Frío;Sereno
90BG 29/267,Vuelo Espiritual,Frío,3,5,Azulado,Industrial;Contemporáneo;Dramático,Baño;Home office,Blanco;Gris claro;Negro mate;Blanco roto,Blanco;Crema;Terracota;Mostaza,Azulado frío de luminosidad bajo (3/10) y saturación media (5/10) que genera profundidad.,Bajo,Media,Profundo;Frío;Sereno;Natural
50BB 11/321,Zafiro *,Frío,2,7,Azulado,Industrial;Contemporáneo;Pop;Maximalista;Dramático,Baño;Home office,Blanco;Gris claro;Negro mate;Blanco roto;Neutros,Blanco;Crema;Terracota;Mostaza,Azulado frío de luminosidad muy bajo (2/10) y saturación alta (7/10) que genera profundidad.,Muy Bajo,Alta,Profundo;Frío;Sereno;Alegre
52BB 15/410,Zafiro Intenso,Frío,2,8,Azulado,Industrial;Contemporáneo;Pop;Maximalista;Dramático,Baño;Home office,Blanco;Gris claro;Negro mate;Blanco roto;Neutros,Blanco;Crema;Terracota;Mostaza,Azulado frío de luminosidad muy bajo (2/10) y saturación alta (8/10) que genera profundidad.,Muy Bajo,Alta,Profundo;Frío;Sereno;Alegre
90BB 83/020,Aire Fresco,Neutro,8,2,Marfil,Minimalista;Nórdico;Japandi,Living;Comedor;Cocina;Dormitorio;Pasillo,Blanco;Madera clara;Negro mate,Negro mate;Grafito;Verde oliva,Marfil neutro de luminosidad alto (8/10) y saturación muy baja (2/10) que aporta amplitud visual.,Alto,Muy Baja,Luminoso;Amplio;Neutro;Elegante
50GY 83/010,Ala Blanca,Neutro,8,2,Marfil,Minimalista;Nórdico;Japandi,Living;Comedor;Cocina;Dormitorio;Pasillo,Blanco;Madera clara;Negro mate,Negro mate;Grafito;Verde oliva,Marfil neutro de luminosidad alto (8/10) y saturación muy baja (2/10) que aporta amplitud visual.,Alto,Muy Baja,Luminoso;Amplio;Neutro;Elegante
67YY 88/044,Alegría de Bebé,Cálido,9,4,Arena,Minimalista;Nórdico;Japandi;Rústico;Mediterráneo,Living;Dormitorio;Comedor;Cocina;Baño;Pasillo;Home office;Cuarto de niños,Blanco;Madera clara;Beige,Negro mate;Grafito;Azul profundo,Arena cálido de luminosidad muy alto (9/10) y saturación baja (4/10) que aporta amplitud visual.,Muy Alto,Baja,Luminoso;Amplio;Cálido;Acogedor
04GY 87/028,Algodón Distinguido,Cálido,9,3,Marfil,Minimalista;Nórdico;Japandi;Rústico;Mediterráneo,Living;Dormitorio;Comedor;Cocina;Baño;Pasillo;Home office;Cuarto de niños,Blanco;Madera clara;Beige,Negro mate;Grafito;Azul profundo,Marfil cálido de luminosidad muy alto (9/10) y saturación baja (3/10) que aporta amplitud visual.,Muy Alto,Baja,Luminoso;Amplio;Cálido;Acogedor
65YY 90/062,Alturas Polares,Cálido,9,5,Arena,Rústico;Mediterráneo,Living;Dormitorio;Comedor;Cocina;Baño;Pasillo;Home office;Cuarto de niños,Blanco;Madera clara;Beige,Negro mate;Grafito;Azul profundo,Arena cálido de luminosidad muy alto (9/10) y saturación media (5/10) que aporta amplitud visual.,Muy Alto,Media,Luminoso;Amplio;Cálido;Acogedor
70BB 73/030,Amatista Difusa,Neutro,7,2,Azulado,Minimalista;Nórdico;Japandi,Living;Comedor;Cocina;Dormitorio;Pasillo,Blanco;Madera clara;Negro mate,Negro mate;Grafito;Verde oliva,Azulado neutro de luminosidad alto (7/10) y saturación muy baja (2/10) que aporta amplitud visual.,Alto,Muy Baja,Luminoso;Amplio;Neutro;Elegante
09BB 77/019,Andino,Neutro,8,2,Azulado,Minimalista;Nórdico;Japandi,Living;Comedor;Cocina;Dormitorio;Pasillo,Blanco;Madera clara;Negro mate,Negro mate;Grafito;Verde oliva,Azulado neutro de luminosidad alto (8/10) y saturación muy baja (2/10) que aporta amplitud visual.,Alto,Muy Baja,Luminoso;Amplio;Neutro;Elegante
90YR 83/035,Aria Suave,Cálido,8,4,Arena,Minimalista;Nórdico;Japandi;Rústico;Mediterráneo,Living;Comedor;Cocina;Dormitorio;Pasillo,Blanco;Madera clara;Beige,Negro mate;Grafito;Azul profundo,Arena cálido de luminosidad alto (8/10) y saturación baja (4/10) que aporta amplitud visual.,Alto,Baja,Luminoso;Amplio;Cálido;Acogedor
10BB 83/006,Atmósfera,Neutro,8,1,Hueso,Minimalista;Nórdico;Japandi,Living;Comedor;Cocina;Dormitorio;Pasillo,Blanco;Madera clara;Negro mate,Negro mate;Grafito;Verde oliva,Hueso neutro de luminosidad alto (8/10) y saturación muy baja (1/10) que aporta amplitud visual.,Alto,Muy Baja,Luminoso;Amplio;Neutro;Elegante
30RB 73/016,Ballet Sobre Hielo,Neutro,7,1,Hueso,Minimalista;Nórdico;Japandi,Living;Comedor;Cocina;Dormitorio;Pasillo,Blanco;Madera clara;Negro mate,Negro mate;Grafito;Verde oliva,Hueso neutro de luminosidad alto (7/10) y saturación muy baja (1/10) que aporta amplitud visual.,Alto,Muy Baja,Luminoso;Amplio;Neutro;Elegante
27YY 77/042,Beige Pálido,Cálido,8,3,Arena,Minimalista;Nórdico;Japandi;Rústico;Mediterráneo,Living;Dormitorio;Comedor;Cocina;Baño;Pasillo;Home office;Cuarto de niños,Blanco;Madera clara;Beige,Negro mate;Grafito;Azul profundo,Arena cálido de luminosidad alto (8/10) y saturación baja (3/10) que aporta amplitud visual.,Alto,Baja,Luminoso;Amplio;Cálido;Acogedor
90YR 73/029,Bello Brezo,Cálido,7,2,Gris cálido,Minimalista;Nórdico;Japandi;Rústico;Mediterráneo,Living;Comedor;Cocina;Dormitorio;Pasillo,Blanco;Madera clara;Beige,Negro mate;Grafito;Azul profundo,Gris cálido cálido de luminosidad alto (7/10) y saturación muy baja (2/10) que aporta amplitud visual.,Alto,Muy Baja,Luminoso;Amplio;Cálido;Acogedor
40YY 74/056,Bizcocho de Leche,Cálido,8,3,Arena,Minimalista;Nórdico;Japandi;Rústico;Mediterráneo,Living;Comedor;Cocina;Dormitorio;Pasillo,Blanco;Madera clara;Beige,Negro mate;Grafito;Azul profundo,Arena cálido de luminosidad alto (8/10) y saturación baja (3/10) que aporta amplitud visual.,Alto,Baja,Luminoso;Amplio;Cálido;Acogedor
43YY 78/053,Blanco Antiguo,Cálido,8,4,Arena,Minimalista;Nórdico;Japandi;Rústico;Mediterráneo,Living;Comedor;Cocina;Dormitorio;Pasillo,Blanco;Madera clara;Beige,Negro mate;Grafito;Azul profundo,Arena cálido de luminosidad alto (8/10) y saturación baja (4/10) que aporta amplitud visual.,Alto,Baja,Luminoso;Amplio;Cálido;Acogedor
42YY 87/084,Blanco Arizona,Cálido,9,6,Arena,Rústico;Mediterráneo,Living;Comedor;Cocina,Blanco;Madera clara;Beige;Neutros,Negro mate;Grafito;Azul profundo,Arena cálido de luminosidad muy alto (9/10) y saturación media (6/10) que aporta amplitud visual.,Muy Alto,Media,Luminoso;Amplio;Cálido;Acogedor
20YY 83/025,Blanco Artesano,Cálido,8,3,Marfil,Minimalista;Nórdico;Japandi;Rústico;Mediterráneo,Living;Comedor;Cocina;Dormitorio;Pasillo,Blanco;Madera clara;Beige,Negro mate;Grafito;Azul profundo,Marfil cálido de luminosidad alto (8/10) y saturación baja (3/10) que aporta amplitud visual.,Alto,Baja,Luminoso;Amplio;Cálido;Acogedor
01YY 86/034,Blanco Cal,Cálido,9,4,Arena,Minimalista;Nórdico;Japandi;Rústico;Mediterráneo,Living;Dormitorio;Comedor;Cocina;Baño;Pasillo;Home office;Cuarto de niños,Blanco;Madera clara;Beige,Negro mate;Grafito;Azul profundo,Arena cálido de luminosidad muy alto (9/10) y saturación baja (4/10) que aporta amplitud visual.,Muy Alto,Baja,Luminoso;Amplio;Cálido;Acogedor
70YY 83/037,Blanco Casamiento,Cálido,8,3,Marfil,Minimalista;Nórdico;Japandi;Rústico;Mediterráneo,Living;Comedor;Cocina;Dormitorio;Pasillo,Blanco;Madera clara;Beige,Negro mate;Grafito;Azul profundo,Marfil cálido de luminosidad alto (8/10) y saturación baja (3/10) que aporta amplitud visual.,Alto,Baja,Luminoso;Amplio;Cálido;Acogedor
70YR 83/034,Blanco Chantilly,Cálido,8,4,Arena,Minimalista;Nórdico;Japandi;Rústico;Mediterráneo,Living;Comedor;Cocina;Dormitorio;Pasillo,Blanco;Madera clara;Beige,Negro mate;Grafito;Azul profundo,Arena cálido de luminosidad alto (8/10) y saturación baja (4/10) que aporta amplitud visual.,Alto,Baja,Luminoso;Amplio;Cálido;Acogedor
90YR 83/026,Blanco Correcto,Cálido,8,3,Marfil,Minimalista;Nórdico;Japandi;Rústico;Mediterráneo,Living;Comedor;Cocina;Dormitorio;Pasillo,Blanco;Madera clara;Beige,Negro mate;Grafito;Azul profundo,Marfil cálido de luminosidad alto (8/10) y saturación baja (3/10) que aporta amplitud visual.,Alto,Baja,Luminoso;Amplio;Cálido;Acogedor
30GY 88/014,Blanco Crudo,Neutro,9,2,Marfil,Minimalista;Nórdico;Japandi,Living;Comedor;Cocina;Dormitorio;Pasillo,Blanco;Madera clara;Negro mate,Negro mate;Grafito;Verde oliva,Marfil neutro de luminosidad muy alto (9/10) y saturación muy baja (2/10) que aporta amplitud visual.,Muy Alto,Muy Baja,Luminoso;Amplio;Neutro;Elegante
66YY 85/045,Blanco Divino,Cálido,9,4,Arena,Minimalista;Nórdico;Japandi;Rústico;Mediterráneo,Living;Comedor;Cocina;Dormitorio;Pasillo,Blanco;Madera clara;Beige,Negro mate;Grafito;Azul profundo,Arena cálido de luminosidad muy alto (9/10) y saturación baja (4/10) que aporta amplitud visual.,Muy Alto,Baja,Luminoso;Amplio;Cálido;Acogedor
29YY 79/033,Blanco Estelar,Cálido,8,3,Marfil,Minimalista;Nórdico;Japandi;Rústico;Mediterráneo,Living;Comedor;Cocina;Dormitorio;Pasillo,Blanco;Madera clara;Beige,Negro mate;Grafito;Azul profundo,Marfil cálido de luminosidad alto (8/10) y saturación baja (3/10) que aporta amplitud visual.,Alto,Baja,Luminoso;Amplio;Cálido;Acogedor
45YY 83/062,Blanco Estibador,Cálido,8,5,Arena,Rústico;Mediterráneo,Living;Comedor;Cocina;Dormitorio;Pasillo,Blanco;Madera clara;Beige,Negro mate;Grafito;Azul profundo,Arena cálido de luminosidad alto (8/10) y saturación media (5/10) que aporta amplitud visual.,Alto,Media,Luminoso;Amplio;Cálido;Acogedor
61YY 85/050,Blanco Floral,Cálido,9,4,Arena,Minimalista;Nórdico;Japandi;Rústico;Mediterráneo,Living;Comedor;Cocina;Dormitorio;Pasillo,Blanco;Madera clara;Beige,Negro mate;Grafito;Azul profundo,Arena cálido de luminosidad muy alto (9/10) y saturación baja (4/10) que aporta amplitud visual.,Muy Alto,Baja,Luminoso;Amplio;Cálido;Acogedor
30YY 78/035,Blanco Gatito,Cálido,8,3,Arena,Minimalista;Nórdico;Japandi;Rústico;Mediterráneo,Living;Comedor;Cocina;Dormitorio;Pasillo,Blanco;Madera clara;Beige,Negro mate;Grafito;Azul profundo,Arena cálido de luminosidad alto (8/10) y saturación baja (3/10) que aporta amplitud visual.,Alto,Baja,Luminoso;Amplio;Cálido;Acogedor
98YY 82/022,Blanco Glacis,Cálido,9,3,Marfil,Minimalista;Nórdico;Japandi;Rústico;Mediterráneo,Living;Comedor;Cocina;Dormitorio;Pasillo,Blanco;Madera clara;Beige,Negro mate;Grafito;Azul profundo,Marfil cálido de luminosidad muy alto (9/10) y saturación baja (3/10) que aporta amplitud visual.,Muy Alto,Baja,Luminoso;Amplio;Cálido;Acogedor
30YY 83/012,Blanco Inspiración,Cálido,8,2,Marfil,Minimalista;Nórdico;Japandi;Rústico;Mediterráneo,Living;Comedor;Cocina;Dormitorio;Pasillo,Blanco;Madera clara;Beige,Negro mate;Grafito;Azul profundo,Marfil cálido de luminosidad alto (8/10) y saturación muy baja (2/10) que aporta amplitud visual.,Alto,Muy Baja,Luminoso;Amplio;Cálido;Acogedor
50YY 83/086,Blanco Lino,Cálido,8,6,Arena,Rústico;Mediterráneo,Living;Comedor;Cocina,Blanco;Madera clara;Beige;Neutros,Negro mate;Grafito;Azul profundo,Arena cálido de luminosidad alto (8/10) y saturación media (6/10) que aporta amplitud visual.,Alto,Media,Luminoso;Amplio;Cálido;Acogedor
93YY 89/012,Blanco Maravilloso,Cálido,9,2,Marfil,Minimalista;Nórdico;Japandi;Rústico;Mediterráneo,Living;Comedor;Cocina;Dormitorio;Pasillo,Blanco;Madera clara;Beige,Negro mate;Grafito;Azul profundo,Marfil cálido de luminosidad muy alto (9/10) y saturación muy baja (2/10) que aporta amplitud visual.,Muy Alto,Muy Baja,Luminoso;Amplio;Cálido;Acogedor
40YY 83/021,Blanco Minimalista,Cálido,8,3,Marfil,Minimalista;Nórdico;Japandi;Rústico;Mediterráneo,Living;Comedor;Cocina;Dormitorio;Pasillo,Blanco;Madera clara;Beige,Negro mate;Grafito;Azul profundo,Marfil cálido de luminosidad alto (8/10) y saturación baja (3/10) que aporta amplitud visual.,Alto,Baja,Luminoso;Amplio;Cálido;Acogedor
50YY 83/029,Blanco Natural,Cálido,8,3,Marfil,Minimalista;Nórdico;Japandi;Rústico;Mediterráneo,Living;Comedor;Cocina;Dormitorio;Pasillo,Blanco;Madera clara;Beige,Negro mate;Grafito;Azul profundo,Marfil cálido de luminosidad alto (8/10) y saturación baja (3/10) que aporta amplitud visual.,Alto,Baja,Luminoso;Amplio;Cálido;Acogedor
40YY 83/064,Blanco Panadero,Cálido,8,5,Arena,Rústico;Mediterráneo,Living;Comedor;Cocina;Dormitorio;Pasillo,Blanco;Madera clara;Beige,Negro mate;Grafito;Azul profundo,Arena cálido de luminosidad alto (8/10) y saturación media (5/10) que aporta amplitud visual.,Alto,Media,Luminoso;Amplio;Cálido;Acogedor
03YY 86/021,Blanco Polar,Cálido,9,4,Arena,Minimalista;Nórdico;Japandi;Rústico;Mediterráneo,Living;Comedor;Cocina;Dormitorio;Pasillo,Blanco;Madera clara;Beige,Negro mate;Grafito;Azul profundo,Arena cálido de luminosidad muy alto (9/10) y saturación baja (4/10) que aporta amplitud visual.,Muy Alto,Baja,Luminoso;Amplio;Cálido;Acogedor
83YY 88/033,Blanco Quirúrgico,Cálido,9,3,Marfil,Minimalista;Nórdico;Japandi;Rústico;Mediterráneo,Living;Dormitorio;Comedor;Cocina;Baño;Pasillo;Home office;Cuarto de niños,Blanco;Madera clara;Beige,Negro mate;Grafito;Azul profundo,Marfil cálido de luminosidad muy alto (9/10) y saturación baja (3/10) que aporta amplitud visual.,Muy Alto,Baja,Luminoso;Amplio;Cálido;Acogedor
44YY 84/042,Blanco Susurro,Cálido,8,4,Arena,Minimalista;Nórdico;Japandi;Rústico;Mediterráneo,Living;Comedor;Cocina;Dormitorio;Pasillo,Blanco;Madera clara;Beige,Negro mate;Grafito;Azul profundo,Arena cálido de luminosidad alto (8/10) y saturación baja (4/10) que aporta amplitud visual.,Alto,Baja,Luminoso;Amplio;Cálido;Acogedor
53YY 87/070,Blanco Terraza,Cálido,8,5,Arena,Rústico;Mediterráneo,Living;Comedor;Cocina;Dormitorio;Pasillo,Blanco;Madera clara;Beige,Negro mate;Grafito;Azul profundo,Arena cálido de luminosidad alto (8/10) y saturación media (5/10) que aporta amplitud visual.,Alto,Media,Luminoso;Amplio;Cálido;Acogedor
50BG 72/006,Blanco Tul,Neutro,7,1,Hueso,Minimalista;Nórdico;Japandi,Living;Comedor;Cocina;Dormitorio;Pasillo,Blanco;Madera clara;Negro mate,Negro mate;Grafito;Verde oliva,Hueso neutro de luminosidad alto (7/10) y saturación muy baja (1/10) que aporta amplitud visual.,Alto,Muy Baja,Luminoso;Amplio;Neutro;Elegante
47YY 86/047,Boda Primaveral,Cálido,9,4,Arena,Minimalista;Nórdico;Japandi;Rústico;Mediterráneo,Living;Comedor;Cocina;Dormitorio;Pasillo,Blanco;Madera clara;Beige,Negro mate;Grafito;Azul profundo,Arena cálido de luminosidad muy alto (9/10) y saturación baja (4/10) que aporta amplitud visual.,Muy Alto,Baja,Luminoso;Amplio;Cálido;Acogedor
20YY 83/075,Bouquet de Almendras,Cálido,8,5,Arena,Rústico;Mediterráneo,Living;Comedor;Cocina;Dormitorio;Pasillo,Blanco;Madera clara;Beige,Negro mate;Grafito;Azul profundo,Arena cálido de luminosidad alto (8/10) y saturación media (5/10) que aporta amplitud visual.,Alto,Media,Luminoso;Amplio;Cálido;Acogedor
70BB 83/020,Brillo de Cristal,Neutro,8,2,Marfil,Minimalista;Nórdico;Japandi,Living;Comedor;Cocina;Dormitorio;Pasillo,Blanco;Madera clara;Negro mate,Negro mate;Grafito;Verde oliva,Marfil neutro de luminosidad alto (8/10) y saturación muy baja (2/10) que aporta amplitud visual.,Alto,Muy Baja,Luminoso;Amplio;Neutro;Elegante
50YR 83/020,Brillo Suave,Cálido,8,3,Marfil,Minimalista;Nórdico;Japandi;Rústico;Mediterráneo,Living;Comedor;Cocina;Dormitorio;Pasillo,Blanco;Madera clara;Beige,Negro mate;Grafito;Azul profundo,Marfil cálido de luminosidad alto (8/10) y saturación baja (3/10) que aporta amplitud visual.,Alto,Baja,Luminoso;Amplio;Cálido;Acogedor
56YY 87/037,Brisa de Algodón,Cálido,9,4,Arena,Minimalista;Nórdico;Japandi;Rústico;Mediterráneo,Living;Comedor;Cocina;Dormitorio;Pasillo,Blanco;Madera clara;Beige,Negro mate;Grafito;Azul profundo,Arena cálido de luminosidad muy alto (9/10) y saturación baja (4/10) que aporta amplitud visual.,Muy Alto,Baja,Luminoso;Amplio;Cálido;Acogedor
41YY 82/071,Bruma Mística,Cálido,8,5,Arena,Rústico;Mediterráneo,Living;Dormitorio;Comedor;Cocina;Baño;Pasillo;Home office;Cuarto de niños,Blanco;Madera clara;Beige,Negro mate;Grafito;Azul profundo,Arena cálido de luminosidad alto (8/10) y saturación media (5/10) que aporta amplitud visual.,Alto,Media,Luminoso;Amplio;Cálido;Acogedor
30YY 82/039,Bruma Tranquila,Cálido,8,4,Arena,Minimalista;Nórdico;Japandi;Rústico;Mediterráneo,Living;Dormitorio;Comedor;Cocina;Baño;Pasillo;Home office;Cuarto de niños,Blanco;Madera clara;Beige,Negro mate;Grafito;Azul profundo,Arena cálido de luminosidad alto (8/10) y saturación baja (4/10) que aporta amplitud visual.,Alto,Baja,Luminoso;Amplio;Cálido;Acogedor
10YY 72/021,Cabras Blancas,Cálido,7,2,Gris cálido,Minimalista;Nórdico;Japandi;Rústico;Mediterráneo,Living;Comedor;Cocina;Dormitorio;Pasillo,Blanco;Madera clara;Beige,Negro mate;Grafito;Azul profundo,Gris cálido cálido de luminosidad alto (7/10) y saturación muy baja (2/10) que aporta amplitud visual.,Alto,Muy Baja,Luminoso;Amplio;Cálido;Acogedor
50YY 83/057,Café Suizo,Cálido,8,5,Arena,Rústico;Mediterráneo,Living;Comedor;Cocina;Dormitorio;Pasillo,Blanco;Madera clara;Beige,Negro mate;Grafito;Azul profundo,Arena cálido de luminosidad alto (8/10) y saturación media (5/10) que aporta amplitud visual.,Alto,Media,Luminoso;Amplio;Cálido;Acogedor
60YR 83/026,Calma Matutina,Cálido,8,4,Arena,Minimalista;Nórdico;Japandi;Rústico;Mediterráneo,Living;Comedor;Cocina;Dormitorio;Pasillo,Blanco;Madera clara;Beige,Negro mate;Grafito;Azul profundo,Arena cálido de luminosidad alto (8/10) y saturación baja (4/10) que aporta amplitud visual.,Alto,Baja,Luminoso;Amplio;Cálido;Acogedor
30GG 83/013,Caminata de Invierno,Neutro,8,2,Marfil,Minimalista;Nórdico;Japandi,Living;Comedor;Cocina;Dormitorio;Pasillo,Blanco;Madera clara;Negro mate,Negro mate;Grafito;Verde oliva,Marfil neutro de luminosidad alto (8/10) y saturación muy baja (2/10) que aporta amplitud visual.,Alto,Muy Baja,Luminoso;Amplio;Neutro;Elegante
13GY 77/016,Caminata Invernal,Neutro,8,2,Gris frío,Minimalista;Nórdico;Japandi,Living;Comedor;Cocina;Dormitorio;Pasillo,Blanco;Madera clara;Negro mate,Negro mate;Grafito;Verde oliva,Gris frío neutro de luminosidad alto (8/10) y saturación muy baja (2/10) que aporta amplitud visual.,Alto,Muy Baja,Luminoso;Amplio;Neutro;Elegante
00NN 72/000,Campo Nevado,Neutro,7,1,Hueso,Minimalista;Nórdico;Japandi,Living;Comedor;Cocina;Dormitorio;Pasillo,Blanco;Madera clara;Negro mate,Negro mate;Grafito;Verde oliva,Hueso neutro de luminosidad alto (7/10) y saturación muy baja (1/10) que aporta amplitud visual.,Alto,Muy Baja,Luminoso;Amplio;Neutro;Elegante
90BB 73/022,Carbón del Ártico,Neutro,7,1,Hueso,Minimalista;Nórdico;Japandi,Living;Comedor;Cocina;Dormitorio;Pasillo,Blanco;Madera clara;Negro mate,Negro mate;Grafito;Verde oliva,Hueso neutro de luminosidad alto (7/10) y saturación muy baja (1/10) que aporta amplitud visual.,Alto,Muy Baja,Luminoso;Amplio;Neutro;Elegante
80YR 83/026,Caricia,Cálido,8,3,Arena,Minimalista;Nórdico;Japandi;Rústico;Mediterráneo,Living;Comedor;Cocina;Dormitorio;Pasillo,Blanco;Madera clara;Beige,Negro mate;Grafito;Azul profundo,Arena cálido de luminosidad alto (8/10) y saturación baja (3/10) que aporta amplitud visual.,Alto,Baja,Luminoso;Amplio;Cálido;Acogedor
90RB 83/015,Casamiento de Verano,Neutro,8,2,Marfil,Minimalista;Nórdico;Japandi,Living;Comedor;Cocina;Dormitorio;Pasillo,Blanco;Madera clara;Negro mate,Negro mate;Grafito;Verde oliva,Marfil neutro de luminosidad alto (8/10) y saturación muy baja (2/10) que aporta amplitud visual.,Alto,Muy Baja,Luminoso;Amplio;Neutro;Elegante
30GY 76/017,Chiffon,Neutro,8,2,Gris frío,Minimalista;Nórdico;Japandi,Living;Comedor;Cocina;Dormitorio;Pasillo,Blanco;Madera clara;Negro mate,Negro mate;Grafito;Verde oliva,Gris frío neutro de luminosidad alto (8/10) y saturación muy baja (2/10) que aporta amplitud visual.,Alto,Muy Baja,Luminoso;Amplio;Neutro;Elegante
23YY 86/081,Chispazo de Marfil,Cálido,9,7,Arena,Pop;Maximalista,Living;Dormitorio;Comedor;Cocina;Baño;Pasillo;Home office;Cuarto de niños,Blanco;Madera clara;Beige;Neutros,Negro mate;Grafito;Azul profundo,Arena cálido de luminosidad muy alto (9/10) y saturación alta (7/10) que aporta amplitud visual.,Muy Alto,Alta,Luminoso;Amplio;Cálido;Acogedor
43YY 81/051,Cielo Blanco,Cálido,8,4,Arena,Minimalista;Nórdico;Japandi;Rústico;Mediterráneo,Living;Comedor;Cocina;Dormitorio;Pasillo,Blanco;Madera clara;Beige,Negro mate;Grafito;Azul profundo,Arena cálido de luminosidad alto (8/10) y saturación baja (4/10) que aporta amplitud visual.,Alto,Baja,Luminoso;Amplio;Cálido;Acogedor
60YY 83/062,Cisne Blanco,Cálido,8,4,Arena,Minimalista;Nórdico;Japandi;Rústico;Mediterráneo,Living;Comedor;Cocina;Dormitorio;Pasillo,Blanco;Madera clara;Beige,Negro mate;Grafito;Azul profundo,Arena cálido de luminosidad alto (8/10) y saturación baja (4/10) que aporta amplitud visual.,Alto,Baja,Luminoso;Amplio;Cálido;Acogedor
50RB 83/005,Colinas de Invierno,Neutro,8,2,Marfil,Minimalista;Nórdico;Japandi,Living;Comedor;Cocina;Dormitorio;Pasillo,Blanco;Madera clara;Negro mate,Negro mate;Grafito;Verde oliva,Marfil neutro de luminosidad alto (8/10) y saturación muy baja (2/10) que aporta amplitud visual.,Alto,Muy Baja,Luminoso;Amplio;Neutro;Elegante
50RR 72/010,Conejo Blanco,Neutro,7,2,Gris frío,Minimalista;Nórdico;Japandi,Living;Comedor;Cocina;Dormitorio;Pasillo,Blanco;Madera clara;Negro mate,Negro mate;Grafito;Verde oliva,Gris frío neutro de luminosidad alto (7/10) y saturación muy baja (2/10) que aporta amplitud visual.,Alto,Muy Baja,Luminoso;Amplio;Neutro;Elegante
38YY 85/096,Crema Chantilly,Cálido,9,7,Arena,Pop;Maximalista,Living;Comedor;Cocina,Blanco;Madera clara;Beige;Neutros,Negro mate;Grafito;Azul profundo,Arena cálido de luminosidad muy alto (9/10) y saturación alta (7/10) que aporta amplitud visual.,Muy Alto,Alta,Luminoso;Amplio;Cálido;Acogedor
53YY 89/081,Dejo de Vainilla,Cálido,9,6,Arena,Rústico;Mediterráneo,Living;Dormitorio;Comedor;Cocina;Baño;Pasillo;Home office;Cuarto de niños,Blanco;Madera clara;Beige;Neutros,Negro mate;Grafito;Azul profundo,Arena cálido de luminosidad muy alto (9/10) y saturación media (6/10) que aporta amplitud visual.,Muy Alto,Media,Luminoso;Amplio;Cálido;Acogedor
50GG 83/011,Día de Invierno,Neutro,8,2,Marfil,Minimalista;Nórdico;Japandi,Living;Comedor;Cocina;Dormitorio;Pasillo,Blanco;Madera clara;Negro mate,Negro mate;Grafito;Verde oliva,Marfil neutro de luminosidad alto (8/10) y saturación muy baja (2/10) que aporta amplitud visual.,Alto,Muy Baja,Luminoso;Amplio;Neutro;Elegante
30YY 83/026,Domingo Nublado,Cálido,8,3,Marfil,Minimalista;Nórdico;Japandi;Rústico;Mediterráneo,Living;Dormitorio;Comedor;Cocina;Baño;Pasillo;Home office;Cuarto de niños,Blanco;Madera clara;Beige,Negro mate;Grafito;Azul profundo,Marfil cálido de luminosidad alto (8/10) y saturación baja (3/10) que aporta amplitud visual.,Alto,Baja,Luminoso;Amplio;Cálido;Acogedor
60YR 83/034,Efecto Luminoso,Cálido,8,4,Arena,Minimalista;Nórdico;Japandi;Rústico;Mediterráneo,Living;Comedor;Cocina;Dormitorio;Pasillo,Blanco;Madera clara;Beige,Negro mate;Grafito;Azul profundo,Arena cálido de luminosidad alto (8/10) y saturación baja (4/10) que aporta amplitud visual.,Alto,Baja,Luminoso;Amplio;Cálido;Acogedor
82YY 85/038,Encaje Nordestino,Cálido,9,4,Piedra,Minimalista;Nórdico;Japandi;Rústico;Mediterráneo,Living;Comedor;Cocina;Dormitorio;Pasillo,Blanco;Madera clara;Beige,Negro mate;Grafito;Azul profundo,Piedra cálido de luminosidad muy alto (9/10) y saturación baja (4/10) que aporta amplitud visual.,Muy Alto,Baja,Luminoso;Amplio;Cálido;Acogedor
10YY 73/042,Equinoccio de Otoño,Cálido,8,3,Arena,Minimalista;Nórdico;Japandi;Rústico;Mediterráneo,Living;Comedor;Cocina;Dormitorio;Pasillo,Blanco;Madera clara;Beige,Negro mate;Grafito;Azul profundo,Arena cálido de luminosidad alto (8/10) y saturación baja (3/10) que aporta amplitud visual.,Alto,Baja,Luminoso;Amplio;Cálido;Acogedor
70YR 83/026,Erizo Blanco,Cálido,8,3,Arena,Minimalista;Nórdico;Japandi;Rústico;Mediterráneo,Living;Comedor;Cocina;Dormitorio;Pasillo,Blanco;Madera clara;Beige,Negro mate;Grafito;Azul profundo,Arena cálido de luminosidad alto (8/10) y saturación baja (3/10) que aporta amplitud visual.,Alto,Baja,Luminoso;Amplio;Cálido;Acogedor
71YY 90/027,Escarcha Pura,Cálido,9,3,Marfil,Minimalista;Nórdico;Japandi;Rústico;Mediterráneo,Living;Dormitorio;Comedor;Cocina;Baño;Pasillo;Home office;Cuarto de niños,Blanco;Madera clara;Beige,Negro mate;Grafito;Azul profundo,Marfil cálido de luminosidad muy alto (9/10) y saturación baja (3/10) que aporta amplitud visual.,Muy Alto,Baja,Luminoso;Amplio;Cálido;Acogedor
81YY 81/016,Escondite Silencioso,Cálido,8,2,Marfil,Minimalista;Nórdico;Japandi;Rústico;Mediterráneo,Living;Comedor;Cocina;Dormitorio;Pasillo,Blanco;Madera clara;Beige,Negro mate;Grafito;Azul profundo,Marfil cálido de luminosidad alto (8/10) y saturación muy baja (2/10) que aporta amplitud visual.,Alto,Muy Baja,Luminoso;Amplio;Cálido;Acogedor
50YR 83/025,Espacio Interno,Cálido,8,3,Arena,Minimalista;Nórdico;Japandi;Rústico;Mediterráneo,Living;Comedor;Cocina;Dormitorio;Pasillo,Blanco;Madera clara;Beige,Negro mate;Grafito;Azul profundo,Arena cálido de luminosidad alto (8/10) y saturación baja (3/10) que aporta amplitud visual.,Alto,Baja,Luminoso;Amplio;Cálido;Acogedor
41YY 77/065,Espejismo Vigoroso,Cálido,8,4,Arena,Minimalista;Nórdico;Japandi;Rústico;Mediterráneo,Living;Dormitorio;Comedor;Cocina;Baño;Pasillo;Home office;Cuarto de niños,Blanco;Madera clara;Beige,Negro mate;Grafito;Azul profundo,Arena cálido de luminosidad alto (8/10) y saturación baja (4/10) que aporta amplitud visual.,Alto,Baja,Luminoso;Amplio;Cálido;Acogedor
10BB 83/017,Estrella Nueva,Neutro,8,2,Marfil,Minimalista;Nórdico;Japandi,Living;Comedor;Cocina;Dormitorio;Pasillo,Blanco;Madera clara;Negro mate,Negro mate;Grafito;Verde oliva,Marfil neutro de luminosidad alto (8/10) y saturación muy baja (2/10) que aporta amplitud visual.,Alto,Muy Baja,Luminoso;Amplio;Neutro;Elegante
83YY 89/055,Fantasía de Algodón,Cálido,9,4,Piedra,Minimalista;Nórdico;Japandi;Rústico;Mediterráneo,Living;Dormitorio;Comedor;Cocina;Baño;Pasillo;Home office;Cuarto de niños,Blanco;Madera clara;Beige,Negro mate;Grafito;Azul profundo,Piedra cálido de luminosidad muy alto (9/10) y saturación baja (4/10) que aporta amplitud visual.,Muy Alto,Baja,Luminoso;Amplio;Cálido;Acogedor
39YY 84/095,Fantasía Marfil,Cálido,8,6,Arena,Rústico;Mediterráneo,Living;Comedor;Cocina,Blanco;Madera clara;Beige;Neutros,Negro mate;Grafito;Azul profundo,Arena cálido de luminosidad alto (8/10) y saturación media (6/10) que aporta amplitud visual.,Alto,Media,Luminoso;Amplio;Cálido;Acogedor
20YY 74/055,Flauta de Madera,Cálido,7,3,Arena,Minimalista;Nórdico;Japandi;Rústico;Mediterráneo,Living;Comedor;Cocina;Dormitorio;Pasillo,Blanco;Madera clara;Beige,Negro mate;Grafito;Azul profundo,Arena cálido de luminosidad alto (7/10) y saturación baja (3/10) que aporta amplitud visual.,Alto,Baja,Luminoso;Amplio;Cálido;Acogedor
39YY 85/046,Garza Real,Cálido,8,4,Arena,Minimalista;Nórdico;Japandi;Rústico;Mediterráneo,Living;Comedor;Cocina;Dormitorio;Pasillo,Blanco;Madera clara;Beige,Negro mate;Grafito;Azul profundo,Arena cálido de luminosidad alto (8/10) y saturación baja (4/10) que aporta amplitud visual.,Alto,Baja,Luminoso;Amplio;Cálido;Acogedor
85YY 74/012,Gaviota en Reposo,Neutro,8,2,Hueso,Minimalista;Nórdico;Japandi,Living;Comedor;Cocina;Dormitorio;Pasillo,Blanco;Madera clara;Negro mate,Negro mate;Grafito;Verde oliva,Hueso neutro de luminosidad alto (8/10) y saturación muy baja (2/10) que aporta amplitud visual.,Alto,Muy Baja,Luminoso;Amplio;Neutro;Elegante
00YY 83/046,Glamour,Cálido,8,4,Arena,Minimalista;Nórdico;Japandi;Rústico;Mediterráneo,Living;Comedor;Cocina;Dormitorio;Pasillo,Blanco;Madera clara;Beige,Negro mate;Grafito;Azul profundo,Arena cálido de luminosidad alto (8/10) y saturación baja (4/10) que aporta amplitud visual.,Alto,Baja,Luminoso;Amplio;Cálido;Acogedor
70BB 73/020,Glicina Blanca,Neutro,7,1,Hueso,Minimalista;Nórdico;Japandi,Living;Comedor;Cocina;Dormitorio;Pasillo,Blanco;Madera clara;Negro mate,Negro mate;Grafito;Verde oliva,Hueso neutro de luminosidad alto (7/10) y saturación muy baja (1/10) que aporta amplitud visual.,Alto,Muy Baja,Luminoso;Amplio;Neutro;Elegante
30BB 83/018,Gota de Perla,Neutro,8,2,Marfil,Minimalista;Nórdico;Japandi,Living;Comedor;Cocina;Dormitorio;Pasillo,Blanco;Madera clara;Negro mate,Negro mate;Grafito;Verde oliva,Marfil neutro de luminosidad alto (8/10) y saturación muy baja (2/10) que aporta amplitud visual.,Alto,Muy Baja,Luminoso;Amplio;Neutro;Elegante
30GG 83/006,Gotas de Lluvia,Neutro,8,1,Hueso,Minimalista;Nórdico;Japandi,Living;Comedor;Cocina;Dormitorio;Pasillo,Blanco;Madera clara;Negro mate,Negro mate;Grafito;Verde oliva,Hueso neutro de luminosidad alto (8/10) y saturación muy baja (1/10) que aporta amplitud visual.,Alto,Muy Baja,Luminoso;Amplio;Neutro;Elegante
04BB 75/027,Gris Estupendo,Frío,8,2,Azulado,Minimalista;Nórdico;Japandi,Living;Comedor;Cocina;Dormitorio;Pasillo,Blanco;Gris claro;Negro mate,Negro mate;Grafito;Terracota;Mostaza,Azulado frío de luminosidad alto (8/10) y saturación muy baja (2/10) que aporta amplitud visual.,Alto,Muy Baja,Luminoso;Amplio;Frío;Sereno
11GY 85/016,Gris Rocío,Cálido,9,2,Marfil,Minimalista;Nórdico;Japandi;Rústico;Mediterráneo,Living;Comedor;Cocina;Dormitorio;Pasillo,Blanco;Madera clara;Beige,Negro mate;Grafito;Azul profundo,Marfil cálido de luminosidad muy alto (9/10) y saturación muy baja (2/10) que aporta amplitud visual.,Muy Alto,Muy Baja,Luminoso;Amplio;Cálido;Acogedor
30GG 72/008,Hielo Sombreado,Neutro,7,1,Hueso,Minimalista;Nórdico;Japandi,Living;Comedor;Cocina;Dormitorio;Pasillo,Blanco;Madera clara;Negro mate,Negro mate;Grafito;Verde oliva,Hueso neutro de luminosidad alto (7/10) y saturación muy baja (1/10) que aporta amplitud visual.,Alto,Muy Baja,Luminoso;Amplio;Neutro;Elegante
60YR 83/017,Historia Secreta,Cálido,8,3,Marfil,Minimalista;Nórdico;Japandi;Rústico;Mediterráneo,Living;Comedor;Cocina;Dormitorio;Pasillo,Blanco;Madera clara;Beige,Negro mate;Grafito;Azul profundo,Marfil cálido de luminosidad alto (8/10) y saturación baja (3/10) que aporta amplitud visual.,Alto,Baja,Luminoso;Amplio;Cálido;Acogedor
49GG 77/014,Horizonte Urbano,Neutro,8,2,Verdoso,Minimalista;Nórdico;Japandi,Living;Comedor;Cocina;Dormitorio;Pasillo,Blanco;Madera clara;Negro mate,Negro mate;Grafito;Verde oliva,Verdoso neutro de luminosidad alto (8/10) y saturación muy baja (2/10) que aporta amplitud visual.,Alto,Muy Baja,Luminoso;Amplio;Neutro;Elegante
30RB 83/011,Inocencia,Neutro,8,1,Hueso,Minimalista;Nórdico;Japandi,Living;Comedor;Cocina;Dormitorio;Pasillo,Blanco;Madera clara;Negro mate,Negro mate;Grafito;Verde oliva,Hueso neutro de luminosidad alto (8/10) y saturación muy baja (1/10) que aporta amplitud visual.,Alto,Muy Baja,Luminoso;Amplio;Neutro;Elegante
45YY 82/098,Jardín Neutral,Cálido,8,6,Arena,Rústico;Mediterráneo,Living;Comedor;Cocina,Blanco;Madera clara;Beige;Neutros,Negro mate;Grafito;Azul profundo,Arena cálido de luminosidad alto (8/10) y saturación media (6/10) que aporta amplitud visual.,Alto,Media,Luminoso;Amplio;Cálido;Acogedor
10YY 83/014,Jazmín Dorado,Cálido,8,2,Marfil,Minimalista;Nórdico;Japandi;Rústico;Mediterráneo,Living;Comedor;Cocina;Dormitorio;Pasillo,Blanco;Madera clara;Beige,Negro mate;Grafito;Azul profundo,Marfil cálido de luminosidad alto (8/10) y saturación muy baja (2/10) que aporta amplitud visual.,Alto,Muy Baja,Luminoso;Amplio;Cálido;Acogedor
98YR 78/041,Lana Suave,Cálido,8,3,Arena,Minimalista;Nórdico;Japandi;Rústico;Mediterráneo,Living;Comedor;Cocina;Dormitorio;Pasillo,Blanco;Madera clara;Beige,Negro mate;Grafito;Azul profundo,Arena cálido de luminosidad alto (8/10) y saturación baja (3/10) que aporta amplitud visual.,Alto,Baja,Luminoso;Amplio;Cálido;Acogedor
29YY 84/067,Leche con Vainilla,Cálido,8,5,Arena,Rústico;Mediterráneo,Living;Comedor;Cocina;Dormitorio;Pasillo,Blanco;Madera clara;Beige,Negro mate;Grafito;Azul profundo,Arena cálido de luminosidad alto (8/10) y saturación media (5/10) que aporta amplitud visual.,Alto,Media,Luminoso;Amplio;Cálido;Acogedor
30YY 79/070,Leyenda de los Lobos,Cálido,8,5,Arena,Rústico;Mediterráneo,Living;Comedor;Cocina;Dormitorio;Pasillo,Blanco;Madera clara;Beige,Negro mate;Grafito;Azul profundo,Arena cálido de luminosidad alto (8/10) y saturación media (5/10) que aporta amplitud visual.,Alto,Media,Luminoso;Amplio;Cálido;Acogedor
61YY 89/040,Lino Claro,Cálido,9,5,Arena,Rústico;Mediterráneo,Living;Comedor;Cocina;Dormitorio;Pasillo,Blanco;Madera clara;Beige,Negro mate;Grafito;Azul profundo,Arena cálido de luminosidad muy alto (9/10) y saturación media (5/10) que aporta amplitud visual.,Muy Alto,Media,Luminoso;Amplio;Cálido;Acogedor
57YY 86/073,Lino Voluptuoso,Cálido,9,5,Arena,Rústico;Mediterráneo,Living;Comedor;Cocina;Dormitorio;Pasillo,Blanco;Madera clara;Beige,Negro mate;Grafito;Azul profundo,Arena cálido de luminosidad muy alto (9/10) y saturación media (5/10) que aporta amplitud visual.,Muy Alto,Media,Luminoso;Amplio;Cálido;Acogedor
59BB 81/022,Lluvia de Barcelona,Frío,8,2,Marfil,Minimalista;Nórdico;Japandi,Living;Comedor;Cocina;Dormitorio;Pasillo,Blanco;Gris claro;Negro mate,Negro mate;Grafito;Terracota;Mostaza,Marfil frío de luminosidad alto (8/10) y saturación muy baja (2/10) que aporta amplitud visual.,Alto,Muy Baja,Luminoso;Amplio;Frío;Sereno
06BB 79/016,Lluvia de Terciopelo,Neutro,8,2,Marfil,Minimalista;Nórdico;Japandi,Living;Dormitorio;Comedor;Cocina;Baño;Pasillo;Home office;Cuarto de niños,Blanco;Madera clara;Negro mate,Negro mate;Grafito;Verde oliva,Marfil neutro de luminosidad alto (8/10) y saturación muy baja (2/10) que aporta amplitud visual.,Alto,Muy Baja,Luminoso;Amplio;Neutro;Elegante
30BB 83/001,Luna de Seda,Neutro,8,2,Marfil,Minimalista;Nórdico;Japandi,Living;Comedor;Cocina;Dormitorio;Pasillo,Blanco;Madera clara;Negro mate,Negro mate;Grafito;Verde oliva,Marfil neutro de luminosidad alto (8/10) y saturación muy baja (2/10) que aporta amplitud visual.,Alto,Muy Baja,Luminoso;Amplio;Neutro;Elegante
50BB 83/006,Magnolia Cristalina,Neutro,8,1,Hueso,Minimalista;Nórdico;Japandi,Living;Comedor;Cocina;Dormitorio;Pasillo,Blanco;Madera clara;Negro mate,Negro mate;Grafito;Verde oliva,Hueso neutro de luminosidad alto (8/10) y saturación muy baja (1/10) que aporta amplitud visual.,Alto,Muy Baja,Luminoso;Amplio;Neutro;Elegante
80YR 83/017,Malvavisco,Cálido,8,3,Marfil,Minimalista;Nórdico;Japandi;Rústico;Mediterráneo,Living;Comedor;Cocina;Dormitorio;Pasillo,Blanco;Madera clara;Beige,Negro mate;Grafito;Azul profundo,Marfil cálido de luminosidad alto (8/10) y saturación baja (3/10) que aporta amplitud visual.,Alto,Baja,Luminoso;Amplio;Cálido;Acogedor
16YY 79/040,Mañana Alucinante,Cálido,8,3,Arena,Minimalista;Nórdico;Japandi;Rústico;Mediterráneo,Living;Comedor;Cocina;Dormitorio;Pasillo,Blanco;Madera clara;Beige,Negro mate;Grafito;Azul profundo,Arena cálido de luminosidad alto (8/10) y saturación baja (3/10) que aporta amplitud visual.,Alto,Baja,Luminoso;Amplio;Cálido;Acogedor
56BG 81/023,Mañana Fría,Frío,8,2,Marfil,Minimalista;Nórdico;Japandi,Living;Comedor;Cocina;Dormitorio;Pasillo,Blanco;Gris claro;Negro mate,Negro mate;Grafito;Terracota;Mostaza,Marfil frío de luminosidad alto (8/10) y saturación muy baja (2/10) que aporta amplitud visual.,Alto,Muy Baja,Luminoso;Amplio;Frío;Sereno
50YR 83/010,Martini Seco,Cálido,8,2,Marfil,Minimalista;Nórdico;Japandi;Rústico;Mediterráneo,Living;Comedor;Cocina;Dormitorio;Pasillo,Blanco;Madera clara;Beige,Negro mate;Grafito;Azul profundo,Marfil cálido de luminosidad alto (8/10) y saturación muy baja (2/10) que aporta amplitud visual.,Alto,Muy Baja,Luminoso;Amplio;Cálido;Acogedor
39YY 77/091,Neutro Permanente,Cálido,8,5,Arena,Rústico;Mediterráneo,Living;Comedor;Cocina;Dormitorio;Pasillo,Blanco;Madera clara;Beige,Negro mate;Grafito;Azul profundo,Arena cálido de luminosidad alto (8/10) y saturación media (5/10) que aporta amplitud visual.,Alto,Media,Luminoso;Amplio;Cálido;Acogedor
51YY 83/060,Niebla del Pacífico,Cálido,8,4,Arena,Minimalista;Nórdico;Japandi;Rústico;Mediterráneo,Living;Comedor;Cocina;Dormitorio;Pasillo,Blanco;Madera clara;Beige,Negro mate;Grafito;Azul profundo,Arena cálido de luminosidad alto (8/10) y saturación baja (4/10) que aporta amplitud visual.,Alto,Baja,Luminoso;Amplio;Cálido;Acogedor
93YR 86/030,Nubes Etéreas,Cálido,9,4,Arena,Minimalista;Nórdico;Japandi;Rústico;Mediterráneo,Living;Comedor;Cocina;Dormitorio;Pasillo,Blanco;Madera clara;Beige,Negro mate;Grafito;Azul profundo,Arena cálido de luminosidad muy alto (9/10) y saturación baja (4/10) que aporta amplitud visual.,Muy Alto,Baja,Luminoso;Amplio;Cálido;Acogedor
08GG 72/006,Nubes Grises,Neutro,7,1,Hueso,Minimalista;Nórdico;Japandi,Living;Dormitorio;Comedor;Cocina;Baño;Pasillo;Home office;Cuarto de niños,Blanco;Madera clara;Negro mate,Negro mate;Grafito;Verde oliva,Hueso neutro de luminosidad alto (7/10) y saturación muy baja (1/10) que aporta amplitud visual.,Alto,Muy Baja,Luminoso;Amplio;Neutro;Elegante
90BB 73/027,Onda Acústica,Neutro,7,2,Azulado,Minimalista;Nórdico;Japandi,Living;Comedor;Cocina;Dormitorio;Pasillo,Blanco;Madera clara;Negro mate,Negro mate;Grafito;Verde oliva,Azulado neutro de luminosidad alto (7/10) y saturación muy baja (2/10) que aporta amplitud visual.,Alto,Muy Baja,Luminoso;Amplio;Neutro;Elegante
30YY 79/053,Ópalo,Cálido,8,4,Arena,Minimalista;Nórdico;Japandi;Rústico;Mediterráneo,Living;Comedor;Cocina;Dormitorio;Pasillo,Blanco;Madera clara;Beige,Negro mate;Grafito;Azul profundo,Arena cálido de luminosidad alto (8/10) y saturación baja (4/10) que aporta amplitud visual.,Alto,Baja,Luminoso;Amplio;Cálido;Acogedor
30YY 78/018,Pájaro de Invierno,Cálido,8,2,Gris cálido,Minimalista;Nórdico;Japandi;Rústico;Mediterráneo,Living;Comedor;Cocina;Dormitorio;Pasillo,Blanco;Madera clara;Beige,Negro mate;Grafito;Azul profundo,Gris cálido cálido de luminosidad alto (8/10) y saturación muy baja (2/10) que aporta amplitud visual.,Alto,Muy Baja,Luminoso;Amplio;Cálido;Acogedor
30YY 72/009,Pantalla Gris,Neutro,7,2,Hueso,Minimalista;Nórdico;Japandi,Living;Comedor;Cocina;Dormitorio;Pasillo,Blanco;Madera clara;Negro mate,Negro mate;Grafito;Verde oliva,Hueso neutro de luminosidad alto (7/10) y saturación muy baja (2/10) que aporta amplitud visual.,Alto,Muy Baja,Luminoso;Amplio;Neutro;Elegante
99YR 80/020,Papel Valioso,Cálido,8,2,Marfil,Minimalista;Nórdico;Japandi;Rústico;Mediterráneo,Living;Dormitorio;Comedor;Cocina;Baño;Pasillo;Home office;Cuarto de niños,Blanco;Madera clara;Beige,Negro mate;Grafito;Azul profundo,Marfil cálido de luminosidad alto (8/10) y saturación muy baja (2/10) que aporta amplitud visual.,Alto,Muy Baja,Luminoso;Amplio;Cálido;Acogedor
30YY 72/018,Pelícano,Cálido,7,2,Gris cálido,Minimalista;Nórdico;Japandi;Rústico;Mediterráneo,Living;Comedor;Cocina;Dormitorio;Pasillo,Blanco;Madera clara;Beige,Negro mate;Grafito;Azul profundo,Gris cálido cálido de luminosidad alto (7/10) y saturación muy baja (2/10) que aporta amplitud visual.,Alto,Muy Baja,Luminoso;Amplio;Cálido;Acogedor
00YY 83/057,Perfume de Día,Cálido,8,5,Arena,Rústico;Mediterráneo,Living;Comedor;Cocina;Dormitorio;Pasillo,Blanco;Madera clara;Beige,Negro mate;Grafito;Azul profundo,Arena cálido de luminosidad alto (8/10) y saturación media (5/10) que aporta amplitud visual.,Alto,Media,Luminoso;Amplio;Cálido;Acogedor
10BB 83/003,Perla Agrisada,Neutro,8,1,Hueso,Minimalista;Nórdico;Japandi,Living;Comedor;Cocina;Dormitorio;Pasillo,Blanco;Madera clara;Negro mate,Negro mate;Grafito;Verde oliva,Hueso neutro de luminosidad alto (8/10) y saturación muy baja (1/10) que aporta amplitud visual.,Alto,Muy Baja,Luminoso;Amplio;Neutro;Elegante
10YY 83/029,Perla Natural,Cálido,8,4,Arena,Minimalista;Nórdico;Japandi;Rústico;Mediterráneo,Living;Comedor;Cocina;Dormitorio;Pasillo,Blanco;Madera clara;Beige,Negro mate;Grafito;Azul profundo,Arena cálido de luminosidad alto (8/10) y saturación baja (4/10) que aporta amplitud visual.,Alto,Baja,Luminoso;Amplio;Cálido;Acogedor
50BG 83/009,Pieza de Cristal,Neutro,8,1,Hueso,Minimalista;Nórdico;Japandi,Living;Comedor;Cocina;Dormitorio;Pasillo,Blanco;Madera clara;Negro mate,Negro mate;Grafito;Verde oliva,Hueso neutro de luminosidad alto (8/10) y saturación muy baja (1/10) que aporta amplitud visual.,Alto,Muy Baja,Luminoso;Amplio;Neutro;Elegante
50GY 72/012,Plaza,Neutro,7,2,Gris frío,Minimalista;Nórdico;Japandi,Living;Comedor;Cocina;Dormitorio;Pasillo,Blanco;Madera clara;Negro mate,Negro mate;Grafito;Verde oliva,Gris frío neutro de luminosidad alto (7/10) y saturación muy baja (2/10) que aporta amplitud visual.,Alto,Muy Baja,Luminoso;Amplio;Neutro;Elegante
45YY 83/094,Polen,Cálido,8,6,Arena,Rústico;Mediterráneo,Living;Comedor;Cocina,Blanco;Madera clara;Beige;Neutros,Negro mate;Grafito;Azul profundo,Arena cálido de luminosidad alto (8/10) y saturación media (6/10) que aporta amplitud visual.,Alto,Media,Luminoso;Amplio;Cálido;Acogedor
00NN 83/000,Porcelana,Neutro,8,2,Marfil,Minimalista;Nórdico;Japandi,Living;Comedor;Cocina;Dormitorio;Pasillo,Blanco;Madera clara;Negro mate,Negro mate;Grafito;Verde oliva,Marfil neutro de luminosidad alto (8/10) y saturación muy baja (2/10) que aporta amplitud visual.,Alto,Muy Baja,Luminoso;Amplio;Neutro;Elegante
20YY 83/038,Porcelana Antigua,Cálido,8,4,Arena,Minimalista;Nórdico;Japandi;Rústico;Mediterráneo,Living;Comedor;Cocina;Dormitorio;Pasillo,Blanco;Madera clara;Beige,Negro mate;Grafito;Azul profundo,Arena cálido de luminosidad alto (8/10) y saturación baja (4/10) que aporta amplitud visual.,Alto,Baja,Luminoso;Amplio;Cálido;Acogedor
40YY 83/043,Precioso Momento,Cálido,8,4,Arena,Minimalista;Nórdico;Japandi;Rústico;Mediterráneo,Living;Comedor;Cocina;Dormitorio;Pasillo,Blanco;Madera clara;Beige,Negro mate;Grafito;Azul profundo,Arena cálido de luminosidad alto (8/10) y saturación baja (4/10) que aporta amplitud visual.,Alto,Baja,Luminoso;Amplio;Cálido;Acogedor
10BB 83/020,Romance,Frío,8,2,Marfil,Minimalista;Nórdico;Japandi,Living;Comedor;Cocina;Dormitorio;Pasillo,Blanco;Gris claro;Negro mate,Negro mate;Grafito;Terracota;Mostaza,Marfil frío de luminosidad alto (8/10) y saturación muy baja (2/10) que aporta amplitud visual.,Alto,Muy Baja,Luminoso;Amplio;Frío;Sereno
81YR 77/022,Sabiduría Blanca,Cálido,8,2,Marfil,Minimalista;Nórdico;Japandi;Rústico;Mediterráneo,Living;Dormitorio;Comedor;Cocina;Baño;Pasillo;Home office;Cuarto de niños,Blanco;Madera clara;Beige,Negro mate;Grafito;Azul profundo,Marfil cálido de luminosidad alto (8/10) y saturación muy baja (2/10) que aporta amplitud visual.,Alto,Muy Baja,Luminoso;Amplio;Cálido;Acogedor
40YY 75/084,Semilla de Perla,Cálido,8,4,Arena,Minimalista;Nórdico;Japandi;Rústico;Mediterráneo,Living;Comedor;Cocina;Dormitorio;Pasillo,Blanco;Madera clara;Beige,Negro mate;Grafito;Azul profundo,Arena cálido de luminosidad alto (8/10) y saturación baja (4/10) que aporta amplitud visual.,Alto,Baja,Luminoso;Amplio;Cálido;Acogedor
10RB 83/012,Sendero de Pingüinos,Neutro,8,1,Hueso,Minimalista;Nórdico;Japandi,Living;Comedor;Cocina;Dormitorio;Pasillo,Blanco;Madera clara;Negro mate,Negro mate;Grafito;Verde oliva,Hueso neutro de luminosidad alto (8/10) y saturación muy baja (1/10) que aporta amplitud visual.,Alto,Muy Baja,Luminoso;Amplio;Neutro;Elegante
65YY 87/039,Sensación de Escarcha,Cálido,9,3,Arena,Minimalista;Nórdico;Japandi;Rústico;Mediterráneo,Living;Comedor;Cocina;Dormitorio;Pasillo,Blanco;Madera clara;Beige,Negro mate;Grafito;Azul profundo,Arena cálido de luminosidad muy alto (9/10) y saturación baja (3/10) que aporta amplitud visual.,Muy Alto,Baja,Luminoso;Amplio;Cálido;Acogedor
04YR 82/010,Sensación Diáfana,Cálido,8,2,Marfil,Minimalista;Nórdico;Japandi;Rústico;Mediterráneo,Living;Dormitorio;Comedor;Cocina;Baño;Pasillo;Home office;Cuarto de niños,Blanco;Madera clara;Beige,Negro mate;Grafito;Azul profundo,Marfil cálido de luminosidad alto (8/10) y saturación muy baja (2/10) que aporta amplitud visual.,Alto,Muy Baja,Luminoso;Amplio;Cálido;Acogedor
37YY 79/086,Sensación Natural,Cálido,8,5,Arena,Rústico;Mediterráneo,Living;Comedor;Cocina;Dormitorio;Pasillo,Blanco;Madera clara;Beige,Negro mate;Grafito;Azul profundo,Arena cálido de luminosidad alto (8/10) y saturación media (5/10) que aporta amplitud visual.,Alto,Media,Luminoso;Amplio;Cálido;Acogedor
75GY 81/005,Sensación Urbana,Neutro,8,2,Hueso,Minimalista;Nórdico;Japandi,Living;Comedor;Cocina;Dormitorio;Pasillo,Blanco;Madera clara;Negro mate,Negro mate;Grafito;Verde oliva,Hueso neutro de luminosidad alto (8/10) y saturación muy baja (2/10) que aporta amplitud visual.,Alto,Muy Baja,Luminoso;Amplio;Neutro;Elegante
80YR 83/044,Serenidad,Cálido,8,4,Arena,Minimalista;Nórdico;Japandi;Rústico;Mediterráneo,Living;Comedor;Cocina;Dormitorio;Pasillo,Blanco;Madera clara;Beige,Negro mate;Grafito;Azul profundo,Arena cálido de luminosidad alto (8/10) y saturación baja (4/10) que aporta amplitud visual.,Alto,Baja,Luminoso;Amplio;Cálido;Acogedor
70BB 83/015,Sereno,Neutro,8,1,Hueso,Minimalista;Nórdico;Japandi,Living;Comedor;Cocina;Dormitorio;Pasillo,Blanco;Madera clara;Negro mate,Negro mate;Grafito;Verde oliva,Hueso neutro de luminosidad alto (8/10) y saturación muy baja (1/10) que aporta amplitud visual.,Alto,Muy Baja,Luminoso;Amplio;Neutro;Elegante
90BB 83/011,Simple Presencia,Neutro,8,1,Hueso,Minimalista;Nórdico;Japandi,Living;Comedor;Cocina;Dormitorio;Pasillo,Blanco;Madera clara;Negro mate,Negro mate;Grafito;Verde oliva,Hueso neutro de luminosidad alto (8/10) y saturación muy baja (1/10) que aporta amplitud visual.,Alto,Muy Baja,Luminoso;Amplio;Neutro;Elegante
90RR 83/009,Sombra Pálida,Cálido,8,2,Marfil,Minimalista;Nórdico;Japandi;Rústico;Mediterráneo,Living;Comedor;Cocina;Dormitorio;Pasillo,Blanco;Madera clara;Beige,Negro mate;Grafito;Azul profundo,Marfil cálido de luminosidad alto (8/10) y saturación muy baja (2/10) que aporta amplitud visual.,Alto,Muy Baja,Luminoso;Amplio;Cálido;Acogedor
30BB 83/013,Sonata Lunar,Neutro,8,1,Hueso,Minimalista;Nórdico;Japandi,Living;Comedor;Cocina;Dormitorio;Pasillo,Blanco;Madera clara;Negro mate,Negro mate;Grafito;Verde oliva,Hueso neutro de luminosidad alto (8/10) y saturación muy baja (1/10) que aporta amplitud visual.,Alto,Muy Baja,Luminoso;Amplio;Neutro;Elegante
10BB 83/014,Soplo de Nieve,Neutro,8,1,Hueso,Minimalista;Nórdico;Japandi,Living;Comedor;Cocina;Dormitorio;Pasillo,Blanco;Madera clara;Negro mate,Negro mate;Grafito;Verde oliva,Hueso neutro de luminosidad alto (8/10) y saturación muy baja (1/10) que aporta amplitud visual.,Alto,Muy Baja,Luminoso;Amplio;Neutro;Elegante
77YY 86/032,Suave Nieve,Cálido,9,3,Marfil,Minimalista;Nórdico;Japandi;Rústico;Mediterráneo,Living;Comedor;Cocina;Dormitorio;Pasillo,Blanco;Madera clara;Beige,Negro mate;Grafito;Azul profundo,Marfil cálido de luminosidad muy alto (9/10) y saturación baja (3/10) que aporta amplitud visual.,Muy Alto,Baja,Luminoso;Amplio;Cálido;Acogedor
66BB 77/035,Suspiro de Lavanda,Frío,8,2,Marfil,Minimalista;Nórdico;Japandi,Living;Dormitorio;Comedor;Cocina;Baño;Pasillo;Home office;Cuarto de niños,Blanco;Gris claro;Negro mate,Negro mate;Grafito;Terracota;Mostaza,Marfil frío de luminosidad alto (8/10) y saturación muy baja (2/10) que aporta amplitud visual.,Alto,Muy Baja,Luminoso;Amplio;Frío;Sereno
20YY 83/050,Tafetán,Cálido,8,4,Arena,Minimalista;Nórdico;Japandi;Rústico;Mediterráneo,Living;Comedor;Cocina;Dormitorio;Pasillo,Blanco;Madera clara;Beige,Negro mate;Grafito;Azul profundo,Arena cálido de luminosidad alto (8/10) y saturación baja (4/10) que aporta amplitud visual.,Alto,Baja,Luminoso;Amplio;Cálido;Acogedor
55YR 83/024,Taza de Té,Cálido,8,4,Arena,Minimalista;Nórdico;Japandi;Rústico;Mediterráneo,Living;Comedor;Cocina;Dormitorio;Pasillo,Blanco;Madera clara;Beige,Negro mate;Grafito;Azul profundo,Arena cálido de luminosidad alto (8/10) y saturación baja (4/10) que aporta amplitud visual.,Alto,Baja,Luminoso;Amplio;Cálido;Acogedor
40YY 83/086,Tempestad de Arena,Cálido,8,6,Arena,Rústico;Mediterráneo,Living;Comedor;Cocina,Blanco;Madera clara;Beige;Neutros,Negro mate;Grafito;Azul profundo,Arena cálido de luminosidad alto (8/10) y saturación media (6/10) que aporta amplitud visual.,Alto,Media,Luminoso;Amplio;Cálido;Acogedor
88YR 82/046,Toque de Durazno,Cálido,8,5,Arena,Rústico;Mediterráneo,Living;Comedor;Cocina;Dormitorio;Pasillo,Blanco;Madera clara;Beige,Negro mate;Grafito;Azul profundo,Arena cálido de luminosidad alto (8/10) y saturación media (5/10) que aporta amplitud visual.,Alto,Media,Luminoso;Amplio;Cálido;Acogedor
30BB 72/003,Toque de Gris,Neutro,7,1,Hueso,Minimalista;Nórdico;Japandi,Living;Comedor;Cocina;Dormitorio;Pasillo,Blanco;Madera clara;Negro mate,Negro mate;Grafito;Verde oliva,Hueso neutro de luminosidad alto (7/10) y saturación muy baja (1/10) que aporta amplitud visual.,Alto,Muy Baja,Luminoso;Amplio;Neutro;Elegante
81YR 85/004,Toque de Humo,Neutro,8,2,Marfil,Minimalista;Nórdico;Japandi,Living;Dormitorio;Comedor;Cocina;Baño;Pasillo;Home office;Cuarto de niños,Blanco;Madera clara;Negro mate,Negro mate;Grafito;Verde oliva,Marfil neutro de luminosidad alto (8/10) y saturación muy baja (2/10) que aporta amplitud visual.,Alto,Muy Baja,Luminoso;Amplio;Neutro;Elegante
50YR 83/003,Toque de Invierno,Cálido,8,2,Marfil,Minimalista;Nórdico;Japandi;Rústico;Mediterráneo,Living;Comedor;Cocina;Dormitorio;Pasillo,Blanco;Madera clara;Beige,Negro mate;Grafito;Azul profundo,Marfil cálido de luminosidad alto (8/10) y saturación muy baja (2/10) que aporta amplitud visual.,Alto,Muy Baja,Luminoso;Amplio;Cálido;Acogedor
14YY 88/041,Toque de Malvavisco,Cálido,9,5,Arena,Rústico;Mediterráneo,Living;Comedor;Cocina;Dormitorio;Pasillo,Blanco;Madera clara;Beige,Negro mate;Grafito;Azul profundo,Arena cálido de luminosidad muy alto (9/10) y saturación media (5/10) que aporta amplitud visual.,Muy Alto,Media,Luminoso;Amplio;Cálido;Acogedor
50YR 83/015,Toque de Rosa,Cálido,8,3,Marfil,Minimalista;Nórdico;Japandi;Rústico;Mediterráneo,Living;Comedor;Cocina;Dormitorio;Pasillo,Blanco;Madera clara;Beige,Negro mate;Grafito;Azul profundo,Marfil cálido de luminosidad alto (8/10) y saturación baja (3/10) que aporta amplitud visual.,Alto,Baja,Luminoso;Amplio;Cálido;Acogedor
90YR 83/018,Toque Suave,Cálido,8,3,Marfil,Minimalista;Nórdico;Japandi;Rústico;Mediterráneo,Living;Comedor;Cocina;Dormitorio;Pasillo,Blanco;Madera clara;Beige,Negro mate;Grafito;Azul profundo,Marfil cálido de luminosidad alto (8/10) y saturación baja (3/10) que aporta amplitud visual.,Alto,Baja,Luminoso;Amplio;Cálido;Acogedor
35YY 88/050,Tutú Blanco,Cálido,9,5,Arena,Rústico;Mediterráneo,Living;Dormitorio;Comedor;Cocina;Baño;Pasillo;Home office;Cuarto de niños,Blanco;Madera clara;Beige,Negro mate;Grafito;Azul profundo,Arena cálido de luminosidad muy alto (9/10) y saturación media (5/10) que aporta amplitud visual.,Muy Alto,Media,Luminoso;Amplio;Cálido;Acogedor
81YY 87/031,Vallado de Madera,Cálido,9,4,Piedra,Minimalista;Nórdico;Japandi;Rústico;Mediterráneo,Living;Comedor;Cocina;Dormitorio;Pasillo,Blanco;Madera clara;Beige,Negro mate;Grafito;Azul profundo,Piedra cálido de luminosidad muy alto (9/10) y saturación baja (4/10) que aporta amplitud visual.,Muy Alto,Baja,Luminoso;Amplio;Cálido;Acogedor
70BB 74/040,Velo Violeta,Frío,7,2,Azulado,Minimalista;Nórdico;Japandi,Living;Comedor;Cocina;Dormitorio;Pasillo,Blanco;Gris claro;Negro mate,Negro mate;Grafito;Terracota;Mostaza,Azulado frío de luminosidad alto (7/10) y saturación muy baja (2/10) que aporta amplitud visual.,Alto,Muy Baja,Luminoso;Amplio;Frío;Sereno
90GG 83/011,Ventisca,Neutro,8,2,Marfil,Minimalista;Nórdico;Japandi,Living;Comedor;Cocina;Dormitorio;Pasillo,Blanco;Madera clara;Negro mate,Negro mate;Grafito;Verde oliva,Marfil neutro de luminosidad alto (8/10) y saturación muy baja (2/10) que aporta amplitud visual.,Alto,Muy Baja,Luminoso;Amplio;Neutro;Elegante
80YR 83/035,Vientos Calmos,Cálido,8,4,Arena,Minimalista;Nórdico;Japandi;Rústico;Mediterráneo,Living;Comedor;Cocina;Dormitorio;Pasillo,Blanco;Madera clara;Beige,Negro mate;Grafito;Azul profundo,Arena cálido de luminosidad alto (8/10) y saturación baja (4/10) que aporta amplitud visual.,Alto,Baja,Luminoso;Amplio;Cálido;Acogedor
63YY 80/051,Yogur Natural,Cálido,8,3,Arena,Minimalista;Nórdico;Japandi;Rústico;Mediterráneo,Living;Comedor;Cocina;Dormitorio;Pasillo,Blanco;Madera clara;Beige,Negro mate;Grafito;Azul profundo,Arena cálido de luminosidad alto (8/10) y saturación baja (3/10) que aporta amplitud visual.,Alto,Baja,Luminoso;Amplio;Cálido;Acogedor
10YY 40/608,Aceite Vegetal,Cálido,5,8,Terracota,Pop;Maximalista,Comedor;Living,Blanco;Madera clara;Beige;Neutros,Blanco;Crema;Azul profundo,Terracota cálido de luminosidad medio (5/10) y saturación alta (8/10) que equilibra el espacio.,Medio,Alta,Suave;Cálido;Acogedor;Alegre
10YY 26/321,Almacén del Interior,Cálido,3,4,Terracota,Dramático,Living,Blanco;Madera clara;Beige;Blanco roto,Blanco;Crema;Azul profundo,Terracota cálido de luminosidad bajo (3/10) y saturación baja (4/10) que genera profundidad.,Bajo,Baja,Profundo;Cálido;Acogedor;Natural
42YY 84/095,Almendra Azucarada,Cálido,8,6,Arena,Rústico;Mediterráneo,Living;Comedor;Cocina,Blanco;Madera clara;Beige;Neutros,Negro mate;Grafito;Azul profundo,Arena cálido de luminosidad alto (8/10) y saturación media (6/10) que aporta amplitud visual.,Alto,Media,Luminoso;Amplio;Cálido;Acogedor
20YY 53/423,Alucinación,Cálido,6,8,Arena,Pop;Maximalista,Comedor;Living,Blanco;Madera clara;Beige;Neutros,Blanco;Crema;Azul profundo,Arena cálido de luminosidad medio (6/10) y saturación alta (8/10) que equilibra el espacio.,Medio,Alta,Suave;Cálido;Acogedor;Alegre
22YY 59/694,Amanecer Azteca *,Cálido,6,10,Arena,Pop;Maximalista,Comedor;Living,Blanco;Madera clara;Beige;Neutros,Blanco;Crema;Azul profundo,Arena cálido de luminosidad medio (6/10) y saturación muy alta (10/10) que equilibra el espacio.,Medio,Muy Alta,Suave;Cálido;Acogedor;Alegre
33YY 74/360,Amanecer Damasco,Cálido,8,10,Arena,Pop;Maximalista,Living;Comedor;Cocina,Blanco;Madera clara;Beige;Neutros,Negro mate;Grafito;Azul profundo,Arena cálido de luminosidad alto (8/10) y saturación muy alta (10/10) que aporta amplitud visual.,Alto,Muy Alta,Luminoso;Amplio;Cálido;Acogedor
19YY 71/323,Amanecer Norteño,Cálido,7,10,Arena,Pop;Maximalista,Living;Comedor;Cocina,Blanco;Madera clara;Beige;Neutros,Negro mate;Grafito;Azul profundo,Arena cálido de luminosidad alto (7/10) y saturación muy alta (10/10) que aporta amplitud visual.,Alto,Muy Alta,Luminoso;Amplio;Cálido;Acogedor
22YY 75/247,Amanecer Otoñal,Cálido,8,9,Arena,Pop;Maximalista,Living;Dormitorio;Comedor;Cocina;Baño;Pasillo;Home office;Cuarto de niños,Blanco;Madera clara;Beige;Neutros,Negro mate;Grafito;Azul profundo,Arena cálido de luminosidad alto (8/10) y saturación muy alta (9/10) que aporta amplitud visual.,Alto,Muy Alta,Luminoso;Amplio;Cálido;Acogedor
10YY 37/654,Amarillo Arizona *,Cálido,4,8,Terracota,Pop;Maximalista,Comedor;Living,Blanco;Madera clara;Beige;Blanco roto;Neutros,Blanco;Crema;Azul profundo,Terracota cálido de luminosidad bajo (4/10) y saturación alta (8/10) que equilibra el espacio.,Bajo,Alta,Suave;Cálido;Acogedor;Alegre
40YY 83/129,Amarillo Bebé,Cálido,8,7,Arena,Pop;Maximalista,Living;Comedor;Cocina,Blanco;Madera clara;Beige;Neutros,Negro mate;Grafito;Azul profundo,Arena cálido de luminosidad alto (8/10) y saturación alta (7/10) que aporta amplitud visual.,Alto,Alta,Luminoso;Amplio;Cálido;Acogedor
20YY 64/171,Amarillo Dakota,Cálido,7,6,Arena,Rústico;Mediterráneo,Living;Comedor;Cocina,Blanco;Madera clara;Beige;Neutros,Negro mate;Grafito;Azul profundo,Arena cálido de luminosidad alto (7/10) y saturación media (6/10) que aporta amplitud visual.,Alto,Media,Luminoso;Amplio;Cálido;Acogedor
25YY 57/441,Amarillo Glorioso,Cálido,6,9,Arena,Pop;Maximalista,Comedor;Living,Blanco;Madera clara;Beige;Neutros,Blanco;Crema;Azul profundo,Arena cálido de luminosidad medio (6/10) y saturación muy alta (9/10) que equilibra el espacio.,Medio,Muy Alta,Suave;Cálido;Acogedor;Alegre
34YY 81/209,Amarillo Luminaria,Cálido,8,9,Arena,Pop;Maximalista,Living;Dormitorio;Comedor;Cocina;Baño;Pasillo;Home office;Cuarto de niños,Blanco;Madera clara;Beige;Neutros,Negro mate;Grafito;Azul profundo,Arena cálido de luminosidad alto (8/10) y saturación muy alta (9/10) que aporta amplitud visual.,Alto,Muy Alta,Luminoso;Amplio;Cálido;Acogedor
30YY 69/216,Amarillo Luminoso,Cálido,7,7,Arena,Pop;Maximalista,Living;Comedor;Cocina,Blanco;Madera clara;Beige;Neutros,Negro mate;Grafito;Azul profundo,Arena cálido de luminosidad alto (7/10) y saturación alta (7/10) que aporta amplitud visual.,Alto,Alta,Luminoso;Amplio;Cálido;Acogedor
00YY 28/650,Ambar Dorado *,Cálido,4,8,Terracota,Pop;Maximalista,Comedor;Living,Blanco;Madera clara;Beige;Blanco roto;Neutros,Blanco;Crema;Azul profundo,Terracota cálido de luminosidad bajo (4/10) y saturación alta (8/10) que equilibra el espacio.,Bajo,Alta,Suave;Cálido;Acogedor;Alegre
25YY 38/510,Amor de Manzana,Cálido,4,6,Terracota,Contemporáneo,Comedor;Living,Blanco;Madera clara;Beige;Blanco roto;Neutros,Blanco;Crema;Azul profundo,Terracota cálido de luminosidad bajo (4/10) y saturación media (6/10) que equilibra el espacio.,Bajo,Media,Suave;Cálido;Acogedor;Natural
11YY 68/269,Arcilla Sabia,Cálido,7,8,Arena,Pop;Maximalista,Living;Comedor;Cocina,Blanco;Madera clara;Beige;Neutros,Negro mate;Grafito;Azul profundo,Arena cálido de luminosidad alto (7/10) y saturación alta (8/10) que aporta amplitud visual.,Alto,Alta,Luminoso;Amplio;Cálido;Acogedor
10YY 74/192,Arena Fina,Cálido,7,8,Arena,Pop;Maximalista,Living;Comedor;Cocina,Blanco;Madera clara;Beige;Neutros,Negro mate;Grafito;Azul profundo,Arena cálido de luminosidad alto (7/10) y saturación alta (8/10) que aporta amplitud visual.,Alto,Alta,Luminoso;Amplio;Cálido;Acogedor
23YY 53/490,Arena Seductora,Cálido,6,8,Arena,Pop;Maximalista,Comedor;Living,Blanco;Madera clara;Beige;Neutros,Blanco;Crema;Azul profundo,Arena cálido de luminosidad medio (6/10) y saturación alta (8/10) que equilibra el espacio.,Medio,Alta,Suave;Cálido;Acogedor;Alegre
22YY 57/627,Arenas de Barbados,Cálido,6,10,Arena,Pop;Maximalista,Living;Dormitorio;Comedor;Cocina;Baño;Pasillo;Home office;Cuarto de niños,Blanco;Madera clara;Beige;Neutros,Blanco;Crema;Azul profundo,Arena cálido de luminosidad medio (6/10) y saturación muy alta (10/10) que equilibra el espacio.,Medio,Muy Alta,Suave;Cálido;Acogedor;Alegre
01YY 36/694,Arenas de Marruecos *,Cálido,4,9,Terracota,Pop;Maximalista,Comedor;Living,Blanco;Madera clara;Beige;Blanco roto;Neutros,Blanco;Crema;Azul profundo,Terracota cálido de luminosidad bajo (4/10) y saturación muy alta (9/10) que equilibra el espacio.,Bajo,Muy Alta,Suave;Cálido;Acogedor;Alegre
12YY 28/226,Aroma a Chocolate,Cálido,3,3,Terracota,Dramático,Living;Dormitorio;Comedor;Cocina;Baño;Pasillo;Home office;Cuarto de niños,Blanco;Madera clara;Beige;Blanco roto,Blanco;Crema;Azul profundo,Terracota cálido de luminosidad bajo (3/10) y saturación baja (3/10) que genera profundidad.,Bajo,Baja,Profundo;Cálido;Acogedor;Sobrio
17YY 56/627,Asia,Cálido,6,10,Arena,Pop;Maximalista,Comedor;Living,Blanco;Madera clara;Beige;Neutros,Blanco;Crema;Azul profundo,Arena cálido de luminosidad medio (6/10) y saturación muy alta (10/10) que equilibra el espacio.,Medio,Muy Alta,Suave;Cálido;Acogedor;Alegre
04YY 51/583,Ave del Paraíso,Cálido,5,9,Arena,Pop;Maximalista,Comedor;Living,Blanco;Madera clara;Beige;Neutros,Blanco;Crema;Azul profundo,Arena cálido de luminosidad medio (5/10) y saturación muy alta (9/10) que equilibra el espacio.,Medio,Muy Alta,Suave;Cálido;Acogedor;Alegre
10YY 21/500,Azteca,Cálido,3,6,Terracota,Dramático,Comedor;Living,Blanco;Madera clara;Beige;Blanco roto;Neutros,Blanco;Crema;Azul profundo,Terracota cálido de luminosidad bajo (3/10) y saturación media (6/10) que genera profundidad.,Bajo,Media,Profundo;Cálido;Acogedor;Natural
94YR 40/219,Azúcar Rubia,Cálido,4,4,Arena,Contemporáneo,Living,Blanco;Madera clara;Beige;Blanco roto,Blanco;Crema;Azul profundo,Arena cálido de luminosidad bajo (4/10) y saturación baja (4/10) que equilibra el espacio.,Bajo,Baja,Suave;Cálido;Acogedor;Natural
99YR 23/456,Bazar Dorado,Cálido,3,7,Terracota,Pop;Maximalista;Dramático,Comedor;Living,Blanco;Madera clara;Beige;Blanco roto;Neutros,Blanco;Crema;Azul profundo,Terracota cálido de luminosidad bajo (3/10) y saturación alta (7/10) que genera profundidad.,Bajo,Alta,Profundo;Cálido;Acogedor;Alegre
30YY 65/171,Beige Lana,Cálido,7,5,Arena,Rústico;Mediterráneo,Living;Comedor;Cocina;Dormitorio;Pasillo,Blanco;Madera clara;Beige,Negro mate;Grafito;Azul profundo,Arena cálido de luminosidad alto (7/10) y saturación media (5/10) que aporta amplitud visual.,Alto,Media,Luminoso;Amplio;Cálido;Acogedor
08YY 55/137,Beige Tranquilo,Cálido,6,4,Arena,Rústico;Mediterráneo,Dormitorio;Pasillo,Blanco;Madera clara;Beige,Blanco;Crema;Azul profundo,Arena cálido de luminosidad medio (6/10) y saturación baja (4/10) que equilibra el espacio.,Medio,Baja,Suave;Cálido;Acogedor;Natural
44YY 80/106,Blanco Caracola,Cálido,8,7,Arena,Pop;Maximalista,Living;Comedor;Cocina,Blanco;Madera clara;Beige;Neutros,Negro mate;Grafito;Azul profundo,Arena cálido de luminosidad alto (8/10) y saturación alta (7/10) que aporta amplitud visual.,Alto,Alta,Luminoso;Amplio;Cálido;Acogedor
26YY 71/098,Blanco Hueso,Cálido,7,4,Arena,Minimalista;Nórdico;Japandi;Rústico;Mediterráneo,Living;Comedor;Cocina;Dormitorio;Pasillo,Blanco;Madera clara;Beige,Negro mate;Grafito;Azul profundo,Arena cálido de luminosidad alto (7/10) y saturación baja (4/10) que aporta amplitud visual.,Alto,Baja,Luminoso;Amplio;Cálido;Acogedor
30YY 75/145,Blanco Macadamia,Cálido,8,6,Arena,Rústico;Mediterráneo,Living;Comedor;Cocina,Blanco;Madera clara;Beige;Neutros,Negro mate;Grafito;Azul profundo,Arena cálido de luminosidad alto (8/10) y saturación media (6/10) que aporta amplitud visual.,Alto,Media,Luminoso;Amplio;Cálido;Acogedor
30YY 64/149,Blanco Ostra,Cálido,7,5,Arena,Rústico;Mediterráneo,Living;Comedor;Cocina;Dormitorio;Pasillo,Blanco;Madera clara;Beige,Negro mate;Grafito;Azul profundo,Arena cálido de luminosidad alto (7/10) y saturación media (5/10) que aporta amplitud visual.,Alto,Media,Luminoso;Amplio;Cálido;Acogedor
46YY 86/166,Blanco Pochoclo,Cálido,8,8,Arena,Pop;Maximalista,Living;Comedor;Cocina,Blanco;Madera clara;Beige;Neutros,Negro mate;Grafito;Azul profundo,Arena cálido de luminosidad alto (8/10) y saturación alta (8/10) que aporta amplitud visual.,Alto,Alta,Luminoso;Amplio;Cálido;Acogedor
30YY 71/073,Blanco Prisma,Cálido,7,4,Arena,Minimalista;Nórdico;Japandi;Rústico;Mediterráneo,Living;Comedor;Cocina;Dormitorio;Pasillo,Blanco;Madera clara;Beige,Negro mate;Grafito;Azul profundo,Arena cálido de luminosidad alto (7/10) y saturación baja (4/10) que aporta amplitud visual.,Alto,Baja,Luminoso;Amplio;Cálido;Acogedor
20YY 40/337,Brandy de Coñac,Cálido,4,5,Terracota,Contemporáneo,Comedor;Living,Blanco;Madera clara;Beige;Blanco roto,Blanco;Crema;Azul profundo,Terracota cálido de luminosidad bajo (4/10) y saturación media (5/10) que equilibra el espacio.,Bajo,Media,Suave;Cálido;Acogedor;Natural
30YY 36/572,Brasa Dorada *,Cálido,4,7,Terracota,Pop;Maximalista,Comedor;Living,Blanco;Madera clara;Beige;Blanco roto;Neutros,Blanco;Crema;Azul profundo,Terracota cálido de luminosidad bajo (4/10) y saturación alta (7/10) que equilibra el espacio.,Bajo,Alta,Suave;Cálido;Acogedor;Alegre
25YY 50/592,Brillo de Fuego,Cálido,5,9,Arena,Pop;Maximalista,Comedor;Living,Blanco;Madera clara;Beige;Neutros,Blanco;Crema;Azul profundo,Arena cálido de luminosidad medio (5/10) y saturación muy alta (9/10) que equilibra el espacio.,Medio,Muy Alta,Suave;Cálido;Acogedor;Alegre
10YY 42/460,Brillo de Jengibre,Cálido,5,7,Terracota,Pop;Maximalista,Comedor;Living,Blanco;Madera clara;Beige;Neutros,Blanco;Crema;Azul profundo,Terracota cálido de luminosidad medio (5/10) y saturación alta (7/10) que equilibra el espacio.,Medio,Alta,Suave;Cálido;Acogedor;Alegre
20YY 40/608,Brocado Rico,Cálido,5,8,Terracota,Pop;Maximalista,Comedor;Living,Blanco;Madera clara;Beige;Neutros,Blanco;Crema;Azul profundo,Terracota cálido de luminosidad medio (5/10) y saturación alta (8/10) que equilibra el espacio.,Medio,Alta,Suave;Cálido;Acogedor;Alegre
30YY 21/438,Bronce Antiguo,Cálido,3,6,Terracota,Dramático,Comedor;Living,Blanco;Madera clara;Beige;Blanco roto;Neutros,Blanco;Crema;Azul profundo,Terracota cálido de luminosidad bajo (3/10) y saturación media (6/10) que genera profundidad.,Bajo,Media,Profundo;Cálido;Acogedor;Natural
20YY 53/238,Bronce Toscano,Cálido,6,6,Arena,Rústico;Mediterráneo,Comedor;Living,Blanco;Madera clara;Beige;Neutros,Blanco;Crema;Azul profundo,Arena cálido de luminosidad medio (6/10) y saturación media (6/10) que equilibra el espacio.,Medio,Media,Suave;Cálido;Acogedor;Natural
35YY 81/174,Burbuja de Champaña,Cálido,8,8,Arena,Pop;Maximalista,Living;Comedor;Cocina,Blanco;Madera clara;Beige;Neutros,Negro mate;Grafito;Azul profundo,Arena cálido de luminosidad alto (8/10) y saturación alta (8/10) que aporta amplitud visual.,Alto,Alta,Luminoso;Amplio;Cálido;Acogedor
40YY 77/242,Cabello de Chala,Cálido,8,9,Arena,Pop;Maximalista,Living;Comedor;Cocina,Blanco;Madera clara;Beige;Neutros,Negro mate;Grafito;Azul profundo,Arena cálido de luminosidad alto (8/10) y saturación muy alta (9/10) que aporta amplitud visual.,Alto,Muy Alta,Luminoso;Amplio;Cálido;Acogedor
11YY 70/356,Calabacín,Cálido,7,10,Arena,Pop;Maximalista,Living;Comedor;Cocina,Blanco;Madera clara;Beige;Neutros,Negro mate;Grafito;Azul profundo,Arena cálido de luminosidad alto (7/10) y saturación muy alta (10/10) que aporta amplitud visual.,Alto,Muy Alta,Luminoso;Amplio;Cálido;Acogedor
10YY 34/700,Calabaza *,Cálido,4,8,Terracota,Pop;Maximalista,Comedor;Living,Blanco;Madera clara;Beige;Blanco roto;Neutros,Blanco;Crema;Azul profundo,Terracota cálido de luminosidad bajo (4/10) y saturación alta (8/10) que equilibra el espacio.,Bajo,Alta,Suave;Cálido;Acogedor;Alegre
05YY 42/727,Caléndula *,Cálido,5,9,Terracota,Pop;Maximalista,Comedor;Living,Blanco;Madera clara;Beige;Neutros,Blanco;Crema;Azul profundo,Terracota cálido de luminosidad medio (5/10) y saturación muy alta (9/10) que equilibra el espacio.,Medio,Muy Alta,Suave;Cálido;Acogedor;Alegre
11YY 38/694,Cálido Resplandor *,Cálido,4,10,Terracota,Pop;Maximalista,Comedor;Living,Blanco;Madera clara;Beige;Blanco roto;Neutros,Blanco;Crema;Azul profundo,Terracota cálido de luminosidad bajo (4/10) y saturación muy alta (10/10) que equilibra el espacio.,Bajo,Muy Alta,Suave;Cálido;Acogedor;Alegre
10YY 44/215,Calma Natural,Cálido,5,4,Arena,Rústico;Mediterráneo,Dormitorio;Pasillo,Blanco;Madera clara;Beige,Blanco;Crema;Azul profundo,Arena cálido de luminosidad medio (5/10) y saturación baja (4/10) que equilibra el espacio.,Medio,Baja,Suave;Cálido;Acogedor;Natural
50YY 83/143,Caña de Azúcar,Cálido,8,7,Arena,Pop;Maximalista,Living;Comedor;Cocina,Blanco;Madera clara;Beige;Neutros,Negro mate;Grafito;Azul profundo,Arena cálido de luminosidad alto (8/10) y saturación alta (7/10) que aporta amplitud visual.,Alto,Alta,Luminoso;Amplio;Cálido;Acogedor
00YY 19/464,Capuccino Helado,Cálido,3,6,Terracota,Dramático,Comedor;Living,Blanco;Madera clara;Beige;Blanco roto;Neutros,Blanco;Crema;Azul profundo,Terracota cálido de luminosidad bajo (3/10) y saturación media (6/10) que genera profundidad.,Bajo,Media,Profundo;Cálido;Acogedor;Natural
20YY 83/100,Caracola de Ensenada,Cálido,8,6,Arena,Rústico;Mediterráneo,Living;Comedor;Cocina,Blanco;Madera clara;Beige;Neutros,Negro mate;Grafito;Azul profundo,Arena cálido de luminosidad alto (8/10) y saturación media (6/10) que aporta amplitud visual.,Alto,Media,Luminoso;Amplio;Cálido;Acogedor
00YY 15/371,Caramelo,Cálido,2,5,Terracota,Dramático,Comedor;Living,Blanco;Madera clara;Beige;Blanco roto,Blanco;Crema;Azul profundo,Terracota cálido de luminosidad muy bajo (2/10) y saturación media (5/10) que genera profundidad.,Muy Bajo,Media,Profundo;Cálido;Acogedor;Natural
11YY 37/219,Caramelo Cremoso,Cálido,4,4,Terracota,Contemporáneo,Living,Blanco;Madera clara;Beige;Blanco roto,Blanco;Crema;Azul profundo,Terracota cálido de luminosidad bajo (4/10) y saturación baja (4/10) que equilibra el espacio.,Bajo,Baja,Suave;Cálido;Acogedor;Natural
21YY 45/405,Caramelo Crocante,Cálido,5,6,Arena,Rústico;Mediterráneo,Living;Dormitorio;Comedor;Cocina;Baño;Pasillo;Home office;Cuarto de niños,Blanco;Madera clara;Beige;Neutros,Blanco;Crema;Azul profundo,Arena cálido de luminosidad medio (5/10) y saturación media (6/10) que equilibra el espacio.,Medio,Media,Suave;Cálido;Acogedor;Natural
10YY 46/515,Carnaval,Cálido,5,8,Arena,Pop;Maximalista,Comedor;Living,Blanco;Madera clara;Beige;Neutros,Blanco;Crema;Azul profundo,Arena cálido de luminosidad medio (5/10) y saturación alta (8/10) que equilibra el espacio.,Medio,Alta,Suave;Cálido;Acogedor;Alegre
40YY 79/168,Cera de Vela,Cálido,8,7,Arena,Pop;Maximalista,Living;Comedor;Cocina,Blanco;Madera clara;Beige;Neutros,Negro mate;Grafito;Azul profundo,Arena cálido de luminosidad alto (8/10) y saturación alta (7/10) que aporta amplitud visual.,Alto,Alta,Luminoso;Amplio;Cálido;Acogedor
14YY 57/556,Chispazo de Topacio,Cálido,6,10,Arena,Pop;Maximalista,Comedor;Living,Blanco;Madera clara;Beige;Neutros,Blanco;Crema;Azul profundo,Arena cálido de luminosidad medio (6/10) y saturación muy alta (10/10) que equilibra el espacio.,Medio,Muy Alta,Suave;Cálido;Acogedor;Alegre
35YY 76/110,Cielo Mostaza,Cálido,8,5,Arena,Rústico;Mediterráneo,Living;Dormitorio;Comedor;Cocina;Baño;Pasillo;Home office;Cuarto de niños,Blanco;Madera clara;Beige,Negro mate;Grafito;Azul profundo,Arena cálido de luminosidad alto (8/10) y saturación media (5/10) que aporta amplitud visual.,Alto,Media,Luminoso;Amplio;Cálido;Acogedor
00YY 12/279,Cigarro Cubano,Cálido,2,5,Terracota,Dramático,Comedor;Living,Blanco;Madera clara;Beige;Blanco roto,Blanco;Crema;Azul profundo,Terracota cálido de luminosidad muy bajo (2/10) y saturación media (5/10) que genera profundidad.,Muy Bajo,Media,Profundo;Cálido;Acogedor;Natural
20YY 54/342,Cobertura Azucarada,Cálido,6,7,Arena,Pop;Maximalista,Comedor;Living,Blanco;Madera clara;Beige;Neutros,Blanco;Crema;Azul profundo,Arena cálido de luminosidad medio (6/10) y saturación alta (7/10) que equilibra el espacio.,Medio,Alta,Suave;Cálido;Acogedor;Alegre
00YY 23/557,Cobre Californiano,Cálido,3,7,Terracota,Pop;Maximalista;Dramático,Comedor;Living,Blanco;Madera clara;Beige;Blanco roto;Neutros,Blanco;Crema;Azul profundo,Terracota cálido de luminosidad bajo (3/10) y saturación alta (7/10) que genera profundidad.,Bajo,Alta,Profundo;Cálido;Acogedor;Alegre
20YY 27/225,Colina del Faro,Cálido,3,3,Terracota,Dramático,Living,Blanco;Madera clara;Beige;Blanco roto,Blanco;Crema;Azul profundo,Terracota cálido de luminosidad bajo (3/10) y saturación baja (3/10) que genera profundidad.,Bajo,Baja,Profundo;Cálido;Acogedor;Sobrio
20YY 77/128,Columnata Durazno,Cálido,8,7,Arena,Pop;Maximalista,Living;Comedor;Cocina,Blanco;Madera clara;Beige;Neutros,Negro mate;Grafito;Azul profundo,Arena cálido de luminosidad alto (8/10) y saturación alta (7/10) que aporta amplitud visual.,Alto,Alta,Luminoso;Amplio;Cálido;Acogedor
25YY 56/625,Cometa Harley,Cálido,6,10,Arena,Pop;Maximalista,Comedor;Living,Blanco;Madera clara;Beige;Neutros,Blanco;Crema;Azul profundo,Arena cálido de luminosidad medio (6/10) y saturación muy alta (10/10) que equilibra el espacio.,Medio,Muy Alta,Suave;Cálido;Acogedor;Alegre
26YY 52/359,Cosecha de Heno,Cálido,6,7,Arena,Pop;Maximalista,Living;Dormitorio;Comedor;Cocina;Baño;Pasillo;Home office;Cuarto de niños,Blanco;Madera clara;Beige;Neutros,Blanco;Crema;Azul profundo,Arena cálido de luminosidad medio (6/10) y saturación alta (7/10) que equilibra el espacio.,Medio,Alta,Suave;Cálido;Acogedor;Alegre
20YY 28/613,Cosecha Dorada,Cálido,4,7,Terracota,Pop;Maximalista,Comedor;Living,Blanco;Madera clara;Beige;Blanco roto;Neutros,Blanco;Crema;Azul profundo,Terracota cálido de luminosidad bajo (4/10) y saturación alta (7/10) que equilibra el espacio.,Bajo,Alta,Suave;Cálido;Acogedor;Alegre
20YY 71/156,Crema de Bavaria,Cálido,7,6,Arena,Rústico;Mediterráneo,Living;Comedor;Cocina,Blanco;Madera clara;Beige;Neutros,Negro mate;Grafito;Azul profundo,Arena cálido de luminosidad alto (7/10) y saturación media (6/10) que aporta amplitud visual.,Alto,Media,Luminoso;Amplio;Cálido;Acogedor
25YY 81/177,Crema de Maracuyá,Cálido,8,8,Arena,Pop;Maximalista,Living;Comedor;Cocina,Blanco;Madera clara;Beige;Neutros,Negro mate;Grafito;Azul profundo,Arena cálido de luminosidad alto (8/10) y saturación alta (8/10) que aporta amplitud visual.,Alto,Alta,Luminoso;Amplio;Cálido;Acogedor
41YY 83/214,Crema de Vainilla,Cálido,8,9,Arena,Pop;Maximalista,Living;Comedor;Cocina,Blanco;Madera clara;Beige;Neutros,Negro mate;Grafito;Azul profundo,Arena cálido de luminosidad alto (8/10) y saturación muy alta (9/10) que aporta amplitud visual.,Alto,Muy Alta,Luminoso;Amplio;Cálido;Acogedor
40YY 83/107,Crema Uniforme,Cálido,8,7,Arena,Pop;Maximalista,Living;Comedor;Cocina,Blanco;Madera clara;Beige;Neutros,Negro mate;Grafito;Azul profundo,Arena cálido de luminosidad alto (8/10) y saturación alta (7/10) que aporta amplitud visual.,Alto,Alta,Luminoso;Amplio;Cálido;Acogedor
00YY 49/387,Damasco,Cálido,5,7,Arena,Pop;Maximalista,Comedor;Living,Blanco;Madera clara;Beige;Neutros,Blanco;Crema;Azul profundo,Arena cálido de luminosidad medio (5/10) y saturación alta (7/10) que equilibra el espacio.,Medio,Alta,Suave;Cálido;Acogedor;Alegre
08YY 82/100,Damasco Limpio,Cálido,8,7,Arena,Pop;Maximalista,Living;Comedor;Cocina,Blanco;Madera clara;Beige;Neutros,Negro mate;Grafito;Azul profundo,Arena cálido de luminosidad alto (8/10) y saturación alta (7/10) que aporta amplitud visual.,Alto,Alta,Luminoso;Amplio;Cálido;Acogedor
16YY 76/189,Dejo de Durazno,Cálido,8,8,Arena,Pop;Maximalista,Living;Comedor;Cocina,Blanco;Madera clara;Beige;Neutros,Negro mate;Grafito;Azul profundo,Arena cálido de luminosidad alto (8/10) y saturación alta (8/10) que aporta amplitud visual.,Alto,Alta,Luminoso;Amplio;Cálido;Acogedor
21YY 60/577,Del Sol,Cálido,6,10,Arena,Pop;Maximalista,Comedor;Living,Blanco;Madera clara;Beige;Neutros,Blanco;Crema;Azul profundo,Arena cálido de luminosidad medio (6/10) y saturación muy alta (10/10) que equilibra el espacio.,Medio,Muy Alta,Suave;Cálido;Acogedor;Alegre
34YY 71/404,Deleite de Resplandor,Cálido,7,9,Arena,Pop;Maximalista,Living;Comedor;Cocina,Blanco;Madera clara;Beige;Neutros,Negro mate;Grafito;Azul profundo,Arena cálido de luminosidad alto (7/10) y saturación muy alta (9/10) que aporta amplitud visual.,Alto,Muy Alta,Luminoso;Amplio;Cálido;Acogedor
99YR 63/283,Desfile Anaranjado,Cálido,6,8,Arena,Pop;Maximalista,Comedor;Living,Blanco;Madera clara;Beige;Neutros,Blanco;Crema;Azul profundo,Arena cálido de luminosidad medio (6/10) y saturación alta (8/10) que equilibra el espacio.,Medio,Alta,Suave;Cálido;Acogedor;Alegre
40YY 76/112,Desierto de Atacama,Cálido,8,5,Arena,Rústico;Mediterráneo,Living;Comedor;Cocina;Dormitorio;Pasillo,Blanco;Madera clara;Beige,Negro mate;Grafito;Azul profundo,Arena cálido de luminosidad alto (8/10) y saturación media (5/10) que aporta amplitud visual.,Alto,Media,Luminoso;Amplio;Cálido;Acogedor
35YY 71/474,Día Dorado,Cálido,7,10,Arena,Pop;Maximalista,Living;Comedor;Cocina,Blanco;Madera clara;Beige;Neutros,Negro mate;Grafito;Azul profundo,Arena cálido de luminosidad alto (7/10) y saturación muy alta (10/10) que aporta amplitud visual.,Alto,Muy Alta,Luminoso;Amplio;Cálido;Acogedor
35YY 64/633,Diente de León,Cálido,6,10,Arena,Pop;Maximalista,Comedor;Living,Blanco;Madera clara;Beige;Neutros,Blanco;Crema;Azul profundo,Arena cálido de luminosidad medio (6/10) y saturación muy alta (10/10) que equilibra el espacio.,Medio,Muy Alta,Suave;Cálido;Acogedor;Alegre
22YY 80/211,Dilución de Azafrán,Cálido,8,10,Arena,Pop;Maximalista,Living;Dormitorio;Comedor;Cocina;Baño;Pasillo;Home office;Cuarto de niños,Blanco;Madera clara;Beige;Neutros,Negro mate;Grafito;Azul profundo,Arena cálido de luminosidad alto (8/10) y saturación muy alta (10/10) que aporta amplitud visual.,Alto,Muy Alta,Luminoso;Amplio;Cálido;Acogedor
06YY 49/797,Dios Sol *,Cálido,5,10,Terracota,Pop;Maximalista,Comedor;Living,Blanco;Madera clara;Beige;Neutros,Blanco;Crema;Azul profundo,Terracota cálido de luminosidad medio (5/10) y saturación muy alta (10/10) que equilibra el espacio.,Medio,Muy Alta,Suave;Cálido;Acogedor;Alegre
30YY 33/613,Distrito Majestuoso *,Cálido,4,8,Terracota,Pop;Maximalista,Comedor;Living,Blanco;Madera clara;Beige;Blanco roto;Neutros,Blanco;Crema;Azul profundo,Terracota cálido de luminosidad bajo (4/10) y saturación alta (8/10) que equilibra el espacio.,Bajo,Alta,Suave;Cálido;Acogedor;Alegre
35YY 59/533,Dorado Caliente,Cálido,6,9,Arena,Pop;Maximalista,Comedor;Living,Blanco;Madera clara;Beige;Neutros,Blanco;Crema;Azul profundo,Arena cálido de luminosidad medio (6/10) y saturación muy alta (9/10) que equilibra el espacio.,Medio,Muy Alta,Suave;Cálido;Acogedor;Alegre
30YY 64/331,Dorado Suave,Cálido,7,8,Arena,Pop;Maximalista,Living;Comedor;Cocina,Blanco;Madera clara;Beige;Neutros,Negro mate;Grafito;Azul profundo,Arena cálido de luminosidad alto (7/10) y saturación alta (8/10) que aporta amplitud visual.,Alto,Alta,Luminoso;Amplio;Cálido;Acogedor
12YY 51/682,Dulce de Naranja,Cálido,5,9,Terracota,Pop;Maximalista,Comedor;Living,Blanco;Madera clara;Beige;Neutros,Blanco;Crema;Azul profundo,Terracota cálido de luminosidad medio (5/10) y saturación muy alta (9/10) que equilibra el espacio.,Medio,Muy Alta,Suave;Cálido;Acogedor;Alegre
10YY 49/378,Dulce Miel,Cálido,5,7,Arena,Pop;Maximalista,Comedor;Living,Blanco;Madera clara;Beige;Neutros,Blanco;Crema;Azul profundo,Arena cálido de luminosidad medio (5/10) y saturación alta (7/10) que equilibra el espacio.,Medio,Alta,Suave;Cálido;Acogedor;Alegre
35YY 63/346,Duna Arenosa,Cálido,6,8,Arena,Pop;Maximalista,Comedor;Living,Blanco;Madera clara;Beige;Neutros,Blanco;Crema;Azul profundo,Arena cálido de luminosidad medio (6/10) y saturación alta (8/10) que equilibra el espacio.,Medio,Alta,Suave;Cálido;Acogedor;Alegre
33YY 69/519,Dunas Deslumbrantes,Cálido,7,10,Arena,Pop;Maximalista,Living;Comedor;Cocina,Blanco;Madera clara;Beige;Neutros,Negro mate;Grafito;Azul profundo,Arena cálido de luminosidad alto (7/10) y saturación muy alta (10/10) que aporta amplitud visual.,Alto,Muy Alta,Luminoso;Amplio;Cálido;Acogedor
10YY 77/125,Durazno Cálido,Cálido,8,7,Arena,Pop;Maximalista,Living;Comedor;Cocina,Blanco;Madera clara;Beige;Neutros,Negro mate;Grafito;Azul profundo,Arena cálido de luminosidad alto (8/10) y saturación alta (7/10) que aporta amplitud visual.,Alto,Alta,Luminoso;Amplio;Cálido;Acogedor
27YY 78/255,Durazno con Chantilly,Cálido,8,9,Arena,Pop;Maximalista,Living;Comedor;Cocina,Blanco;Madera clara;Beige;Neutros,Negro mate;Grafito;Azul profundo,Arena cálido de luminosidad alto (8/10) y saturación muy alta (9/10) que aporta amplitud visual.,Alto,Muy Alta,Luminoso;Amplio;Cálido;Acogedor
10YY 76/104,Durazno de Porcelana,Cálido,8,6,Arena,Rústico;Mediterráneo,Living;Comedor;Cocina,Blanco;Madera clara;Beige;Neutros,Negro mate;Grafito;Azul profundo,Arena cálido de luminosidad alto (8/10) y saturación media (6/10) que aporta amplitud visual.,Alto,Media,Luminoso;Amplio;Cálido;Acogedor
00YY 26/520,Durazno Frágil,Cálido,3,7,Terracota,Pop;Maximalista;Dramático,Comedor;Living,Blanco;Madera clara;Beige;Blanco roto;Neutros,Blanco;Crema;Azul profundo,Terracota cálido de luminosidad bajo (3/10) y saturación alta (7/10) que genera profundidad.,Bajo,Alta,Profundo;Cálido;Acogedor;Alegre
28YY 86/106,Durazno Helado,Cálido,8,7,Arena,Pop;Maximalista,Living;Comedor;Cocina,Blanco;Madera clara;Beige;Neutros,Negro mate;Grafito;Azul profundo,Arena cálido de luminosidad alto (8/10) y saturación alta (7/10) que aporta amplitud visual.,Alto,Alta,Luminoso;Amplio;Cálido;Acogedor
25YY 70/365,Durazno Pálido,Cálido,7,10,Arena,Pop;Maximalista,Living;Comedor;Cocina,Blanco;Madera clara;Beige;Neutros,Negro mate;Grafito;Azul profundo,Arena cálido de luminosidad alto (7/10) y saturación muy alta (10/10) que aporta amplitud visual.,Alto,Muy Alta,Luminoso;Amplio;Cálido;Acogedor
04YY 39/638,Efecto Melaza *,Cálido,4,8,Terracota,Pop;Maximalista,Comedor;Living,Blanco;Madera clara;Beige;Blanco roto;Neutros,Blanco;Crema;Azul profundo,Terracota cálido de luminosidad bajo (4/10) y saturación alta (8/10) que equilibra el espacio.,Bajo,Alta,Suave;Cálido;Acogedor;Alegre
38YY 81/256,Enaltecer,Cálido,8,9,Arena,Pop;Maximalista,Living;Comedor;Cocina,Blanco;Madera clara;Beige;Neutros,Negro mate;Grafito;Azul profundo,Arena cálido de luminosidad alto (8/10) y saturación muy alta (9/10) que aporta amplitud visual.,Alto,Muy Alta,Luminoso;Amplio;Cálido;Acogedor
14YY 63/272,Esencia de Oriente,Cálido,7,8,Arena,Pop;Maximalista,Living;Comedor;Cocina,Blanco;Madera clara;Beige;Neutros,Negro mate;Grafito;Azul profundo,Arena cálido de luminosidad alto (7/10) y saturación alta (8/10) que aporta amplitud visual.,Alto,Alta,Luminoso;Amplio;Cálido;Acogedor
28YY 63/746,Esplendor,Cálido,6,10,Terracota,Pop;Maximalista,Comedor;Living,Blanco;Madera clara;Beige;Neutros,Blanco;Crema;Azul profundo,Terracota cálido de luminosidad medio (6/10) y saturación muy alta (10/10) que equilibra el espacio.,Medio,Muy Alta,Suave;Cálido;Acogedor;Alegre
15YY 69/080,Estopa,Cálido,7,4,Arena,Minimalista;Nórdico;Japandi;Rústico;Mediterráneo,Living;Comedor;Cocina;Dormitorio;Pasillo,Blanco;Madera clara;Beige,Negro mate;Grafito;Azul profundo,Arena cálido de luminosidad alto (7/10) y saturación baja (4/10) que aporta amplitud visual.,Alto,Baja,Luminoso;Amplio;Cálido;Acogedor
25YY 62/353,Estrella Diurna,Cálido,6,8,Arena,Pop;Maximalista,Comedor;Living,Blanco;Madera clara;Beige;Neutros,Blanco;Crema;Azul profundo,Arena cálido de luminosidad medio (6/10) y saturación alta (8/10) que equilibra el espacio.,Medio,Alta,Suave;Cálido;Acogedor;Alegre
37YY 78/312,Estrella Fugaz,Cálido,8,9,Arena,Pop;Maximalista,Living;Comedor;Cocina,Blanco;Madera clara;Beige;Neutros,Negro mate;Grafito;Azul profundo,Arena cálido de luminosidad alto (8/10) y saturación muy alta (9/10) que aporta amplitud visual.,Alto,Muy Alta,Luminoso;Amplio;Cálido;Acogedor
10YY 12/300,Expedición Africana,Cálido,2,5,Terracota,Dramático,Comedor;Living,Blanco;Madera clara;Beige;Blanco roto,Blanco;Crema;Azul profundo,Terracota cálido de luminosidad muy bajo (2/10) y saturación media (5/10) que genera profundidad.,Muy Bajo,Media,Profundo;Cálido;Acogedor;Natural
19YY 51/758,Explosión Estelar *,Cálido,6,10,Terracota,Pop;Maximalista,Comedor;Living,Blanco;Madera clara;Beige;Neutros,Blanco;Crema;Azul profundo,Terracota cálido de luminosidad medio (6/10) y saturación muy alta (10/10) que equilibra el espacio.,Medio,Muy Alta,Suave;Cálido;Acogedor;Alegre
10YY 38/316,Fantasía de Arce,Cálido,4,5,Terracota,Contemporáneo,Comedor;Living,Blanco;Madera clara;Beige;Blanco roto,Blanco;Crema;Azul profundo,Terracota cálido de luminosidad bajo (4/10) y saturación media (5/10) que equilibra el espacio.,Bajo,Media,Suave;Cálido;Acogedor;Natural
03YY 66/105,Fantasía Malva,Cálido,7,4,Arena,Minimalista;Nórdico;Japandi;Rústico;Mediterráneo,Living;Comedor;Cocina;Dormitorio;Pasillo,Blanco;Madera clara;Beige,Negro mate;Grafito;Azul profundo,Arena cálido de luminosidad alto (7/10) y saturación baja (4/10) que aporta amplitud visual.,Alto,Baja,Luminoso;Amplio;Cálido;Acogedor
20YY 38/225,Fendi,Cálido,4,4,Arena,Contemporáneo,Living,Blanco;Madera clara;Beige;Blanco roto,Blanco;Crema;Azul profundo,Arena cálido de luminosidad bajo (4/10) y saturación baja (4/10) que equilibra el espacio.,Bajo,Baja,Suave;Cálido;Acogedor;Natural
23YY 61/631,Fervor Amarillo,Cálido,6,10,Arena,Pop;Maximalista,Comedor;Living,Blanco;Madera clara;Beige;Neutros,Blanco;Crema;Azul profundo,Arena cálido de luminosidad medio (6/10) y saturación muy alta (10/10) que equilibra el espacio.,Medio,Muy Alta,Suave;Cálido;Acogedor;Alegre
09YY 57/689,Fiesta,Cálido,6,10,Arena,Pop;Maximalista,Comedor;Living,Blanco;Madera clara;Beige;Neutros,Blanco;Crema;Azul profundo,Arena cálido de luminosidad medio (6/10) y saturación muy alta (10/10) que equilibra el espacio.,Medio,Muy Alta,Suave;Cálido;Acogedor;Alegre
13YY 60/475,Fresco Romano,Cálido,6,10,Arena,Pop;Maximalista,Comedor;Living,Blanco;Madera clara;Beige;Neutros,Blanco;Crema;Azul profundo,Arena cálido de luminosidad medio (6/10) y saturación muy alta (10/10) que equilibra el espacio.,Medio,Muy Alta,Suave;Cálido;Acogedor;Alegre
21YY 84/128,Fulgor de Luz,Cálido,8,8,Arena,Pop;Maximalista,Living;Dormitorio;Comedor;Cocina;Baño;Pasillo;Home office;Cuarto de niños,Blanco;Madera clara;Beige;Neutros,Negro mate;Grafito;Azul profundo,Arena cálido de luminosidad alto (8/10) y saturación alta (8/10) que aporta amplitud visual.,Alto,Alta,Luminoso;Amplio;Cálido;Acogedor
09YY 59/325,Galleta de Caramelo,Cálido,6,8,Arena,Pop;Maximalista,Comedor;Living,Blanco;Madera clara;Beige;Neutros,Blanco;Crema;Azul profundo,Arena cálido de luminosidad medio (6/10) y saturación alta (8/10) que equilibra el espacio.,Medio,Alta,Suave;Cálido;Acogedor;Alegre
04YY 39/480,Gamuza Color Miel,Cálido,4,7,Terracota,Pop;Maximalista,Comedor;Living,Blanco;Madera clara;Beige;Blanco roto;Neutros,Blanco;Crema;Azul profundo,Terracota cálido de luminosidad bajo (4/10) y saturación alta (7/10) que equilibra el espacio.,Bajo,Alta,Suave;Cálido;Acogedor;Alegre
15YY 49/288,Gengibre Amarronado,Cálido,5,6,Arena,Rústico;Mediterráneo,Living;Dormitorio;Comedor;Cocina;Baño;Pasillo;Home office;Cuarto de niños,Blanco;Madera clara;Beige;Neutros,Blanco;Crema;Azul profundo,Arena cálido de luminosidad medio (5/10) y saturación media (6/10) que equilibra el espacio.,Medio,Media,Suave;Cálido;Acogedor;Natural
00YY 41/475,Gota de Miel,Cálido,5,7,Terracota,Pop;Maximalista,Comedor;Living,Blanco;Madera clara;Beige;Neutros,Blanco;Crema;Azul profundo,Terracota cálido de luminosidad medio (5/10) y saturación alta (7/10) que equilibra el espacio.,Medio,Alta,Suave;Cálido;Acogedor;Alegre
20YY 49/271,Gran Cañón,Cálido,5,5,Arena,Rústico;Mediterráneo,Dormitorio;Pasillo;Comedor;Living,Blanco;Madera clara;Beige,Blanco;Crema;Azul profundo,Arena cálido de luminosidad medio (5/10) y saturación media (5/10) que equilibra el espacio.,Medio,Media,Suave;Cálido;Acogedor;Natural
20YY 74/192,Helado de Mango,Cálido,7,8,Arena,Pop;Maximalista,Living;Comedor;Cocina,Blanco;Madera clara;Beige;Neutros,Negro mate;Grafito;Azul profundo,Arena cálido de luminosidad alto (7/10) y saturación alta (8/10) que aporta amplitud visual.,Alto,Alta,Luminoso;Amplio;Cálido;Acogedor
20YY 23/525,Henna,Cálido,3,7,Terracota,Pop;Maximalista;Dramático,Comedor;Living,Blanco;Madera clara;Beige;Blanco roto;Neutros,Blanco;Crema;Azul profundo,Terracota cálido de luminosidad bajo (3/10) y saturación alta (7/10) que genera profundidad.,Bajo,Alta,Profundo;Cálido;Acogedor;Alegre
35YY 61/431,Hierba de Pradera,Cálido,6,8,Arena,Pop;Maximalista,Comedor;Living,Blanco;Madera clara;Beige;Neutros,Blanco;Crema;Azul profundo,Arena cálido de luminosidad medio (6/10) y saturación alta (8/10) que equilibra el espacio.,Medio,Alta,Suave;Cálido;Acogedor;Alegre
30YY 77/169,Hilo Crema,Cálido,8,7,Arena,Pop;Maximalista,Living;Comedor;Cocina,Blanco;Madera clara;Beige;Neutros,Negro mate;Grafito;Azul profundo,Arena cálido de luminosidad alto (8/10) y saturación alta (7/10) que aporta amplitud visual.,Alto,Alta,Luminoso;Amplio;Cálido;Acogedor
10YY 30/560,Hoja de Cobre,Cálido,4,7,Terracota,Pop;Maximalista,Comedor;Living,Blanco;Madera clara;Beige;Blanco roto;Neutros,Blanco;Crema;Azul profundo,Terracota cálido de luminosidad bajo (4/10) y saturación alta (7/10) que equilibra el espacio.,Bajo,Alta,Suave;Cálido;Acogedor;Alegre
20YY 41/264,Hongo Aterciopelado,Cálido,5,5,Arena,Rústico;Mediterráneo,Dormitorio;Pasillo;Comedor;Living,Blanco;Madera clara;Beige,Blanco;Crema;Azul profundo,Arena cálido de luminosidad medio (5/10) y saturación media (5/10) que equilibra el espacio.,Medio,Media,Suave;Cálido;Acogedor;Natural
24YY 82/118,Insinuación Dorada,Cálido,8,7,Arena,Pop;Maximalista,Living;Comedor;Cocina,Blanco;Madera clara;Beige;Neutros,Negro mate;Grafito;Azul profundo,Arena cálido de luminosidad alto (8/10) y saturación alta (7/10) que aporta amplitud visual.,Alto,Alta,Luminoso;Amplio;Cálido;Acogedor
22YY 71/347,Jengibre Durazno,Cálido,7,9,Arena,Pop;Maximalista,Living;Comedor;Cocina,Blanco;Madera clara;Beige;Neutros,Negro mate;Grafito;Azul profundo,Arena cálido de luminosidad alto (7/10) y saturación muy alta (9/10) que aporta amplitud visual.,Alto,Muy Alta,Luminoso;Amplio;Cálido;Acogedor
45YY 83/187,Joven Celebridad,Cálido,8,8,Arena,Pop;Maximalista,Living;Comedor;Cocina,Blanco;Madera clara;Beige;Neutros,Negro mate;Grafito;Azul profundo,Arena cálido de luminosidad alto (8/10) y saturación alta (8/10) que aporta amplitud visual.,Alto,Alta,Luminoso;Amplio;Cálido;Acogedor
20YY 63/258,Junco,Cálido,6,7,Arena,Pop;Maximalista,Comedor;Living,Blanco;Madera clara;Beige;Neutros,Blanco;Crema;Azul profundo,Arena cálido de luminosidad medio (6/10) y saturación alta (7/10) que equilibra el espacio.,Medio,Alta,Suave;Cálido;Acogedor;Alegre
35YY 74/372,Junquillo,Cálido,7,10,Arena,Pop;Maximalista,Living;Comedor;Cocina,Blanco;Madera clara;Beige;Neutros,Negro mate;Grafito;Azul profundo,Arena cálido de luminosidad alto (7/10) y saturación muy alta (10/10) que aporta amplitud visual.,Alto,Muy Alta,Luminoso;Amplio;Cálido;Acogedor
30YY 74/121,Lana Alpina,Cálido,8,5,Arena,Rústico;Mediterráneo,Living;Comedor;Cocina;Dormitorio;Pasillo,Blanco;Madera clara;Beige,Negro mate;Grafito;Azul profundo,Arena cálido de luminosidad alto (8/10) y saturación media (5/10) que aporta amplitud visual.,Alto,Media,Luminoso;Amplio;Cálido;Acogedor
25YY 85/108,Leche de Coco,Cálido,8,7,Arena,Pop;Maximalista,Living;Comedor;Cocina,Blanco;Madera clara;Beige;Neutros,Negro mate;Grafito;Azul profundo,Arena cálido de luminosidad alto (8/10) y saturación alta (7/10) que aporta amplitud visual.,Alto,Alta,Luminoso;Amplio;Cálido;Acogedor
10YY 69/130,Leche y Miel,Cálido,7,5,Arena,Rústico;Mediterráneo,Living;Comedor;Cocina;Dormitorio;Pasillo,Blanco;Madera clara;Beige,Negro mate;Grafito;Azul profundo,Arena cálido de luminosidad alto (7/10) y saturación media (5/10) que aporta amplitud visual.,Alto,Media,Luminoso;Amplio;Cálido;Acogedor
10YY 16/217,Leña,Cálido,2,4,Terracota,Dramático,Living,Blanco;Madera clara;Beige;Blanco roto,Blanco;Crema;Azul profundo,Terracota cálido de luminosidad muy bajo (2/10) y saturación baja (4/10) que genera profundidad.,Muy Bajo,Baja,Profundo;Cálido;Acogedor;Natural
38YY 72/117,Leyenda Indígena,Cálido,7,5,Arena,Rústico;Mediterráneo,Living;Comedor;Cocina;Dormitorio;Pasillo,Blanco;Madera clara;Beige,Negro mate;Grafito;Azul profundo,Arena cálido de luminosidad alto (7/10) y saturación media (5/10) que aporta amplitud visual.,Alto,Media,Luminoso;Amplio;Cálido;Acogedor
09YY 18/226,Licor de Coñac,Cálido,2,4,Terracota,Dramático,Living;Dormitorio;Comedor;Cocina;Baño;Pasillo;Home office;Cuarto de niños,Blanco;Madera clara;Beige;Blanco roto,Blanco;Crema;Azul profundo,Terracota cálido de luminosidad muy bajo (2/10) y saturación baja (4/10) que genera profundidad.,Muy Bajo,Baja,Profundo;Cálido;Acogedor;Natural
10YY 60/224,Licor de Crema,Cálido,6,6,Arena,Rústico;Mediterráneo,Comedor;Living,Blanco;Madera clara;Beige;Neutros,Blanco;Crema;Azul profundo,Arena cálido de luminosidad medio (6/10) y saturación media (6/10) que equilibra el espacio.,Medio,Media,Suave;Cálido;Acogedor;Natural
10YY 35/543,Licor de Damasco,Cálido,4,7,Terracota,Pop;Maximalista,Comedor;Living,Blanco;Madera clara;Beige;Blanco roto;Neutros,Blanco;Crema;Azul profundo,Terracota cálido de luminosidad bajo (4/10) y saturación alta (7/10) que equilibra el espacio.,Bajo,Alta,Suave;Cálido;Acogedor;Alegre
24YY 39/319,Licor de Nuez,Cálido,4,5,Terracota,Contemporáneo,Comedor;Living,Blanco;Madera clara;Beige;Blanco roto,Blanco;Crema;Azul profundo,Terracota cálido de luminosidad bajo (4/10) y saturación media (5/10) que equilibra el espacio.,Bajo,Media,Suave;Cálido;Acogedor;Natural
30YY 63/231,Licor de Whisky,Cálido,7,6,Arena,Rústico;Mediterráneo,Living;Comedor;Cocina,Blanco;Madera clara;Beige;Neutros,Negro mate;Grafito;Azul profundo,Arena cálido de luminosidad alto (7/10) y saturación media (6/10) que aporta amplitud visual.,Alto,Media,Luminoso;Amplio;Cálido;Acogedor
20YY 70/138,Lino Americano,Cálido,7,5,Arena,Rústico;Mediterráneo,Living;Comedor;Cocina;Dormitorio;Pasillo,Blanco;Madera clara;Beige,Negro mate;Grafito;Azul profundo,Arena cálido de luminosidad alto (7/10) y saturación media (5/10) que aporta amplitud visual.,Alto,Media,Luminoso;Amplio;Cálido;Acogedor
30YY 71/138,Lino Blanco,Cálido,7,5,Arena,Rústico;Mediterráneo,Living;Comedor;Cocina;Dormitorio;Pasillo,Blanco;Madera clara;Beige,Negro mate;Grafito;Azul profundo,Arena cálido de luminosidad alto (7/10) y saturación media (5/10) que aporta amplitud visual.,Alto,Media,Luminoso;Amplio;Cálido;Acogedor
08YY 56/528,Lirio,Cálido,6,9,Arena,Pop;Maximalista,Comedor;Living,Blanco;Madera clara;Beige;Neutros,Blanco;Crema;Azul profundo,Arena cálido de luminosidad medio (6/10) y saturación muy alta (9/10) que equilibra el espacio.,Medio,Muy Alta,Suave;Cálido;Acogedor;Alegre
50YY 83/114,Lirio de Pascua,Cálido,8,6,Arena,Rústico;Mediterráneo,Living;Comedor;Cocina,Blanco;Madera clara;Beige;Neutros,Negro mate;Grafito;Azul profundo,Arena cálido de luminosidad alto (8/10) y saturación media (6/10) que aporta amplitud visual.,Alto,Media,Luminoso;Amplio;Cálido;Acogedor
05YY 52/658,Llama de Gas,Cálido,5,10,Arena,Pop;Maximalista,Comedor;Living,Blanco;Madera clara;Beige;Neutros,Blanco;Crema;Azul profundo,Arena cálido de luminosidad medio (5/10) y saturación muy alta (10/10) que equilibra el espacio.,Medio,Muy Alta,Suave;Cálido;Acogedor;Alegre
40YY 48/750,Luces Teatrales *,Cálido,5,10,Terracota,Pop;Maximalista,Comedor;Living,Blanco;Madera clara;Beige;Neutros,Blanco;Crema;Azul profundo,Terracota cálido de luminosidad medio (5/10) y saturación muy alta (10/10) que equilibra el espacio.,Medio,Muy Alta,Suave;Cálido;Acogedor;Alegre
10YY 50/469,Luna Agreste,Cálido,5,8,Arena,Pop;Maximalista,Comedor;Living,Blanco;Madera clara;Beige;Neutros,Blanco;Crema;Azul profundo,Arena cálido de luminosidad medio (5/10) y saturación alta (8/10) que equilibra el espacio.,Medio,Alta,Suave;Cálido;Acogedor;Alegre
35YY 81/233,Luna de Otoño,Cálido,8,9,Arena,Pop;Maximalista,Living;Comedor;Cocina,Blanco;Madera clara;Beige;Neutros,Negro mate;Grafito;Azul profundo,Arena cálido de luminosidad alto (8/10) y saturación muy alta (9/10) que aporta amplitud visual.,Alto,Muy Alta,Luminoso;Amplio;Cálido;Acogedor
20YY 23/246,Madera Curtida,Cálido,3,4,Terracota,Dramático,Living,Blanco;Madera clara;Beige;Blanco roto,Blanco;Crema;Azul profundo,Terracota cálido de luminosidad bajo (3/10) y saturación baja (4/10) que genera profundidad.,Bajo,Baja,Profundo;Cálido;Acogedor;Natural
20YY 65/285,Maíz Indio,Cálido,7,8,Arena,Pop;Maximalista,Living;Comedor;Cocina,Blanco;Madera clara;Beige;Neutros,Negro mate;Grafito;Azul profundo,Arena cálido de luminosidad alto (7/10) y saturación alta (8/10) que aporta amplitud visual.,Alto,Alta,Luminoso;Amplio;Cálido;Acogedor
10YY 72/200,Mandarina Blanca,Cálido,7,8,Arena,Pop;Maximalista,Living;Comedor;Cocina,Blanco;Madera clara;Beige;Neutros,Negro mate;Grafito;Azul profundo,Arena cálido de luminosidad alto (7/10) y saturación alta (8/10) que aporta amplitud visual.,Alto,Alta,Luminoso;Amplio;Cálido;Acogedor
12YY 61/523,Mango Tropical,Cálido,6,10,Arena,Pop;Maximalista,Comedor;Living,Blanco;Madera clara;Beige;Neutros,Blanco;Crema;Azul profundo,Arena cálido de luminosidad medio (6/10) y saturación muy alta (10/10) que equilibra el espacio.,Medio,Muy Alta,Suave;Cálido;Acogedor;Alegre
20YY 51/306,Mantecado,Cálido,5,6,Arena,Rústico;Mediterráneo,Comedor;Living,Blanco;Madera clara;Beige;Neutros,Blanco;Crema;Azul profundo,Arena cálido de luminosidad medio (5/10) y saturación media (6/10) que equilibra el espacio.,Medio,Media,Suave;Cálido;Acogedor;Natural
20YY 57/178,Marfil Clásico,Cálido,6,5,Arena,Rústico;Mediterráneo,Dormitorio;Pasillo;Comedor;Living,Blanco;Madera clara;Beige,Blanco;Crema;Azul profundo,Arena cálido de luminosidad medio (6/10) y saturación media (5/10) que equilibra el espacio.,Medio,Media,Suave;Cálido;Acogedor;Natural
30YY 67/194,Marfil Crema,Cálido,7,6,Arena,Rústico;Mediterráneo,Living;Comedor;Cocina,Blanco;Madera clara;Beige;Neutros,Negro mate;Grafito;Azul profundo,Arena cálido de luminosidad alto (7/10) y saturación media (6/10) que aporta amplitud visual.,Alto,Media,Luminoso;Amplio;Cálido;Acogedor
30YY 81/123,Marfil Fresco,Cálido,8,6,Arena,Rústico;Mediterráneo,Living;Comedor;Cocina,Blanco;Madera clara;Beige;Neutros,Negro mate;Grafito;Azul profundo,Arena cálido de luminosidad alto (8/10) y saturación media (6/10) que aporta amplitud visual.,Alto,Media,Luminoso;Amplio;Cálido;Acogedor
45YY 83/125,Marfil Palacio,Cálido,8,7,Arena,Pop;Maximalista,Living;Comedor;Cocina,Blanco;Madera clara;Beige;Neutros,Negro mate;Grafito;Azul profundo,Arena cálido de luminosidad alto (8/10) y saturación alta (7/10) que aporta amplitud visual.,Alto,Alta,Luminoso;Amplio;Cálido;Acogedor
98YR 53/235,Melaza Oscura,Cálido,6,6,Arena,Rústico;Mediterráneo,Comedor;Living,Blanco;Madera clara;Beige;Neutros,Blanco;Crema;Azul profundo,Arena cálido de luminosidad medio (6/10) y saturación media (6/10) que equilibra el espacio.,Medio,Media,Suave;Cálido;Acogedor;Natural
10YY 78/146,Melón,Cálido,8,7,Arena,Pop;Maximalista,Living;Comedor;Cocina,Blanco;Madera clara;Beige;Neutros,Negro mate;Grafito;Azul profundo,Arena cálido de luminosidad alto (8/10) y saturación alta (7/10) que aporta amplitud visual.,Alto,Alta,Luminoso;Amplio;Cálido;Acogedor
32YY 73/398,Melón Persa,Cálido,7,10,Arena,Pop;Maximalista,Living;Comedor;Cocina,Blanco;Madera clara;Beige;Neutros,Negro mate;Grafito;Azul profundo,Arena cálido de luminosidad alto (7/10) y saturación muy alta (10/10) que aporta amplitud visual.,Alto,Muy Alta,Luminoso;Amplio;Cálido;Acogedor
20YY 26/490,Mostaza en Grano,Cálido,3,6,Terracota,Dramático,Comedor;Living,Blanco;Madera clara;Beige;Blanco roto;Neutros,Blanco;Crema;Azul profundo,Terracota cálido de luminosidad bajo (3/10) y saturación media (6/10) que genera profundidad.,Bajo,Media,Profundo;Cálido;Acogedor;Natural
20YY 34/700,Mostaza Especiada *,Cálido,4,9,Terracota,Pop;Maximalista,Comedor;Living,Blanco;Madera clara;Beige;Blanco roto;Neutros,Blanco;Crema;Azul profundo,Terracota cálido de luminosidad bajo (4/10) y saturación muy alta (9/10) que equilibra el espacio.,Bajo,Muy Alta,Suave;Cálido;Acogedor;Alegre
10YY 24/467,Mostaza Picante *,Cálido,3,6,Terracota,Dramático,Comedor;Living,Blanco;Madera clara;Beige;Blanco roto;Neutros,Blanco;Crema;Azul profundo,Terracota cálido de luminosidad bajo (3/10) y saturación media (6/10) que genera profundidad.,Bajo,Media,Profundo;Cálido;Acogedor;Natural
28YY 62/321,Mostaza Tenue,Cálido,6,7,Arena,Pop;Maximalista,Living;Dormitorio;Comedor;Cocina;Baño;Pasillo;Home office;Cuarto de niños,Blanco;Madera clara;Beige;Neutros,Blanco;Crema;Azul profundo,Arena cálido de luminosidad medio (6/10) y saturación alta (7/10) que equilibra el espacio.,Medio,Alta,Suave;Cálido;Acogedor;Alegre
10YY 65/285,Mousse de Mango,Cálido,7,8,Arena,Pop;Maximalista,Living;Comedor;Cocina,Blanco;Madera clara;Beige;Neutros,Negro mate;Grafito;Azul profundo,Arena cálido de luminosidad alto (7/10) y saturación alta (8/10) que aporta amplitud visual.,Alto,Alta,Luminoso;Amplio;Cálido;Acogedor
10YY 67/213,Mousse de Naranja,Cálido,7,7,Arena,Pop;Maximalista,Living;Comedor;Cocina,Blanco;Madera clara;Beige;Neutros,Negro mate;Grafito;Azul profundo,Arena cálido de luminosidad alto (7/10) y saturación alta (7/10) que aporta amplitud visual.,Alto,Alta,Luminoso;Amplio;Cálido;Acogedor
85YR 38/700,Naranja Explosivo *,Cálido,4,9,Terracota,Pop;Maximalista,Living;Dormitorio;Comedor;Cocina;Baño;Pasillo;Home office;Cuarto de niños,Blanco;Madera clara;Beige;Blanco roto;Neutros,Blanco;Crema;Azul profundo,Terracota cálido de luminosidad bajo (4/10) y saturación muy alta (9/10) que equilibra el espacio.,Bajo,Muy Alta,Suave;Cálido;Acogedor;Alegre
97YR 54/511,Naranja Orgánica,Cálido,6,10,Arena,Pop;Maximalista,Comedor;Living,Blanco;Madera clara;Beige;Neutros,Blanco;Crema;Azul profundo,Arena cálido de luminosidad medio (6/10) y saturación muy alta (10/10) que equilibra el espacio.,Medio,Muy Alta,Suave;Cálido;Acogedor;Alegre
17YY 65/420,Naranja Pálido,Cálido,7,9,Arena,Pop;Maximalista,Living;Comedor;Cocina,Blanco;Madera clara;Beige;Neutros,Negro mate;Grafito;Azul profundo,Arena cálido de luminosidad alto (7/10) y saturación muy alta (9/10) que aporta amplitud visual.,Alto,Muy Alta,Luminoso;Amplio;Cálido;Acogedor
25YY 77/087,Naturaleza Viva,Cálido,8,5,Arena,Rústico;Mediterráneo,Living;Dormitorio;Comedor;Cocina;Baño;Pasillo;Home office;Cuarto de niños,Blanco;Madera clara;Beige,Negro mate;Grafito;Azul profundo,Arena cálido de luminosidad alto (8/10) y saturación media (5/10) que aporta amplitud visual.,Alto,Media,Luminoso;Amplio;Cálido;Acogedor
44YY 87/118,Neblina de Verano,Cálido,9,7,Arena,Pop;Maximalista,Living;Comedor;Cocina,Blanco;Madera clara;Beige;Neutros,Negro mate;Grafito;Azul profundo,Arena cálido de luminosidad muy alto (9/10) y saturación alta (7/10) que aporta amplitud visual.,Muy Alto,Alta,Luminoso;Amplio;Cálido;Acogedor
10YY 63/162,Neutro Maya,Cálido,7,5,Arena,Rústico;Mediterráneo,Living;Comedor;Cocina;Dormitorio;Pasillo,Blanco;Madera clara;Beige,Negro mate;Grafito;Azul profundo,Arena cálido de luminosidad alto (7/10) y saturación media (5/10) que aporta amplitud visual.,Alto,Media,Luminoso;Amplio;Cálido;Acogedor
36YY 70/208,Nougat de Caramelo,Cálido,7,7,Arena,Pop;Maximalista,Living;Dormitorio;Comedor;Cocina;Baño;Pasillo;Home office;Cuarto de niños,Blanco;Madera clara;Beige;Neutros,Negro mate;Grafito;Azul profundo,Arena cálido de luminosidad alto (7/10) y saturación alta (7/10) que aporta amplitud visual.,Alto,Alta,Luminoso;Amplio;Cálido;Acogedor
00YY 57/299,Nuez,Cálido,6,7,Arena,Pop;Maximalista,Comedor;Living,Blanco;Madera clara;Beige;Neutros,Blanco;Crema;Azul profundo,Arena cálido de luminosidad medio (6/10) y saturación alta (7/10) que equilibra el espacio.,Medio,Alta,Suave;Cálido;Acogedor;Alegre
24YY 63/200,Nuez Moscada Tenue,Cálido,7,6,Arena,Rústico;Mediterráneo,Living;Dormitorio;Comedor;Cocina;Baño;Pasillo;Home office;Cuarto de niños,Blanco;Madera clara;Beige;Neutros,Negro mate;Grafito;Azul profundo,Arena cálido de luminosidad alto (7/10) y saturación media (6/10) que aporta amplitud visual.,Alto,Media,Luminoso;Amplio;Cálido;Acogedor
00YY 18/346,Ocre Profundo,Cálido,2,5,Terracota,Dramático,Comedor;Living,Blanco;Madera clara;Beige;Blanco roto,Blanco;Crema;Azul profundo,Terracota cálido de luminosidad muy bajo (2/10) y saturación media (5/10) que genera profundidad.,Muy Bajo,Media,Profundo;Cálido;Acogedor;Natural
24YY 28/384,Oliva Osado,Cálido,3,5,Terracota,Dramático,Comedor;Living,Blanco;Madera clara;Beige;Blanco roto,Blanco;Crema;Azul profundo,Terracota cálido de luminosidad bajo (3/10) y saturación media (5/10) que genera profundidad.,Bajo,Media,Profundo;Cálido;Acogedor;Natural
10YY 57/377,Onda Ambar,Cálido,6,8,Arena,Pop;Maximalista,Comedor;Living,Blanco;Madera clara;Beige;Neutros,Blanco;Crema;Azul profundo,Arena cálido de luminosidad medio (6/10) y saturación alta (8/10) que equilibra el espacio.,Medio,Alta,Suave;Cálido;Acogedor;Alegre
20YY 35/456,Oro Casino,Cálido,4,6,Terracota,Contemporáneo,Comedor;Living,Blanco;Madera clara;Beige;Blanco roto;Neutros,Blanco;Crema;Azul profundo,Terracota cálido de luminosidad bajo (4/10) y saturación media (6/10) que equilibra el espacio.,Bajo,Media,Suave;Cálido;Acogedor;Natural
20YY 46/515,Oro del Cairo,Cálido,5,8,Arena,Pop;Maximalista,Comedor;Living,Blanco;Madera clara;Beige;Neutros,Blanco;Crema;Azul profundo,Arena cálido de luminosidad medio (5/10) y saturación alta (8/10) que equilibra el espacio.,Medio,Alta,Suave;Cálido;Acogedor;Alegre
24YY 64/523,Oro del Faraón,Cálido,6,10,Arena,Pop;Maximalista,Comedor;Living,Blanco;Madera clara;Beige;Neutros,Blanco;Crema;Azul profundo,Arena cálido de luminosidad medio (6/10) y saturación muy alta (10/10) que equilibra el espacio.,Medio,Muy Alta,Suave;Cálido;Acogedor;Alegre
10YY 27/600,Oro Holandés,Cálido,4,7,Terracota,Pop;Maximalista,Comedor;Living,Blanco;Madera clara;Beige;Blanco roto;Neutros,Blanco;Crema;Azul profundo,Terracota cálido de luminosidad bajo (4/10) y saturación alta (7/10) que equilibra el espacio.,Bajo,Alta,Suave;Cálido;Acogedor;Alegre
20YY 36/370,Oro Monárquico,Cálido,4,5,Terracota,Contemporáneo,Comedor;Living,Blanco;Madera clara;Beige;Blanco roto,Blanco;Crema;Azul profundo,Terracota cálido de luminosidad bajo (4/10) y saturación media (5/10) que equilibra el espacio.,Bajo,Media,Suave;Cálido;Acogedor;Natural
23YY 62/816,Oro Real *,Cálido,6,10,Terracota,Pop;Maximalista,Comedor;Living,Blanco;Madera clara;Beige;Neutros,Blanco;Crema;Azul profundo,Terracota cálido de luminosidad medio (6/10) y saturación muy alta (10/10) que equilibra el espacio.,Medio,Muy Alta,Suave;Cálido;Acogedor;Alegre
98YR 26/291,Osito de Peluche,Cálido,3,4,Terracota,Dramático,Living,Blanco;Madera clara;Beige;Blanco roto,Blanco;Crema;Azul profundo,Terracota cálido de luminosidad bajo (3/10) y saturación baja (4/10) que genera profundidad.,Bajo,Baja,Profundo;Cálido;Acogedor;Natural
40YY 77/267,Panqueque,Cálido,8,9,Arena,Pop;Maximalista,Living;Comedor;Cocina,Blanco;Madera clara;Beige;Neutros,Negro mate;Grafito;Azul profundo,Arena cálido de luminosidad alto (8/10) y saturación muy alta (9/10) que aporta amplitud visual.,Alto,Muy Alta,Luminoso;Amplio;Cálido;Acogedor
34YY 55/802,Pascua Glamorosa *,Cálido,6,10,Terracota,Pop;Maximalista,Living;Dormitorio;Comedor;Cocina;Baño;Pasillo;Home office;Cuarto de niños,Blanco;Madera clara;Beige;Neutros,Blanco;Crema;Azul profundo,Terracota cálido de luminosidad medio (6/10) y saturación muy alta (10/10) que equilibra el espacio.,Medio,Muy Alta,Suave;Cálido;Acogedor;Alegre
30YY 70/455,Pera Madura,Cálido,7,10,Arena,Pop;Maximalista,Living;Comedor;Cocina,Blanco;Madera clara;Beige;Neutros,Negro mate;Grafito;Azul profundo,Arena cálido de luminosidad alto (7/10) y saturación muy alta (10/10) que aporta amplitud visual.,Alto,Muy Alta,Luminoso;Amplio;Cálido;Acogedor
96YR 46/632,Pez Naranja,Cálido,5,9,Terracota,Pop;Maximalista,Living;Dormitorio;Comedor;Cocina;Baño;Pasillo;Home office;Cuarto de niños,Blanco;Madera clara;Beige;Neutros,Blanco;Crema;Azul profundo,Terracota cálido de luminosidad medio (5/10) y saturación muy alta (9/10) que equilibra el espacio.,Medio,Muy Alta,Suave;Cálido;Acogedor;Alegre
10YY 53/423,Pinza de Cangrejo,Cálido,6,8,Arena,Pop;Maximalista,Comedor;Living,Blanco;Madera clara;Beige;Neutros,Blanco;Crema;Azul profundo,Arena cálido de luminosidad medio (6/10) y saturación alta (8/10) que equilibra el espacio.,Medio,Alta,Suave;Cálido;Acogedor;Alegre
44YY 75/094,Planicie Africana,Cálido,8,4,Arena,Minimalista;Nórdico;Japandi;Rústico;Mediterráneo,Living;Comedor;Cocina;Dormitorio;Pasillo,Blanco;Madera clara;Beige,Negro mate;Grafito;Azul profundo,Arena cálido de luminosidad alto (8/10) y saturación baja (4/10) que aporta amplitud visual.,Alto,Baja,Luminoso;Amplio;Cálido;Acogedor
30YY 80/088,Playa,Cálido,8,6,Arena,Rústico;Mediterráneo,Living;Comedor;Cocina,Blanco;Madera clara;Beige;Neutros,Negro mate;Grafito;Azul profundo,Arena cálido de luminosidad alto (8/10) y saturación media (6/10) que aporta amplitud visual.,Alto,Media,Luminoso;Amplio;Cálido;Acogedor
20YY 61/475,Plaza Soleada,Cálido,6,9,Arena,Pop;Maximalista,Comedor;Living,Blanco;Madera clara;Beige;Neutros,Blanco;Crema;Azul profundo,Arena cálido de luminosidad medio (6/10) y saturación muy alta (9/10) que equilibra el espacio.,Medio,Muy Alta,Suave;Cálido;Acogedor;Alegre
30YY 58/423,Polvo Solar,Cálido,6,8,Arena,Pop;Maximalista,Comedor;Living,Blanco;Madera clara;Beige;Neutros,Blanco;Crema;Azul profundo,Arena cálido de luminosidad medio (6/10) y saturación alta (8/10) que equilibra el espacio.,Medio,Alta,Suave;Cálido;Acogedor;Alegre
25YY 61/452,Popurrí Veraniego,Cálido,6,9,Arena,Pop;Maximalista,Living;Dormitorio;Comedor;Cocina;Baño;Pasillo;Home office;Cuarto de niños,Blanco;Madera clara;Beige;Neutros,Blanco;Crema;Azul profundo,Arena cálido de luminosidad medio (6/10) y saturación muy alta (9/10) que equilibra el espacio.,Medio,Muy Alta,Suave;Cálido;Acogedor;Alegre
39YY 85/156,Primera Luz,Cálido,8,7,Arena,Pop;Maximalista,Living;Comedor;Cocina,Blanco;Madera clara;Beige;Neutros,Negro mate;Grafito;Azul profundo,Arena cálido de luminosidad alto (8/10) y saturación alta (7/10) que aporta amplitud visual.,Alto,Alta,Luminoso;Amplio;Cálido;Acogedor
27YY 68/470,Puesta del Sol Dorada,Cálido,7,10,Arena,Pop;Maximalista,Living;Comedor;Cocina,Blanco;Madera clara;Beige;Neutros,Negro mate;Grafito;Azul profundo,Arena cálido de luminosidad alto (7/10) y saturación muy alta (10/10) que aporta amplitud visual.,Alto,Muy Alta,Luminoso;Amplio;Cálido;Acogedor
51YY 84/121,Pura Luz,Cálido,8,7,Arena,Pop;Maximalista,Living;Dormitorio;Comedor;Cocina;Baño;Pasillo;Home office;Cuarto de niños,Blanco;Madera clara;Beige;Neutros,Negro mate;Grafito;Azul profundo,Arena cálido de luminosidad alto (8/10) y saturación alta (7/10) que aporta amplitud visual.,Alto,Alta,Luminoso;Amplio;Cálido;Acogedor
45YY 71/426,Rayo de Luz,Cálido,7,9,Arena,Pop;Maximalista,Living;Comedor;Cocina,Blanco;Madera clara;Beige;Neutros,Negro mate;Grafito;Azul profundo,Arena cálido de luminosidad alto (7/10) y saturación muy alta (9/10) que aporta amplitud visual.,Alto,Muy Alta,Luminoso;Amplio;Cálido;Acogedor
29YY 66/537,Rayos de Sol,Cálido,7,10,Arena,Pop;Maximalista,Living;Comedor;Cocina,Blanco;Madera clara;Beige;Neutros,Negro mate;Grafito;Azul profundo,Arena cálido de luminosidad alto (7/10) y saturación muy alta (10/10) que aporta amplitud visual.,Alto,Muy Alta,Luminoso;Amplio;Cálido;Acogedor
34YY 76/174,Reflejo de Luz Solar,Cálido,8,7,Arena,Pop;Maximalista,Living;Comedor;Cocina,Blanco;Madera clara;Beige;Neutros,Negro mate;Grafito;Azul profundo,Arena cálido de luminosidad alto (8/10) y saturación alta (7/10) que aporta amplitud visual.,Alto,Alta,Luminoso;Amplio;Cálido;Acogedor
35YY 78/269,Renacer,Cálido,8,9,Arena,Pop;Maximalista,Living;Comedor;Cocina,Blanco;Madera clara;Beige;Neutros,Negro mate;Grafito;Azul profundo,Arena cálido de luminosidad alto (8/10) y saturación muy alta (9/10) que aporta amplitud visual.,Alto,Muy Alta,Luminoso;Amplio;Cálido;Acogedor
19YY 83/140,Roma,Cálido,8,7,Arena,Pop;Maximalista,Living;Comedor;Cocina,Blanco;Madera clara;Beige;Neutros,Negro mate;Grafito;Azul profundo,Arena cálido de luminosidad alto (8/10) y saturación alta (7/10) que aporta amplitud visual.,Alto,Alta,Luminoso;Amplio;Cálido;Acogedor
41YY 70/112,Seda de Marfil,Cálido,8,5,Arena,Rústico;Mediterráneo,Living;Comedor;Cocina;Dormitorio;Pasillo,Blanco;Madera clara;Beige,Negro mate;Grafito;Azul profundo,Arena cálido de luminosidad alto (8/10) y saturación media (5/10) que aporta amplitud visual.,Alto,Media,Luminoso;Amplio;Cálido;Acogedor
00YY 28/352,Sendero de la Costa,Cálido,3,5,Terracota,Dramático,Comedor;Living,Blanco;Madera clara;Beige;Blanco roto,Blanco;Crema;Azul profundo,Terracota cálido de luminosidad bajo (3/10) y saturación media (5/10) que genera profundidad.,Bajo,Media,Profundo;Cálido;Acogedor;Natural
13YY 64/412,Sensación de Azafrán,Cálido,7,10,Arena,Pop;Maximalista,Living;Dormitorio;Comedor;Cocina;Baño;Pasillo;Home office;Cuarto de niños,Blanco;Madera clara;Beige;Neutros,Negro mate;Grafito;Azul profundo,Arena cálido de luminosidad alto (7/10) y saturación muy alta (10/10) que aporta amplitud visual.,Alto,Muy Alta,Luminoso;Amplio;Cálido;Acogedor
07YY 54/510,Sensación de Mango,Cálido,6,9,Arena,Pop;Maximalista,Living;Dormitorio;Comedor;Cocina;Baño;Pasillo;Home office;Cuarto de niños,Blanco;Madera clara;Beige;Neutros,Blanco;Crema;Azul profundo,Arena cálido de luminosidad medio (6/10) y saturación muy alta (9/10) que equilibra el espacio.,Medio,Muy Alta,Suave;Cálido;Acogedor;Alegre
39YY 86/135,Sensación Espacial,Cálido,9,8,Arena,Pop;Maximalista,Living;Dormitorio;Comedor;Cocina;Baño;Pasillo;Home office;Cuarto de niños,Blanco;Madera clara;Beige;Neutros,Negro mate;Grafito;Azul profundo,Arena cálido de luminosidad muy alto (9/10) y saturación alta (8/10) que aporta amplitud visual.,Muy Alto,Alta,Luminoso;Amplio;Cálido;Acogedor
39YY 71/413,Sensación Estival,Cálido,7,9,Arena,Pop;Maximalista,Living;Dormitorio;Comedor;Cocina;Baño;Pasillo;Home office;Cuarto de niños,Blanco;Madera clara;Beige;Neutros,Negro mate;Grafito;Azul profundo,Arena cálido de luminosidad alto (7/10) y saturación muy alta (9/10) que aporta amplitud visual.,Alto,Muy Alta,Luminoso;Amplio;Cálido;Acogedor
39YY 78/329,Sentimiento de Verano,Cálido,8,10,Arena,Pop;Maximalista,Living;Dormitorio;Comedor;Cocina;Baño;Pasillo;Home office;Cuarto de niños,Blanco;Madera clara;Beige;Neutros,Negro mate;Grafito;Azul profundo,Arena cálido de luminosidad alto (8/10) y saturación muy alta (10/10) que aporta amplitud visual.,Alto,Muy Alta,Luminoso;Amplio;Cálido;Acogedor
30YY 72/097,Sisal,Cálido,7,5,Arena,Rústico;Mediterráneo,Living;Comedor;Cocina;Dormitorio;Pasillo,Blanco;Madera clara;Beige,Negro mate;Grafito;Azul profundo,Arena cálido de luminosidad alto (7/10) y saturación media (5/10) que aporta amplitud visual.,Alto,Media,Luminoso;Amplio;Cálido;Acogedor
25YY 49/757,Sol Dorado *,Cálido,6,9,Terracota,Pop;Maximalista,Comedor;Living,Blanco;Madera clara;Beige;Neutros,Blanco;Crema;Azul profundo,Terracota cálido de luminosidad medio (6/10) y saturación muy alta (9/10) que equilibra el espacio.,Medio,Muy Alta,Suave;Cálido;Acogedor;Alegre
22YY 38/423,Suave Heno,Cálido,4,6,Terracota,Contemporáneo,Living;Dormitorio;Comedor;Cocina;Baño;Pasillo;Home office;Cuarto de niños,Blanco;Madera clara;Beige;Blanco roto;Neutros,Blanco;Crema;Azul profundo,Terracota cálido de luminosidad bajo (4/10) y saturación media (6/10) que equilibra el espacio.,Bajo,Media,Suave;Cálido;Acogedor;Natural
15YY 37/276,Suelo Luminoso,Cálido,4,4,Terracota,Contemporáneo,Living;Dormitorio;Comedor;Cocina;Baño;Pasillo;Home office;Cuarto de niños,Blanco;Madera clara;Beige;Blanco roto,Blanco;Crema;Azul profundo,Terracota cálido de luminosidad bajo (4/10) y saturación baja (4/10) que equilibra el espacio.,Bajo,Baja,Suave;Cálido;Acogedor;Natural
23YY 44/541,Surfeando Dunas,Cálido,5,7,Terracota,Pop;Maximalista,Comedor;Living,Blanco;Madera clara;Beige;Neutros,Blanco;Crema;Azul profundo,Terracota cálido de luminosidad medio (5/10) y saturación alta (7/10) que equilibra el espacio.,Medio,Alta,Suave;Cálido;Acogedor;Alegre
09YY 45/402,Tallo de Gengibre,Cálido,5,7,Arena,Pop;Maximalista,Comedor;Living,Blanco;Madera clara;Beige;Neutros,Blanco;Crema;Azul profundo,Arena cálido de luminosidad medio (5/10) y saturación alta (7/10) que equilibra el espacio.,Medio,Alta,Suave;Cálido;Acogedor;Alegre
30YY 58/178,Tela Bordada,Cálido,6,5,Arena,Rústico;Mediterráneo,Dormitorio;Pasillo;Comedor;Living,Blanco;Madera clara;Beige,Blanco;Crema;Azul profundo,Arena cálido de luminosidad medio (6/10) y saturación media (5/10) que equilibra el espacio.,Medio,Media,Suave;Cálido;Acogedor;Natural
30YY 38/370,Tesoro Descubierto,Cálido,4,5,Terracota,Contemporáneo,Comedor;Living,Blanco;Madera clara;Beige;Blanco roto,Blanco;Crema;Azul profundo,Terracota cálido de luminosidad bajo (4/10) y saturación media (5/10) que equilibra el espacio.,Bajo,Media,Suave;Cálido;Acogedor;Natural
20YY 32/494,Tesoro Escondido,Cálido,4,6,Terracota,Contemporáneo,Comedor;Living,Blanco;Madera clara;Beige;Blanco roto;Neutros,Blanco;Crema;Azul profundo,Terracota cálido de luminosidad bajo (4/10) y saturación media (6/10) que equilibra el espacio.,Bajo,Media,Suave;Cálido;Acogedor;Natural
30YY 49/562,Tono Dorado,Cálido,5,8,Terracota,Pop;Maximalista,Comedor;Living,Blanco;Madera clara;Beige;Neutros,Blanco;Crema;Azul profundo,Terracota cálido de luminosidad medio (5/10) y saturación alta (8/10) que equilibra el espacio.,Medio,Alta,Suave;Cálido;Acogedor;Alegre
20YY 27/426,Tono Ganador,Cálido,3,6,Terracota,Dramático,Comedor;Living,Blanco;Madera clara;Beige;Blanco roto;Neutros,Blanco;Crema;Azul profundo,Terracota cálido de luminosidad bajo (3/10) y saturación media (6/10) que genera profundidad.,Bajo,Media,Profundo;Cálido;Acogedor;Natural
03YY 82/067,Tonos de Arcilla,Cálido,8,5,Arena,Rústico;Mediterráneo,Living;Comedor;Cocina;Dormitorio;Pasillo,Blanco;Madera clara;Beige,Negro mate;Grafito;Azul profundo,Arena cálido de luminosidad alto (8/10) y saturación media (5/10) que aporta amplitud visual.,Alto,Media,Luminoso;Amplio;Cálido;Acogedor
10YY 58/295,Topacio Claro,Cálido,6,7,Arena,Pop;Maximalista,Comedor;Living,Blanco;Madera clara;Beige;Neutros,Blanco;Crema;Azul profundo,Arena cálido de luminosidad medio (6/10) y saturación alta (7/10) que equilibra el espacio.,Medio,Alta,Suave;Cálido;Acogedor;Alegre
23YY 69/134,Toque de Crema,Cálido,7,5,Arena,Rústico;Mediterráneo,Living;Dormitorio;Comedor;Cocina;Baño;Pasillo;Home office;Cuarto de niños,Blanco;Madera clara;Beige,Negro mate;Grafito;Azul profundo,Arena cálido de luminosidad alto (7/10) y saturación media (5/10) que aporta amplitud visual.,Alto,Media,Luminoso;Amplio;Cálido;Acogedor
11YY 78/136,Toque de Crème Brûlée,Cálido,8,7,Arena,Pop;Maximalista,Living;Comedor;Cocina,Blanco;Madera clara;Beige;Neutros,Negro mate;Grafito;Azul profundo,Arena cálido de luminosidad alto (8/10) y saturación alta (7/10) que aporta amplitud visual.,Alto,Alta,Luminoso;Amplio;Cálido;Acogedor
25YY 79/240,Toque de Néctar,Cálido,8,9,Arena,Pop;Maximalista,Living;Comedor;Cocina,Blanco;Madera clara;Beige;Neutros,Negro mate;Grafito;Azul profundo,Arena cálido de luminosidad alto (8/10) y saturación muy alta (9/10) que aporta amplitud visual.,Alto,Muy Alta,Luminoso;Amplio;Cálido;Acogedor
20YY 19/438,Tren del Desierto,Cálido,3,6,Terracota,Dramático,Comedor;Living,Blanco;Madera clara;Beige;Blanco roto;Neutros,Blanco;Crema;Azul profundo,Terracota cálido de luminosidad bajo (3/10) y saturación media (6/10) que genera profundidad.,Bajo,Media,Profundo;Cálido;Acogedor;Natural
25YY 83/103,Trigo,Cálido,8,7,Arena,Pop;Maximalista,Living;Comedor;Cocina,Blanco;Madera clara;Beige;Neutros,Negro mate;Grafito;Azul profundo,Arena cálido de luminosidad alto (8/10) y saturación alta (7/10) que aporta amplitud visual.,Alto,Alta,Luminoso;Amplio;Cálido;Acogedor
25YY 78/232,Vainilla Almendrada,Cálido,8,9,Arena,Pop;Maximalista,Living;Comedor;Cocina,Blanco;Madera clara;Beige;Neutros,Negro mate;Grafito;Azul profundo,Arena cálido de luminosidad alto (8/10) y saturación muy alta (9/10) que aporta amplitud visual.,Alto,Muy Alta,Luminoso;Amplio;Cálido;Acogedor
30YY 52/207,Valle del Desierto,Cálido,6,5,Arena,Rústico;Mediterráneo,Dormitorio;Pasillo;Comedor;Living,Blanco;Madera clara;Beige,Blanco;Crema;Azul profundo,Arena cálido de luminosidad medio (6/10) y saturación media (5/10) que equilibra el espacio.,Medio,Media,Suave;Cálido;Acogedor;Natural
20YY 46/425,Yacimiento de Oro,Cálido,5,7,Arena,Pop;Maximalista,Comedor;Living,Blanco;Madera clara;Beige;Neutros,Blanco;Crema;Azul profundo,Arena cálido de luminosidad medio (5/10) y saturación alta (7/10) que equilibra el espacio.,Medio,Alta,Suave;Cálido;Acogedor;Alegre
10YY 23/261,Yute Dorado,Cálido,3,4,Terracota,Dramático,Living,Blanco;Madera clara;Beige;Blanco roto,Blanco;Crema;Azul profundo,Terracota cálido de luminosidad bajo (3/10) y saturación baja (4/10) que genera profundidad.,Bajo,Baja,Profundo;Cálido;Acogedor;Natural
97YR 44/642,Zanahoria,Cálido,5,9,Terracota,Pop;Maximalista,Comedor;Living,Blanco;Madera clara;Beige;Neutros,Blanco;Crema;Azul profundo,Terracota cálido de luminosidad medio (5/10) y saturación muy alta (9/10) que equilibra el espacio.,Medio,Muy Alta,Suave;Cálido;Acogedor;Alegre
00YY 34/562,Zapallo,Cálido,4,7,Terracota,Pop;Maximalista,Comedor;Living,Blanco;Madera clara;Beige;Blanco roto;Neutros,Blanco;Crema;Azul profundo,Terracota cálido de luminosidad bajo (4/10) y saturación alta (7/10) que equilibra el espacio.,Bajo,Alta,Suave;Cálido;Acogedor;Alegre
10YY 45/419,Zorzal de la Floresta,Cálido,5,7,Arena,Pop;Maximalista,Comedor;Living,Blanco;Madera clara;Beige;Neutros,Blanco;Crema;Azul profundo,Arena cálido de luminosidad medio (5/10) y saturación alta (7/10) que equilibra el espacio.,Medio,Alta,Suave;Cálido;Acogedor;Alegre
70YY 61/561,Aceite de Oliva,Cálido,6,7,Piedra,Pop;Maximalista,Comedor;Living,Blanco;Madera clara;Beige;Neutros,Blanco;Crema;Azul profundo,Piedra cálido de luminosidad medio (6/10) y saturación alta (7/10) que equilibra el espacio.,Medio,Alta,Suave;Cálido;Acogedor;Alegre
86YY 85/174,Adobo Limón,Cálido,8,6,Piedra,Rústico;Mediterráneo,Living;Comedor;Cocina,Blanco;Madera clara;Beige;Neutros,Negro mate;Grafito;Azul profundo,Piedra cálido de luminosidad alto (8/10) y saturación media (6/10) que aporta amplitud visual.,Alto,Media,Luminoso;Amplio;Cálido;Acogedor
90YY 21/371,Adorno,Cálido,3,4,Lima,Dramático,Living,Blanco;Madera clara;Beige;Blanco roto,Blanco;Crema;Azul profundo,Lima cálido de luminosidad bajo (3/10) y saturación baja (4/10) que genera profundidad.,Bajo,Baja,Profundo;Cálido;Acogedor;Natural
10GY 83/100,Agua de Manantial,Cálido,8,4,Piedra,Minimalista;Nórdico;Japandi;Rústico;Mediterráneo,Living;Comedor;Cocina;Dormitorio;Pasillo,Blanco;Madera clara;Beige,Negro mate;Grafito;Azul profundo,Piedra cálido de luminosidad alto (8/10) y saturación baja (4/10) que aporta amplitud visual.,Alto,Baja,Luminoso;Amplio;Cálido;Acogedor
30GY 09/171,Aguas Profundas,Neutro,2,3,Oliva,Dramático,Living,Blanco;Madera clara;Negro mate;Blanco roto,Blanco;Crema;Verde oliva,Oliva neutro de luminosidad muy bajo (2/10) y saturación baja (3/10) que genera profundidad.,Muy Bajo,Baja,Profundo;Neutro;Elegante;Sobrio
91YY 40/628,Alma de la Naturaleza *,Cálido,4,7,Lima,Pop;Maximalista,Comedor;Living,Blanco;Madera clara;Beige;Blanco roto;Neutros,Blanco;Crema;Azul profundo,Lima cálido de luminosidad bajo (4/10) y saturación alta (7/10) que equilibra el espacio.,Bajo,Alta,Suave;Cálido;Acogedor;Alegre
10GY 83/125,Amanecer del Campo,Cálido,8,4,Lima,Minimalista;Nórdico;Japandi;Rústico;Mediterráneo,Living;Comedor;Cocina;Dormitorio;Pasillo,Blanco;Madera clara;Beige,Negro mate;Grafito;Azul profundo,Lima cálido de luminosidad alto (8/10) y saturación baja (4/10) que aporta amplitud visual.,Alto,Baja,Luminoso;Amplio;Cálido;Acogedor
70YY 78/248,Amarillo Junco,Cálido,8,7,Arena,Pop;Maximalista,Living;Comedor;Cocina,Blanco;Madera clara;Beige;Neutros,Negro mate;Grafito;Azul profundo,Arena cálido de luminosidad alto (8/10) y saturación alta (7/10) que aporta amplitud visual.,Alto,Alta,Luminoso;Amplio;Cálido;Acogedor
10GY 21/119,Araucaria,Cálido,3,2,Gris cálido,Dramático,Living,Blanco;Madera clara;Beige;Blanco roto,Blanco;Crema;Azul profundo,Gris cálido cálido de luminosidad bajo (3/10) y saturación muy baja (2/10) que genera profundidad.,Bajo,Muy Baja,Profundo;Cálido;Acogedor;Sobrio
68YY 16/179,Árbol Glamoroso,Cálido,2,3,Terracota,Dramático,Living,Blanco;Madera clara;Beige;Blanco roto,Blanco;Crema;Azul profundo,Terracota cálido de luminosidad muy bajo (2/10) y saturación baja (3/10) que genera profundidad.,Muy Bajo,Baja,Profundo;Cálido;Acogedor;Sobrio
91YY 23/374,Arboleda Sagrada,Cálido,3,5,Lima,Dramático,Comedor;Living,Blanco;Madera clara;Beige;Blanco roto,Blanco;Crema;Azul profundo,Lima cálido de luminosidad bajo (3/10) y saturación media (5/10) que genera profundidad.,Bajo,Media,Profundo;Cálido;Acogedor;Natural
90YY 83/071,Blanco Brillante,Cálido,8,4,Piedra,Minimalista;Nórdico;Japandi;Rústico;Mediterráneo,Living;Comedor;Cocina;Dormitorio;Pasillo,Blanco;Madera clara;Beige,Negro mate;Grafito;Azul profundo,Piedra cálido de luminosidad alto (8/10) y saturación baja (4/10) que aporta amplitud visual.,Alto,Baja,Luminoso;Amplio;Cálido;Acogedor
84YY 87/135,Blanco Pino,Cálido,9,6,Piedra,Rústico;Mediterráneo,Living;Comedor;Cocina,Blanco;Madera clara;Beige;Neutros,Negro mate;Grafito;Azul profundo,Piedra cálido de luminosidad muy alto (9/10) y saturación media (6/10) que aporta amplitud visual.,Muy Alto,Media,Luminoso;Amplio;Cálido;Acogedor
90YY 83/107,Blanco Yuca,Cálido,8,5,Piedra,Rústico;Mediterráneo,Living;Comedor;Cocina;Dormitorio;Pasillo,Blanco;Madera clara;Beige,Negro mate;Grafito;Azul profundo,Piedra cálido de luminosidad alto (8/10) y saturación media (5/10) que aporta amplitud visual.,Alto,Media,Luminoso;Amplio;Cálido;Acogedor
90YY 29/464,Bonsai *,Cálido,3,5,Lima,Dramático,Comedor;Living,Blanco;Madera clara;Beige;Blanco roto,Blanco;Crema;Azul profundo,Lima cálido de luminosidad bajo (3/10) y saturación media (5/10) que genera profundidad.,Bajo,Media,Profundo;Cálido;Acogedor;Natural
90YY 22/200,Bosque Encantado,Cálido,3,3,Piedra,Dramático,Living,Blanco;Madera clara;Beige;Blanco roto,Blanco;Crema;Azul profundo,Piedra cálido de luminosidad bajo (3/10) y saturación baja (3/10) que genera profundidad.,Bajo,Baja,Profundo;Cálido;Acogedor;Sobrio
70YY 73/288,Brillo de Vela,Cálido,8,7,Arena,Pop;Maximalista,Living;Comedor;Cocina,Blanco;Madera clara;Beige;Neutros,Negro mate;Grafito;Azul profundo,Arena cálido de luminosidad alto (8/10) y saturación alta (7/10) que aporta amplitud visual.,Alto,Alta,Luminoso;Amplio;Cálido;Acogedor
21GY 28/472,Bruja Malvada,Cálido,3,5,Lima,Dramático,Comedor;Living,Blanco;Madera clara;Beige;Blanco roto,Blanco;Crema;Azul profundo,Lima cálido de luminosidad bajo (3/10) y saturación media (5/10) que genera profundidad.,Bajo,Media,Profundo;Cálido;Acogedor;Natural
10GY 83/150,Bruma de la Pradera,Cálido,8,5,Lima,Rústico;Mediterráneo,Living;Comedor;Cocina;Dormitorio;Pasillo,Blanco;Madera clara;Beige,Negro mate;Grafito;Azul profundo,Lima cálido de luminosidad alto (8/10) y saturación media (5/10) que aporta amplitud visual.,Alto,Media,Luminoso;Amplio;Cálido;Acogedor
96YY 53/200,Caminata de Montaña,Cálido,6,3,Piedra,Rústico;Mediterráneo,Dormitorio;Pasillo,Blanco;Madera clara;Beige,Blanco;Crema;Azul profundo,Piedra cálido de luminosidad medio (6/10) y saturación baja (3/10) que equilibra el espacio.,Medio,Baja,Suave;Cálido;Acogedor;Sobrio
16GY 54/615,Campo de Golf,Cálido,6,6,Lima,Rústico;Mediterráneo,Comedor;Living,Blanco;Madera clara;Beige;Neutros,Blanco;Crema;Azul profundo,Lima cálido de luminosidad medio (6/10) y saturación media (6/10) que equilibra el espacio.,Medio,Media,Suave;Cálido;Acogedor;Natural
10GY 41/600,Campos Irlandeses,Cálido,5,5,Lima,Rústico;Mediterráneo,Dormitorio;Pasillo;Comedor;Living,Blanco;Madera clara;Beige,Blanco;Crema;Azul profundo,Lima cálido de luminosidad medio (5/10) y saturación media (5/10) que equilibra el espacio.,Medio,Media,Suave;Cálido;Acogedor;Natural
10GY 71/180,Capín Limón,Cálido,7,4,Piedra,Minimalista;Nórdico;Japandi;Rústico;Mediterráneo,Living;Comedor;Cocina;Dormitorio;Pasillo,Blanco;Madera clara;Beige,Negro mate;Grafito;Azul profundo,Piedra cálido de luminosidad alto (7/10) y saturación baja (4/10) que aporta amplitud visual.,Alto,Baja,Luminoso;Amplio;Cálido;Acogedor
88YY 38/530,Césped de Tenis,Cálido,4,5,Lima,Contemporáneo,Comedor;Living,Blanco;Madera clara;Beige;Blanco roto,Blanco;Crema;Azul profundo,Lima cálido de luminosidad bajo (4/10) y saturación media (5/10) que equilibra el espacio.,Bajo,Media,Suave;Cálido;Acogedor;Natural
86YY 77/295,Césped Limón,Cálido,8,6,Lima,Rústico;Mediterráneo,Living;Comedor;Cocina,Blanco;Madera clara;Beige;Neutros,Negro mate;Grafito;Azul profundo,Lima cálido de luminosidad alto (8/10) y saturación media (6/10) que aporta amplitud visual.,Alto,Media,Luminoso;Amplio;Cálido;Acogedor
80YY 75/423,Césped Soleado,Cálido,8,7,Lima,Pop;Maximalista,Living;Comedor;Cocina,Blanco;Madera clara;Beige;Neutros,Negro mate;Grafito;Azul profundo,Lima cálido de luminosidad alto (8/10) y saturación alta (7/10) que aporta amplitud visual.,Alto,Alta,Luminoso;Amplio;Cálido;Acogedor
70YY 75/124,Chardonnay,Cálido,8,5,Arena,Rústico;Mediterráneo,Living;Comedor;Cocina;Dormitorio;Pasillo,Blanco;Madera clara;Beige,Negro mate;Grafito;Azul profundo,Arena cálido de luminosidad alto (8/10) y saturación media (5/10) que aporta amplitud visual.,Alto,Media,Luminoso;Amplio;Cálido;Acogedor
90YY 54/254,Chucrut,Cálido,6,4,Piedra,Rústico;Mediterráneo,Living;Dormitorio;Comedor;Cocina;Baño;Pasillo;Home office;Cuarto de niños,Blanco;Madera clara;Beige,Blanco;Crema;Azul profundo,Piedra cálido de luminosidad medio (6/10) y saturación baja (4/10) que equilibra el espacio.,Medio,Baja,Suave;Cálido;Acogedor;Natural
10GY 83/075,Cidrera Suave,Cálido,8,4,Piedra,Minimalista;Nórdico;Japandi;Rústico;Mediterráneo,Living;Comedor;Cocina;Dormitorio;Pasillo,Blanco;Madera clara;Beige,Negro mate;Grafito;Azul profundo,Piedra cálido de luminosidad alto (8/10) y saturación baja (4/10) que aporta amplitud visual.,Alto,Baja,Luminoso;Amplio;Cálido;Acogedor
70YY 66/510,Condimentado,Cálido,7,8,Arena,Pop;Maximalista,Living;Comedor;Cocina,Blanco;Madera clara;Beige;Neutros,Negro mate;Grafito;Azul profundo,Arena cálido de luminosidad alto (7/10) y saturación alta (8/10) que aporta amplitud visual.,Alto,Alta,Luminoso;Amplio;Cálido;Acogedor
10GY 24/356,Corona de Laureles,Cálido,3,4,Oliva,Dramático,Living,Blanco;Madera clara;Beige;Blanco roto,Blanco;Crema;Azul profundo,Oliva cálido de luminosidad bajo (3/10) y saturación baja (4/10) que genera profundidad.,Bajo,Baja,Profundo;Cálido;Acogedor;Natural
92YY 69/401,Creación Primaveral,Cálido,7,6,Lima,Rústico;Mediterráneo,Living;Comedor;Cocina,Blanco;Madera clara;Beige;Neutros,Negro mate;Grafito;Azul profundo,Lima cálido de luminosidad alto (7/10) y saturación media (6/10) que aporta amplitud visual.,Alto,Media,Luminoso;Amplio;Cálido;Acogedor
79YY 84/126,Crema Sedosa,Cálido,8,5,Piedra,Rústico;Mediterráneo,Living;Dormitorio;Comedor;Cocina;Baño;Pasillo;Home office;Cuarto de niños,Blanco;Madera clara;Beige,Negro mate;Grafito;Azul profundo,Piedra cálido de luminosidad alto (8/10) y saturación media (5/10) que aporta amplitud visual.,Alto,Media,Luminoso;Amplio;Cálido;Acogedor
90YY 83/179,Deshielo Primaveral,Cálido,8,6,Piedra,Rústico;Mediterráneo,Living;Comedor;Cocina,Blanco;Madera clara;Beige;Neutros,Negro mate;Grafito;Azul profundo,Piedra cálido de luminosidad alto (8/10) y saturación media (6/10) que aporta amplitud visual.,Alto,Media,Luminoso;Amplio;Cálido;Acogedor
77YY 83/073,Día Bendito,Cálido,8,4,Piedra,Minimalista;Nórdico;Japandi;Rústico;Mediterráneo,Living;Comedor;Cocina;Dormitorio;Pasillo,Blanco;Madera clara;Beige,Negro mate;Grafito;Azul profundo,Piedra cálido de luminosidad alto (8/10) y saturación baja (4/10) que aporta amplitud visual.,Alto,Baja,Luminoso;Amplio;Cálido;Acogedor
76YY 27/439,Dique de Nutrias,Cálido,3,6,Lima,Dramático,Comedor;Living,Blanco;Madera clara;Beige;Blanco roto;Neutros,Blanco;Crema;Azul profundo,Lima cálido de luminosidad bajo (3/10) y saturación media (6/10) que genera profundidad.,Bajo,Media,Profundo;Cálido;Acogedor;Natural
64YY 38/505,Edén Vigoroso,Cálido,4,6,Piedra,Contemporáneo,Comedor;Living,Blanco;Madera clara;Beige;Blanco roto;Neutros,Blanco;Crema;Azul profundo,Piedra cálido de luminosidad bajo (4/10) y saturación media (6/10) que equilibra el espacio.,Bajo,Media,Suave;Cálido;Acogedor;Natural
62YY 27/282,Ensalada de Palta,Cálido,3,4,Terracota,Dramático,Living,Blanco;Madera clara;Beige;Blanco roto,Blanco;Crema;Azul profundo,Terracota cálido de luminosidad bajo (3/10) y saturación baja (4/10) que genera profundidad.,Bajo,Baja,Profundo;Cálido;Acogedor;Natural
60YY 72/225,Escarcha Dorada,Cálido,7,6,Arena,Rústico;Mediterráneo,Living;Comedor;Cocina,Blanco;Madera clara;Beige;Neutros,Negro mate;Grafito;Azul profundo,Arena cálido de luminosidad alto (7/10) y saturación media (6/10) que aporta amplitud visual.,Alto,Media,Luminoso;Amplio;Cálido;Acogedor
10GY 30/104,Eucalipto,Cálido,4,2,Gris cálido,Contemporáneo,Living,Blanco;Madera clara;Beige;Blanco roto,Blanco;Crema;Azul profundo,Gris cálido cálido de luminosidad bajo (4/10) y saturación muy baja (2/10) que equilibra el espacio.,Bajo,Muy Baja,Suave;Cálido;Acogedor;Sobrio
83YY 72/129,Fantasía Caqui,Cálido,7,4,Piedra,Minimalista;Nórdico;Japandi;Rústico;Mediterráneo,Living;Dormitorio;Comedor;Cocina;Baño;Pasillo;Home office;Cuarto de niños,Blanco;Madera clara;Beige,Negro mate;Grafito;Azul profundo,Piedra cálido de luminosidad alto (7/10) y saturación baja (4/10) que aporta amplitud visual.,Alto,Baja,Luminoso;Amplio;Cálido;Acogedor
77YY 19/297,Fantástico Follaje,Cálido,2,4,Lima,Dramático,Living,Blanco;Madera clara;Beige;Blanco roto,Blanco;Crema;Azul profundo,Lima cálido de luminosidad muy bajo (2/10) y saturación baja (4/10) que genera profundidad.,Muy Bajo,Baja,Profundo;Cálido;Acogedor;Natural
66YY 77/407,Flor Campestre,Cálido,8,8,Arena,Pop;Maximalista,Living;Comedor;Cocina,Blanco;Madera clara;Beige;Neutros,Negro mate;Grafito;Azul profundo,Arena cálido de luminosidad alto (8/10) y saturación alta (8/10) que aporta amplitud visual.,Alto,Alta,Luminoso;Amplio;Cálido;Acogedor
90YY 78/334,Florecer de Septiembre,Cálido,8,6,Lima,Rústico;Mediterráneo,Living;Dormitorio;Comedor;Cocina;Baño;Pasillo;Home office;Cuarto de niños,Blanco;Madera clara;Beige;Neutros,Negro mate;Grafito;Azul profundo,Lima cálido de luminosidad alto (8/10) y saturación media (6/10) que aporta amplitud visual.,Alto,Media,Luminoso;Amplio;Cálido;Acogedor
10GY 79/231,Floresta del Norte,Cálido,8,5,Lima,Rústico;Mediterráneo,Living;Comedor;Cocina;Dormitorio;Pasillo,Blanco;Madera clara;Beige,Negro mate;Grafito;Azul profundo,Lima cálido de luminosidad alto (8/10) y saturación media (5/10) que aporta amplitud visual.,Alto,Media,Luminoso;Amplio;Cálido;Acogedor
65YY 68/572,Foco de Luz,Cálido,7,8,Arena,Pop;Maximalista,Living;Comedor;Cocina,Blanco;Madera clara;Beige;Neutros,Negro mate;Grafito;Azul profundo,Arena cálido de luminosidad alto (7/10) y saturación alta (8/10) que aporta amplitud visual.,Alto,Alta,Luminoso;Amplio;Cálido;Acogedor
90YY 83/143,Follaje de Primavera,Cálido,8,5,Lima,Rústico;Mediterráneo,Living;Comedor;Cocina;Dormitorio;Pasillo,Blanco;Madera clara;Beige,Negro mate;Grafito;Azul profundo,Lima cálido de luminosidad alto (8/10) y saturación media (5/10) que aporta amplitud visual.,Alto,Media,Luminoso;Amplio;Cálido;Acogedor
70YY 55/613,Frescor,Cálido,6,7,Piedra,Pop;Maximalista,Comedor;Living,Blanco;Madera clara;Beige;Neutros,Blanco;Crema;Azul profundo,Piedra cálido de luminosidad medio (6/10) y saturación alta (7/10) que equilibra el espacio.,Medio,Alta,Suave;Cálido;Acogedor;Alegre
70YY 52/532,Fruta Cítrica,Cálido,6,6,Piedra,Rústico;Mediterráneo,Comedor;Living,Blanco;Madera clara;Beige;Neutros,Blanco;Crema;Azul profundo,Piedra cálido de luminosidad medio (6/10) y saturación media (6/10) que equilibra el espacio.,Medio,Media,Suave;Cálido;Acogedor;Natural
77YY 52/604,Gelatina de Lima *,Cálido,6,6,Lima,Rústico;Mediterráneo,Comedor;Living,Blanco;Madera clara;Beige;Neutros,Blanco;Crema;Azul profundo,Lima cálido de luminosidad medio (6/10) y saturación media (6/10) que equilibra el espacio.,Medio,Media,Suave;Cálido;Acogedor;Natural
90YY 67/117,Gotas de Mar,Cálido,7,3,Piedra,Minimalista;Nórdico;Japandi;Rústico;Mediterráneo,Living;Comedor;Cocina;Dormitorio;Pasillo,Blanco;Madera clara;Beige,Negro mate;Grafito;Azul profundo,Piedra cálido de luminosidad alto (7/10) y saturación baja (3/10) que aporta amplitud visual.,Alto,Baja,Luminoso;Amplio;Cálido;Acogedor
70YY 66/130,Hábitat,Cálido,7,4,Arena,Minimalista;Nórdico;Japandi;Rústico;Mediterráneo,Living;Comedor;Cocina;Dormitorio;Pasillo,Blanco;Madera clara;Beige,Negro mate;Grafito;Azul profundo,Arena cálido de luminosidad alto (7/10) y saturación baja (4/10) que aporta amplitud visual.,Alto,Baja,Luminoso;Amplio;Cálido;Acogedor
70YY 34/180,Hoja de Alcaucil,Cálido,4,3,Terracota,Contemporáneo,Living,Blanco;Madera clara;Beige;Blanco roto,Blanco;Crema;Azul profundo,Terracota cálido de luminosidad bajo (4/10) y saturación baja (3/10) que equilibra el espacio.,Bajo,Baja,Suave;Cálido;Acogedor;Sobrio
90YY 52/138,Hoja de Mate,Cálido,6,3,Piedra,Rústico;Mediterráneo,Dormitorio;Pasillo,Blanco;Madera clara;Beige,Blanco;Crema;Azul profundo,Piedra cálido de luminosidad medio (6/10) y saturación baja (3/10) que equilibra el espacio.,Medio,Baja,Suave;Cálido;Acogedor;Sobrio
70YY 37/296,Hoja de Olivo,Cálido,4,4,Terracota,Contemporáneo,Living,Blanco;Madera clara;Beige;Blanco roto,Blanco;Crema;Azul profundo,Terracota cálido de luminosidad bajo (4/10) y saturación baja (4/10) que equilibra el espacio.,Bajo,Baja,Suave;Cálido;Acogedor;Natural
90YY 15/279,Hojas de Otoño,Cálido,2,3,Piedra,Dramático,Living,Blanco;Madera clara;Beige;Blanco roto,Blanco;Crema;Azul profundo,Piedra cálido de luminosidad muy bajo (2/10) y saturación baja (3/10) que genera profundidad.,Muy Bajo,Baja,Profundo;Cálido;Acogedor;Sobrio
70YY 77/207,Inspiración Verdadera,Cálido,8,6,Arena,Rústico;Mediterráneo,Living;Comedor;Cocina,Blanco;Madera clara;Beige;Neutros,Negro mate;Grafito;Azul profundo,Arena cálido de luminosidad alto (8/10) y saturación media (6/10) que aporta amplitud visual.,Alto,Media,Luminoso;Amplio;Cálido;Acogedor
66YY 83/272,Jalea de Hierbabuena,Cálido,8,8,Arena,Pop;Maximalista,Living;Comedor;Cocina,Blanco;Madera clara;Beige;Neutros,Negro mate;Grafito;Azul profundo,Arena cálido de luminosidad alto (8/10) y saturación alta (8/10) que aporta amplitud visual.,Alto,Alta,Luminoso;Amplio;Cálido;Acogedor
70YY 27/418,Jardín Colgante,Cálido,3,5,Piedra,Dramático,Comedor;Living,Blanco;Madera clara;Beige;Blanco roto,Blanco;Crema;Azul profundo,Piedra cálido de luminosidad bajo (3/10) y saturación media (5/10) que genera profundidad.,Bajo,Media,Profundo;Cálido;Acogedor;Natural
75YY 55/509,Jardín de Fantasía,Cálido,6,6,Lima,Rústico;Mediterráneo,Comedor;Living,Blanco;Madera clara;Beige;Neutros,Blanco;Crema;Azul profundo,Lima cálido de luminosidad medio (6/10) y saturación media (6/10) que equilibra el espacio.,Medio,Media,Suave;Cálido;Acogedor;Natural
09GY 80/324,Jardín Paradisíaco,Cálido,8,7,Lima,Pop;Maximalista,Living;Dormitorio;Comedor;Cocina;Baño;Pasillo;Home office;Cuarto de niños,Blanco;Madera clara;Beige;Neutros,Negro mate;Grafito;Azul profundo,Lima cálido de luminosidad alto (8/10) y saturación alta (7/10) que aporta amplitud visual.,Alto,Alta,Luminoso;Amplio;Cálido;Acogedor
10GY 40/296,Jaspe Precioso,Cálido,4,3,Piedra,Contemporáneo,Living,Blanco;Madera clara;Beige;Blanco roto,Blanco;Crema;Azul profundo,Piedra cálido de luminosidad bajo (4/10) y saturación baja (3/10) que equilibra el espacio.,Bajo,Baja,Suave;Cálido;Acogedor;Sobrio
92YY 59/547,Jugo de Melón,Cálido,6,6,Lima,Rústico;Mediterráneo,Living;Dormitorio;Comedor;Cocina;Baño;Pasillo;Home office;Cuarto de niños,Blanco;Madera clara;Beige;Neutros,Blanco;Crema;Azul profundo,Lima cálido de luminosidad medio (6/10) y saturación media (6/10) que equilibra el espacio.,Medio,Media,Suave;Cálido;Acogedor;Natural
99YY 77/080,Langosta,Cálido,8,3,Piedra,Minimalista;Nórdico;Japandi;Rústico;Mediterráneo,Living;Comedor;Cocina;Dormitorio;Pasillo,Blanco;Madera clara;Beige,Negro mate;Grafito;Azul profundo,Piedra cálido de luminosidad alto (8/10) y saturación baja (3/10) que aporta amplitud visual.,Alto,Baja,Luminoso;Amplio;Cálido;Acogedor
82YY 74/446,Lechuga Romana,Cálido,7,7,Lima,Pop;Maximalista,Living;Comedor;Cocina,Blanco;Madera clara;Beige;Neutros,Negro mate;Grafito;Azul profundo,Lima cálido de luminosidad alto (7/10) y saturación alta (7/10) que aporta amplitud visual.,Alto,Alta,Luminoso;Amplio;Cálido;Acogedor
20GY 37/537,Lima Adorable,Cálido,4,5,Lima,Contemporáneo,Comedor;Living,Blanco;Madera clara;Beige;Blanco roto,Blanco;Crema;Azul profundo,Lima cálido de luminosidad bajo (4/10) y saturación media (5/10) que equilibra el espacio.,Bajo,Media,Suave;Cálido;Acogedor;Natural
93YY 52/598,Lima Exuberante,Cálido,6,6,Lima,Rústico;Mediterráneo,Comedor;Living,Blanco;Madera clara;Beige;Neutros,Blanco;Crema;Azul profundo,Lima cálido de luminosidad medio (6/10) y saturación media (6/10) que equilibra el espacio.,Medio,Media,Suave;Cálido;Acogedor;Natural
90YY 55/560,Lima Fresca,Cálido,6,6,Lima,Rústico;Mediterráneo,Comedor;Living,Blanco;Madera clara;Beige;Neutros,Blanco;Crema;Azul profundo,Lima cálido de luminosidad medio (6/10) y saturación media (6/10) que equilibra el espacio.,Medio,Media,Suave;Cálido;Acogedor;Natural
88YY 81/230,Lima Suave,Cálido,8,6,Lima,Rústico;Mediterráneo,Living;Comedor;Cocina,Blanco;Madera clara;Beige;Neutros,Negro mate;Grafito;Azul profundo,Lima cálido de luminosidad alto (8/10) y saturación media (6/10) que aporta amplitud visual.,Alto,Media,Luminoso;Amplio;Cálido;Acogedor
89YY 38/628,Limón Gallego *,Cálido,4,7,Lima,Pop;Maximalista,Comedor;Living,Blanco;Madera clara;Beige;Blanco roto;Neutros,Blanco;Crema;Azul profundo,Lima cálido de luminosidad bajo (4/10) y saturación alta (7/10) que equilibra el espacio.,Bajo,Alta,Suave;Cálido;Acogedor;Alegre
70YY 79/407,Limón Siciliano,Cálido,8,8,Arena,Pop;Maximalista,Living;Comedor;Cocina,Blanco;Madera clara;Beige;Neutros,Negro mate;Grafito;Azul profundo,Arena cálido de luminosidad alto (8/10) y saturación alta (8/10) que aporta amplitud visual.,Alto,Alta,Luminoso;Amplio;Cálido;Acogedor
70YY 55/299,Liquen Suave,Cálido,6,5,Piedra,Rústico;Mediterráneo,Dormitorio;Pasillo;Comedor;Living,Blanco;Madera clara;Beige,Blanco;Crema;Azul profundo,Piedra cálido de luminosidad medio (6/10) y saturación media (5/10) que equilibra el espacio.,Medio,Media,Suave;Cálido;Acogedor;Natural
92YY 46/608,Locura de Mojito *,Cálido,5,6,Lima,Rústico;Mediterráneo,Living;Dormitorio;Comedor;Cocina;Baño;Pasillo;Home office;Cuarto de niños,Blanco;Madera clara;Beige;Neutros,Blanco;Crema;Azul profundo,Lima cálido de luminosidad medio (5/10) y saturación media (6/10) que equilibra el espacio.,Medio,Media,Suave;Cálido;Acogedor;Natural
70YY 83/150,Luna de Diciembre,Cálido,8,7,Arena,Pop;Maximalista,Living;Comedor;Cocina,Blanco;Madera clara;Beige;Neutros,Negro mate;Grafito;Azul profundo,Arena cálido de luminosidad alto (8/10) y saturación alta (7/10) que aporta amplitud visual.,Alto,Alta,Luminoso;Amplio;Cálido;Acogedor
65YY 89/088,Luna Resplandeciente,Cálido,9,6,Arena,Rústico;Mediterráneo,Living;Comedor;Cocina,Blanco;Madera clara;Beige;Neutros,Negro mate;Grafito;Azul profundo,Arena cálido de luminosidad muy alto (9/10) y saturación media (6/10) que aporta amplitud visual.,Muy Alto,Media,Luminoso;Amplio;Cálido;Acogedor
30GY 83/064,Luz de la Floresta,Cálido,8,3,Marfil,Minimalista;Nórdico;Japandi;Rústico;Mediterráneo,Living;Comedor;Cocina;Dormitorio;Pasillo,Blanco;Madera clara;Beige,Negro mate;Grafito;Azul profundo,Marfil cálido de luminosidad alto (8/10) y saturación baja (3/10) que aporta amplitud visual.,Alto,Baja,Luminoso;Amplio;Cálido;Acogedor
66YY 56/707,Luz de Neón,Cálido,6,7,Piedra,Pop;Maximalista,Comedor;Living,Blanco;Madera clara;Beige;Neutros,Blanco;Crema;Azul profundo,Piedra cálido de luminosidad medio (6/10) y saturación alta (7/10) que equilibra el espacio.,Medio,Alta,Suave;Cálido;Acogedor;Alegre
83YY 85/056,Luz Misteriosa,Cálido,8,4,Piedra,Minimalista;Nórdico;Japandi;Rústico;Mediterráneo,Living;Comedor;Cocina;Dormitorio;Pasillo,Blanco;Madera clara;Beige,Negro mate;Grafito;Azul profundo,Piedra cálido de luminosidad alto (8/10) y saturación baja (4/10) que aporta amplitud visual.,Alto,Baja,Luminoso;Amplio;Cálido;Acogedor
90YY 58/424,Luz Oxídrica,Cálido,6,5,Lima,Rústico;Mediterráneo,Dormitorio;Pasillo;Comedor;Living,Blanco;Madera clara;Beige,Blanco;Crema;Azul profundo,Lima cálido de luminosidad medio (6/10) y saturación media (5/10) que equilibra el espacio.,Medio,Media,Suave;Cálido;Acogedor;Natural
70YY 63/326,Madera de Sauce,Cálido,7,6,Arena,Rústico;Mediterráneo,Living;Comedor;Cocina,Blanco;Madera clara;Beige;Neutros,Negro mate;Grafito;Azul profundo,Arena cálido de luminosidad alto (7/10) y saturación media (6/10) que aporta amplitud visual.,Alto,Media,Luminoso;Amplio;Cálido;Acogedor
90YY 75/120,Manto Blanco,Cálido,8,4,Piedra,Minimalista;Nórdico;Japandi;Rústico;Mediterráneo,Living;Comedor;Cocina;Dormitorio;Pasillo,Blanco;Madera clara;Beige,Negro mate;Grafito;Azul profundo,Piedra cálido de luminosidad alto (8/10) y saturación baja (4/10) que aporta amplitud visual.,Alto,Baja,Luminoso;Amplio;Cálido;Acogedor
90YY 48/500,Manzana Inglesa,Cálido,5,5,Lima,Rústico;Mediterráneo,Dormitorio;Pasillo;Comedor;Living,Blanco;Madera clara;Beige,Blanco;Crema;Azul profundo,Lima cálido de luminosidad medio (5/10) y saturación media (5/10) que equilibra el espacio.,Medio,Media,Suave;Cálido;Acogedor;Natural
90YY 48/650,Manzana Verde,Cálido,5,6,Lima,Rústico;Mediterráneo,Comedor;Living,Blanco;Madera clara;Beige;Neutros,Blanco;Crema;Azul profundo,Lima cálido de luminosidad medio (5/10) y saturación media (6/10) que equilibra el espacio.,Medio,Media,Suave;Cálido;Acogedor;Natural
70YY 83/300,Mañana de Verano,Cálido,8,8,Arena,Pop;Maximalista,Living;Comedor;Cocina,Blanco;Madera clara;Beige;Neutros,Negro mate;Grafito;Azul profundo,Arena cálido de luminosidad alto (8/10) y saturación alta (8/10) que aporta amplitud visual.,Alto,Alta,Luminoso;Amplio;Cálido;Acogedor
60YY 77/180,Marfil Matutino,Cálido,8,6,Arena,Rústico;Mediterráneo,Living;Comedor;Cocina,Blanco;Madera clara;Beige;Neutros,Negro mate;Grafito;Azul profundo,Arena cálido de luminosidad alto (8/10) y saturación media (6/10) que aporta amplitud visual.,Alto,Media,Luminoso;Amplio;Cálido;Acogedor
70YY 70/209,Meditación Moderna,Cálido,7,5,Arena,Rústico;Mediterráneo,Living;Comedor;Cocina;Dormitorio;Pasillo,Blanco;Madera clara;Beige,Negro mate;Grafito;Azul profundo,Arena cálido de luminosidad alto (7/10) y saturación media (5/10) que aporta amplitud visual.,Alto,Media,Luminoso;Amplio;Cálido;Acogedor
85YY 86/166,Menta Fresca,Cálido,9,6,Lima,Rústico;Mediterráneo,Living;Comedor;Cocina,Blanco;Madera clara;Beige;Neutros,Negro mate;Grafito;Azul profundo,Lima cálido de luminosidad muy alto (9/10) y saturación media (6/10) que aporta amplitud visual.,Muy Alto,Media,Luminoso;Amplio;Cálido;Acogedor
10GY 36/096,Monzones,Neutro,4,2,Gris frío,Contemporáneo,Living,Blanco;Madera clara;Negro mate;Blanco roto,Blanco;Crema;Verde oliva,Gris frío neutro de luminosidad bajo (4/10) y saturación muy baja (2/10) que equilibra el espacio.,Bajo,Muy Baja,Suave;Neutro;Elegante;Sobrio
65YY 70/540,Mordida de Cobra,Cálido,7,8,Piedra,Pop;Maximalista,Living;Comedor;Cocina,Blanco;Madera clara;Beige;Neutros,Negro mate;Grafito;Azul profundo,Piedra cálido de luminosidad alto (7/10) y saturación alta (8/10) que aporta amplitud visual.,Alto,Alta,Luminoso;Amplio;Cálido;Acogedor
70YY 21/335,Musgo Seco,Cálido,3,4,Piedra,Dramático,Living,Blanco;Madera clara;Beige;Blanco roto,Blanco;Crema;Azul profundo,Piedra cálido de luminosidad bajo (3/10) y saturación baja (4/10) que genera profundidad.,Bajo,Baja,Profundo;Cálido;Acogedor;Natural
10GY 83/050,Niebla de Montaña,Cálido,8,3,Marfil,Minimalista;Nórdico;Japandi;Rústico;Mediterráneo,Living;Comedor;Cocina;Dormitorio;Pasillo,Blanco;Madera clara;Beige,Negro mate;Grafito;Azul profundo,Marfil cálido de luminosidad alto (8/10) y saturación baja (3/10) que aporta amplitud visual.,Alto,Baja,Luminoso;Amplio;Cálido;Acogedor
91YY 82/235,Nuevo Rocío,Cálido,8,6,Lima,Rústico;Mediterráneo,Living;Dormitorio;Comedor;Cocina;Baño;Pasillo;Home office;Cuarto de niños,Blanco;Madera clara;Beige;Neutros,Negro mate;Grafito;Azul profundo,Lima cálido de luminosidad alto (8/10) y saturación media (6/10) que aporta amplitud visual.,Alto,Media,Luminoso;Amplio;Cálido;Acogedor
45YY 19/400,Oliva *,Cálido,3,6,Terracota,Dramático,Comedor;Living,Blanco;Madera clara;Beige;Blanco roto;Neutros,Blanco;Crema;Azul profundo,Terracota cálido de luminosidad bajo (3/10) y saturación media (6/10) que genera profundidad.,Bajo,Media,Profundo;Cálido;Acogedor;Natural
10GY 12/225,Orilla de Río,Cálido,2,3,Oliva,Dramático,Living,Blanco;Madera clara;Beige;Blanco roto,Blanco;Crema;Azul profundo,Oliva cálido de luminosidad muy bajo (2/10) y saturación baja (3/10) que genera profundidad.,Muy Bajo,Baja,Profundo;Cálido;Acogedor;Sobrio
10GY 33/525,Oruga *,Cálido,4,5,Lima,Contemporáneo,Comedor;Living,Blanco;Madera clara;Beige;Blanco roto,Blanco;Crema;Azul profundo,Lima cálido de luminosidad bajo (4/10) y saturación media (5/10) que equilibra el espacio.,Bajo,Media,Suave;Cálido;Acogedor;Natural
77YY 13/238,Palmera,Cálido,2,4,Piedra,Dramático,Living,Blanco;Madera clara;Beige;Blanco roto,Blanco;Crema;Azul profundo,Piedra cálido de luminosidad muy bajo (2/10) y saturación baja (4/10) que genera profundidad.,Muy Bajo,Baja,Profundo;Cálido;Acogedor;Natural
90YY 62/264,Paquete de Repollo,Cálido,6,4,Lima,Rústico;Mediterráneo,Dormitorio;Pasillo,Blanco;Madera clara;Beige,Blanco;Crema;Azul profundo,Lima cálido de luminosidad medio (6/10) y saturación baja (4/10) que equilibra el espacio.,Medio,Baja,Suave;Cálido;Acogedor;Natural
99YY 82/124,Paraíso,Cálido,8,4,Lima,Minimalista;Nórdico;Japandi;Rústico;Mediterráneo,Living;Comedor;Cocina;Dormitorio;Pasillo,Blanco;Madera clara;Beige,Negro mate;Grafito;Azul profundo,Lima cálido de luminosidad alto (8/10) y saturación baja (4/10) que aporta amplitud visual.,Alto,Baja,Luminoso;Amplio;Cálido;Acogedor
67YY 51/608,Pasto de Verano *,Cálido,5,6,Piedra,Rústico;Mediterráneo,Comedor;Living,Blanco;Madera clara;Beige;Neutros,Blanco;Crema;Azul profundo,Piedra cálido de luminosidad medio (5/10) y saturación media (6/10) que equilibra el espacio.,Medio,Media,Suave;Cálido;Acogedor;Natural
94YY 67/164,Pera Jugosa,Cálido,7,4,Piedra,Minimalista;Nórdico;Japandi;Rústico;Mediterráneo,Living;Dormitorio;Comedor;Cocina;Baño;Pasillo;Home office;Cuarto de niños,Blanco;Madera clara;Beige,Negro mate;Grafito;Azul profundo,Piedra cálido de luminosidad alto (7/10) y saturación baja (4/10) que aporta amplitud visual.,Alto,Baja,Luminoso;Amplio;Cálido;Acogedor
10GY 74/087,Perfume de Pino,Cálido,7,3,Piedra,Minimalista;Nórdico;Japandi;Rústico;Mediterráneo,Living;Comedor;Cocina;Dormitorio;Pasillo,Blanco;Madera clara;Beige,Negro mate;Grafito;Azul profundo,Piedra cálido de luminosidad alto (7/10) y saturación baja (3/10) que aporta amplitud visual.,Alto,Baja,Luminoso;Amplio;Cálido;Acogedor
72YY 47/743,Pimienta Picante *,Cálido,5,7,Lima,Pop;Maximalista,Comedor;Living,Blanco;Madera clara;Beige;Neutros,Blanco;Crema;Azul profundo,Lima cálido de luminosidad medio (5/10) y saturación alta (7/10) que equilibra el espacio.,Medio,Alta,Suave;Cálido;Acogedor;Alegre
70YY 12/167,Pino Verde,Cálido,2,3,Piedra,Dramático,Living,Blanco;Madera clara;Beige;Blanco roto,Blanco;Crema;Azul profundo,Piedra cálido de luminosidad muy bajo (2/10) y saturación baja (3/10) que genera profundidad.,Muy Bajo,Baja,Profundo;Cálido;Acogedor;Sobrio
90YY 35/169,Pinos del Pacífico,Cálido,4,2,Gris cálido,Contemporáneo,Living,Blanco;Madera clara;Beige;Blanco roto,Blanco;Crema;Azul profundo,Gris cálido cálido de luminosidad bajo (4/10) y saturación muy baja (2/10) que equilibra el espacio.,Bajo,Muy Baja,Suave;Cálido;Acogedor;Sobrio
60YY 45/382,Pistacho Suave,Cálido,5,5,Terracota,Rústico;Mediterráneo,Dormitorio;Pasillo;Comedor;Living,Blanco;Madera clara;Beige,Blanco;Crema;Azul profundo,Terracota cálido de luminosidad medio (5/10) y saturación media (5/10) que equilibra el espacio.,Medio,Media,Suave;Cálido;Acogedor;Natural
90YY 48/255,Planicie del Serengueti,Cálido,5,4,Piedra,Rústico;Mediterráneo,Dormitorio;Pasillo,Blanco;Madera clara;Beige,Blanco;Crema;Azul profundo,Piedra cálido de luminosidad medio (5/10) y saturación baja (4/10) que equilibra el espacio.,Medio,Baja,Suave;Cálido;Acogedor;Natural
77YY 47/629,Plumaje de Loro *,Cálido,5,7,Lima,Pop;Maximalista,Comedor;Living,Blanco;Madera clara;Beige;Neutros,Blanco;Crema;Azul profundo,Lima cálido de luminosidad medio (5/10) y saturación alta (7/10) que equilibra el espacio.,Medio,Alta,Suave;Cálido;Acogedor;Alegre
17GY 81/205,Praderas Brumosas,Cálido,8,6,Lima,Rústico;Mediterráneo,Living;Dormitorio;Comedor;Cocina;Baño;Pasillo;Home office;Cuarto de niños,Blanco;Madera clara;Beige;Neutros,Negro mate;Grafito;Azul profundo,Lima cálido de luminosidad alto (8/10) y saturación media (6/10) que aporta amplitud visual.,Alto,Media,Luminoso;Amplio;Cálido;Acogedor
90YY 69/419,Primavera,Cálido,7,6,Lima,Rústico;Mediterráneo,Living;Comedor;Cocina,Blanco;Madera clara;Beige;Neutros,Negro mate;Grafito;Azul profundo,Lima cálido de luminosidad alto (7/10) y saturación media (6/10) que aporta amplitud visual.,Alto,Media,Luminoso;Amplio;Cálido;Acogedor
60YY 34/461,Prímula Cromo,Cálido,4,5,Terracota,Contemporáneo,Comedor;Living,Blanco;Madera clara;Beige;Blanco roto,Blanco;Crema;Azul profundo,Terracota cálido de luminosidad bajo (4/10) y saturación media (5/10) que equilibra el espacio.,Bajo,Media,Suave;Cálido;Acogedor;Natural
70YY 59/140,Rana Silenciosa,Cálido,6,3,Arena,Rústico;Mediterráneo,Dormitorio;Pasillo,Blanco;Madera clara;Beige,Blanco;Crema;Azul profundo,Arena cálido de luminosidad medio (6/10) y saturación baja (3/10) que equilibra el espacio.,Medio,Baja,Suave;Cálido;Acogedor;Sobrio
70YY 59/485,Relleno de Torta,Cálido,6,6,Piedra,Rústico;Mediterráneo,Comedor;Living,Blanco;Madera clara;Beige;Neutros,Blanco;Crema;Azul profundo,Piedra cálido de luminosidad medio (6/10) y saturación media (6/10) que equilibra el espacio.,Medio,Media,Suave;Cálido;Acogedor;Natural
87YY 26/456,Salto de Duende,Cálido,3,6,Lima,Dramático,Comedor;Living,Blanco;Madera clara;Beige;Blanco roto;Neutros,Blanco;Crema;Azul profundo,Lima cálido de luminosidad bajo (3/10) y saturación media (6/10) que genera profundidad.,Bajo,Media,Profundo;Cálido;Acogedor;Natural
70YY 66/265,Sauce Joven,Cálido,7,6,Arena,Rústico;Mediterráneo,Living;Comedor;Cocina,Blanco;Madera clara;Beige;Neutros,Negro mate;Grafito;Azul profundo,Arena cálido de luminosidad alto (7/10) y saturación media (6/10) que aporta amplitud visual.,Alto,Media,Luminoso;Amplio;Cálido;Acogedor
97YY 83/090,Sauce Llorón,Cálido,8,4,Piedra,Minimalista;Nórdico;Japandi;Rústico;Mediterráneo,Living;Dormitorio;Comedor;Cocina;Baño;Pasillo;Home office;Cuarto de niños,Blanco;Madera clara;Beige,Negro mate;Grafito;Azul profundo,Piedra cálido de luminosidad alto (8/10) y saturación baja (4/10) que aporta amplitud visual.,Alto,Baja,Luminoso;Amplio;Cálido;Acogedor
87YY 13/208,Sensación Camuflaje,Cálido,2,4,Piedra,Dramático,Living;Dormitorio;Comedor;Cocina;Baño;Pasillo;Home office;Cuarto de niños,Blanco;Madera clara;Beige;Blanco roto,Blanco;Crema;Azul profundo,Piedra cálido de luminosidad muy bajo (2/10) y saturación baja (4/10) que genera profundidad.,Muy Bajo,Baja,Profundo;Cálido;Acogedor;Natural
65YY 27/444,Sensación de Palmeras,Cálido,3,6,Piedra,Dramático,Comedor;Living,Blanco;Madera clara;Beige;Blanco roto;Neutros,Blanco;Crema;Azul profundo,Piedra cálido de luminosidad bajo (3/10) y saturación media (6/10) que genera profundidad.,Bajo,Media,Profundo;Cálido;Acogedor;Natural
95YY 39/329,Sensación de Pinos,Cálido,4,3,Piedra,Contemporáneo,Living,Blanco;Madera clara;Beige;Blanco roto,Blanco;Crema;Azul profundo,Piedra cálido de luminosidad bajo (4/10) y saturación baja (3/10) que equilibra el espacio.,Bajo,Baja,Suave;Cálido;Acogedor;Sobrio
91YY 88/072,Sensación Eggshell,Cálido,9,4,Piedra,Minimalista;Nórdico;Japandi;Rústico;Mediterráneo,Living;Dormitorio;Comedor;Cocina;Baño;Pasillo;Home office;Cuarto de niños,Blanco;Madera clara;Beige,Negro mate;Grafito;Azul profundo,Piedra cálido de luminosidad muy alto (9/10) y saturación baja (4/10) que aporta amplitud visual.,Muy Alto,Baja,Luminoso;Amplio;Cálido;Acogedor
70YY 50/383,Shakespeare,Cálido,5,5,Arena,Rústico;Mediterráneo,Dormitorio;Pasillo;Comedor;Living,Blanco;Madera clara;Beige,Blanco;Crema;Azul profundo,Arena cálido de luminosidad medio (5/10) y saturación media (5/10) que equilibra el espacio.,Medio,Media,Suave;Cálido;Acogedor;Natural
50YY 49/191,Silencio de Invierno,Cálido,5,4,Arena,Rústico;Mediterráneo,Dormitorio;Pasillo,Blanco;Madera clara;Beige,Blanco;Crema;Azul profundo,Arena cálido de luminosidad medio (5/10) y saturación baja (4/10) que equilibra el espacio.,Medio,Baja,Suave;Cálido;Acogedor;Natural
70YY 24/438,Sol Caqui *,Cálido,3,6,Piedra,Dramático,Comedor;Living,Blanco;Madera clara;Beige;Blanco roto;Neutros,Blanco;Crema;Azul profundo,Piedra cálido de luminosidad bajo (3/10) y saturación media (6/10) que genera profundidad.,Bajo,Media,Profundo;Cálido;Acogedor;Natural
60YY 67/251,Sueño Primaveral,Cálido,7,6,Arena,Rústico;Mediterráneo,Living;Comedor;Cocina,Blanco;Madera clara;Beige;Neutros,Negro mate;Grafito;Azul profundo,Arena cálido de luminosidad alto (7/10) y saturación media (6/10) que aporta amplitud visual.,Alto,Media,Luminoso;Amplio;Cálido;Acogedor
92YY 51/593,Tallo de Apio,Cálido,5,6,Lima,Rústico;Mediterráneo,Comedor;Living,Blanco;Madera clara;Beige;Neutros,Blanco;Crema;Azul profundo,Lima cálido de luminosidad medio (5/10) y saturación media (6/10) que equilibra el espacio.,Medio,Media,Suave;Cálido;Acogedor;Natural
90YY 35/304,Tallo de Rosa,Cálido,4,3,Piedra,Contemporáneo,Living,Blanco;Madera clara;Beige;Blanco roto,Blanco;Crema;Azul profundo,Piedra cálido de luminosidad bajo (4/10) y saturación baja (3/10) que equilibra el espacio.,Bajo,Baja,Suave;Cálido;Acogedor;Sobrio
10GY 54/238,Tímido Florecer,Cálido,6,4,Piedra,Rústico;Mediterráneo,Dormitorio;Pasillo,Blanco;Madera clara;Beige,Blanco;Crema;Azul profundo,Piedra cálido de luminosidad medio (6/10) y saturación baja (4/10) que equilibra el espacio.,Medio,Baja,Suave;Cálido;Acogedor;Natural
70YY 46/160,Tomillo,Cálido,5,3,Arena,Rústico;Mediterráneo,Dormitorio;Pasillo,Blanco;Madera clara;Beige,Blanco;Crema;Azul profundo,Arena cálido de luminosidad medio (5/10) y saturación baja (3/10) que equilibra el espacio.,Medio,Baja,Suave;Cálido;Acogedor;Sobrio
87YY 85/110,Toque de Bosque,Cálido,9,5,Lima,Rústico;Mediterráneo,Living;Comedor;Cocina;Dormitorio;Pasillo,Blanco;Madera clara;Beige,Negro mate;Grafito;Azul profundo,Lima cálido de luminosidad muy alto (9/10) y saturación media (5/10) que aporta amplitud visual.,Muy Alto,Media,Luminoso;Amplio;Cálido;Acogedor
83YY 80/186,Toque de Cardamomo,Cálido,8,5,Lima,Rústico;Mediterráneo,Living;Dormitorio;Comedor;Cocina;Baño;Pasillo;Home office;Cuarto de niños,Blanco;Madera clara;Beige,Negro mate;Grafito;Azul profundo,Lima cálido de luminosidad alto (8/10) y saturación media (5/10) que aporta amplitud visual.,Alto,Media,Luminoso;Amplio;Cálido;Acogedor
85YY 89/109,Toque de Helechos,Cálido,9,6,Lima,Rústico;Mediterráneo,Living;Dormitorio;Comedor;Cocina;Baño;Pasillo;Home office;Cuarto de niños,Blanco;Madera clara;Beige;Neutros,Negro mate;Grafito;Azul profundo,Lima cálido de luminosidad muy alto (9/10) y saturación media (6/10) que aporta amplitud visual.,Muy Alto,Media,Luminoso;Amplio;Cálido;Acogedor
10GY 61/449,Toque de Kiwi,Cálido,6,5,Lima,Rústico;Mediterráneo,Living;Dormitorio;Comedor;Cocina;Baño;Pasillo;Home office;Cuarto de niños,Blanco;Madera clara;Beige,Blanco;Crema;Azul profundo,Lima cálido de luminosidad medio (6/10) y saturación media (5/10) que equilibra el espacio.,Medio,Media,Suave;Cálido;Acogedor;Natural
89YY 78/269,Toque de Limón,Cálido,8,6,Lima,Rústico;Mediterráneo,Living;Comedor;Cocina,Blanco;Madera clara;Beige;Neutros,Negro mate;Grafito;Azul profundo,Lima cálido de luminosidad alto (8/10) y saturación media (6/10) que aporta amplitud visual.,Alto,Media,Luminoso;Amplio;Cálido;Acogedor
21GY 88/066,Toque Eggshell,Cálido,9,4,Piedra,Minimalista;Nórdico;Japandi;Rústico;Mediterráneo,Living;Dormitorio;Comedor;Cocina;Baño;Pasillo;Home office;Cuarto de niños,Blanco;Madera clara;Beige,Negro mate;Grafito;Azul profundo,Piedra cálido de luminosidad muy alto (9/10) y saturación baja (4/10) que aporta amplitud visual.,Muy Alto,Baja,Luminoso;Amplio;Cálido;Acogedor
88YY 66/447,Uva Verde,Cálido,7,6,Lima,Rústico;Mediterráneo,Living;Dormitorio;Comedor;Cocina;Baño;Pasillo;Home office;Cuarto de niños,Blanco;Madera clara;Beige;Neutros,Negro mate;Grafito;Azul profundo,Lima cálido de luminosidad alto (7/10) y saturación media (6/10) que aporta amplitud visual.,Alto,Media,Luminoso;Amplio;Cálido;Acogedor
10GY 21/375,Verde Calipso,Cálido,3,4,Lima,Dramático,Living,Blanco;Madera clara;Beige;Blanco roto,Blanco;Crema;Azul profundo,Lima cálido de luminosidad bajo (3/10) y saturación baja (4/10) que genera profundidad.,Bajo,Baja,Profundo;Cálido;Acogedor;Natural
60YY 28/443,Verde Cidro,Cálido,3,6,Terracota,Dramático,Comedor;Living,Blanco;Madera clara;Beige;Blanco roto;Neutros,Blanco;Crema;Azul profundo,Terracota cálido de luminosidad bajo (3/10) y saturación media (6/10) que genera profundidad.,Bajo,Media,Profundo;Cálido;Acogedor;Natural
70YY 53/638,Verde Cítrico *,Cálido,6,6,Piedra,Rústico;Mediterráneo,Comedor;Living,Blanco;Madera clara;Beige;Neutros,Blanco;Crema;Azul profundo,Piedra cálido de luminosidad medio (6/10) y saturación media (6/10) que equilibra el espacio.,Medio,Media,Suave;Cálido;Acogedor;Natural
70YY 48/700,Verde Extremo *,Cálido,5,8,Piedra,Pop;Maximalista,Comedor;Living,Blanco;Madera clara;Beige;Neutros,Blanco;Crema;Azul profundo,Piedra cálido de luminosidad medio (5/10) y saturación alta (8/10) que equilibra el espacio.,Medio,Alta,Suave;Cálido;Acogedor;Alegre
88YY 71/380,Verde Griego,Cálido,7,6,Lima,Rústico;Mediterráneo,Living;Comedor;Cocina,Blanco;Madera clara;Beige;Neutros,Negro mate;Grafito;Azul profundo,Lima cálido de luminosidad alto (7/10) y saturación media (6/10) que aporta amplitud visual.,Alto,Media,Luminoso;Amplio;Cálido;Acogedor
10GY 86/138,Verde Langosta Suave,Cálido,9,5,Lima,Rústico;Mediterráneo,Living;Dormitorio;Comedor;Cocina;Baño;Pasillo;Home office;Cuarto de niños,Blanco;Madera clara;Beige,Negro mate;Grafito;Azul profundo,Lima cálido de luminosidad muy alto (9/10) y saturación media (5/10) que aporta amplitud visual.,Muy Alto,Media,Luminoso;Amplio;Cálido;Acogedor
70YY 37/366,Verde Lima,Cálido,4,4,Piedra,Contemporáneo,Living,Blanco;Madera clara;Beige;Blanco roto,Blanco;Crema;Azul profundo,Piedra cálido de luminosidad bajo (4/10) y saturación baja (4/10) que equilibra el espacio.,Bajo,Baja,Suave;Cálido;Acogedor;Natural
30GY 11/076,Verde Liquen,Neutro,2,2,Oliva,Dramático,Living,Blanco;Madera clara;Negro mate;Blanco roto,Blanco;Crema;Verde oliva,Oliva neutro de luminosidad muy bajo (2/10) y saturación muy baja (2/10) que genera profundidad.,Muy Bajo,Muy Baja,Profundo;Neutro;Elegante;Sobrio
90YY 61/504,Verde Neón,Cálido,6,6,Lima,Rústico;Mediterráneo,Comedor;Living,Blanco;Madera clara;Beige;Neutros,Blanco;Crema;Azul profundo,Lima cálido de luminosidad medio (6/10) y saturación media (6/10) que equilibra el espacio.,Medio,Media,Suave;Cálido;Acogedor;Natural
94YY 46/629,Verde Pastel,Cálido,5,6,Lima,Rústico;Mediterráneo,Comedor;Living,Blanco;Madera clara;Beige;Neutros,Blanco;Crema;Azul profundo,Lima cálido de luminosidad medio (5/10) y saturación media (6/10) que equilibra el espacio.,Medio,Media,Suave;Cálido;Acogedor;Natural
90YY 13/177,Verde Plantación,Cálido,2,3,Piedra,Dramático,Living,Blanco;Madera clara;Beige;Blanco roto,Blanco;Crema;Azul profundo,Piedra cálido de luminosidad muy bajo (2/10) y saturación baja (3/10) que genera profundidad.,Muy Bajo,Baja,Profundo;Cálido;Acogedor;Sobrio
79YY 27/188,Verde Salón,Cálido,3,3,Gris cálido,Dramático,Living,Blanco;Madera clara;Beige;Blanco roto,Blanco;Crema;Azul profundo,Gris cálido cálido de luminosidad bajo (3/10) y saturación baja (3/10) que genera profundidad.,Bajo,Baja,Profundo;Cálido;Acogedor;Sobrio
70YY 18/350,Verde Salvaje *,Cálido,3,5,Piedra,Dramático,Comedor;Living,Blanco;Madera clara;Beige;Blanco roto,Blanco;Crema;Azul profundo,Piedra cálido de luminosidad bajo (3/10) y saturación media (5/10) que genera profundidad.,Bajo,Media,Profundo;Cálido;Acogedor;Natural
61YY 39/443,Verde Soja,Cálido,4,5,Terracota,Contemporáneo,Comedor;Living,Blanco;Madera clara;Beige;Blanco roto,Blanco;Crema;Azul profundo,Terracota cálido de luminosidad bajo (4/10) y saturación media (5/10) que equilibra el espacio.,Bajo,Media,Suave;Cálido;Acogedor;Natural
70YY 39/613,Verde Tecno,Cálido,4,7,Piedra,Pop;Maximalista,Comedor;Living,Blanco;Madera clara;Beige;Blanco roto;Neutros,Blanco;Crema;Azul profundo,Piedra cálido de luminosidad bajo (4/10) y saturación alta (7/10) que equilibra el espacio.,Bajo,Alta,Suave;Cálido;Acogedor;Alegre
87YY 27/274,Verde Vertiginoso,Cálido,3,3,Piedra,Dramático,Living;Dormitorio;Comedor;Cocina;Baño;Pasillo;Home office;Cuarto de niños,Blanco;Madera clara;Beige;Blanco roto,Blanco;Crema;Azul profundo,Piedra cálido de luminosidad bajo (3/10) y saturación baja (3/10) que genera profundidad.,Bajo,Baja,Profundo;Cálido;Acogedor;Sobrio
89YY 62/494,Vértigo,Cálido,7,6,Lima,Rústico;Mediterráneo,Living;Comedor;Cocina,Blanco;Madera clara;Beige;Neutros,Negro mate;Grafito;Azul profundo,Lima cálido de luminosidad alto (7/10) y saturación media (6/10) que aporta amplitud visual.,Alto,Media,Luminoso;Amplio;Cálido;Acogedor
90YY 72/225,Vida de Campo,Cálido,7,5,Piedra,Rústico;Mediterráneo,Living;Comedor;Cocina;Dormitorio;Pasillo,Blanco;Madera clara;Beige,Negro mate;Grafito;Azul profundo,Piedra cálido de luminosidad alto (7/10) y saturación media (5/10) que aporta amplitud visual.,Alto,Media,Luminoso;Amplio;Cálido;Acogedor
10GY 74/325,Windsurf,Cálido,7,6,Lima,Rústico;Mediterráneo,Living;Comedor;Cocina,Blanco;Madera clara;Beige;Neutros,Negro mate;Grafito;Azul profundo,Lima cálido de luminosidad alto (7/10) y saturación media (6/10) que aporta amplitud visual.,Alto,Media,Luminoso;Amplio;Cálido;Acogedor
76YY 39/616,Zucchini Sabroso *,Cálido,4,9,Lima,Pop;Maximalista,Comedor;Living,Blanco;Madera clara;Beige;Blanco roto;Neutros,Blanco;Crema;Azul profundo,Lima cálido de luminosidad bajo (4/10) y saturación muy alta (9/10) que equilibra el espacio.,Bajo,Muy Alta,Suave;Cálido;Acogedor;Alegre
86YR 49/493,Abanico Marino,Cálido,5,9,Arena,Pop;Maximalista,Comedor;Living,Blanco;Madera clara;Beige;Neutros,Blanco;Crema;Azul profundo,Arena cálido de luminosidad medio (5/10) y saturación muy alta (9/10) que equilibra el espacio.,Medio,Muy Alta,Suave;Cálido;Acogedor;Alegre
80YR 24/569,Aderezo Caribeño,Cálido,3,7,Terracota,Pop;Maximalista;Dramático,Comedor;Living,Blanco;Madera clara;Beige;Blanco roto;Neutros,Blanco;Crema;Azul profundo,Terracota cálido de luminosidad bajo (3/10) y saturación alta (7/10) que genera profundidad.,Bajo,Alta,Profundo;Cálido;Acogedor;Alegre
99YR 85/075,Adorable Durazno,Cálido,8,6,Arena,Rústico;Mediterráneo,Living;Comedor;Cocina,Blanco;Madera clara;Beige;Neutros,Negro mate;Grafito;Azul profundo,Arena cálido de luminosidad alto (8/10) y saturación media (6/10) que aporta amplitud visual.,Alto,Media,Luminoso;Amplio;Cálido;Acogedor
59YR 53/163,Aguada de Siena,Cálido,6,5,Arena,Rústico;Mediterráneo,Dormitorio;Pasillo;Comedor;Living,Blanco;Madera clara;Beige,Blanco;Crema;Azul profundo,Arena cálido de luminosidad medio (6/10) y saturación media (5/10) que equilibra el espacio.,Medio,Media,Suave;Cálido;Acogedor;Natural
00YY 75/071,Algodón Crudo,Cálido,8,4,Arena,Minimalista;Nórdico;Japandi;Rústico;Mediterráneo,Living;Comedor;Cocina;Dormitorio;Pasillo,Blanco;Madera clara;Beige,Negro mate;Grafito;Azul profundo,Arena cálido de luminosidad alto (8/10) y saturación baja (4/10) que aporta amplitud visual.,Alto,Baja,Luminoso;Amplio;Cálido;Acogedor
70YR 36/468,Algodón de la India,Cálido,4,7,Arena,Pop;Maximalista,Comedor;Living,Blanco;Madera clara;Beige;Blanco roto;Neutros,Blanco;Crema;Azul profundo,Arena cálido de luminosidad bajo (4/10) y saturación alta (7/10) que equilibra el espacio.,Bajo,Alta,Suave;Cálido;Acogedor;Alegre
90YR 67/085,Almendra Suave,Cálido,7,4,Arena,Minimalista;Nórdico;Japandi;Rústico;Mediterráneo,Living;Comedor;Cocina;Dormitorio;Pasillo,Blanco;Madera clara;Beige,Negro mate;Grafito;Azul profundo,Arena cálido de luminosidad alto (7/10) y saturación baja (4/10) que aporta amplitud visual.,Alto,Baja,Luminoso;Amplio;Cálido;Acogedor
70YR 48/195,Almendras a la Miel,Cálido,5,5,Arena,Rústico;Mediterráneo,Dormitorio;Pasillo;Comedor;Living,Blanco;Madera clara;Beige,Blanco;Crema;Azul profundo,Arena cálido de luminosidad medio (5/10) y saturación media (5/10) que equilibra el espacio.,Medio,Media,Suave;Cálido;Acogedor;Natural
60YR 44/378,Amante,Cálido,5,7,Arena,Pop;Maximalista,Comedor;Living,Blanco;Madera clara;Beige;Neutros,Blanco;Crema;Azul profundo,Arena cálido de luminosidad medio (5/10) y saturación alta (7/10) que equilibra el espacio.,Medio,Alta,Suave;Cálido;Acogedor;Alegre
80YR 34/561,Amapola Oriental,Cálido,4,7,Terracota,Pop;Maximalista,Comedor;Living,Blanco;Madera clara;Beige;Blanco roto;Neutros,Blanco;Crema;Azul profundo,Terracota cálido de luminosidad bajo (4/10) y saturación alta (7/10) que equilibra el espacio.,Bajo,Alta,Suave;Cálido;Acogedor;Alegre
90YR 55/266,Amarillo Dulce,Cálido,6,7,Arena,Pop;Maximalista,Comedor;Living,Blanco;Madera clara;Beige;Neutros,Blanco;Crema;Azul profundo,Arena cálido de luminosidad medio (6/10) y saturación alta (7/10) que equilibra el espacio.,Medio,Alta,Suave;Cálido;Acogedor;Alegre
50YR 23/365,Ambar Terroso,Cálido,3,5,Terracota,Dramático,Comedor;Living,Blanco;Madera clara;Beige;Blanco roto,Blanco;Crema;Azul profundo,Terracota cálido de luminosidad bajo (3/10) y saturación media (5/10) que genera profundidad.,Bajo,Media,Profundo;Cálido;Acogedor;Natural
96YR 33/309,Árbol Otoñal,Cálido,4,5,Terracota,Contemporáneo,Living;Dormitorio;Comedor;Cocina;Baño;Pasillo;Home office;Cuarto de niños,Blanco;Madera clara;Beige;Blanco roto,Blanco;Crema;Azul profundo,Terracota cálido de luminosidad bajo (4/10) y saturación media (5/10) que equilibra el espacio.,Bajo,Media,Suave;Cálido;Acogedor;Natural
90YR 72/159,Arena de Bali,Cálido,7,7,Arena,Pop;Maximalista,Living;Comedor;Cocina,Blanco;Madera clara;Beige;Neutros,Negro mate;Grafito;Azul profundo,Arena cálido de luminosidad alto (7/10) y saturación alta (7/10) que aporta amplitud visual.,Alto,Alta,Luminoso;Amplio;Cálido;Acogedor
75YR 64/102,Arena de Canoa,Cálido,7,4,Arena,Minimalista;Nórdico;Japandi;Rústico;Mediterráneo,Living;Comedor;Cocina;Dormitorio;Pasillo,Blanco;Madera clara;Beige,Negro mate;Grafito;Azul profundo,Arena cálido de luminosidad alto (7/10) y saturación baja (4/10) que aporta amplitud visual.,Alto,Baja,Luminoso;Amplio;Cálido;Acogedor
80YR 31/508,Aroma de Madera,Cálido,4,7,Terracota,Pop;Maximalista,Comedor;Living,Blanco;Madera clara;Beige;Blanco roto;Neutros,Blanco;Crema;Azul profundo,Terracota cálido de luminosidad bajo (4/10) y saturación alta (7/10) que equilibra el espacio.,Bajo,Alta,Suave;Cálido;Acogedor;Alegre
40YR 28/563,Atardecer Caribeño,Cálido,3,7,Terracota,Pop;Maximalista;Dramático,Living;Dormitorio;Comedor;Cocina;Baño;Pasillo;Home office;Cuarto de niños,Blanco;Madera clara;Beige;Blanco roto;Neutros,Blanco;Crema;Azul profundo,Terracota cálido de luminosidad bajo (3/10) y saturación alta (7/10) que genera profundidad.,Bajo,Alta,Profundo;Cálido;Acogedor;Alegre
90YR 49/382,Atardecer en Colorado,Cálido,5,8,Arena,Pop;Maximalista,Comedor;Living,Blanco;Madera clara;Beige;Neutros,Blanco;Crema;Azul profundo,Arena cálido de luminosidad medio (5/10) y saturación alta (8/10) que equilibra el espacio.,Medio,Alta,Suave;Cálido;Acogedor;Alegre
00YY 83/080,Aurora,Cálido,8,6,Arena,Rústico;Mediterráneo,Living;Comedor;Cocina,Blanco;Madera clara;Beige;Neutros,Negro mate;Grafito;Azul profundo,Arena cálido de luminosidad alto (8/10) y saturación media (6/10) que aporta amplitud visual.,Alto,Media,Luminoso;Amplio;Cálido;Acogedor
60YR 29/559,Ave Exótica,Cálido,3,7,Terracota,Pop;Maximalista;Dramático,Comedor;Living,Blanco;Madera clara;Beige;Blanco roto;Neutros,Blanco;Crema;Azul profundo,Terracota cálido de luminosidad bajo (3/10) y saturación alta (7/10) que genera profundidad.,Bajo,Alta,Profundo;Cálido;Acogedor;Alegre
70YR 83/051,Beso Suave,Cálido,8,5,Arena,Rústico;Mediterráneo,Living;Comedor;Cocina;Dormitorio;Pasillo,Blanco;Madera clara;Beige,Negro mate;Grafito;Azul profundo,Arena cálido de luminosidad alto (8/10) y saturación media (5/10) que aporta amplitud visual.,Alto,Media,Luminoso;Amplio;Cálido;Acogedor
60YR 76/105,Biscuit Durazno,Cálido,8,7,Arena,Pop;Maximalista,Living;Comedor;Cocina,Blanco;Madera clara;Beige;Neutros,Negro mate;Grafito;Azul profundo,Arena cálido de luminosidad alto (8/10) y saturación alta (7/10) que aporta amplitud visual.,Alto,Alta,Luminoso;Amplio;Cálido;Acogedor
60YR 68/118,Biscuit Naranja,Cálido,7,6,Arena,Rústico;Mediterráneo,Living;Comedor;Cocina,Blanco;Madera clara;Beige;Neutros,Negro mate;Grafito;Azul profundo,Arena cálido de luminosidad alto (7/10) y saturación media (6/10) que aporta amplitud visual.,Alto,Media,Luminoso;Amplio;Cálido;Acogedor
80YR 76/086,Bizcocho de Castaña,Cálido,8,5,Arena,Rústico;Mediterráneo,Living;Comedor;Cocina;Dormitorio;Pasillo,Blanco;Madera clara;Beige,Negro mate;Grafito;Azul profundo,Arena cálido de luminosidad alto (8/10) y saturación media (5/10) que aporta amplitud visual.,Alto,Media,Luminoso;Amplio;Cálido;Acogedor
70YR 75/075,Blanco Anís,Cálido,8,5,Arena,Rústico;Mediterráneo,Living;Comedor;Cocina;Dormitorio;Pasillo,Blanco;Madera clara;Beige,Negro mate;Grafito;Azul profundo,Arena cálido de luminosidad alto (8/10) y saturación media (5/10) que aporta amplitud visual.,Alto,Media,Luminoso;Amplio;Cálido;Acogedor
64YR 14/300,Bosque en Llamas,Cálido,2,5,Terracota,Dramático,Living;Dormitorio;Comedor;Cocina;Baño;Pasillo;Home office;Cuarto de niños,Blanco;Madera clara;Beige;Blanco roto,Blanco;Crema;Azul profundo,Terracota cálido de luminosidad muy bajo (2/10) y saturación media (5/10) que genera profundidad.,Muy Bajo,Media,Profundo;Cálido;Acogedor;Natural
80YR 65/185,Bronce Antílope,Cálido,7,7,Arena,Pop;Maximalista,Living;Comedor;Cocina,Blanco;Madera clara;Beige;Neutros,Negro mate;Grafito;Azul profundo,Arena cálido de luminosidad alto (7/10) y saturación alta (7/10) que aporta amplitud visual.,Alto,Alta,Luminoso;Amplio;Cálido;Acogedor
80YR 27/530,Bronce Fundido,Cálido,3,6,Terracota,Dramático,Comedor;Living,Blanco;Madera clara;Beige;Blanco roto;Neutros,Blanco;Crema;Azul profundo,Terracota cálido de luminosidad bajo (3/10) y saturación media (6/10) que genera profundidad.,Bajo,Media,Profundo;Cálido;Acogedor;Natural
80YR 32/339,Bronce Montura,Cálido,4,5,Terracota,Contemporáneo,Comedor;Living,Blanco;Madera clara;Beige;Blanco roto,Blanco;Crema;Azul profundo,Terracota cálido de luminosidad bajo (4/10) y saturación media (5/10) que equilibra el espacio.,Bajo,Media,Suave;Cálido;Acogedor;Natural
90YR 34/468,Bronceado Dorado,Cálido,4,7,Terracota,Pop;Maximalista,Comedor;Living,Blanco;Madera clara;Beige;Blanco roto;Neutros,Blanco;Crema;Azul profundo,Terracota cálido de luminosidad bajo (4/10) y saturación alta (7/10) que equilibra el espacio.,Bajo,Alta,Suave;Cálido;Acogedor;Alegre
77YR 14/306,Bruma de Expresso,Cálido,2,5,Terracota,Dramático,Comedor;Living,Blanco;Madera clara;Beige;Blanco roto,Blanco;Crema;Azul profundo,Terracota cálido de luminosidad muy bajo (2/10) y saturación media (5/10) que genera profundidad.,Muy Bajo,Media,Profundo;Cálido;Acogedor;Natural
58YR 53/342,Cactus Navideño,Cálido,5,8,Arena,Pop;Maximalista,Comedor;Living,Blanco;Madera clara;Beige;Neutros,Blanco;Crema;Azul profundo,Arena cálido de luminosidad medio (5/10) y saturación alta (8/10) que equilibra el espacio.,Medio,Alta,Suave;Cálido;Acogedor;Alegre
70YR 26/605,Caleidoscopio,Cálido,3,7,Terracota,Pop;Maximalista;Dramático,Comedor;Living,Blanco;Madera clara;Beige;Blanco roto;Neutros,Blanco;Crema;Azul profundo,Terracota cálido de luminosidad bajo (3/10) y saturación alta (7/10) que genera profundidad.,Bajo,Alta,Profundo;Cálido;Acogedor;Alegre
70YR 56/190,Calor del Desierto,Cálido,6,6,Arena,Rústico;Mediterráneo,Comedor;Living,Blanco;Madera clara;Beige;Neutros,Blanco;Crema;Azul profundo,Arena cálido de luminosidad medio (6/10) y saturación media (6/10) que equilibra el espacio.,Medio,Media,Suave;Cálido;Acogedor;Natural
48YR 26/519,Caminatas Otoñales,Cálido,3,6,Terracota,Dramático,Comedor;Living,Blanco;Madera clara;Beige;Blanco roto;Neutros,Blanco;Crema;Azul profundo,Terracota cálido de luminosidad bajo (3/10) y saturación media (6/10) que genera profundidad.,Bajo,Media,Profundo;Cálido;Acogedor;Natural
80YR 35/383,Camino de Arces,Cálido,4,6,Terracota,Contemporáneo,Comedor;Living,Blanco;Madera clara;Beige;Blanco roto;Neutros,Blanco;Crema;Azul profundo,Terracota cálido de luminosidad bajo (4/10) y saturación media (6/10) que equilibra el espacio.,Bajo,Media,Suave;Cálido;Acogedor;Natural
90YR 83/070,Campos de Algodón,Cálido,8,6,Arena,Rústico;Mediterráneo,Living;Comedor;Cocina,Blanco;Madera clara;Beige;Neutros,Negro mate;Grafito;Azul profundo,Arena cálido de luminosidad alto (8/10) y saturación media (6/10) que aporta amplitud visual.,Alto,Media,Luminoso;Amplio;Cálido;Acogedor
00YY 21/321,Cappuccino,Cálido,3,5,Terracota,Dramático,Comedor;Living,Blanco;Madera clara;Beige;Blanco roto,Blanco;Crema;Azul profundo,Terracota cálido de luminosidad bajo (3/10) y saturación media (5/10) que genera profundidad.,Bajo,Media,Profundo;Cálido;Acogedor;Natural
60YR 19/557,Caqui Maduro *,Cálido,3,7,Terracota,Pop;Maximalista;Dramático,Comedor;Living,Blanco;Madera clara;Beige;Blanco roto;Neutros,Blanco;Crema;Azul profundo,Terracota cálido de luminosidad bajo (3/10) y saturación alta (7/10) que genera profundidad.,Bajo,Alta,Profundo;Cálido;Acogedor;Alegre
60YR 26/605,Caqui Naranja,Cálido,3,7,Terracota,Pop;Maximalista;Dramático,Comedor;Living,Blanco;Madera clara;Beige;Blanco roto;Neutros,Blanco;Crema;Azul profundo,Terracota cálido de luminosidad bajo (3/10) y saturación alta (7/10) que genera profundidad.,Bajo,Alta,Profundo;Cálido;Acogedor;Alegre
82YR 81/106,Caracola del Mar,Cálido,8,7,Arena,Pop;Maximalista,Living;Comedor;Cocina,Blanco;Madera clara;Beige;Neutros,Negro mate;Grafito;Azul profundo,Arena cálido de luminosidad alto (8/10) y saturación alta (7/10) que aporta amplitud visual.,Alto,Alta,Luminoso;Amplio;Cálido;Acogedor
52YR 12/212,Caramelo de Chocolate,Cálido,2,4,Terracota,Dramático,Living,Blanco;Madera clara;Beige;Blanco roto,Blanco;Crema;Azul profundo,Terracota cálido de luminosidad muy bajo (2/10) y saturación baja (4/10) que genera profundidad.,Muy Bajo,Baja,Profundo;Cálido;Acogedor;Natural
62YR 18/397,Caramelo Picante,Cálido,2,6,Terracota,Dramático,Living;Dormitorio;Comedor;Cocina;Baño;Pasillo;Home office;Cuarto de niños,Blanco;Madera clara;Beige;Blanco roto;Neutros,Blanco;Crema;Azul profundo,Terracota cálido de luminosidad muy bajo (2/10) y saturación media (6/10) que genera profundidad.,Muy Bajo,Media,Profundo;Cálido;Acogedor;Natural
50YR 30/417,Casa Bonita,Cálido,4,6,Terracota,Contemporáneo,Comedor;Living,Blanco;Madera clara;Beige;Blanco roto;Neutros,Blanco;Crema;Azul profundo,Terracota cálido de luminosidad bajo (4/10) y saturación media (6/10) que equilibra el espacio.,Bajo,Media,Suave;Cálido;Acogedor;Natural
70YR 13/259,Casa de Jengibre,Cálido,2,4,Terracota,Dramático,Living,Blanco;Madera clara;Beige;Blanco roto,Blanco;Crema;Azul profundo,Terracota cálido de luminosidad muy bajo (2/10) y saturación baja (4/10) que genera profundidad.,Muy Bajo,Baja,Profundo;Cálido;Acogedor;Natural
00YY 37/221,Cáscara de Cebolla,Cálido,4,4,Arena,Contemporáneo,Living,Blanco;Madera clara;Beige;Blanco roto,Blanco;Crema;Azul profundo,Arena cálido de luminosidad bajo (4/10) y saturación baja (4/10) que equilibra el espacio.,Bajo,Baja,Suave;Cálido;Acogedor;Natural
70YR 11/279,Castaña de Otoño,Cálido,2,5,Terracota,Dramático,Comedor;Living,Blanco;Madera clara;Beige;Blanco roto,Blanco;Crema;Azul profundo,Terracota cálido de luminosidad muy bajo (2/10) y saturación media (5/10) que genera profundidad.,Muy Bajo,Media,Profundo;Cálido;Acogedor;Natural
80YR 13/325,Castaña Española,Cálido,2,5,Terracota,Dramático,Comedor;Living,Blanco;Madera clara;Beige;Blanco roto,Blanco;Crema;Azul profundo,Terracota cálido de luminosidad muy bajo (2/10) y saturación media (5/10) que genera profundidad.,Muy Bajo,Media,Profundo;Cálido;Acogedor;Natural
25YR 34/473,Celebración,Cálido,4,7,Arena,Pop;Maximalista,Comedor;Living,Blanco;Madera clara;Beige;Blanco roto;Neutros,Blanco;Crema;Azul profundo,Arena cálido de luminosidad bajo (4/10) y saturación alta (7/10) que equilibra el espacio.,Bajo,Alta,Suave;Cálido;Acogedor;Alegre
50YR 75/111,Champagne Rosado,Cálido,8,7,Arena,Pop;Maximalista,Living;Comedor;Cocina,Blanco;Madera clara;Beige;Neutros,Negro mate;Grafito;Azul profundo,Arena cálido de luminosidad alto (8/10) y saturación alta (7/10) que aporta amplitud visual.,Alto,Alta,Luminoso;Amplio;Cálido;Acogedor
50YR 26/461,Cidro Hirviente,Cálido,3,6,Terracota,Dramático,Comedor;Living,Blanco;Madera clara;Beige;Blanco roto;Neutros,Blanco;Crema;Azul profundo,Terracota cálido de luminosidad bajo (3/10) y saturación media (6/10) que genera profundidad.,Bajo,Media,Profundo;Cálido;Acogedor;Natural
50YR 32/460,Cinabrio,Cálido,4,7,Arena,Pop;Maximalista,Comedor;Living,Blanco;Madera clara;Beige;Blanco roto;Neutros,Blanco;Crema;Azul profundo,Arena cálido de luminosidad bajo (4/10) y saturación alta (7/10) que equilibra el espacio.,Bajo,Alta,Suave;Cálido;Acogedor;Alegre
02YY 55/518,Citrus,Cálido,6,10,Arena,Pop;Maximalista,Living;Dormitorio;Comedor;Cocina;Baño;Pasillo;Home office;Cuarto de niños,Blanco;Madera clara;Beige;Neutros,Blanco;Crema;Azul profundo,Arena cálido de luminosidad medio (6/10) y saturación muy alta (10/10) que equilibra el espacio.,Medio,Muy Alta,Suave;Cálido;Acogedor;Alegre
53YR 17/504,Cobre Anaranjado,Cálido,2,6,Terracota,Dramático,Comedor;Living,Blanco;Madera clara;Beige;Blanco roto;Neutros,Blanco;Crema;Azul profundo,Terracota cálido de luminosidad muy bajo (2/10) y saturación media (6/10) que genera profundidad.,Muy Bajo,Media,Profundo;Cálido;Acogedor;Natural
50YR 18/223,Cobre Suave,Cálido,3,3,Terracota,Dramático,Living,Blanco;Madera clara;Beige;Blanco roto,Blanco;Crema;Azul profundo,Terracota cálido de luminosidad bajo (3/10) y saturación baja (3/10) que genera profundidad.,Bajo,Baja,Profundo;Cálido;Acogedor;Sobrio
90YR 38/239,Colinas Rodantes,Cálido,4,4,Arena,Contemporáneo,Living,Blanco;Madera clara;Beige;Blanco roto,Blanco;Crema;Azul profundo,Arena cálido de luminosidad bajo (4/10) y saturación baja (4/10) que equilibra el espacio.,Bajo,Baja,Suave;Cálido;Acogedor;Natural
00YY 56/173,Comino,Cálido,6,5,Arena,Rústico;Mediterráneo,Dormitorio;Pasillo;Comedor;Living,Blanco;Madera clara;Beige,Blanco;Crema;Azul profundo,Arena cálido de luminosidad medio (6/10) y saturación media (5/10) que equilibra el espacio.,Medio,Media,Suave;Cálido;Acogedor;Natural
20YY 77/110,Copos de Arroz,Cálido,8,6,Arena,Rústico;Mediterráneo,Living;Comedor;Cocina,Blanco;Madera clara;Beige;Neutros,Negro mate;Grafito;Azul profundo,Arena cálido de luminosidad alto (8/10) y saturación media (6/10) que aporta amplitud visual.,Alto,Media,Luminoso;Amplio;Cálido;Acogedor
70YR 35/332,Coral del Mar,Cálido,4,5,Arena,Contemporáneo,Comedor;Living,Blanco;Madera clara;Beige;Blanco roto,Blanco;Crema;Azul profundo,Arena cálido de luminosidad bajo (4/10) y saturación media (5/10) que equilibra el espacio.,Bajo,Media,Suave;Cálido;Acogedor;Natural
42YR 43/439,Coral Naranja,Cálido,5,9,Arena,Pop;Maximalista,Comedor;Living,Blanco;Madera clara;Beige;Neutros,Blanco;Crema;Azul profundo,Arena cálido de luminosidad medio (5/10) y saturación muy alta (9/10) que equilibra el espacio.,Medio,Muy Alta,Suave;Cálido;Acogedor;Alegre
26YR 30/511,Coral Oriental,Cálido,4,7,Arena,Pop;Maximalista,Comedor;Living,Blanco;Madera clara;Beige;Blanco roto;Neutros,Blanco;Crema;Azul profundo,Arena cálido de luminosidad bajo (4/10) y saturación alta (7/10) que equilibra el espacio.,Bajo,Alta,Suave;Cálido;Acogedor;Alegre
80YR 57/179,Coral Real,Cálido,6,5,Arena,Rústico;Mediterráneo,Dormitorio;Pasillo;Comedor;Living,Blanco;Madera clara;Beige,Blanco;Crema;Azul profundo,Arena cálido de luminosidad medio (6/10) y saturación media (5/10) que equilibra el espacio.,Medio,Media,Suave;Cálido;Acogedor;Natural
50YR 15/243,Cordobés,Cálido,2,4,Terracota,Dramático,Living,Blanco;Madera clara;Beige;Blanco roto,Blanco;Crema;Azul profundo,Terracota cálido de luminosidad muy bajo (2/10) y saturación baja (4/10) que genera profundidad.,Muy Bajo,Baja,Profundo;Cálido;Acogedor;Natural
70YR 29/559,Cosecha de Especias,Cálido,4,7,Terracota,Pop;Maximalista,Comedor;Living,Blanco;Madera clara;Beige;Blanco roto;Neutros,Blanco;Crema;Azul profundo,Terracota cálido de luminosidad bajo (4/10) y saturación alta (7/10) que equilibra el espacio.,Bajo,Alta,Suave;Cálido;Acogedor;Alegre
48YR 50/372,Crema de Pitanga,Cálido,5,9,Arena,Pop;Maximalista,Comedor;Living,Blanco;Madera clara;Beige;Neutros,Blanco;Crema;Azul profundo,Arena cálido de luminosidad medio (5/10) y saturación muy alta (9/10) que equilibra el espacio.,Medio,Muy Alta,Suave;Cálido;Acogedor;Alegre
11YY 79/170,Crepe de Naranja,Cálido,8,9,Arena,Pop;Maximalista,Living;Dormitorio;Comedor;Cocina;Baño;Pasillo;Home office;Cuarto de niños,Blanco;Madera clara;Beige;Neutros,Negro mate;Grafito;Azul profundo,Arena cálido de luminosidad alto (8/10) y saturación muy alta (9/10) que aporta amplitud visual.,Alto,Muy Alta,Luminoso;Amplio;Cálido;Acogedor
90YR 68/100,Cuento Nostálgico,Cálido,7,4,Arena,Minimalista;Nórdico;Japandi;Rústico;Mediterráneo,Living;Comedor;Cocina;Dormitorio;Pasillo,Blanco;Madera clara;Beige,Negro mate;Grafito;Azul profundo,Arena cálido de luminosidad alto (7/10) y saturación baja (4/10) que aporta amplitud visual.,Alto,Baja,Luminoso;Amplio;Cálido;Acogedor
57YR 32/176,Cuero Auténtico,Cálido,4,3,Terracota,Contemporáneo,Living,Blanco;Madera clara;Beige;Blanco roto,Blanco;Crema;Azul profundo,Terracota cálido de luminosidad bajo (4/10) y saturación baja (3/10) que equilibra el espacio.,Bajo,Baja,Suave;Cálido;Acogedor;Sobrio
70YR 16/345,Danza en la Arena *,Cálido,2,5,Terracota,Dramático,Comedor;Living,Blanco;Madera clara;Beige;Blanco roto,Blanco;Crema;Azul profundo,Terracota cálido de luminosidad muy bajo (2/10) y saturación media (5/10) que genera profundidad.,Muy Bajo,Media,Profundo;Cálido;Acogedor;Natural
93YR 22/305,Deleite de Caramelo,Cálido,3,4,Terracota,Dramático,Living;Dormitorio;Comedor;Cocina;Baño;Pasillo;Home office;Cuarto de niños,Blanco;Madera clara;Beige;Blanco roto,Blanco;Crema;Azul profundo,Terracota cálido de luminosidad bajo (3/10) y saturación baja (4/10) que genera profundidad.,Bajo,Baja,Profundo;Cálido;Acogedor;Natural
90YR 64/166,Diosa del Durazno,Cálido,7,6,Arena,Rústico;Mediterráneo,Living;Comedor;Cocina,Blanco;Madera clara;Beige;Neutros,Negro mate;Grafito;Azul profundo,Arena cálido de luminosidad alto (7/10) y saturación media (6/10) que aporta amplitud visual.,Alto,Media,Luminoso;Amplio;Cálido;Acogedor
90YR 16/406,Dorado Antiguo,Cálido,2,6,Terracota,Dramático,Comedor;Living,Blanco;Madera clara;Beige;Blanco roto;Neutros,Blanco;Crema;Azul profundo,Terracota cálido de luminosidad muy bajo (2/10) y saturación media (6/10) que genera profundidad.,Muy Bajo,Media,Profundo;Cálido;Acogedor;Natural
65YR 35/659,Duelo Tanguero *,Cálido,4,9,Terracota,Pop;Maximalista,Comedor;Living,Blanco;Madera clara;Beige;Blanco roto;Neutros,Blanco;Crema;Azul profundo,Terracota cálido de luminosidad bajo (4/10) y saturación muy alta (9/10) que equilibra el espacio.,Bajo,Muy Alta,Suave;Cálido;Acogedor;Alegre
90YR 23/569,Dulce de Zapallo,Cálido,3,7,Terracota,Pop;Maximalista;Dramático,Comedor;Living,Blanco;Madera clara;Beige;Blanco roto;Neutros,Blanco;Crema;Azul profundo,Terracota cálido de luminosidad bajo (3/10) y saturación alta (7/10) que genera profundidad.,Bajo,Alta,Profundo;Cálido;Acogedor;Alegre
02YY 52/318,Dulce Nougat,Cálido,6,7,Arena,Pop;Maximalista,Living;Dormitorio;Comedor;Cocina;Baño;Pasillo;Home office;Cuarto de niños,Blanco;Madera clara;Beige;Neutros,Blanco;Crema;Azul profundo,Arena cálido de luminosidad medio (6/10) y saturación alta (7/10) que equilibra el espacio.,Medio,Alta,Suave;Cálido;Acogedor;Alegre
70YR 68/118,Dulce Rubor,Cálido,7,5,Arena,Rústico;Mediterráneo,Living;Comedor;Cocina;Dormitorio;Pasillo,Blanco;Madera clara;Beige,Negro mate;Grafito;Azul profundo,Arena cálido de luminosidad alto (7/10) y saturación media (5/10) que aporta amplitud visual.,Alto,Media,Luminoso;Amplio;Cálido;Acogedor
00YY 77/124,Duraznero,Cálido,8,7,Arena,Pop;Maximalista,Living;Comedor;Cocina,Blanco;Madera clara;Beige;Neutros,Negro mate;Grafito;Azul profundo,Arena cálido de luminosidad alto (8/10) y saturación alta (7/10) que aporta amplitud visual.,Alto,Alta,Luminoso;Amplio;Cálido;Acogedor
61YR 60/282,Durazno Batido,Cálido,6,8,Arena,Pop;Maximalista,Comedor;Living,Blanco;Madera clara;Beige;Neutros,Blanco;Crema;Azul profundo,Arena cálido de luminosidad medio (6/10) y saturación alta (8/10) que equilibra el espacio.,Medio,Alta,Suave;Cálido;Acogedor;Alegre
10YY 83/071,Durazno Blanco,Cálido,8,6,Arena,Rústico;Mediterráneo,Living;Comedor;Cocina,Blanco;Madera clara;Beige;Neutros,Negro mate;Grafito;Azul profundo,Arena cálido de luminosidad alto (8/10) y saturación media (6/10) que aporta amplitud visual.,Alto,Media,Luminoso;Amplio;Cálido;Acogedor
83YR 54/381,Durazno Delicioso,Cálido,6,9,Arena,Pop;Maximalista,Comedor;Living,Blanco;Madera clara;Beige;Neutros,Blanco;Crema;Azul profundo,Arena cálido de luminosidad medio (6/10) y saturación muy alta (9/10) que equilibra el espacio.,Medio,Muy Alta,Suave;Cálido;Acogedor;Alegre
81YR 67/247,Durazno Especial,Cálido,7,9,Arena,Pop;Maximalista,Living;Dormitorio;Comedor;Cocina;Baño;Pasillo;Home office;Cuarto de niños,Blanco;Madera clara;Beige;Neutros,Negro mate;Grafito;Azul profundo,Arena cálido de luminosidad alto (7/10) y saturación muy alta (9/10) que aporta amplitud visual.,Alto,Muy Alta,Luminoso;Amplio;Cálido;Acogedor
63YR 50/340,Durazno Etéreo,Cálido,5,8,Arena,Pop;Maximalista,Comedor;Living,Blanco;Madera clara;Beige;Neutros,Blanco;Crema;Azul profundo,Arena cálido de luminosidad medio (5/10) y saturación alta (8/10) que equilibra el espacio.,Medio,Alta,Suave;Cálido;Acogedor;Alegre
78YR 74/155,Durazno Intenso,Cálido,8,8,Arena,Pop;Maximalista,Living;Dormitorio;Comedor;Cocina;Baño;Pasillo;Home office;Cuarto de niños,Blanco;Madera clara;Beige;Neutros,Negro mate;Grafito;Azul profundo,Arena cálido de luminosidad alto (8/10) y saturación alta (8/10) que aporta amplitud visual.,Alto,Alta,Luminoso;Amplio;Cálido;Acogedor
80YR 49/382,Durazno Maduro,Cálido,5,8,Arena,Pop;Maximalista,Comedor;Living,Blanco;Madera clara;Beige;Neutros,Blanco;Crema;Azul profundo,Arena cálido de luminosidad medio (5/10) y saturación alta (8/10) que equilibra el espacio.,Medio,Alta,Suave;Cálido;Acogedor;Alegre
86YR 70/136,Durazno Matinal,Cálido,7,6,Arena,Rústico;Mediterráneo,Living;Comedor;Cocina,Blanco;Madera clara;Beige;Neutros,Negro mate;Grafito;Azul profundo,Arena cálido de luminosidad alto (7/10) y saturación media (6/10) que aporta amplitud visual.,Alto,Media,Luminoso;Amplio;Cálido;Acogedor
83YR 62/211,Durazno Notorio,Cálido,6,7,Arena,Pop;Maximalista,Comedor;Living,Blanco;Madera clara;Beige;Neutros,Blanco;Crema;Azul profundo,Arena cálido de luminosidad medio (6/10) y saturación alta (7/10) que equilibra el espacio.,Medio,Alta,Suave;Cálido;Acogedor;Alegre
46YR 69/173,Durazno Pasión,Cálido,7,8,Arena,Pop;Maximalista,Living;Comedor;Cocina,Blanco;Madera clara;Beige;Neutros,Negro mate;Grafito;Azul profundo,Arena cálido de luminosidad alto (7/10) y saturación alta (8/10) que aporta amplitud visual.,Alto,Alta,Luminoso;Amplio;Cálido;Acogedor
00YY 83/069,Durazno Real,Cálido,8,5,Arena,Rústico;Mediterráneo,Living;Comedor;Cocina;Dormitorio;Pasillo,Blanco;Madera clara;Beige,Negro mate;Grafito;Azul profundo,Arena cálido de luminosidad alto (8/10) y saturación media (5/10) que aporta amplitud visual.,Alto,Media,Luminoso;Amplio;Cálido;Acogedor
74YR 71/141,Durazno Rosado,Cálido,7,7,Arena,Pop;Maximalista,Living;Comedor;Cocina,Blanco;Madera clara;Beige;Neutros,Negro mate;Grafito;Azul profundo,Arena cálido de luminosidad alto (7/10) y saturación alta (7/10) que aporta amplitud visual.,Alto,Alta,Luminoso;Amplio;Cálido;Acogedor
68YR 50/429,Durazno Vital,Cálido,5,9,Arena,Pop;Maximalista,Living;Dormitorio;Comedor;Cocina;Baño;Pasillo;Home office;Cuarto de niños,Blanco;Madera clara;Beige;Neutros,Blanco;Crema;Azul profundo,Arena cálido de luminosidad medio (5/10) y saturación muy alta (9/10) que equilibra el espacio.,Medio,Muy Alta,Suave;Cálido;Acogedor;Alegre
50YR 83/035,Esencia de Rosa,Cálido,8,3,Arena,Minimalista;Nórdico;Japandi;Rústico;Mediterráneo,Living;Comedor;Cocina;Dormitorio;Pasillo,Blanco;Madera clara;Beige,Negro mate;Grafito;Azul profundo,Arena cálido de luminosidad alto (8/10) y saturación baja (3/10) que aporta amplitud visual.,Alto,Baja,Luminoso;Amplio;Cálido;Acogedor
39YR 11/342,Especia Fuerte,Cálido,2,5,Terracota,Dramático,Comedor;Living,Blanco;Madera clara;Beige;Blanco roto,Blanco;Crema;Azul profundo,Terracota cálido de luminosidad muy bajo (2/10) y saturación media (5/10) que genera profundidad.,Muy Bajo,Media,Profundo;Cálido;Acogedor;Natural
75YR 27/487,Estallido de Azafrán,Cálido,3,6,Terracota,Dramático,Comedor;Living,Blanco;Madera clara;Beige;Blanco roto;Neutros,Blanco;Crema;Azul profundo,Terracota cálido de luminosidad bajo (3/10) y saturación media (6/10) que genera profundidad.,Bajo,Media,Profundo;Cálido;Acogedor;Natural
50YR 74/054,Eternidad,Cálido,7,4,Arena,Minimalista;Nórdico;Japandi;Rústico;Mediterráneo,Living;Comedor;Cocina;Dormitorio;Pasillo,Blanco;Madera clara;Beige,Negro mate;Grafito;Azul profundo,Arena cálido de luminosidad alto (7/10) y saturación baja (4/10) que aporta amplitud visual.,Alto,Baja,Luminoso;Amplio;Cálido;Acogedor
70YR 27/404,Extremo Sur,Cálido,3,5,Terracota,Dramático,Comedor;Living,Blanco;Madera clara;Beige;Blanco roto,Blanco;Crema;Azul profundo,Terracota cálido de luminosidad bajo (3/10) y saturación media (5/10) que genera profundidad.,Bajo,Media,Profundo;Cálido;Acogedor;Natural
89YR 12/197,Fango del Missisippi,Cálido,2,4,Terracota,Dramático,Living;Dormitorio;Comedor;Cocina;Baño;Pasillo;Home office;Cuarto de niños,Blanco;Madera clara;Beige;Blanco roto,Blanco;Crema;Azul profundo,Terracota cálido de luminosidad muy bajo (2/10) y saturación baja (4/10) que genera profundidad.,Muy Bajo,Baja,Profundo;Cálido;Acogedor;Natural
90YR 76/086,Fantasía Calma,Cálido,8,6,Arena,Rústico;Mediterráneo,Living;Comedor;Cocina,Blanco;Madera clara;Beige;Neutros,Negro mate;Grafito;Azul profundo,Arena cálido de luminosidad alto (8/10) y saturación media (6/10) que aporta amplitud visual.,Alto,Media,Luminoso;Amplio;Cálido;Acogedor
84YR 46/409,Fantasía de Júpiter,Cálido,5,8,Arena,Pop;Maximalista,Comedor;Living,Blanco;Madera clara;Beige;Neutros,Blanco;Crema;Azul profundo,Arena cálido de luminosidad medio (5/10) y saturación alta (8/10) que equilibra el espacio.,Medio,Alta,Suave;Cálido;Acogedor;Alegre
30YR 29/421,Flamenco Antiguo,Cálido,3,6,Arena,Dramático,Comedor;Living,Blanco;Madera clara;Beige;Blanco roto;Neutros,Blanco;Crema;Azul profundo,Arena cálido de luminosidad bajo (3/10) y saturación media (6/10) que genera profundidad.,Bajo,Media,Profundo;Cálido;Acogedor;Natural
21YR 57/250,Flor de Coral,Cálido,6,8,Arena,Pop;Maximalista,Comedor;Living,Blanco;Madera clara;Beige;Neutros,Blanco;Crema;Azul profundo,Arena cálido de luminosidad medio (6/10) y saturación alta (8/10) que equilibra el espacio.,Medio,Alta,Suave;Cálido;Acogedor;Alegre
50YR 55/201,Flor de Loto,Cálido,6,6,Arena,Rústico;Mediterráneo,Comedor;Living,Blanco;Madera clara;Beige;Neutros,Blanco;Crema;Azul profundo,Arena cálido de luminosidad medio (6/10) y saturación media (6/10) que equilibra el espacio.,Medio,Media,Suave;Cálido;Acogedor;Natural
05YY 72/254,Flor de Naranja,Cálido,7,9,Arena,Pop;Maximalista,Living;Comedor;Cocina,Blanco;Madera clara;Beige;Neutros,Negro mate;Grafito;Azul profundo,Arena cálido de luminosidad alto (7/10) y saturación muy alta (9/10) que aporta amplitud visual.,Alto,Muy Alta,Luminoso;Amplio;Cálido;Acogedor
90YR 25/323,Floresta,Cálido,3,4,Terracota,Dramático,Living,Blanco;Madera clara;Beige;Blanco roto,Blanco;Crema;Azul profundo,Terracota cálido de luminosidad bajo (3/10) y saturación baja (4/10) que genera profundidad.,Bajo,Baja,Profundo;Cálido;Acogedor;Natural
50YR 12/406,Fogón de Leña,Cálido,2,5,Terracota,Dramático,Comedor;Living,Blanco;Madera clara;Beige;Blanco roto,Blanco;Crema;Azul profundo,Terracota cálido de luminosidad muy bajo (2/10) y saturación media (5/10) que genera profundidad.,Muy Bajo,Media,Profundo;Cálido;Acogedor;Natural
00YY 83/034,Fractal,Cálido,8,4,Arena,Minimalista;Nórdico;Japandi;Rústico;Mediterráneo,Living;Comedor;Cocina;Dormitorio;Pasillo,Blanco;Madera clara;Beige,Negro mate;Grafito;Azul profundo,Arena cálido de luminosidad alto (8/10) y saturación baja (4/10) que aporta amplitud visual.,Alto,Baja,Luminoso;Amplio;Cálido;Acogedor
98YR 65/333,Frambuesa Americana,Cálido,6,9,Arena,Pop;Maximalista,Comedor;Living,Blanco;Madera clara;Beige;Neutros,Blanco;Crema;Azul profundo,Arena cálido de luminosidad medio (6/10) y saturación muy alta (9/10) que equilibra el espacio.,Medio,Muy Alta,Suave;Cálido;Acogedor;Alegre
55YR 24/666,Fuegos Artificiales *,Cálido,3,8,Terracota,Pop;Maximalista;Dramático,Comedor;Living,Blanco;Madera clara;Beige;Blanco roto;Neutros,Blanco;Crema;Azul profundo,Terracota cálido de luminosidad bajo (3/10) y saturación alta (8/10) que genera profundidad.,Bajo,Alta,Profundo;Cálido;Acogedor;Alegre
90YR 75/072,Fuente de Juventud,Cálido,8,5,Arena,Rústico;Mediterráneo,Living;Comedor;Cocina;Dormitorio;Pasillo,Blanco;Madera clara;Beige,Negro mate;Grafito;Azul profundo,Arena cálido de luminosidad alto (8/10) y saturación media (5/10) que aporta amplitud visual.,Alto,Media,Luminoso;Amplio;Cálido;Acogedor
80YR 74/043,Gamuza Rosa,Cálido,7,3,Arena,Minimalista;Nórdico;Japandi;Rústico;Mediterráneo,Living;Comedor;Cocina;Dormitorio;Pasillo,Blanco;Madera clara;Beige,Negro mate;Grafito;Azul profundo,Arena cálido de luminosidad alto (7/10) y saturación baja (3/10) que aporta amplitud visual.,Alto,Baja,Luminoso;Amplio;Cálido;Acogedor
11YY 74/263,Gengibre Cristalizado,Cálido,7,10,Arena,Pop;Maximalista,Living;Dormitorio;Comedor;Cocina;Baño;Pasillo;Home office;Cuarto de niños,Blanco;Madera clara;Beige;Neutros,Negro mate;Grafito;Azul profundo,Arena cálido de luminosidad alto (7/10) y saturación muy alta (10/10) que aporta amplitud visual.,Alto,Muy Alta,Luminoso;Amplio;Cálido;Acogedor
90YR 34/561,Gloria de la Cosecha,Cálido,4,7,Terracota,Pop;Maximalista,Comedor;Living,Blanco;Madera clara;Beige;Blanco roto;Neutros,Blanco;Crema;Azul profundo,Terracota cálido de luminosidad bajo (4/10) y saturación alta (7/10) que equilibra el espacio.,Bajo,Alta,Suave;Cálido;Acogedor;Alegre
20YY 78/146,Goma de Mascar,Cálido,8,7,Arena,Pop;Maximalista,Living;Comedor;Cocina,Blanco;Madera clara;Beige;Neutros,Negro mate;Grafito;Azul profundo,Arena cálido de luminosidad alto (8/10) y saturación alta (7/10) que aporta amplitud visual.,Alto,Alta,Luminoso;Amplio;Cálido;Acogedor
60YR 65/196,Granada Perfumada,Cálido,7,8,Arena,Pop;Maximalista,Living;Comedor;Cocina,Blanco;Madera clara;Beige;Neutros,Negro mate;Grafito;Azul profundo,Arena cálido de luminosidad alto (7/10) y saturación alta (8/10) que aporta amplitud visual.,Alto,Alta,Luminoso;Amplio;Cálido;Acogedor
60YR 16/464,Herrumbre,Cálido,2,6,Terracota,Dramático,Comedor;Living,Blanco;Madera clara;Beige;Blanco roto;Neutros,Blanco;Crema;Azul profundo,Terracota cálido de luminosidad muy bajo (2/10) y saturación media (6/10) que genera profundidad.,Muy Bajo,Media,Profundo;Cálido;Acogedor;Natural
38YR 17/442,Horno Ardiente,Cálido,2,6,Terracota,Dramático,Comedor;Living,Blanco;Madera clara;Beige;Blanco roto;Neutros,Blanco;Crema;Azul profundo,Terracota cálido de luminosidad muy bajo (2/10) y saturación media (6/10) que genera profundidad.,Muy Bajo,Media,Profundo;Cálido;Acogedor;Natural
85YR 60/336,Infusión Terracota,Cálido,6,9,Arena,Pop;Maximalista,Comedor;Living,Blanco;Madera clara;Beige;Neutros,Blanco;Crema;Azul profundo,Arena cálido de luminosidad medio (6/10) y saturación muy alta (9/10) que equilibra el espacio.,Medio,Muy Alta,Suave;Cálido;Acogedor;Alegre
70YR 74/045,Inspiración,Cálido,8,3,Arena,Minimalista;Nórdico;Japandi;Rústico;Mediterráneo,Living;Comedor;Cocina;Dormitorio;Pasillo,Blanco;Madera clara;Beige,Negro mate;Grafito;Azul profundo,Arena cálido de luminosidad alto (8/10) y saturación baja (3/10) que aporta amplitud visual.,Alto,Baja,Luminoso;Amplio;Cálido;Acogedor
28YR 29/561,Jazz de Bongo,Cálido,3,7,Arena,Pop;Maximalista;Dramático,Comedor;Living,Blanco;Madera clara;Beige;Blanco roto;Neutros,Blanco;Crema;Azul profundo,Arena cálido de luminosidad bajo (3/10) y saturación alta (7/10) que genera profundidad.,Bajo,Alta,Profundo;Cálido;Acogedor;Alegre
80YR 42/387,Jengibre Jamaiquino,Cálido,5,7,Arena,Pop;Maximalista,Comedor;Living,Blanco;Madera clara;Beige;Neutros,Blanco;Crema;Azul profundo,Arena cálido de luminosidad medio (5/10) y saturación alta (7/10) que equilibra el espacio.,Medio,Alta,Suave;Cálido;Acogedor;Alegre
90YR 19/487,Joya Barroca,Cálido,3,6,Terracota,Dramático,Comedor;Living,Blanco;Madera clara;Beige;Blanco roto;Neutros,Blanco;Crema;Azul profundo,Terracota cálido de luminosidad bajo (3/10) y saturación media (6/10) que genera profundidad.,Bajo,Media,Profundo;Cálido;Acogedor;Natural
59YR 70/153,Juegos de Bebés,Cálido,7,7,Arena,Pop;Maximalista,Living;Comedor;Cocina,Blanco;Madera clara;Beige;Neutros,Negro mate;Grafito;Azul profundo,Arena cálido de luminosidad alto (7/10) y saturación alta (7/10) que aporta amplitud visual.,Alto,Alta,Luminoso;Amplio;Cálido;Acogedor
58YR 49/379,Jugo de Durazno,Cálido,5,9,Arena,Pop;Maximalista,Comedor;Living,Blanco;Madera clara;Beige;Neutros,Blanco;Crema;Azul profundo,Arena cálido de luminosidad medio (5/10) y saturación muy alta (9/10) que equilibra el espacio.,Medio,Muy Alta,Suave;Cálido;Acogedor;Alegre
50YR 09/244,Ladrillo Rojo,Cálido,2,5,Terracota,Dramático,Comedor;Living,Blanco;Madera clara;Beige;Blanco roto,Blanco;Crema;Azul profundo,Terracota cálido de luminosidad muy bajo (2/10) y saturación media (5/10) que genera profundidad.,Muy Bajo,Media,Profundo;Cálido;Acogedor;Natural
00YY 12/173,Licor de Café,Cálido,2,4,Terracota,Dramático,Living,Blanco;Madera clara;Beige;Blanco roto,Blanco;Crema;Azul profundo,Terracota cálido de luminosidad muy bajo (2/10) y saturación baja (4/10) que genera profundidad.,Muy Bajo,Baja,Profundo;Cálido;Acogedor;Natural
80YR 19/378,Licor de Chocolate,Cálido,3,5,Terracota,Dramático,Comedor;Living,Blanco;Madera clara;Beige;Blanco roto,Blanco;Crema;Azul profundo,Terracota cálido de luminosidad bajo (3/10) y saturación media (5/10) que genera profundidad.,Bajo,Media,Profundo;Cálido;Acogedor;Natural
80YR 28/650,Licor de Naranja *,Cálido,4,8,Terracota,Pop;Maximalista,Comedor;Living,Blanco;Madera clara;Beige;Blanco roto;Neutros,Blanco;Crema;Azul profundo,Terracota cálido de luminosidad bajo (4/10) y saturación alta (8/10) que equilibra el espacio.,Bajo,Alta,Suave;Cálido;Acogedor;Alegre
51YR 83/054,Licor de Pitanga,Cálido,8,6,Arena,Rústico;Mediterráneo,Living;Comedor;Cocina,Blanco;Madera clara;Beige;Neutros,Negro mate;Grafito;Azul profundo,Arena cálido de luminosidad alto (8/10) y saturación media (6/10) que aporta amplitud visual.,Alto,Media,Luminoso;Amplio;Cálido;Acogedor
10YR 13/437,Llama Antigua *,Cálido,2,5,Terracota,Dramático,Comedor;Living,Blanco;Madera clara;Beige;Blanco roto,Blanco;Crema;Azul profundo,Terracota cálido de luminosidad muy bajo (2/10) y saturación media (5/10) que genera profundidad.,Muy Bajo,Media,Profundo;Cálido;Acogedor;Natural
63YR 26/584,Llama del Atardecer *,Cálido,3,7,Terracota,Pop;Maximalista;Dramático,Comedor;Living,Blanco;Madera clara;Beige;Blanco roto;Neutros,Blanco;Crema;Azul profundo,Terracota cálido de luminosidad bajo (3/10) y saturación alta (7/10) que genera profundidad.,Bajo,Alta,Profundo;Cálido;Acogedor;Alegre
31YR 18/648,Lugar de Fiesta *,Cálido,2,7,Terracota,Pop;Maximalista;Dramático,Comedor;Living,Blanco;Madera clara;Beige;Blanco roto;Neutros,Blanco;Crema;Azul profundo,Terracota cálido de luminosidad muy bajo (2/10) y saturación alta (7/10) que genera profundidad.,Muy Bajo,Alta,Profundo;Cálido;Acogedor;Alegre
10YY 72/172,Luz de Durazno,Cálido,7,7,Arena,Pop;Maximalista,Living;Comedor;Cocina,Blanco;Madera clara;Beige;Neutros,Negro mate;Grafito;Azul profundo,Arena cálido de luminosidad alto (7/10) y saturación alta (7/10) que aporta amplitud visual.,Alto,Alta,Luminoso;Amplio;Cálido;Acogedor
60YR 70/151,Luz de la Alborada,Cálido,7,7,Arena,Pop;Maximalista,Living;Comedor;Cocina,Blanco;Madera clara;Beige;Neutros,Negro mate;Grafito;Azul profundo,Arena cálido de luminosidad alto (7/10) y saturación alta (7/10) que aporta amplitud visual.,Alto,Alta,Luminoso;Amplio;Cálido;Acogedor
77YR 26/391,Macchiato Matutino,Cálido,3,5,Terracota,Dramático,Living;Dormitorio;Comedor;Cocina;Baño;Pasillo;Home office;Cuarto de niños,Blanco;Madera clara;Beige;Blanco roto,Blanco;Crema;Azul profundo,Terracota cálido de luminosidad bajo (3/10) y saturación media (5/10) que genera profundidad.,Bajo,Media,Profundo;Cálido;Acogedor;Natural
80YR 34/468,Mamón Escarchado,Cálido,4,7,Terracota,Pop;Maximalista,Comedor;Living,Blanco;Madera clara;Beige;Blanco roto;Neutros,Blanco;Crema;Azul profundo,Terracota cálido de luminosidad bajo (4/10) y saturación alta (7/10) que equilibra el espacio.,Bajo,Alta,Suave;Cálido;Acogedor;Alegre
70YR 49/332,Mamón Papaya,Cálido,5,7,Arena,Pop;Maximalista,Comedor;Living,Blanco;Madera clara;Beige;Neutros,Blanco;Crema;Azul profundo,Arena cálido de luminosidad medio (5/10) y saturación alta (7/10) que equilibra el espacio.,Medio,Alta,Suave;Cálido;Acogedor;Alegre
50YR 25/556,Mandarín,Cálido,3,7,Terracota,Pop;Maximalista;Dramático,Comedor;Living,Blanco;Madera clara;Beige;Blanco roto;Neutros,Blanco;Crema;Azul profundo,Terracota cálido de luminosidad bajo (3/10) y saturación alta (7/10) que genera profundidad.,Bajo,Alta,Profundo;Cálido;Acogedor;Alegre
55YR 36/590,Mandarín Exótico,Cálido,4,9,Arena,Pop;Maximalista,Comedor;Living,Blanco;Madera clara;Beige;Blanco roto;Neutros,Blanco;Crema;Azul profundo,Arena cálido de luminosidad bajo (4/10) y saturación muy alta (9/10) que equilibra el espacio.,Bajo,Muy Alta,Suave;Cálido;Acogedor;Alegre
83YR 44/540,Mandarina,Cálido,5,9,Arena,Pop;Maximalista,Living;Dormitorio;Comedor;Cocina;Baño;Pasillo;Home office;Cuarto de niños,Blanco;Madera clara;Beige;Neutros,Blanco;Crema;Azul profundo,Arena cálido de luminosidad medio (5/10) y saturación muy alta (9/10) que equilibra el espacio.,Medio,Muy Alta,Suave;Cálido;Acogedor;Alegre
69YR 39/474,Mandarina Deliciosa,Cálido,4,8,Arena,Pop;Maximalista,Comedor;Living,Blanco;Madera clara;Beige;Blanco roto;Neutros,Blanco;Crema;Azul profundo,Arena cálido de luminosidad bajo (4/10) y saturación alta (8/10) que equilibra el espacio.,Bajo,Alta,Suave;Cálido;Acogedor;Alegre
50YR 44/287,Mañana del Desierto,Cálido,5,6,Arena,Rústico;Mediterráneo,Comedor;Living,Blanco;Madera clara;Beige;Neutros,Blanco;Crema;Azul profundo,Arena cálido de luminosidad medio (5/10) y saturación media (6/10) que equilibra el espacio.,Medio,Media,Suave;Cálido;Acogedor;Natural
14YY 83/075,Mañana Exuberante,Cálido,8,6,Arena,Rústico;Mediterráneo,Living;Dormitorio;Comedor;Cocina;Baño;Pasillo;Home office;Cuarto de niños,Blanco;Madera clara;Beige;Neutros,Negro mate;Grafito;Azul profundo,Arena cálido de luminosidad alto (8/10) y saturación media (6/10) que aporta amplitud visual.,Alto,Media,Luminoso;Amplio;Cálido;Acogedor
01YY 75/115,Mañana Luminosa,Cálido,8,6,Arena,Rústico;Mediterráneo,Living;Dormitorio;Comedor;Cocina;Baño;Pasillo;Home office;Cuarto de niños,Blanco;Madera clara;Beige;Neutros,Negro mate;Grafito;Azul profundo,Arena cálido de luminosidad alto (8/10) y saturación media (6/10) que aporta amplitud visual.,Alto,Media,Luminoso;Amplio;Cálido;Acogedor
08YY 78/069,Marea Blanca,Cálido,8,5,Arena,Rústico;Mediterráneo,Living;Dormitorio;Comedor;Cocina;Baño;Pasillo;Home office;Cuarto de niños,Blanco;Madera clara;Beige,Negro mate;Grafito;Azul profundo,Arena cálido de luminosidad alto (8/10) y saturación media (5/10) que aporta amplitud visual.,Alto,Media,Luminoso;Amplio;Cálido;Acogedor
52YR 18/350,Marrón Ardilla,Cálido,2,5,Terracota,Dramático,Comedor;Living,Blanco;Madera clara;Beige;Blanco roto,Blanco;Crema;Azul profundo,Terracota cálido de luminosidad muy bajo (2/10) y saturación media (5/10) que genera profundidad.,Muy Bajo,Media,Profundo;Cálido;Acogedor;Natural
32YR 38/392,Melodía de la Tierra,Cálido,4,7,Arena,Pop;Maximalista,Comedor;Living,Blanco;Madera clara;Beige;Blanco roto;Neutros,Blanco;Crema;Azul profundo,Arena cálido de luminosidad bajo (4/10) y saturación alta (7/10) que equilibra el espacio.,Bajo,Alta,Suave;Cálido;Acogedor;Alegre
90YR 54/440,Melón Anaranjado,Cálido,5,9,Arena,Pop;Maximalista,Comedor;Living,Blanco;Madera clara;Beige;Neutros,Blanco;Crema;Azul profundo,Arena cálido de luminosidad medio (5/10) y saturación muy alta (9/10) que equilibra el espacio.,Medio,Muy Alta,Suave;Cálido;Acogedor;Alegre
70YR 45/261,Melón Perfumado,Cálido,5,6,Arena,Rústico;Mediterráneo,Comedor;Living,Blanco;Madera clara;Beige;Neutros,Blanco;Crema;Azul profundo,Arena cálido de luminosidad medio (5/10) y saturación media (6/10) que equilibra el espacio.,Medio,Media,Suave;Cálido;Acogedor;Natural
98YR 41/326,Miel de Crème Brûlée,Cálido,4,6,Arena,Contemporáneo,Living;Dormitorio;Comedor;Cocina;Baño;Pasillo;Home office;Cuarto de niños,Blanco;Madera clara;Beige;Blanco roto;Neutros,Blanco;Crema;Azul profundo,Arena cálido de luminosidad bajo (4/10) y saturación media (6/10) que equilibra el espacio.,Bajo,Media,Suave;Cálido;Acogedor;Natural
66YR 33/286,Moca Suave,Cálido,4,5,Terracota,Contemporáneo,Comedor;Living,Blanco;Madera clara;Beige;Blanco roto,Blanco;Crema;Azul profundo,Terracota cálido de luminosidad bajo (4/10) y saturación media (5/10) que equilibra el espacio.,Bajo,Media,Suave;Cálido;Acogedor;Natural
90YR 81/058,Momento Primaveral,Cálido,8,5,Arena,Rústico;Mediterráneo,Living;Comedor;Cocina;Dormitorio;Pasillo,Blanco;Madera clara;Beige,Negro mate;Grafito;Azul profundo,Arena cálido de luminosidad alto (8/10) y saturación media (5/10) que aporta amplitud visual.,Alto,Media,Luminoso;Amplio;Cálido;Acogedor
70YR 19/432,Moneda de Cobre,Cálido,3,6,Terracota,Dramático,Comedor;Living,Blanco;Madera clara;Beige;Blanco roto;Neutros,Blanco;Crema;Azul profundo,Terracota cálido de luminosidad bajo (3/10) y saturación media (6/10) que genera profundidad.,Bajo,Media,Profundo;Cálido;Acogedor;Natural
00YY 67/212,Mousse de Durazno,Cálido,7,7,Arena,Pop;Maximalista,Living;Comedor;Cocina,Blanco;Madera clara;Beige;Neutros,Negro mate;Grafito;Azul profundo,Arena cálido de luminosidad alto (7/10) y saturación alta (7/10) que aporta amplitud visual.,Alto,Alta,Luminoso;Amplio;Cálido;Acogedor
17YY 68/203,Mousse de Galletita,Cálido,7,7,Arena,Pop;Maximalista,Living;Dormitorio;Comedor;Cocina;Baño;Pasillo;Home office;Cuarto de niños,Blanco;Madera clara;Beige;Neutros,Negro mate;Grafito;Azul profundo,Arena cálido de luminosidad alto (7/10) y saturación alta (7/10) que aporta amplitud visual.,Alto,Alta,Luminoso;Amplio;Cálido;Acogedor
80YR 46/243,Muffin,Cálido,5,5,Arena,Rústico;Mediterráneo,Dormitorio;Pasillo;Comedor;Living,Blanco;Madera clara;Beige,Blanco;Crema;Azul profundo,Arena cálido de luminosidad medio (5/10) y saturación media (5/10) que equilibra el espacio.,Medio,Media,Suave;Cálido;Acogedor;Natural
57YR 27/226,Muros de Arcilla,Cálido,3,4,Terracota,Dramático,Living,Blanco;Madera clara;Beige;Blanco roto,Blanco;Crema;Azul profundo,Terracota cálido de luminosidad bajo (3/10) y saturación baja (4/10) que genera profundidad.,Bajo,Baja,Profundo;Cálido;Acogedor;Natural
90YR 83/044,Nacarado,Cálido,8,4,Arena,Minimalista;Nórdico;Japandi;Rústico;Mediterráneo,Living;Comedor;Cocina;Dormitorio;Pasillo,Blanco;Madera clara;Beige,Negro mate;Grafito;Azul profundo,Arena cálido de luminosidad alto (8/10) y saturación baja (4/10) que aporta amplitud visual.,Alto,Baja,Luminoso;Amplio;Cálido;Acogedor
50YR 18/650,Naranja Chino *,Cálido,3,7,Terracota,Pop;Maximalista;Dramático,Comedor;Living,Blanco;Madera clara;Beige;Blanco roto;Neutros,Blanco;Crema;Azul profundo,Terracota cálido de luminosidad bajo (3/10) y saturación alta (7/10) que genera profundidad.,Bajo,Alta,Profundo;Cálido;Acogedor;Alegre
78YR 39/593,Naranja del Desierto,Cálido,4,9,Arena,Pop;Maximalista,Comedor;Living,Blanco;Madera clara;Beige;Blanco roto;Neutros,Blanco;Crema;Azul profundo,Arena cálido de luminosidad bajo (4/10) y saturación muy alta (9/10) que equilibra el espacio.,Bajo,Muy Alta,Suave;Cálido;Acogedor;Alegre
78YR 39/576,Naranja Efímero,Cálido,4,8,Terracota,Pop;Maximalista,Comedor;Living,Blanco;Madera clara;Beige;Blanco roto;Neutros,Blanco;Crema;Azul profundo,Terracota cálido de luminosidad bajo (4/10) y saturación alta (8/10) que equilibra el espacio.,Bajo,Alta,Suave;Cálido;Acogedor;Alegre
34YR 23/583,Naranja en Llamas *,Cálido,3,7,Terracota,Pop;Maximalista;Dramático,Comedor;Living,Blanco;Madera clara;Beige;Blanco roto;Neutros,Blanco;Crema;Azul profundo,Terracota cálido de luminosidad bajo (3/10) y saturación alta (7/10) que genera profundidad.,Bajo,Alta,Profundo;Cálido;Acogedor;Alegre
68YR 28/701,Naranja Fiesta *,Cálido,4,8,Terracota,Pop;Maximalista,Comedor;Living,Blanco;Madera clara;Beige;Blanco roto;Neutros,Blanco;Crema;Azul profundo,Terracota cálido de luminosidad bajo (4/10) y saturación alta (8/10) que equilibra el espacio.,Bajo,Alta,Suave;Cálido;Acogedor;Alegre
80YR 45/427,Naranja Folclore,Cálido,5,8,Arena,Pop;Maximalista,Comedor;Living,Blanco;Madera clara;Beige;Neutros,Blanco;Crema;Azul profundo,Arena cálido de luminosidad medio (5/10) y saturación alta (8/10) que equilibra el espacio.,Medio,Alta,Suave;Cálido;Acogedor;Alegre
60YR 24/439,Naranja Pekín,Cálido,3,5,Terracota,Dramático,Comedor;Living,Blanco;Madera clara;Beige;Blanco roto,Blanco;Crema;Azul profundo,Terracota cálido de luminosidad bajo (3/10) y saturación media (5/10) que genera profundidad.,Bajo,Media,Profundo;Cálido;Acogedor;Natural
70YR 30/651,Naranjal *,Cálido,4,8,Terracota,Pop;Maximalista,Comedor;Living,Blanco;Madera clara;Beige;Blanco roto;Neutros,Blanco;Crema;Azul profundo,Terracota cálido de luminosidad bajo (4/10) y saturación alta (8/10) que equilibra el espacio.,Bajo,Alta,Suave;Cálido;Acogedor;Alegre
36YY 66/349,Néctar de Damasco,Cálido,7,10,Arena,Pop;Maximalista,Living;Comedor;Cocina,Blanco;Madera clara;Beige;Neutros,Negro mate;Grafito;Azul profundo,Arena cálido de luminosidad alto (7/10) y saturación muy alta (10/10) que aporta amplitud visual.,Alto,Muy Alta,Luminoso;Amplio;Cálido;Acogedor
80YR 31/419,Néctar Dorado,Cálido,4,6,Terracota,Contemporáneo,Comedor;Living,Blanco;Madera clara;Beige;Blanco roto;Neutros,Blanco;Crema;Azul profundo,Terracota cálido de luminosidad bajo (4/10) y saturación media (6/10) que equilibra el espacio.,Bajo,Media,Suave;Cálido;Acogedor;Natural
50YR 74/043,Nube Angelical,Cálido,7,3,Arena,Minimalista;Nórdico;Japandi;Rústico;Mediterráneo,Living;Comedor;Cocina;Dormitorio;Pasillo,Blanco;Madera clara;Beige,Negro mate;Grafito;Azul profundo,Arena cálido de luminosidad alto (7/10) y saturación baja (3/10) que aporta amplitud visual.,Alto,Baja,Luminoso;Amplio;Cálido;Acogedor
70YR 44/378,Ola de Calor,Cálido,5,7,Arena,Pop;Maximalista,Comedor;Living,Blanco;Madera clara;Beige;Neutros,Blanco;Crema;Azul profundo,Arena cálido de luminosidad medio (5/10) y saturación alta (7/10) que equilibra el espacio.,Medio,Alta,Suave;Cálido;Acogedor;Alegre
10YY 83/100,Orquídea Durazno,Cálido,8,6,Arena,Rústico;Mediterráneo,Living;Comedor;Cocina,Blanco;Madera clara;Beige;Neutros,Negro mate;Grafito;Azul profundo,Arena cálido de luminosidad alto (8/10) y saturación media (6/10) que aporta amplitud visual.,Alto,Media,Luminoso;Amplio;Cálido;Acogedor
60YR 40/297,Otoño Cálido,Cálido,4,6,Arena,Contemporáneo,Comedor;Living,Blanco;Madera clara;Beige;Blanco roto;Neutros,Blanco;Crema;Azul profundo,Arena cálido de luminosidad bajo (4/10) y saturación media (6/10) que equilibra el espacio.,Bajo,Media,Suave;Cálido;Acogedor;Natural
90YR 38/427,Panal de Miel,Cálido,4,7,Arena,Pop;Maximalista,Comedor;Living,Blanco;Madera clara;Beige;Blanco roto;Neutros,Blanco;Crema;Azul profundo,Arena cálido de luminosidad bajo (4/10) y saturación alta (7/10) que equilibra el espacio.,Bajo,Alta,Suave;Cálido;Acogedor;Alegre
06YY 75/218,Papaya,Cálido,7,8,Arena,Pop;Maximalista,Living;Comedor;Cocina,Blanco;Madera clara;Beige;Neutros,Negro mate;Grafito;Azul profundo,Arena cálido de luminosidad alto (7/10) y saturación alta (8/10) que aporta amplitud visual.,Alto,Alta,Luminoso;Amplio;Cálido;Acogedor
73YR 61/343,Papaya Sabrosa,Cálido,6,10,Arena,Pop;Maximalista,Living;Dormitorio;Comedor;Cocina;Baño;Pasillo;Home office;Cuarto de niños,Blanco;Madera clara;Beige;Neutros,Blanco;Crema;Azul profundo,Arena cálido de luminosidad medio (6/10) y saturación muy alta (10/10) que equilibra el espacio.,Medio,Muy Alta,Suave;Cálido;Acogedor;Alegre
00YY 76/088,Papel Reciclado,Cálido,8,5,Arena,Rústico;Mediterráneo,Living;Comedor;Cocina;Dormitorio;Pasillo,Blanco;Madera clara;Beige,Negro mate;Grafito;Azul profundo,Arena cálido de luminosidad alto (8/10) y saturación media (5/10) que aporta amplitud visual.,Alto,Media,Luminoso;Amplio;Cálido;Acogedor
90YR 46/346,Pasta de Maní,Cálido,5,7,Arena,Pop;Maximalista,Comedor;Living,Blanco;Madera clara;Beige;Neutros,Blanco;Crema;Azul profundo,Arena cálido de luminosidad medio (5/10) y saturación alta (7/10) que equilibra el espacio.,Medio,Alta,Suave;Cálido;Acogedor;Alegre
80YR 55/266,Pera Silvestre,Cálido,6,7,Arena,Pop;Maximalista,Comedor;Living,Blanco;Madera clara;Beige;Neutros,Blanco;Crema;Azul profundo,Arena cálido de luminosidad medio (6/10) y saturación alta (7/10) que equilibra el espacio.,Medio,Alta,Suave;Cálido;Acogedor;Alegre
10YY 74/063,Pétalo de Rosa,Cálido,7,4,Arena,Minimalista;Nórdico;Japandi;Rústico;Mediterráneo,Living;Comedor;Cocina;Dormitorio;Pasillo,Blanco;Madera clara;Beige,Negro mate;Grafito;Azul profundo,Arena cálido de luminosidad alto (7/10) y saturación baja (4/10) que aporta amplitud visual.,Alto,Baja,Luminoso;Amplio;Cálido;Acogedor
82YR 55/140,Piel Auténtica,Cálido,6,4,Arena,Rústico;Mediterráneo,Dormitorio;Pasillo,Blanco;Madera clara;Beige,Blanco;Crema;Azul profundo,Arena cálido de luminosidad medio (6/10) y saturación baja (4/10) que equilibra el espacio.,Medio,Baja,Suave;Cálido;Acogedor;Natural
45YR 11/240,Pimienta Ardiente,Cálido,2,5,Terracota,Dramático,Comedor;Living,Blanco;Madera clara;Beige;Blanco roto,Blanco;Crema;Azul profundo,Terracota cálido de luminosidad muy bajo (2/10) y saturación media (5/10) que genera profundidad.,Muy Bajo,Media,Profundo;Cálido;Acogedor;Natural
26YR 14/548,Pimiento *,Cálido,2,6,Terracota,Dramático,Comedor;Living,Blanco;Madera clara;Beige;Blanco roto;Neutros,Blanco;Crema;Azul profundo,Terracota cálido de luminosidad muy bajo (2/10) y saturación media (6/10) que genera profundidad.,Muy Bajo,Media,Profundo;Cálido;Acogedor;Natural
18YR 36/386,Pizca de Durazno,Cálido,4,7,Arena,Pop;Maximalista,Comedor;Living,Blanco;Madera clara;Beige;Blanco roto;Neutros,Blanco;Crema;Azul profundo,Arena cálido de luminosidad bajo (4/10) y saturación alta (7/10) que equilibra el espacio.,Bajo,Alta,Suave;Cálido;Acogedor;Alegre
52YR 37/501,Pleno Florecer,Cálido,4,8,Arena,Pop;Maximalista,Comedor;Living,Blanco;Madera clara;Beige;Blanco roto;Neutros,Blanco;Crema;Azul profundo,Arena cálido de luminosidad bajo (4/10) y saturación alta (8/10) que equilibra el espacio.,Bajo,Alta,Suave;Cálido;Acogedor;Alegre
76YR 27/558,Polen de Lila,Cálido,3,7,Terracota,Pop;Maximalista;Dramático,Comedor;Living,Blanco;Madera clara;Beige;Blanco roto;Neutros,Blanco;Crema;Azul profundo,Terracota cálido de luminosidad bajo (3/10) y saturación alta (7/10) que genera profundidad.,Bajo,Alta,Profundo;Cálido;Acogedor;Alegre
80YR 75/057,Polvo de Arroz,Cálido,8,4,Arena,Minimalista;Nórdico;Japandi;Rústico;Mediterráneo,Living;Comedor;Cocina;Dormitorio;Pasillo,Blanco;Madera clara;Beige,Negro mate;Grafito;Azul profundo,Arena cálido de luminosidad alto (8/10) y saturación baja (4/10) que aporta amplitud visual.,Alto,Baja,Luminoso;Amplio;Cálido;Acogedor
10YY 78/188,Polvo de Durazno,Cálido,8,9,Arena,Pop;Maximalista,Living;Comedor;Cocina,Blanco;Madera clara;Beige;Neutros,Negro mate;Grafito;Azul profundo,Arena cálido de luminosidad alto (8/10) y saturación muy alta (9/10) que aporta amplitud visual.,Alto,Muy Alta,Luminoso;Amplio;Cálido;Acogedor
82YR 38/316,Polvo de Marte,Cálido,4,6,Arena,Contemporáneo,Living;Dormitorio;Comedor;Cocina;Baño;Pasillo;Home office;Cuarto de niños,Blanco;Madera clara;Beige;Blanco roto;Neutros,Blanco;Crema;Azul profundo,Arena cálido de luminosidad bajo (4/10) y saturación media (6/10) que equilibra el espacio.,Bajo,Media,Suave;Cálido;Acogedor;Natural
56YR 48/398,Ponche de Durazno,Cálido,5,8,Arena,Pop;Maximalista,Comedor;Living,Blanco;Madera clara;Beige;Neutros,Blanco;Crema;Azul profundo,Arena cálido de luminosidad medio (5/10) y saturación alta (8/10) que equilibra el espacio.,Medio,Alta,Suave;Cálido;Acogedor;Alegre
50YR 87/019,Primer Amanecer,Cálido,9,4,Arena,Minimalista;Nórdico;Japandi;Rústico;Mediterráneo,Living;Comedor;Cocina;Dormitorio;Pasillo,Blanco;Madera clara;Beige,Negro mate;Grafito;Azul profundo,Arena cálido de luminosidad muy alto (9/10) y saturación baja (4/10) que aporta amplitud visual.,Muy Alto,Baja,Luminoso;Amplio;Cálido;Acogedor
52YR 21/567,Ralladura de Naranja *,Cálido,3,7,Terracota,Pop;Maximalista;Dramático,Comedor;Living,Blanco;Madera clara;Beige;Blanco roto;Neutros,Blanco;Crema;Azul profundo,Terracota cálido de luminosidad bajo (3/10) y saturación alta (7/10) que genera profundidad.,Bajo,Alta,Profundo;Cálido;Acogedor;Alegre
80YR 32/489,Rayas de Tigre,Cálido,4,7,Terracota,Pop;Maximalista,Comedor;Living,Blanco;Madera clara;Beige;Blanco roto;Neutros,Blanco;Crema;Azul profundo,Terracota cálido de luminosidad bajo (4/10) y saturación alta (7/10) que equilibra el espacio.,Bajo,Alta,Suave;Cálido;Acogedor;Alegre
50YR 48/219,Reflejo de Coral,Cálido,5,6,Arena,Rústico;Mediterráneo,Comedor;Living,Blanco;Madera clara;Beige;Neutros,Blanco;Crema;Azul profundo,Arena cálido de luminosidad medio (5/10) y saturación media (6/10) que equilibra el espacio.,Medio,Media,Suave;Cálido;Acogedor;Natural
31YR 50/290,Reflejo de Salmón,Cálido,5,7,Arena,Pop;Maximalista,Comedor;Living,Blanco;Madera clara;Beige;Neutros,Blanco;Crema;Azul profundo,Arena cálido de luminosidad medio (5/10) y saturación alta (7/10) que equilibra el espacio.,Medio,Alta,Suave;Cálido;Acogedor;Alegre
90YR 23/274,Relieve en Cobre,Cálido,3,4,Terracota,Dramático,Living,Blanco;Madera clara;Beige;Blanco roto,Blanco;Crema;Azul profundo,Terracota cálido de luminosidad bajo (3/10) y saturación baja (4/10) que genera profundidad.,Bajo,Baja,Profundo;Cálido;Acogedor;Natural
60YR 55/271,Ritual Rosado,Cálido,6,8,Arena,Pop;Maximalista,Comedor;Living,Blanco;Madera clara;Beige;Neutros,Blanco;Crema;Azul profundo,Arena cálido de luminosidad medio (6/10) y saturación alta (8/10) que equilibra el espacio.,Medio,Alta,Suave;Cálido;Acogedor;Alegre
60YR 13/371,Rojizo Profundo *,Cálido,2,6,Terracota,Dramático,Comedor;Living,Blanco;Madera clara;Beige;Blanco roto;Neutros,Blanco;Crema;Azul profundo,Terracota cálido de luminosidad muy bajo (2/10) y saturación media (6/10) que genera profundidad.,Muy Bajo,Media,Profundo;Cálido;Acogedor;Natural
50YR 15/377,Rojo Alfarero,Cálido,2,5,Terracota,Dramático,Comedor;Living,Blanco;Madera clara;Beige;Blanco roto,Blanco;Crema;Azul profundo,Terracota cálido de luminosidad muy bajo (2/10) y saturación media (5/10) que genera profundidad.,Muy Bajo,Media,Profundo;Cálido;Acogedor;Natural
30YR 20/595,Rojo Cardenal *,Cálido,3,6,Terracota,Dramático,Comedor;Living,Blanco;Madera clara;Beige;Blanco roto;Neutros,Blanco;Crema;Azul profundo,Terracota cálido de luminosidad bajo (3/10) y saturación media (6/10) que genera profundidad.,Bajo,Media,Profundo;Cálido;Acogedor;Natural
30YR 21/505,Rojo Insignia,Cálido,3,6,Terracota,Dramático,Comedor;Living,Blanco;Madera clara;Beige;Blanco roto;Neutros,Blanco;Crema;Azul profundo,Terracota cálido de luminosidad bajo (3/10) y saturación media (6/10) que genera profundidad.,Bajo,Media,Profundo;Cálido;Acogedor;Natural
30YR 15/550,Rojo Pekín,Cálido,2,6,Terracota,Dramático,Comedor;Living,Blanco;Madera clara;Beige;Blanco roto;Neutros,Blanco;Crema;Azul profundo,Terracota cálido de luminosidad muy bajo (2/10) y saturación media (6/10) que genera profundidad.,Muy Bajo,Media,Profundo;Cálido;Acogedor;Natural
22YR 18/488,Rojo Routelle,Cálido,2,6,Terracota,Dramático,Comedor;Living,Blanco;Madera clara;Beige;Blanco roto;Neutros,Blanco;Crema;Azul profundo,Terracota cálido de luminosidad muy bajo (2/10) y saturación media (6/10) que genera profundidad.,Muy Bajo,Media,Profundo;Cálido;Acogedor;Natural
30YR 13/471,Rojo Vesubio *,Cálido,2,6,Terracota,Dramático,Comedor;Living,Blanco;Madera clara;Beige;Blanco roto;Neutros,Blanco;Crema;Azul profundo,Terracota cálido de luminosidad muy bajo (2/10) y saturación media (6/10) que genera profundidad.,Muy Bajo,Media,Profundo;Cálido;Acogedor;Natural
30YR 43/295,Rosa Adobe,Cálido,5,6,Arena,Rústico;Mediterráneo,Comedor;Living,Blanco;Madera clara;Beige;Neutros,Blanco;Crema;Azul profundo,Arena cálido de luminosidad medio (5/10) y saturación media (6/10) que equilibra el espacio.,Medio,Media,Suave;Cálido;Acogedor;Natural
60YR 83/060,Rosa Alabastro,Cálido,8,5,Arena,Rústico;Mediterráneo,Living;Comedor;Cocina;Dormitorio;Pasillo,Blanco;Madera clara;Beige,Negro mate;Grafito;Azul profundo,Arena cálido de luminosidad alto (8/10) y saturación media (5/10) que aporta amplitud visual.,Alto,Media,Luminoso;Amplio;Cálido;Acogedor
50YR 83/040,Rosa Azúcar,Cálido,8,4,Arena,Minimalista;Nórdico;Japandi;Rústico;Mediterráneo,Living;Comedor;Cocina;Dormitorio;Pasillo,Blanco;Madera clara;Beige,Negro mate;Grafito;Azul profundo,Arena cálido de luminosidad alto (8/10) y saturación baja (4/10) que aporta amplitud visual.,Alto,Baja,Luminoso;Amplio;Cálido;Acogedor
60YR 75/075,Rosa Bata,Cálido,8,5,Arena,Rústico;Mediterráneo,Living;Comedor;Cocina;Dormitorio;Pasillo,Blanco;Madera clara;Beige,Negro mate;Grafito;Azul profundo,Arena cálido de luminosidad alto (8/10) y saturación media (5/10) que aporta amplitud visual.,Alto,Media,Luminoso;Amplio;Cálido;Acogedor
50YR 58/093,Rosa del Desierto,Cálido,6,3,Arena,Rústico;Mediterráneo,Dormitorio;Pasillo,Blanco;Madera clara;Beige,Blanco;Crema;Azul profundo,Arena cálido de luminosidad medio (6/10) y saturación baja (3/10) que equilibra el espacio.,Medio,Baja,Suave;Cálido;Acogedor;Sobrio
30YR 38/337,Rosa Durazno,Cálido,4,6,Arena,Contemporáneo,Comedor;Living,Blanco;Madera clara;Beige;Blanco roto;Neutros,Blanco;Crema;Azul profundo,Arena cálido de luminosidad bajo (4/10) y saturación media (6/10) que equilibra el espacio.,Bajo,Media,Suave;Cálido;Acogedor;Natural
32YR 78/106,Rosa Mimosa,Cálido,8,7,Arena,Pop;Maximalista,Living;Comedor;Cocina,Blanco;Madera clara;Beige;Neutros,Negro mate;Grafito;Azul profundo,Arena cálido de luminosidad alto (8/10) y saturación alta (7/10) que aporta amplitud visual.,Alto,Alta,Luminoso;Amplio;Cálido;Acogedor
80YR 69/114,Rosa Ópera,Cálido,7,5,Arena,Rústico;Mediterráneo,Living;Comedor;Cocina;Dormitorio;Pasillo,Blanco;Madera clara;Beige,Negro mate;Grafito;Azul profundo,Arena cálido de luminosidad alto (7/10) y saturación media (5/10) que aporta amplitud visual.,Alto,Media,Luminoso;Amplio;Cálido;Acogedor
50YR 68/114,Rosa Poción,Cálido,7,5,Arena,Rústico;Mediterráneo,Living;Comedor;Cocina;Dormitorio;Pasillo,Blanco;Madera clara;Beige,Negro mate;Grafito;Azul profundo,Arena cálido de luminosidad alto (7/10) y saturación media (5/10) que aporta amplitud visual.,Alto,Media,Luminoso;Amplio;Cálido;Acogedor
50YR 66/091,Rosa Pueblo,Cálido,7,4,Arena,Minimalista;Nórdico;Japandi;Rústico;Mediterráneo,Living;Comedor;Cocina;Dormitorio;Pasillo,Blanco;Madera clara;Beige,Negro mate;Grafito;Azul profundo,Arena cálido de luminosidad alto (7/10) y saturación baja (4/10) que aporta amplitud visual.,Alto,Baja,Luminoso;Amplio;Cálido;Acogedor
60YR 59/261,Rosa Salmón,Cálido,6,8,Arena,Pop;Maximalista,Comedor;Living,Blanco;Madera clara;Beige;Neutros,Blanco;Crema;Azul profundo,Arena cálido de luminosidad medio (6/10) y saturación alta (8/10) que equilibra el espacio.,Medio,Alta,Suave;Cálido;Acogedor;Alegre
30YR 68/127,Rosa Vino,Cálido,7,6,Arena,Rústico;Mediterráneo,Living;Comedor;Cocina,Blanco;Madera clara;Beige;Neutros,Negro mate;Grafito;Azul profundo,Arena cálido de luminosidad alto (7/10) y saturación media (6/10) que aporta amplitud visual.,Alto,Media,Luminoso;Amplio;Cálido;Acogedor
80YR 26/323,Rubor de Otoño,Cálido,3,4,Terracota,Dramático,Living,Blanco;Madera clara;Beige;Blanco roto,Blanco;Crema;Azul profundo,Terracota cálido de luminosidad bajo (3/10) y saturación baja (4/10) que genera profundidad.,Bajo,Baja,Profundo;Cálido;Acogedor;Natural
57YR 77/102,Rubor Leve,Cálido,8,7,Arena,Pop;Maximalista,Living;Comedor;Cocina,Blanco;Madera clara;Beige;Neutros,Negro mate;Grafito;Azul profundo,Arena cálido de luminosidad alto (8/10) y saturación alta (7/10) que aporta amplitud visual.,Alto,Alta,Luminoso;Amplio;Cálido;Acogedor
60YR 56/190,Rubor Naranja,Cálido,6,6,Arena,Rústico;Mediterráneo,Comedor;Living,Blanco;Madera clara;Beige;Neutros,Blanco;Crema;Azul profundo,Arena cálido de luminosidad medio (6/10) y saturación media (6/10) que equilibra el espacio.,Medio,Media,Suave;Cálido;Acogedor;Natural
28YR 25/461,Sabor a Tango,Cálido,3,6,Terracota,Dramático,Comedor;Living,Blanco;Madera clara;Beige;Blanco roto;Neutros,Blanco;Crema;Azul profundo,Terracota cálido de luminosidad bajo (3/10) y saturación media (6/10) que genera profundidad.,Bajo,Media,Profundo;Cálido;Acogedor;Natural
23YR 45/369,Salmón Fresco,Cálido,5,8,Arena,Pop;Maximalista,Comedor;Living,Blanco;Madera clara;Beige;Neutros,Blanco;Crema;Azul profundo,Arena cálido de luminosidad medio (5/10) y saturación alta (8/10) que equilibra el espacio.,Medio,Alta,Suave;Cálido;Acogedor;Alegre
61YR 61/229,Salmón Sensacional,Cálido,6,8,Arena,Pop;Maximalista,Comedor;Living,Blanco;Madera clara;Beige;Neutros,Blanco;Crema;Azul profundo,Arena cálido de luminosidad medio (6/10) y saturación alta (8/10) que equilibra el espacio.,Medio,Alta,Suave;Cálido;Acogedor;Alegre
60YR 40/423,Salmón Suave,Cálido,4,7,Arena,Pop;Maximalista,Comedor;Living,Blanco;Madera clara;Beige;Blanco roto;Neutros,Blanco;Crema;Azul profundo,Arena cálido de luminosidad bajo (4/10) y saturación alta (7/10) que equilibra el espacio.,Bajo,Alta,Suave;Cálido;Acogedor;Alegre
70YR 68/102,Secreto Oculto,Cálido,7,5,Arena,Rústico;Mediterráneo,Living;Comedor;Cocina;Dormitorio;Pasillo,Blanco;Madera clara;Beige,Negro mate;Grafito;Azul profundo,Arena cálido de luminosidad alto (7/10) y saturación media (5/10) que aporta amplitud visual.,Alto,Media,Luminoso;Amplio;Cálido;Acogedor
80YR 77/115,Seda Durazno,Cálido,8,7,Arena,Pop;Maximalista,Living;Comedor;Cocina,Blanco;Madera clara;Beige;Neutros,Negro mate;Grafito;Azul profundo,Arena cálido de luminosidad alto (8/10) y saturación alta (7/10) que aporta amplitud visual.,Alto,Alta,Luminoso;Amplio;Cálido;Acogedor
11YY 85/042,Seda Suculenta,Cálido,9,4,Arena,Minimalista;Nórdico;Japandi;Rústico;Mediterráneo,Living;Dormitorio;Comedor;Cocina;Baño;Pasillo;Home office;Cuarto de niños,Blanco;Madera clara;Beige,Negro mate;Grafito;Azul profundo,Arena cálido de luminosidad muy alto (9/10) y saturación baja (4/10) que aporta amplitud visual.,Muy Alto,Baja,Luminoso;Amplio;Cálido;Acogedor
30YR 18/596,Sensación Cereza *,Cálido,2,7,Terracota,Pop;Maximalista;Dramático,Living;Dormitorio;Comedor;Cocina;Baño;Pasillo;Home office;Cuarto de niños,Blanco;Madera clara;Beige;Blanco roto;Neutros,Blanco;Crema;Azul profundo,Terracota cálido de luminosidad muy bajo (2/10) y saturación alta (7/10) que genera profundidad.,Muy Bajo,Alta,Profundo;Cálido;Acogedor;Alegre
74YR 68/064,Sensación de Arena,Cálido,7,3,Arena,Minimalista;Nórdico;Japandi;Rústico;Mediterráneo,Living;Comedor;Cocina;Dormitorio;Pasillo,Blanco;Madera clara;Beige,Negro mate;Grafito;Azul profundo,Arena cálido de luminosidad alto (7/10) y saturación baja (3/10) que aporta amplitud visual.,Alto,Baja,Luminoso;Amplio;Cálido;Acogedor
49YR 59/226,Sensación Siena,Cálido,6,7,Arena,Pop;Maximalista,Comedor;Living,Blanco;Madera clara;Beige;Neutros,Blanco;Crema;Azul profundo,Arena cálido de luminosidad medio (6/10) y saturación alta (7/10) que equilibra el espacio.,Medio,Alta,Suave;Cálido;Acogedor;Alegre
29YR 19/621,Shangai *,Cálido,3,6,Terracota,Dramático,Comedor;Living,Blanco;Madera clara;Beige;Blanco roto;Neutros,Blanco;Crema;Azul profundo,Terracota cálido de luminosidad bajo (3/10) y saturación media (6/10) que genera profundidad.,Bajo,Media,Profundo;Cálido;Acogedor;Natural
87YR 67/204,Sidra de Naranja,Cálido,7,8,Arena,Pop;Maximalista,Living;Comedor;Cocina,Blanco;Madera clara;Beige;Neutros,Negro mate;Grafito;Azul profundo,Arena cálido de luminosidad alto (7/10) y saturación alta (8/10) que aporta amplitud visual.,Alto,Alta,Luminoso;Amplio;Cálido;Acogedor
84YR 49/139,Siesta Relajante,Cálido,5,4,Arena,Rústico;Mediterráneo,Dormitorio;Pasillo,Blanco;Madera clara;Beige,Blanco;Crema;Azul profundo,Arena cálido de luminosidad medio (5/10) y saturación baja (4/10) que equilibra el espacio.,Medio,Baja,Suave;Cálido;Acogedor;Natural
49YR 27/627,Sol Ardiente *,Cálido,3,8,Terracota,Pop;Maximalista;Dramático,Living;Dormitorio;Comedor;Cocina;Baño;Pasillo;Home office;Cuarto de niños,Blanco;Madera clara;Beige;Blanco roto;Neutros,Blanco;Crema;Azul profundo,Terracota cálido de luminosidad bajo (3/10) y saturación alta (8/10) que genera profundidad.,Bajo,Alta,Profundo;Cálido;Acogedor;Alegre
80YR 37/516,Sol de Samoa,Cálido,4,8,Arena,Pop;Maximalista,Comedor;Living,Blanco;Madera clara;Beige;Blanco roto;Neutros,Blanco;Crema;Azul profundo,Arena cálido de luminosidad bajo (4/10) y saturación alta (8/10) que equilibra el espacio.,Bajo,Alta,Suave;Cálido;Acogedor;Alegre
23YR 66/193,Sol Poniente,Cálido,7,8,Arena,Pop;Maximalista,Living;Comedor;Cocina,Blanco;Madera clara;Beige;Neutros,Negro mate;Grafito;Azul profundo,Arena cálido de luminosidad alto (7/10) y saturación alta (8/10) que aporta amplitud visual.,Alto,Alta,Luminoso;Amplio;Cálido;Acogedor
50YR 36/263,Sombra de Cedro,Cálido,4,5,Arena,Contemporáneo,Comedor;Living,Blanco;Madera clara;Beige;Blanco roto,Blanco;Crema;Azul profundo,Arena cálido de luminosidad bajo (4/10) y saturación media (5/10) que equilibra el espacio.,Bajo,Media,Suave;Cálido;Acogedor;Natural
70YR 35/216,Sonora,Cálido,4,4,Arena,Contemporáneo,Living,Blanco;Madera clara;Beige;Blanco roto,Blanco;Crema;Azul profundo,Arena cálido de luminosidad bajo (4/10) y saturación baja (4/10) que equilibra el espacio.,Bajo,Baja,Suave;Cálido;Acogedor;Natural
80YR 72/159,Soplo de Durazno,Cálido,7,7,Arena,Pop;Maximalista,Living;Comedor;Cocina,Blanco;Madera clara;Beige;Neutros,Negro mate;Grafito;Azul profundo,Arena cálido de luminosidad alto (7/10) y saturación alta (7/10) que aporta amplitud visual.,Alto,Alta,Luminoso;Amplio;Cálido;Acogedor
85YR 32/167,Suela,Cálido,4,3,Terracota,Contemporáneo,Living,Blanco;Madera clara;Beige;Blanco roto,Blanco;Crema;Azul profundo,Terracota cálido de luminosidad bajo (4/10) y saturación baja (3/10) que equilibra el espacio.,Bajo,Baja,Suave;Cálido;Acogedor;Sobrio
75YR 18/393,Sueño Sevillano,Cálido,2,6,Terracota,Dramático,Comedor;Living,Blanco;Madera clara;Beige;Blanco roto;Neutros,Blanco;Crema;Azul profundo,Terracota cálido de luminosidad muy bajo (2/10) y saturación media (6/10) que genera profundidad.,Muy Bajo,Media,Profundo;Cálido;Acogedor;Natural
99YR 83/059,Susurro de Ángeles,Cálido,8,6,Arena,Rústico;Mediterráneo,Living;Comedor;Cocina,Blanco;Madera clara;Beige;Neutros,Negro mate;Grafito;Azul profundo,Arena cálido de luminosidad alto (8/10) y saturación media (6/10) que aporta amplitud visual.,Alto,Media,Luminoso;Amplio;Cálido;Acogedor
90YR 84/076,Talco de Bebé,Cálido,8,7,Arena,Pop;Maximalista,Living;Dormitorio;Comedor;Cocina;Baño;Pasillo;Home office;Cuarto de niños,Blanco;Madera clara;Beige;Neutros,Negro mate;Grafito;Azul profundo,Arena cálido de luminosidad alto (8/10) y saturación alta (7/10) que aporta amplitud visual.,Alto,Alta,Luminoso;Amplio;Cálido;Acogedor
40YR 75/107,Talco Rosado,Cálido,8,7,Arena,Pop;Maximalista,Living;Comedor;Cocina,Blanco;Madera clara;Beige;Neutros,Negro mate;Grafito;Azul profundo,Arena cálido de luminosidad alto (8/10) y saturación alta (7/10) que aporta amplitud visual.,Alto,Alta,Luminoso;Amplio;Cálido;Acogedor
80YR 20/488,Té de la India,Cálido,3,6,Terracota,Dramático,Comedor;Living,Blanco;Madera clara;Beige;Blanco roto;Neutros,Blanco;Crema;Azul profundo,Terracota cálido de luminosidad bajo (3/10) y saturación media (6/10) que genera profundidad.,Bajo,Media,Profundo;Cálido;Acogedor;Natural
17YR 13/463,Teatro de Títeres,Cálido,2,6,Terracota,Dramático,Living;Dormitorio;Comedor;Cocina;Baño;Pasillo;Home office;Cuarto de niños,Blanco;Madera clara;Beige;Blanco roto;Neutros,Blanco;Crema;Azul profundo,Terracota cálido de luminosidad muy bajo (2/10) y saturación media (6/10) que genera profundidad.,Muy Bajo,Media,Profundo;Cálido;Acogedor;Natural
54YR 22/344,Teja Continental,Cálido,3,5,Terracota,Dramático,Comedor;Living,Blanco;Madera clara;Beige;Blanco roto,Blanco;Crema;Azul profundo,Terracota cálido de luminosidad bajo (3/10) y saturación media (5/10) que genera profundidad.,Bajo,Media,Profundo;Cálido;Acogedor;Natural
60YR 36/468,Templo,Cálido,4,7,Arena,Pop;Maximalista,Comedor;Living,Blanco;Madera clara;Beige;Blanco roto;Neutros,Blanco;Crema;Azul profundo,Arena cálido de luminosidad bajo (4/10) y saturación alta (7/10) que equilibra el espacio.,Bajo,Alta,Suave;Cálido;Acogedor;Alegre
99YR 61/205,Terraplén,Cálido,6,6,Arena,Rústico;Mediterráneo,Living;Dormitorio;Comedor;Cocina;Baño;Pasillo;Home office;Cuarto de niños,Blanco;Madera clara;Beige;Neutros,Blanco;Crema;Azul profundo,Arena cálido de luminosidad medio (6/10) y saturación media (6/10) que equilibra el espacio.,Medio,Media,Suave;Cálido;Acogedor;Natural
00YY 43/304,Tesoro de Córcega,Cálido,5,6,Arena,Rústico;Mediterráneo,Comedor;Living,Blanco;Madera clara;Beige;Neutros,Blanco;Crema;Azul profundo,Arena cálido de luminosidad medio (5/10) y saturación media (6/10) que equilibra el espacio.,Medio,Media,Suave;Cálido;Acogedor;Natural
80YR 17/406,Tesoro Valioso *,Cálido,2,6,Terracota,Dramático,Comedor;Living,Blanco;Madera clara;Beige;Blanco roto;Neutros,Blanco;Crema;Azul profundo,Terracota cálido de luminosidad muy bajo (2/10) y saturación media (6/10) que genera profundidad.,Muy Bajo,Media,Profundo;Cálido;Acogedor;Natural
60YR 54/287,Tierra del Durazno,Cálido,6,8,Arena,Pop;Maximalista,Comedor;Living,Blanco;Madera clara;Beige;Neutros,Blanco;Crema;Azul profundo,Arena cálido de luminosidad medio (6/10) y saturación alta (8/10) que equilibra el espacio.,Medio,Alta,Suave;Cálido;Acogedor;Alegre
60YR 31/368,Tierra del Fuego,Cálido,4,6,Terracota,Contemporáneo,Comedor;Living,Blanco;Madera clara;Beige;Blanco roto;Neutros,Blanco;Crema;Azul profundo,Terracota cálido de luminosidad bajo (4/10) y saturación media (6/10) que equilibra el espacio.,Bajo,Media,Suave;Cálido;Acogedor;Natural
70YR 19/557,Tierra Egipcia,Cálido,3,6,Terracota,Dramático,Comedor;Living,Blanco;Madera clara;Beige;Blanco roto;Neutros,Blanco;Crema;Azul profundo,Terracota cálido de luminosidad bajo (3/10) y saturación media (6/10) que genera profundidad.,Bajo,Media,Profundo;Cálido;Acogedor;Natural
18YR 54/304,Tinte de Flamenco,Cálido,6,9,Arena,Pop;Maximalista,Comedor;Living,Blanco;Madera clara;Beige;Neutros,Blanco;Crema;Azul profundo,Arena cálido de luminosidad medio (6/10) y saturación muy alta (9/10) que equilibra el espacio.,Medio,Muy Alta,Suave;Cálido;Acogedor;Alegre
67YR 77/081,Toallas Mullidas,Cálido,8,5,Arena,Rústico;Mediterráneo,Living;Comedor;Cocina;Dormitorio;Pasillo,Blanco;Madera clara;Beige,Negro mate;Grafito;Azul profundo,Arena cálido de luminosidad alto (8/10) y saturación media (5/10) que aporta amplitud visual.,Alto,Media,Luminoso;Amplio;Cálido;Acogedor
46YR 12/287,Tobogán de Lodo,Cálido,2,5,Terracota,Dramático,Comedor;Living,Blanco;Madera clara;Beige;Blanco roto,Blanco;Crema;Azul profundo,Terracota cálido de luminosidad muy bajo (2/10) y saturación media (5/10) que genera profundidad.,Muy Bajo,Media,Profundo;Cálido;Acogedor;Natural
90YR 31/605,Topacio Soleado *,Cálido,4,7,Terracota,Pop;Maximalista,Comedor;Living,Blanco;Madera clara;Beige;Blanco roto;Neutros,Blanco;Crema;Azul profundo,Terracota cálido de luminosidad bajo (4/10) y saturación alta (7/10) que equilibra el espacio.,Bajo,Alta,Suave;Cálido;Acogedor;Alegre
17YY 79/105,Toque de Azúcar,Cálido,8,6,Arena,Rústico;Mediterráneo,Living;Dormitorio;Comedor;Cocina;Baño;Pasillo;Home office;Cuarto de niños,Blanco;Madera clara;Beige;Neutros,Negro mate;Grafito;Azul profundo,Arena cálido de luminosidad alto (8/10) y saturación media (6/10) que aporta amplitud visual.,Alto,Media,Luminoso;Amplio;Cálido;Acogedor
90YR 57/293,Toque de Damasco,Cálido,6,8,Arena,Pop;Maximalista,Comedor;Living,Blanco;Madera clara;Beige;Neutros,Blanco;Crema;Azul profundo,Arena cálido de luminosidad medio (6/10) y saturación alta (8/10) que equilibra el espacio.,Medio,Alta,Suave;Cálido;Acogedor;Alegre
08YY 83/117,Toque de Melaza,Cálido,8,8,Arena,Pop;Maximalista,Living;Dormitorio;Comedor;Cocina;Baño;Pasillo;Home office;Cuarto de niños,Blanco;Madera clara;Beige;Neutros,Negro mate;Grafito;Azul profundo,Arena cálido de luminosidad alto (8/10) y saturación alta (8/10) que aporta amplitud visual.,Alto,Alta,Luminoso;Amplio;Cálido;Acogedor
80YR 57/293,Torbellino de Durazno,Cálido,6,8,Arena,Pop;Maximalista,Comedor;Living,Blanco;Madera clara;Beige;Neutros,Blanco;Crema;Azul profundo,Arena cálido de luminosidad medio (6/10) y saturación alta (8/10) que equilibra el espacio.,Medio,Alta,Suave;Cálido;Acogedor;Alegre
00YY 62/144,Travertino,Cálido,6,5,Arena,Rústico;Mediterráneo,Dormitorio;Pasillo;Comedor;Living,Blanco;Madera clara;Beige,Blanco;Crema;Azul profundo,Arena cálido de luminosidad medio (6/10) y saturación media (5/10) que equilibra el espacio.,Medio,Media,Suave;Cálido;Acogedor;Natural
10YY 53/337,Trigo Dorado,Cálido,6,7,Arena,Pop;Maximalista,Comedor;Living,Blanco;Madera clara;Beige;Neutros,Blanco;Crema;Azul profundo,Arena cálido de luminosidad medio (6/10) y saturación alta (7/10) que equilibra el espacio.,Medio,Alta,Suave;Cálido;Acogedor;Alegre
80YR 44/311,Trigo Integral,Cálido,5,6,Arena,Rústico;Mediterráneo,Comedor;Living,Blanco;Madera clara;Beige;Neutros,Blanco;Crema;Azul profundo,Arena cálido de luminosidad medio (5/10) y saturación media (6/10) que equilibra el espacio.,Medio,Media,Suave;Cálido;Acogedor;Natural
90YR 48/183,Trigo Suave,Cálido,5,4,Arena,Rústico;Mediterráneo,Dormitorio;Pasillo,Blanco;Madera clara;Beige,Blanco;Crema;Azul profundo,Arena cálido de luminosidad medio (5/10) y saturación baja (4/10) que equilibra el espacio.,Medio,Baja,Suave;Cálido;Acogedor;Natural
30YR 25/463,Tulipán Africano,Cálido,3,6,Terracota,Dramático,Comedor;Living,Blanco;Madera clara;Beige;Blanco roto;Neutros,Blanco;Crema;Azul profundo,Terracota cálido de luminosidad bajo (3/10) y saturación media (6/10) que genera profundidad.,Bajo,Media,Profundo;Cálido;Acogedor;Natural
90YR 41/472,Valencia,Cálido,5,7,Arena,Pop;Maximalista,Comedor;Living,Blanco;Madera clara;Beige;Neutros,Blanco;Crema;Azul profundo,Arena cálido de luminosidad medio (5/10) y saturación alta (7/10) que equilibra el espacio.,Medio,Alta,Suave;Cálido;Acogedor;Alegre
20YY 67/216,Vara de Mimbre,Cálido,7,7,Arena,Pop;Maximalista,Living;Comedor;Cocina,Blanco;Madera clara;Beige;Neutros,Negro mate;Grafito;Azul profundo,Arena cálido de luminosidad alto (7/10) y saturación alta (7/10) que aporta amplitud visual.,Alto,Alta,Luminoso;Amplio;Cálido;Acogedor
50YR 21/318,Vasija de Arcilla,Cálido,3,4,Terracota,Dramático,Living,Blanco;Madera clara;Beige;Blanco roto,Blanco;Crema;Azul profundo,Terracota cálido de luminosidad bajo (3/10) y saturación baja (4/10) que genera profundidad.,Bajo,Baja,Profundo;Cálido;Acogedor;Natural
30YR 12/292,Verano Siciliano,Cálido,2,4,Terracota,Dramático,Living,Blanco;Madera clara;Beige;Blanco roto,Blanco;Crema;Azul profundo,Terracota cálido de luminosidad muy bajo (2/10) y saturación baja (4/10) que genera profundidad.,Muy Bajo,Baja,Profundo;Cálido;Acogedor;Natural
99YR 62/459,Villa Toscana,Cálido,6,10,Arena,Pop;Maximalista,Living;Dormitorio;Comedor;Cocina;Baño;Pasillo;Home office;Cuarto de niños,Blanco;Madera clara;Beige;Neutros,Blanco;Crema;Azul profundo,Arena cálido de luminosidad medio (6/10) y saturación muy alta (10/10) que equilibra el espacio.,Medio,Muy Alta,Suave;Cálido;Acogedor;Alegre
90YR 77/115,Yogur de Durazno,Cálido,8,7,Arena,Pop;Maximalista,Living;Comedor;Cocina,Blanco;Madera clara;Beige;Neutros,Negro mate;Grafito;Azul profundo,Arena cálido de luminosidad alto (8/10) y saturación alta (7/10) que aporta amplitud visual.,Alto,Alta,Luminoso;Amplio;Cálido;Acogedor
53YY 77/064,Adorable Primavera,Cálido,8,4,Arena,Minimalista;Nórdico;Japandi;Rústico;Mediterráneo,Living;Dormitorio;Comedor;Cocina;Baño;Pasillo;Home office;Cuarto de niños,Blanco;Madera clara;Beige,Negro mate;Grafito;Azul profundo,Arena cálido de luminosidad alto (8/10) y saturación baja (4/10) que aporta amplitud visual.,Alto,Baja,Luminoso;Amplio;Cálido;Acogedor
10YR 28/072,Adorno Rupestre,Cálido,3,2,Gris cálido,Dramático,Living,Blanco;Madera clara;Beige;Blanco roto,Blanco;Crema;Azul profundo,Gris cálido cálido de luminosidad bajo (3/10) y saturación muy baja (2/10) que genera profundidad.,Bajo,Muy Baja,Profundo;Cálido;Acogedor;Sobrio
00NN 13/000,Ágata de Islandia,Neutro,2,1,Grafito,Dramático,Living,Blanco;Madera clara;Negro mate;Blanco roto,Blanco;Crema;Verde oliva,Grafito neutro de luminosidad muy bajo (2/10) y saturación muy baja (1/10) que genera profundidad.,Muy Bajo,Muy Baja,Profundo;Neutro;Elegante;Sobrio
90YR 66/070,Agua de Rosas,Cálido,7,3,Arena,Minimalista;Nórdico;Japandi;Rústico;Mediterráneo,Living;Comedor;Cocina;Dormitorio;Pasillo,Blanco;Madera clara;Beige,Negro mate;Grafito;Azul profundo,Arena cálido de luminosidad alto (7/10) y saturación baja (3/10) que aporta amplitud visual.,Alto,Baja,Luminoso;Amplio;Cálido;Acogedor
80YR 57/070,Al Natural,Cálido,6,3,Arena,Rústico;Mediterráneo,Dormitorio;Pasillo,Blanco;Madera clara;Beige,Blanco;Crema;Azul profundo,Arena cálido de luminosidad medio (6/10) y saturación baja (3/10) que equilibra el espacio.,Medio,Baja,Suave;Cálido;Acogedor;Sobrio
10RR 73/016,Alas de Paloma,Neutro,7,2,Gris frío,Minimalista;Nórdico;Japandi,Living;Comedor;Cocina;Dormitorio;Pasillo,Blanco;Madera clara;Negro mate,Negro mate;Grafito;Verde oliva,Gris frío neutro de luminosidad alto (7/10) y saturación muy baja (2/10) que aporta amplitud visual.,Alto,Muy Baja,Luminoso;Amplio;Neutro;Elegante
30YY 24/177,Alazán,Cálido,3,3,Terracota,Dramático,Living,Blanco;Madera clara;Beige;Blanco roto,Blanco;Crema;Azul profundo,Terracota cálido de luminosidad bajo (3/10) y saturación baja (3/10) que genera profundidad.,Bajo,Baja,Profundo;Cálido;Acogedor;Sobrio
10YY 35/196,Alfajor,Cálido,4,4,Terracota,Contemporáneo,Living,Blanco;Madera clara;Beige;Blanco roto,Blanco;Crema;Azul profundo,Terracota cálido de luminosidad bajo (4/10) y saturación baja (4/10) que equilibra el espacio.,Bajo,Baja,Suave;Cálido;Acogedor;Natural
40YY 65/061,Algodón Egipcio,Cálido,7,3,Arena,Minimalista;Nórdico;Japandi;Rústico;Mediterráneo,Living;Comedor;Cocina;Dormitorio;Pasillo,Blanco;Madera clara;Beige,Negro mate;Grafito;Azul profundo,Arena cálido de luminosidad alto (7/10) y saturación baja (3/10) que aporta amplitud visual.,Alto,Baja,Luminoso;Amplio;Cálido;Acogedor
90YR 48/062,Almendra Confitada,Cálido,5,2,Gris cálido,Rústico;Mediterráneo,Dormitorio;Pasillo,Blanco;Madera clara;Beige,Blanco;Crema;Azul profundo,Gris cálido cálido de luminosidad medio (5/10) y saturación muy baja (2/10) que equilibra el espacio.,Medio,Muy Baja,Suave;Cálido;Acogedor;Sobrio
00YY 66/078,Almendra Suiza,Cálido,7,3,Arena,Minimalista;Nórdico;Japandi;Rústico;Mediterráneo,Living;Comedor;Cocina;Dormitorio;Pasillo,Blanco;Madera clara;Beige,Negro mate;Grafito;Azul profundo,Arena cálido de luminosidad alto (7/10) y saturación baja (3/10) que aporta amplitud visual.,Alto,Baja,Luminoso;Amplio;Cálido;Acogedor
18YR 05/072,Alpargata,Cálido,1,2,Gris cálido,Dramático,Living,Blanco;Madera clara;Beige;Blanco roto,Blanco;Crema;Azul profundo,Gris cálido cálido de luminosidad muy bajo (1/10) y saturación muy baja (2/10) que genera profundidad.,Muy Bajo,Muy Baja,Profundo;Cálido;Acogedor;Sobrio
30YY 33/145,Amaranto Seco,Cálido,4,3,Terracota,Contemporáneo,Living,Blanco;Madera clara;Beige;Blanco roto,Blanco;Crema;Azul profundo,Terracota cálido de luminosidad bajo (4/10) y saturación baja (3/10) que equilibra el espacio.,Bajo,Baja,Suave;Cálido;Acogedor;Sobrio
40YY 44/095,Amarillo Textil,Cálido,5,2,Gris cálido,Rústico;Mediterráneo,Dormitorio;Pasillo,Blanco;Madera clara;Beige,Blanco;Crema;Azul profundo,Gris cálido cálido de luminosidad medio (5/10) y saturación muy baja (2/10) que equilibra el espacio.,Medio,Muy Baja,Suave;Cálido;Acogedor;Sobrio
64YY 65/071,Amor Ligero,Cálido,7,3,Arena,Minimalista;Nórdico;Japandi;Rústico;Mediterráneo,Living;Comedor;Cocina;Dormitorio;Pasillo,Blanco;Madera clara;Beige,Negro mate;Grafito;Azul profundo,Arena cálido de luminosidad alto (7/10) y saturación baja (3/10) que aporta amplitud visual.,Alto,Baja,Luminoso;Amplio;Cálido;Acogedor
90RR 73/027,Anémona del Bosque,Cálido,7,2,Gris cálido,Minimalista;Nórdico;Japandi;Rústico;Mediterráneo,Living;Comedor;Cocina;Dormitorio;Pasillo,Blanco;Madera clara;Beige,Negro mate;Grafito;Azul profundo,Gris cálido cálido de luminosidad alto (7/10) y saturación muy baja (2/10) que aporta amplitud visual.,Alto,Muy Baja,Luminoso;Amplio;Cálido;Acogedor
13YR 07/157,Anís Estrellado,Cálido,1,4,Terracota,Dramático,Living,Blanco;Madera clara;Beige;Blanco roto,Blanco;Crema;Azul profundo,Terracota cálido de luminosidad muy bajo (1/10) y saturación baja (4/10) que genera profundidad.,Muy Bajo,Baja,Profundo;Cálido;Acogedor;Natural
96YR 46/065,Anochecer Fogoso,Cálido,5,2,Gris cálido,Rústico;Mediterráneo,Living;Dormitorio;Comedor;Cocina;Baño;Pasillo;Home office;Cuarto de niños,Blanco;Madera clara;Beige,Blanco;Crema;Azul profundo,Gris cálido cálido de luminosidad medio (5/10) y saturación muy baja (2/10) que equilibra el espacio.,Medio,Muy Baja,Suave;Cálido;Acogedor;Sobrio
40YY 51/084,Antílope,Cálido,5,3,Gris cálido,Rústico;Mediterráneo,Dormitorio;Pasillo,Blanco;Madera clara;Beige,Blanco;Crema;Azul profundo,Gris cálido cálido de luminosidad medio (5/10) y saturación baja (3/10) que equilibra el espacio.,Medio,Baja,Suave;Cálido;Acogedor;Sobrio
10YY 11/187,Arboles Altos,Cálido,2,4,Terracota,Dramático,Living,Blanco;Madera clara;Beige;Blanco roto,Blanco;Crema;Azul profundo,Terracota cálido de luminosidad muy bajo (2/10) y saturación baja (4/10) que genera profundidad.,Muy Bajo,Baja,Profundo;Cálido;Acogedor;Natural
80YR 27/147,Arca de Noé,Cálido,3,3,Terracota,Dramático,Living,Blanco;Madera clara;Beige;Blanco roto,Blanco;Crema;Azul profundo,Terracota cálido de luminosidad bajo (3/10) y saturación baja (3/10) que genera profundidad.,Bajo,Baja,Profundo;Cálido;Acogedor;Sobrio
50YY 12/095,Arcilla Artesanal,Cálido,2,2,Chocolate,Dramático,Living,Blanco;Madera clara;Beige;Blanco roto,Blanco;Crema;Azul profundo,Chocolate cálido de luminosidad muy bajo (2/10) y saturación muy baja (2/10) que genera profundidad.,Muy Bajo,Muy Baja,Profundo;Cálido;Acogedor;Sobrio
40YY 38/107,Arcilla de Alfarero,Cálido,4,2,Gris cálido,Contemporáneo,Living,Blanco;Madera clara;Beige;Blanco roto,Blanco;Crema;Azul profundo,Gris cálido cálido de luminosidad bajo (4/10) y saturación muy baja (2/10) que equilibra el espacio.,Bajo,Muy Baja,Suave;Cálido;Acogedor;Sobrio
21YY 18/079,Arcilla Enmarañada,Cálido,2,2,Gris cálido,Dramático,Living,Blanco;Madera clara;Beige;Blanco roto,Blanco;Crema;Azul profundo,Gris cálido cálido de luminosidad muy bajo (2/10) y saturación muy baja (2/10) que genera profundidad.,Muy Bajo,Muy Baja,Profundo;Cálido;Acogedor;Sobrio
70YR 58/091,Arcilla Rajada,Cálido,6,3,Arena,Rústico;Mediterráneo,Dormitorio;Pasillo,Blanco;Madera clara;Beige,Blanco;Crema;Azul profundo,Arena cálido de luminosidad medio (6/10) y saturación baja (3/10) que equilibra el espacio.,Medio,Baja,Suave;Cálido;Acogedor;Sobrio
30YY 14/070,Ardilla Gris,Cálido,2,2,Gris cálido,Dramático,Living,Blanco;Madera clara;Beige;Blanco roto,Blanco;Crema;Azul profundo,Gris cálido cálido de luminosidad muy bajo (2/10) y saturación muy baja (2/10) que genera profundidad.,Muy Bajo,Muy Baja,Profundo;Cálido;Acogedor;Sobrio
30YY 58/082,Arena Blanca,Cálido,6,3,Arena,Rústico;Mediterráneo,Dormitorio;Pasillo,Blanco;Madera clara;Beige,Blanco;Crema;Azul profundo,Arena cálido de luminosidad medio (6/10) y saturación baja (3/10) que equilibra el espacio.,Medio,Baja,Suave;Cálido;Acogedor;Sobrio
20YY 75/073,Arena de Playa,Cálido,8,4,Arena,Minimalista;Nórdico;Japandi;Rústico;Mediterráneo,Living;Comedor;Cocina;Dormitorio;Pasillo,Blanco;Madera clara;Beige,Negro mate;Grafito;Azul profundo,Arena cálido de luminosidad alto (8/10) y saturación baja (4/10) que aporta amplitud visual.,Alto,Baja,Luminoso;Amplio;Cálido;Acogedor
00YY 52/119,Arena del Desierto,Cálido,6,3,Arena,Rústico;Mediterráneo,Dormitorio;Pasillo,Blanco;Madera clara;Beige,Blanco;Crema;Azul profundo,Arena cálido de luminosidad medio (6/10) y saturación baja (3/10) que equilibra el espacio.,Medio,Baja,Suave;Cálido;Acogedor;Sobrio
30YY 53/125,Arenas de Sudán,Cálido,6,3,Arena,Rústico;Mediterráneo,Dormitorio;Pasillo,Blanco;Madera clara;Beige,Blanco;Crema;Azul profundo,Arena cálido de luminosidad medio (6/10) y saturación baja (3/10) que equilibra el espacio.,Medio,Baja,Suave;Cálido;Acogedor;Sobrio
50YR 31/160,Arenisca,Cálido,4,3,Terracota,Contemporáneo,Living,Blanco;Madera clara;Beige;Blanco roto,Blanco;Crema;Azul profundo,Terracota cálido de luminosidad bajo (4/10) y saturación baja (3/10) que equilibra el espacio.,Bajo,Baja,Suave;Cálido;Acogedor;Sobrio
50YR 45/014,Arrecife Plateado,Neutro,5,1,Piedra,Contemporáneo,Dormitorio;Pasillo,Blanco;Madera clara;Negro mate,Blanco;Crema;Verde oliva,Piedra neutro de luminosidad medio (5/10) y saturación muy baja (1/10) que equilibra el espacio.,Medio,Muy Baja,Suave;Neutro;Elegante;Sobrio
10YY 59/111,Arte Azteca,Cálido,6,4,Arena,Rústico;Mediterráneo,Dormitorio;Pasillo,Blanco;Madera clara;Beige,Blanco;Crema;Azul profundo,Arena cálido de luminosidad medio (6/10) y saturación baja (4/10) que equilibra el espacio.,Medio,Baja,Suave;Cálido;Acogedor;Natural
40YY 33/118,Arte Urbano,Cálido,4,2,Gris cálido,Contemporáneo,Living,Blanco;Madera clara;Beige;Blanco roto,Blanco;Crema;Azul profundo,Gris cálido cálido de luminosidad bajo (4/10) y saturación muy baja (2/10) que equilibra el espacio.,Bajo,Muy Baja,Suave;Cálido;Acogedor;Sobrio
22YR 17/023,Artilugio Gris,Neutro,2,1,Grafito,Dramático,Living;Dormitorio;Comedor;Cocina;Baño;Pasillo;Home office;Cuarto de niños,Blanco;Madera clara;Negro mate;Blanco roto,Blanco;Crema;Verde oliva,Grafito neutro de luminosidad muy bajo (2/10) y saturación muy baja (1/10) que genera profundidad.,Muy Bajo,Muy Baja,Profundo;Neutro;Elegante;Sobrio
90YR 31/131,Asperula,Cálido,4,3,Terracota,Contemporáneo,Living,Blanco;Madera clara;Beige;Blanco roto,Blanco;Crema;Azul profundo,Terracota cálido de luminosidad bajo (4/10) y saturación baja (3/10) que equilibra el espacio.,Bajo,Baja,Suave;Cálido;Acogedor;Sobrio
20YY 11/017,Ave de la Tormenta,Neutro,2,1,Grafito,Dramático,Living;Dormitorio;Comedor;Cocina;Baño;Pasillo;Home office;Cuarto de niños,Blanco;Madera clara;Negro mate;Blanco roto,Blanco;Crema;Verde oliva,Grafito neutro de luminosidad muy bajo (2/10) y saturación muy baja (1/10) que genera profundidad.,Muy Bajo,Muy Baja,Profundo;Neutro;Elegante;Sobrio
20YY 33/145,Banco Antiguo,Cálido,4,3,Terracota,Contemporáneo,Living,Blanco;Madera clara;Beige;Blanco roto,Blanco;Crema;Azul profundo,Terracota cálido de luminosidad bajo (4/10) y saturación baja (3/10) que equilibra el espacio.,Bajo,Baja,Suave;Cálido;Acogedor;Sobrio
64YY 39/108,Baño de Oliva,Cálido,4,2,Gris cálido,Contemporáneo,Living,Blanco;Madera clara;Beige;Blanco roto,Blanco;Crema;Azul profundo,Gris cálido cálido de luminosidad bajo (4/10) y saturación muy baja (2/10) que equilibra el espacio.,Bajo,Muy Baja,Suave;Cálido;Acogedor;Sobrio
60YR 20/117,Barro,Cálido,3,2,Gris cálido,Dramático,Living,Blanco;Madera clara;Beige;Blanco roto,Blanco;Crema;Azul profundo,Gris cálido cálido de luminosidad bajo (3/10) y saturación muy baja (2/10) que genera profundidad.,Bajo,Muy Baja,Profundo;Cálido;Acogedor;Sobrio
21YY 38/102,Barro Facial,Cálido,4,3,Gris cálido,Contemporáneo,Living,Blanco;Madera clara;Beige;Blanco roto,Blanco;Crema;Azul profundo,Gris cálido cálido de luminosidad bajo (4/10) y saturación baja (3/10) que equilibra el espacio.,Bajo,Baja,Suave;Cálido;Acogedor;Sobrio
45YY 65/084,Beige Básico,Cálido,7,3,Arena,Minimalista;Nórdico;Japandi;Rústico;Mediterráneo,Living;Comedor;Cocina;Dormitorio;Pasillo,Blanco;Madera clara;Beige,Negro mate;Grafito;Azul profundo,Arena cálido de luminosidad alto (7/10) y saturación baja (3/10) que aporta amplitud visual.,Alto,Baja,Luminoso;Amplio;Cálido;Acogedor
80YR 40/148,Beige Cabra,Cálido,4,3,Arena,Contemporáneo,Living,Blanco;Madera clara;Beige;Blanco roto,Blanco;Crema;Azul profundo,Arena cálido de luminosidad bajo (4/10) y saturación baja (3/10) que equilibra el espacio.,Bajo,Baja,Suave;Cálido;Acogedor;Sobrio
00YY 50/091,Beige Castor,Cálido,5,3,Arena,Rústico;Mediterráneo,Dormitorio;Pasillo,Blanco;Madera clara;Beige,Blanco;Crema;Azul profundo,Arena cálido de luminosidad medio (5/10) y saturación baja (3/10) que equilibra el espacio.,Medio,Baja,Suave;Cálido;Acogedor;Sobrio
30YY 68/024,Beige Cebada,Cálido,7,2,Gris cálido,Minimalista;Nórdico;Japandi;Rústico;Mediterráneo,Living;Comedor;Cocina;Dormitorio;Pasillo,Blanco;Madera clara;Beige,Negro mate;Grafito;Azul profundo,Gris cálido cálido de luminosidad alto (7/10) y saturación muy baja (2/10) que aporta amplitud visual.,Alto,Muy Baja,Luminoso;Amplio;Cálido;Acogedor
90YR 51/109,Beige Costero,Cálido,5,3,Arena,Rústico;Mediterráneo,Dormitorio;Pasillo,Blanco;Madera clara;Beige,Blanco;Crema;Azul profundo,Arena cálido de luminosidad medio (5/10) y saturación baja (3/10) que equilibra el espacio.,Medio,Baja,Suave;Cálido;Acogedor;Sobrio
10YY 75/084,Beige Eterno,Cálido,8,5,Arena,Rústico;Mediterráneo,Living;Comedor;Cocina;Dormitorio;Pasillo,Blanco;Madera clara;Beige,Negro mate;Grafito;Azul profundo,Arena cálido de luminosidad alto (8/10) y saturación media (5/10) que aporta amplitud visual.,Alto,Media,Luminoso;Amplio;Cálido;Acogedor
10YY 68/110,Beige Marfil,Cálido,7,5,Arena,Rústico;Mediterráneo,Living;Comedor;Cocina;Dormitorio;Pasillo,Blanco;Madera clara;Beige,Negro mate;Grafito;Azul profundo,Arena cálido de luminosidad alto (7/10) y saturación media (5/10) que aporta amplitud visual.,Alto,Media,Luminoso;Amplio;Cálido;Acogedor
45YY 53/151,Beige Mineral,Cálido,6,4,Arena,Rústico;Mediterráneo,Dormitorio;Pasillo,Blanco;Madera clara;Beige,Blanco;Crema;Azul profundo,Arena cálido de luminosidad medio (6/10) y saturación baja (4/10) que equilibra el espacio.,Medio,Baja,Suave;Cálido;Acogedor;Natural
00YY 63/067,Beige Osado,Cálido,7,3,Arena,Minimalista;Nórdico;Japandi;Rústico;Mediterráneo,Living;Dormitorio;Comedor;Cocina;Baño;Pasillo;Home office;Cuarto de niños,Blanco;Madera clara;Beige,Negro mate;Grafito;Azul profundo,Arena cálido de luminosidad alto (7/10) y saturación baja (3/10) que aporta amplitud visual.,Alto,Baja,Luminoso;Amplio;Cálido;Acogedor
30YY 36/094,Beige Pardal,Cálido,4,2,Gris cálido,Contemporáneo,Living,Blanco;Madera clara;Beige;Blanco roto,Blanco;Crema;Azul profundo,Gris cálido cálido de luminosidad bajo (4/10) y saturación muy baja (2/10) que equilibra el espacio.,Bajo,Muy Baja,Suave;Cálido;Acogedor;Sobrio
20YY 43/083,Beige Pergamino,Cálido,5,2,Gris cálido,Rústico;Mediterráneo,Dormitorio;Pasillo,Blanco;Madera clara;Beige,Blanco;Crema;Azul profundo,Gris cálido cálido de luminosidad medio (5/10) y saturación muy baja (2/10) que equilibra el espacio.,Medio,Muy Baja,Suave;Cálido;Acogedor;Sobrio
00YY 59/098,Beige Rosado,Cálido,6,4,Arena,Rústico;Mediterráneo,Dormitorio;Pasillo,Blanco;Madera clara;Beige,Blanco;Crema;Azul profundo,Arena cálido de luminosidad medio (6/10) y saturación baja (4/10) que equilibra el espacio.,Medio,Baja,Suave;Cálido;Acogedor;Natural
03YY 66/085,Beige Sofisticado,Cálido,7,4,Arena,Minimalista;Nórdico;Japandi;Rústico;Mediterráneo,Living;Comedor;Cocina;Dormitorio;Pasillo,Blanco;Madera clara;Beige,Negro mate;Grafito;Azul profundo,Arena cálido de luminosidad alto (7/10) y saturación baja (4/10) que aporta amplitud visual.,Alto,Baja,Luminoso;Amplio;Cálido;Acogedor
60YR 07/093,Beso de Chocolate,Cálido,1,3,Terracota,Dramático,Living,Blanco;Madera clara;Beige;Blanco roto,Blanco;Crema;Azul profundo,Terracota cálido de luminosidad muy bajo (1/10) y saturación baja (3/10) que genera profundidad.,Muy Bajo,Baja,Profundo;Cálido;Acogedor;Sobrio
10YY 67/089,Biscuit Beige,Cálido,7,4,Arena,Minimalista;Nórdico;Japandi;Rústico;Mediterráneo,Living;Comedor;Cocina;Dormitorio;Pasillo,Blanco;Madera clara;Beige,Negro mate;Grafito;Azul profundo,Arena cálido de luminosidad alto (7/10) y saturación baja (4/10) que aporta amplitud visual.,Alto,Baja,Luminoso;Amplio;Cálido;Acogedor
00YY 65/060,Bizcocho,Cálido,7,3,Arena,Minimalista;Nórdico;Japandi;Rústico;Mediterráneo,Living;Comedor;Cocina;Dormitorio;Pasillo,Blanco;Madera clara;Beige,Negro mate;Grafito;Azul profundo,Arena cálido de luminosidad alto (7/10) y saturación baja (3/10) que aporta amplitud visual.,Alto,Baja,Luminoso;Amplio;Cálido;Acogedor
60YR 30/094,Bizcocho de Almendra,Cálido,4,2,Gris cálido,Contemporáneo,Living,Blanco;Madera clara;Beige;Blanco roto,Blanco;Crema;Azul profundo,Gris cálido cálido de luminosidad bajo (4/10) y saturación muy baja (2/10) que equilibra el espacio.,Bajo,Muy Baja,Suave;Cálido;Acogedor;Sobrio
10YY 56/060,Bizcocho de Canela,Cálido,6,2,Gris cálido,Rústico;Mediterráneo,Dormitorio;Pasillo,Blanco;Madera clara;Beige,Blanco;Crema;Azul profundo,Gris cálido cálido de luminosidad medio (6/10) y saturación muy baja (2/10) que equilibra el espacio.,Medio,Muy Baja,Suave;Cálido;Acogedor;Sobrio
30YR 07/157,Bizcocho de Chocolate,Cálido,2,4,Terracota,Dramático,Living,Blanco;Madera clara;Beige;Blanco roto,Blanco;Crema;Azul profundo,Terracota cálido de luminosidad muy bajo (2/10) y saturación baja (4/10) que genera profundidad.,Muy Bajo,Baja,Profundo;Cálido;Acogedor;Natural
30YY 28/161,Bizcocho de Pistacho,Cálido,3,3,Terracota,Dramático,Living,Blanco;Madera clara;Beige;Blanco roto,Blanco;Crema;Azul profundo,Terracota cálido de luminosidad bajo (3/10) y saturación baja (3/10) que genera profundidad.,Bajo,Baja,Profundo;Cálido;Acogedor;Sobrio
10YY 46/041,Blanco Chinchilla,Cálido,5,2,Gris cálido,Rústico;Mediterráneo,Dormitorio;Pasillo,Blanco;Madera clara;Beige,Blanco;Crema;Azul profundo,Gris cálido cálido de luminosidad medio (5/10) y saturación muy baja (2/10) que equilibra el espacio.,Medio,Muy Baja,Suave;Cálido;Acogedor;Sobrio
20YY 66/066,Blanco Contemporáneo,Cálido,7,3,Arena,Minimalista;Nórdico;Japandi;Rústico;Mediterráneo,Living;Comedor;Cocina;Dormitorio;Pasillo,Blanco;Madera clara;Beige,Negro mate;Grafito;Azul profundo,Arena cálido de luminosidad alto (7/10) y saturación baja (3/10) que aporta amplitud visual.,Alto,Baja,Luminoso;Amplio;Cálido;Acogedor
00YY 74/053,Blanco Cordel,Cálido,7,4,Arena,Minimalista;Nórdico;Japandi;Rústico;Mediterráneo,Living;Comedor;Cocina;Dormitorio;Pasillo,Blanco;Madera clara;Beige,Negro mate;Grafito;Azul profundo,Arena cálido de luminosidad alto (7/10) y saturación baja (4/10) que aporta amplitud visual.,Alto,Baja,Luminoso;Amplio;Cálido;Acogedor
50YR 73/022,Blanco Memoria,Cálido,7,2,Gris cálido,Minimalista;Nórdico;Japandi;Rústico;Mediterráneo,Living;Comedor;Cocina;Dormitorio;Pasillo,Blanco;Madera clara;Beige,Negro mate;Grafito;Azul profundo,Gris cálido cálido de luminosidad alto (7/10) y saturación muy baja (2/10) que aporta amplitud visual.,Alto,Muy Baja,Luminoso;Amplio;Cálido;Acogedor
44YY 70/110,Blanco Perla,Cálido,7,4,Arena,Minimalista;Nórdico;Japandi;Rústico;Mediterráneo,Living;Comedor;Cocina;Dormitorio;Pasillo,Blanco;Madera clara;Beige,Negro mate;Grafito;Azul profundo,Arena cálido de luminosidad alto (7/10) y saturación baja (4/10) que aporta amplitud visual.,Alto,Baja,Luminoso;Amplio;Cálido;Acogedor
60YR 83/009,Blanco Refrescante,Cálido,8,2,Marfil,Minimalista;Nórdico;Japandi;Rústico;Mediterráneo,Living;Comedor;Cocina;Dormitorio;Pasillo,Blanco;Madera clara;Beige,Negro mate;Grafito;Azul profundo,Marfil cálido de luminosidad alto (8/10) y saturación muy baja (2/10) que aporta amplitud visual.,Alto,Muy Baja,Luminoso;Amplio;Cálido;Acogedor
10YY 64/048,Blanco Unicornio,Cálido,7,3,Gris cálido,Minimalista;Nórdico;Japandi;Rústico;Mediterráneo,Living;Comedor;Cocina;Dormitorio;Pasillo,Blanco;Madera clara;Beige,Negro mate;Grafito;Azul profundo,Gris cálido cálido de luminosidad alto (7/10) y saturación baja (3/10) que aporta amplitud visual.,Alto,Baja,Luminoso;Amplio;Cálido;Acogedor
70RR 07/100,Bordeaux Negro,Cálido,1,3,Gris cálido,Dramático,Living,Blanco;Madera clara;Beige;Blanco roto,Blanco;Crema;Azul profundo,Gris cálido cálido de luminosidad muy bajo (1/10) y saturación baja (3/10) que genera profundidad.,Muy Bajo,Baja,Profundo;Cálido;Acogedor;Sobrio
30YY 10/038,Bosque Negro,Neutro,2,2,Chocolate,Dramático,Living,Blanco;Madera clara;Negro mate;Blanco roto,Blanco;Crema;Verde oliva,Chocolate neutro de luminosidad muy bajo (2/10) y saturación muy baja (2/10) que genera profundidad.,Muy Bajo,Muy Baja,Profundo;Neutro;Elegante;Sobrio
20YY 41/165,Bronce Camello,Cálido,5,4,Arena,Rústico;Mediterráneo,Dormitorio;Pasillo,Blanco;Madera clara;Beige,Blanco;Crema;Azul profundo,Arena cálido de luminosidad medio (5/10) y saturación baja (4/10) que equilibra el espacio.,Medio,Baja,Suave;Cálido;Acogedor;Natural
10YY 61/136,Bronce de Eldorado,Cálido,6,4,Arena,Rústico;Mediterráneo,Dormitorio;Pasillo,Blanco;Madera clara;Beige,Blanco;Crema;Azul profundo,Arena cálido de luminosidad medio (6/10) y saturación baja (4/10) que equilibra el espacio.,Medio,Baja,Suave;Cálido;Acogedor;Natural
30YY 50/176,Bronce Histórico,Cálido,5,4,Arena,Rústico;Mediterráneo,Dormitorio;Pasillo,Blanco;Madera clara;Beige,Blanco;Crema;Azul profundo,Arena cálido de luminosidad medio (5/10) y saturación baja (4/10) que equilibra el espacio.,Medio,Baja,Suave;Cálido;Acogedor;Natural
20YY 51/098,Bronce Leyenda,Cálido,6,3,Arena,Rústico;Mediterráneo,Dormitorio;Pasillo,Blanco;Madera clara;Beige,Blanco;Crema;Azul profundo,Arena cálido de luminosidad medio (6/10) y saturación baja (3/10) que equilibra el espacio.,Medio,Baja,Suave;Cálido;Acogedor;Sobrio
20YY 61/127,Bronce Milán,Cálido,6,4,Arena,Rústico;Mediterráneo,Dormitorio;Pasillo,Blanco;Madera clara;Beige,Blanco;Crema;Azul profundo,Arena cálido de luminosidad medio (6/10) y saturación baja (4/10) que equilibra el espacio.,Medio,Baja,Suave;Cálido;Acogedor;Natural
40YY 41/152,Bronce Montana,Cálido,5,3,Arena,Rústico;Mediterráneo,Dormitorio;Pasillo,Blanco;Madera clara;Beige,Blanco;Crema;Azul profundo,Arena cálido de luminosidad medio (5/10) y saturación baja (3/10) que equilibra el espacio.,Medio,Baja,Suave;Cálido;Acogedor;Sobrio
20YY 12/263,Bronce Olímpico,Cálido,2,4,Terracota,Dramático,Living,Blanco;Madera clara;Beige;Blanco roto,Blanco;Crema;Azul profundo,Terracota cálido de luminosidad muy bajo (2/10) y saturación baja (4/10) que genera profundidad.,Muy Bajo,Baja,Profundo;Cálido;Acogedor;Natural
70YR 08/186,Bronce Talismán,Cálido,2,4,Terracota,Dramático,Living,Blanco;Madera clara;Beige;Blanco roto,Blanco;Crema;Azul profundo,Terracota cálido de luminosidad muy bajo (2/10) y saturación baja (4/10) que genera profundidad.,Muy Bajo,Baja,Profundo;Cálido;Acogedor;Natural
70YR 45/133,Bronce Tibetano,Cálido,5,3,Arena,Rústico;Mediterráneo,Dormitorio;Pasillo,Blanco;Madera clara;Beige,Blanco;Crema;Azul profundo,Arena cálido de luminosidad medio (5/10) y saturación baja (3/10) que equilibra el espacio.,Medio,Baja,Suave;Cálido;Acogedor;Sobrio
20YY 47/145,Bronce Tradicional,Cálido,5,4,Arena,Rústico;Mediterráneo,Dormitorio;Pasillo,Blanco;Madera clara;Beige,Blanco;Crema;Azul profundo,Arena cálido de luminosidad medio (5/10) y saturación baja (4/10) que equilibra el espacio.,Medio,Baja,Suave;Cálido;Acogedor;Natural
10YY 55/163,Bronce Vivo,Cálido,6,5,Arena,Rústico;Mediterráneo,Dormitorio;Pasillo;Comedor;Living,Blanco;Madera clara;Beige,Blanco;Crema;Azul profundo,Arena cálido de luminosidad medio (6/10) y saturación media (5/10) que equilibra el espacio.,Medio,Media,Suave;Cálido;Acogedor;Natural
20YY 39/130,Bronceado de Verano,Cálido,4,3,Arena,Contemporáneo,Living,Blanco;Madera clara;Beige;Blanco roto,Blanco;Crema;Azul profundo,Arena cálido de luminosidad bajo (4/10) y saturación baja (3/10) que equilibra el espacio.,Bajo,Baja,Suave;Cálido;Acogedor;Sobrio
60YR 54/028,Brote de Bambú,Cálido,6,2,Gris cálido,Rústico;Mediterráneo,Dormitorio;Pasillo,Blanco;Madera clara;Beige,Blanco;Crema;Azul profundo,Gris cálido cálido de luminosidad medio (6/10) y saturación muy baja (2/10) que equilibra el espacio.,Medio,Muy Baja,Suave;Cálido;Acogedor;Sobrio
65YR 11/146,Brownie Americano,Cálido,2,3,Terracota,Dramático,Living,Blanco;Madera clara;Beige;Blanco roto,Blanco;Crema;Azul profundo,Terracota cálido de luminosidad muy bajo (2/10) y saturación baja (3/10) que genera profundidad.,Muy Bajo,Baja,Profundo;Cálido;Acogedor;Sobrio
90RR 64/025,Bruma Lavanda,Cálido,7,2,Gris cálido,Minimalista;Nórdico;Japandi;Rústico;Mediterráneo,Living;Comedor;Cocina;Dormitorio;Pasillo,Blanco;Madera clara;Beige,Negro mate;Grafito;Azul profundo,Gris cálido cálido de luminosidad alto (7/10) y saturación muy baja (2/10) que aporta amplitud visual.,Alto,Muy Baja,Luminoso;Amplio;Cálido;Acogedor
10YY 33/163,Burbuja de Chocolate,Cálido,4,3,Terracota,Contemporáneo,Living;Dormitorio;Comedor;Cocina;Baño;Pasillo;Home office;Cuarto de niños,Blanco;Madera clara;Beige;Blanco roto,Blanco;Crema;Azul profundo,Terracota cálido de luminosidad bajo (4/10) y saturación baja (3/10) que equilibra el espacio.,Bajo,Baja,Suave;Cálido;Acogedor;Sobrio
10YY 17/140,Cabaña de Paja,Cálido,2,3,Terracota,Dramático,Living,Blanco;Madera clara;Beige;Blanco roto,Blanco;Crema;Azul profundo,Terracota cálido de luminosidad muy bajo (2/10) y saturación baja (3/10) que genera profundidad.,Muy Bajo,Baja,Profundo;Cálido;Acogedor;Sobrio
11YY 14/105,Café,Cálido,2,3,Gris cálido,Dramático,Living;Dormitorio;Comedor;Cocina;Baño;Pasillo;Home office;Cuarto de niños,Blanco;Madera clara;Beige;Blanco roto,Blanco;Crema;Azul profundo,Gris cálido cálido de luminosidad muy bajo (2/10) y saturación baja (3/10) que genera profundidad.,Muy Bajo,Baja,Profundo;Cálido;Acogedor;Sobrio
00YY 09/186,Café Moca,Cálido,2,4,Terracota,Dramático,Living,Blanco;Madera clara;Beige;Blanco roto,Blanco;Crema;Azul profundo,Terracota cálido de luminosidad muy bajo (2/10) y saturación baja (4/10) que genera profundidad.,Muy Bajo,Baja,Profundo;Cálido;Acogedor;Natural
00YY 63/024,Calcáreo,Cálido,7,2,Gris cálido,Minimalista;Nórdico;Japandi;Rústico;Mediterráneo,Living;Comedor;Cocina;Dormitorio;Pasillo,Blanco;Madera clara;Beige,Negro mate;Grafito;Azul profundo,Gris cálido cálido de luminosidad alto (7/10) y saturación muy baja (2/10) que aporta amplitud visual.,Alto,Muy Baja,Luminoso;Amplio;Cálido;Acogedor
90YR 43/101,Camafeo Intenso,Cálido,5,3,Arena,Rústico;Mediterráneo,Dormitorio;Pasillo,Blanco;Madera clara;Beige,Blanco;Crema;Azul profundo,Arena cálido de luminosidad medio (5/10) y saturación baja (3/10) que equilibra el espacio.,Medio,Baja,Suave;Cálido;Acogedor;Sobrio
47YR 18/085,Camel Oscuro,Cálido,2,2,Gris cálido,Dramático,Living,Blanco;Madera clara;Beige;Blanco roto,Blanco;Crema;Azul profundo,Gris cálido cálido de luminosidad muy bajo (2/10) y saturación muy baja (2/10) que genera profundidad.,Muy Bajo,Muy Baja,Profundo;Cálido;Acogedor;Sobrio
20YY 43/200,Camello,Cálido,5,4,Arena,Rústico;Mediterráneo,Dormitorio;Pasillo,Blanco;Madera clara;Beige,Blanco;Crema;Azul profundo,Arena cálido de luminosidad medio (5/10) y saturación baja (4/10) que equilibra el espacio.,Medio,Baja,Suave;Cálido;Acogedor;Natural
90YR 10/244,Camino Arbolado,Cálido,2,5,Terracota,Dramático,Comedor;Living,Blanco;Madera clara;Beige;Blanco roto,Blanco;Crema;Azul profundo,Terracota cálido de luminosidad muy bajo (2/10) y saturación media (5/10) que genera profundidad.,Muy Bajo,Media,Profundo;Cálido;Acogedor;Natural
15YY 33/043,Camino Urbano,Neutro,4,2,Gris frío,Contemporáneo,Living;Dormitorio;Comedor;Cocina;Baño;Pasillo;Home office;Cuarto de niños,Blanco;Madera clara;Negro mate;Blanco roto,Blanco;Crema;Verde oliva,Gris frío neutro de luminosidad bajo (4/10) y saturación muy baja (2/10) que equilibra el espacio.,Bajo,Muy Baja,Suave;Neutro;Elegante;Sobrio
30YY 11/076,Camuflaje,Cálido,2,2,Chocolate,Dramático,Living,Blanco;Madera clara;Beige;Blanco roto,Blanco;Crema;Azul profundo,Chocolate cálido de luminosidad muy bajo (2/10) y saturación muy baja (2/10) que genera profundidad.,Muy Bajo,Muy Baja,Profundo;Cálido;Acogedor;Sobrio
90RR 08/129,Canto de Sirenas,Cálido,2,3,Piedra,Dramático,Living,Blanco;Madera clara;Beige;Blanco roto,Blanco;Crema;Azul profundo,Piedra cálido de luminosidad muy bajo (2/10) y saturación baja (3/10) que genera profundidad.,Muy Bajo,Baja,Profundo;Cálido;Acogedor;Sobrio
70YR 31/135,Cañón Polvoriento,Cálido,4,3,Terracota,Contemporáneo,Living,Blanco;Madera clara;Beige;Blanco roto,Blanco;Crema;Azul profundo,Terracota cálido de luminosidad bajo (4/10) y saturación baja (3/10) que equilibra el espacio.,Bajo,Baja,Suave;Cálido;Acogedor;Sobrio
80YR 30/187,Cappuccino Claro,Cálido,4,3,Terracota,Contemporáneo,Living,Blanco;Madera clara;Beige;Blanco roto,Blanco;Crema;Azul profundo,Terracota cálido de luminosidad bajo (4/10) y saturación baja (3/10) que equilibra el espacio.,Bajo,Baja,Suave;Cálido;Acogedor;Sobrio
10YY 53/132,Caqui Básico,Cálido,6,4,Arena,Rústico;Mediterráneo,Dormitorio;Pasillo,Blanco;Madera clara;Beige,Blanco;Crema;Azul profundo,Arena cálido de luminosidad medio (6/10) y saturación baja (4/10) que equilibra el espacio.,Medio,Baja,Suave;Cálido;Acogedor;Natural
30YY 17/209,Caqui Intenso,Cálido,2,3,Terracota,Dramático,Living,Blanco;Madera clara;Beige;Blanco roto,Blanco;Crema;Azul profundo,Terracota cálido de luminosidad muy bajo (2/10) y saturación baja (3/10) que genera profundidad.,Muy Bajo,Baja,Profundo;Cálido;Acogedor;Sobrio
90YR 41/179,Caramelo Suave,Cálido,5,4,Arena,Rústico;Mediterráneo,Dormitorio;Pasillo,Blanco;Madera clara;Beige,Blanco;Crema;Azul profundo,Arena cálido de luminosidad medio (5/10) y saturación baja (4/10) que equilibra el espacio.,Medio,Baja,Suave;Cálido;Acogedor;Natural
62RR 09/009,Carbón Ardiente,Neutro,2,1,Grafito,Dramático,Living;Dormitorio;Comedor;Cocina;Baño;Pasillo;Home office;Cuarto de niños,Blanco;Madera clara;Negro mate;Blanco roto,Blanco;Crema;Verde oliva,Grafito neutro de luminosidad muy bajo (2/10) y saturación muy baja (1/10) que genera profundidad.,Muy Bajo,Muy Baja,Profundo;Neutro;Elegante;Sobrio
91YR 08/025,Carbonilla,Neutro,2,2,Chocolate,Dramático,Living,Blanco;Madera clara;Negro mate;Blanco roto,Blanco;Crema;Verde oliva,Chocolate neutro de luminosidad muy bajo (2/10) y saturación muy baja (2/10) que genera profundidad.,Muy Bajo,Muy Baja,Profundo;Neutro;Elegante;Sobrio
50YY 43/103,Casa de Arcadia,Cálido,5,2,Gris cálido,Rústico;Mediterráneo,Dormitorio;Pasillo,Blanco;Madera clara;Beige,Blanco;Crema;Azul profundo,Gris cálido cálido de luminosidad medio (5/10) y saturación muy baja (2/10) que equilibra el espacio.,Medio,Muy Baja,Suave;Cálido;Acogedor;Sobrio
60YR 08/186,Casa de Campo,Cálido,2,4,Terracota,Dramático,Living,Blanco;Madera clara;Beige;Blanco roto,Blanco;Crema;Azul profundo,Terracota cálido de luminosidad muy bajo (2/10) y saturación baja (4/10) que genera profundidad.,Muy Bajo,Baja,Profundo;Cálido;Acogedor;Natural
30YY 05/044,Casa en el Bosque,Cálido,1,2,Chocolate,Dramático,Living,Blanco;Madera clara;Beige;Blanco roto,Blanco;Crema;Azul profundo,Chocolate cálido de luminosidad muy bajo (1/10) y saturación muy baja (2/10) que genera profundidad.,Muy Bajo,Muy Baja,Profundo;Cálido;Acogedor;Sobrio
99YR 82/029,Casamiento Memorable,Cálido,8,3,Marfil,Minimalista;Nórdico;Japandi;Rústico;Mediterráneo,Living;Comedor;Cocina;Dormitorio;Pasillo,Blanco;Madera clara;Beige,Negro mate;Grafito;Azul profundo,Marfil cálido de luminosidad alto (8/10) y saturación baja (3/10) que aporta amplitud visual.,Alto,Baja,Luminoso;Amplio;Cálido;Acogedor
20YY 63/149,Castaña de Brasil,Cálido,6,5,Arena,Rústico;Mediterráneo,Dormitorio;Pasillo;Comedor;Living,Blanco;Madera clara;Beige,Blanco;Crema;Azul profundo,Arena cálido de luminosidad medio (6/10) y saturación media (5/10) que equilibra el espacio.,Medio,Media,Suave;Cálido;Acogedor;Natural
30YY 62/127,Castaña Ribereña,Cálido,6,4,Arena,Rústico;Mediterráneo,Dormitorio;Pasillo,Blanco;Madera clara;Beige,Blanco;Crema;Azul profundo,Arena cálido de luminosidad medio (6/10) y saturación baja (4/10) que equilibra el espacio.,Medio,Baja,Suave;Cálido;Acogedor;Natural
20YY 68/102,Castaños,Cálido,7,4,Arena,Minimalista;Nórdico;Japandi;Rústico;Mediterráneo,Living;Comedor;Cocina;Dormitorio;Pasillo,Blanco;Madera clara;Beige,Negro mate;Grafito;Azul profundo,Arena cálido de luminosidad alto (7/10) y saturación baja (4/10) que aporta amplitud visual.,Alto,Baja,Luminoso;Amplio;Cálido;Acogedor
15YY 57/150,Castillo de Arena Claro,Cálido,6,4,Arena,Rústico;Mediterráneo,Living;Dormitorio;Comedor;Cocina;Baño;Pasillo;Home office;Cuarto de niños,Blanco;Madera clara;Beige,Blanco;Crema;Azul profundo,Arena cálido de luminosidad medio (6/10) y saturación baja (4/10) que equilibra el espacio.,Medio,Baja,Suave;Cálido;Acogedor;Natural
00YY 38/123,Castillo de Arena Oscuro,Cálido,4,3,Arena,Contemporáneo,Living,Blanco;Madera clara;Beige;Blanco roto,Blanco;Crema;Azul profundo,Arena cálido de luminosidad bajo (4/10) y saturación baja (3/10) que equilibra el espacio.,Bajo,Baja,Suave;Cálido;Acogedor;Sobrio
10YY 41/083,Castillo de Roca,Cálido,5,2,Gris cálido,Rústico;Mediterráneo,Dormitorio;Pasillo,Blanco;Madera clara;Beige,Blanco;Crema;Azul profundo,Gris cálido cálido de luminosidad medio (5/10) y saturación muy baja (2/10) que equilibra el espacio.,Medio,Muy Baja,Suave;Cálido;Acogedor;Sobrio
20YY 53/124,Castillo del Desierto,Cálido,6,4,Arena,Rústico;Mediterráneo,Dormitorio;Pasillo,Blanco;Madera clara;Beige,Blanco;Crema;Azul profundo,Arena cálido de luminosidad medio (6/10) y saturación baja (4/10) que equilibra el espacio.,Medio,Baja,Suave;Cálido;Acogedor;Natural
90YR 36/203,Castor Suave,Cálido,4,4,Arena,Contemporáneo,Living,Blanco;Madera clara;Beige;Blanco roto,Blanco;Crema;Azul profundo,Arena cálido de luminosidad bajo (4/10) y saturación baja (4/10) que equilibra el espacio.,Bajo,Baja,Suave;Cálido;Acogedor;Natural
40YY 08/107,Caverna Oscura,Cálido,2,3,Chocolate,Dramático,Living,Blanco;Madera clara;Beige;Blanco roto,Blanco;Crema;Azul profundo,Chocolate cálido de luminosidad muy bajo (2/10) y saturación baja (3/10) que genera profundidad.,Muy Bajo,Baja,Profundo;Cálido;Acogedor;Sobrio
30YY 31/205,Cerámica Verde,Cálido,4,3,Terracota,Contemporáneo,Living,Blanco;Madera clara;Beige;Blanco roto,Blanco;Crema;Azul profundo,Terracota cálido de luminosidad bajo (4/10) y saturación baja (3/10) que equilibra el espacio.,Bajo,Baja,Suave;Cálido;Acogedor;Sobrio
97YR 39/118,Cerveza Inglesa,Cálido,4,3,Arena,Contemporáneo,Living,Blanco;Madera clara;Beige;Blanco roto,Blanco;Crema;Azul profundo,Arena cálido de luminosidad bajo (4/10) y saturación baja (3/10) que equilibra el espacio.,Bajo,Baja,Suave;Cálido;Acogedor;Sobrio
20YY 31/205,Cesto de Mimbre,Cálido,4,3,Terracota,Contemporáneo,Living,Blanco;Madera clara;Beige;Blanco roto,Blanco;Crema;Azul profundo,Terracota cálido de luminosidad bajo (4/10) y saturación baja (3/10) que equilibra el espacio.,Bajo,Baja,Suave;Cálido;Acogedor;Sobrio
70YR 13/140,Chalet de Chocolate,Cálido,2,3,Terracota,Dramático,Living,Blanco;Madera clara;Beige;Blanco roto,Blanco;Crema;Azul profundo,Terracota cálido de luminosidad muy bajo (2/10) y saturación baja (3/10) que genera profundidad.,Muy Bajo,Baja,Profundo;Cálido;Acogedor;Sobrio
00YY 67/096,Chamoir,Cálido,7,4,Arena,Minimalista;Nórdico;Japandi;Rústico;Mediterráneo,Living;Comedor;Cocina;Dormitorio;Pasillo,Blanco;Madera clara;Beige,Negro mate;Grafito;Azul profundo,Arena cálido de luminosidad alto (7/10) y saturación baja (4/10) que aporta amplitud visual.,Alto,Baja,Luminoso;Amplio;Cálido;Acogedor
20YY 55/151,Champignon,Cálido,6,4,Arena,Rústico;Mediterráneo,Dormitorio;Pasillo,Blanco;Madera clara;Beige,Blanco;Crema;Azul profundo,Arena cálido de luminosidad medio (6/10) y saturación baja (4/10) que equilibra el espacio.,Medio,Baja,Suave;Cálido;Acogedor;Natural
30RR 08/044,Chocolate Amargo,Neutro,2,2,Gris frío,Dramático,Living,Blanco;Madera clara;Negro mate;Blanco roto,Blanco;Crema;Verde oliva,Gris frío neutro de luminosidad muy bajo (2/10) y saturación muy baja (2/10) que genera profundidad.,Muy Bajo,Muy Baja,Profundo;Neutro;Elegante;Sobrio
70YR 20/239,Chocolate Caliente,Cálido,3,4,Terracota,Dramático,Living,Blanco;Madera clara;Beige;Blanco roto,Blanco;Crema;Azul profundo,Terracota cálido de luminosidad bajo (3/10) y saturación baja (4/10) que genera profundidad.,Bajo,Baja,Profundo;Cálido;Acogedor;Natural
74RR 05/092,Chocolate Chic,Cálido,1,4,Piedra,Dramático,Living,Blanco;Madera clara;Beige;Blanco roto,Blanco;Crema;Azul profundo,Piedra cálido de luminosidad muy bajo (1/10) y saturación baja (4/10) que genera profundidad.,Muy Bajo,Baja,Profundo;Cálido;Acogedor;Natural
90YR 16/129,Chocolate Claro,Cálido,2,3,Terracota,Dramático,Living,Blanco;Madera clara;Beige;Blanco roto,Blanco;Crema;Azul profundo,Terracota cálido de luminosidad muy bajo (2/10) y saturación baja (3/10) que genera profundidad.,Muy Bajo,Baja,Profundo;Cálido;Acogedor;Sobrio
80YR 09/163,Chocolate con Leche,Cálido,2,4,Terracota,Dramático,Living,Blanco;Madera clara;Beige;Blanco roto,Blanco;Crema;Azul profundo,Terracota cálido de luminosidad muy bajo (2/10) y saturación baja (4/10) que genera profundidad.,Muy Bajo,Baja,Profundo;Cálido;Acogedor;Natural
00YY 09/069,Chocolate Delicioso,Cálido,2,2,Chocolate,Dramático,Living;Dormitorio;Comedor;Cocina;Baño;Pasillo;Home office;Cuarto de niños,Blanco;Madera clara;Beige;Blanco roto,Blanco;Crema;Azul profundo,Chocolate cálido de luminosidad muy bajo (2/10) y saturación muy baja (2/10) que genera profundidad.,Muy Bajo,Muy Baja,Profundo;Cálido;Acogedor;Sobrio
30YR 16/162,Chocolate Liviano,Cálido,2,3,Terracota,Dramático,Living,Blanco;Madera clara;Beige;Blanco roto,Blanco;Crema;Azul profundo,Terracota cálido de luminosidad muy bajo (2/10) y saturación baja (3/10) que genera profundidad.,Muy Bajo,Baja,Profundo;Cálido;Acogedor;Sobrio
90RR 18/139,Clarete Ahumado,Cálido,2,2,Gris cálido,Dramático,Living,Blanco;Madera clara;Beige;Blanco roto,Blanco;Crema;Azul profundo,Gris cálido cálido de luminosidad muy bajo (2/10) y saturación muy baja (2/10) que genera profundidad.,Muy Bajo,Muy Baja,Profundo;Cálido;Acogedor;Sobrio
50YR 08/038,Clavo de la India,Cálido,2,2,Gris cálido,Dramático,Living,Blanco;Madera clara;Beige;Blanco roto,Blanco;Crema;Azul profundo,Gris cálido cálido de luminosidad muy bajo (2/10) y saturación muy baja (2/10) que genera profundidad.,Muy Bajo,Muy Baja,Profundo;Cálido;Acogedor;Sobrio
30YY 67/084,Colina Europea,Cálido,7,4,Arena,Minimalista;Nórdico;Japandi;Rústico;Mediterráneo,Living;Comedor;Cocina;Dormitorio;Pasillo,Blanco;Madera clara;Beige,Negro mate;Grafito;Azul profundo,Arena cálido de luminosidad alto (7/10) y saturación baja (4/10) que aporta amplitud visual.,Alto,Baja,Luminoso;Amplio;Cálido;Acogedor
50YY 30/192,Colina Toscana,Cálido,4,3,Terracota,Contemporáneo,Living,Blanco;Madera clara;Beige;Blanco roto,Blanco;Crema;Azul profundo,Terracota cálido de luminosidad bajo (4/10) y saturación baja (3/10) que equilibra el espacio.,Bajo,Baja,Suave;Cálido;Acogedor;Sobrio
20YY 09/175,Colinas de Turquía,Cálido,2,4,Terracota,Dramático,Living,Blanco;Madera clara;Beige;Blanco roto,Blanco;Crema;Azul profundo,Terracota cálido de luminosidad muy bajo (2/10) y saturación baja (4/10) que genera profundidad.,Muy Bajo,Baja,Profundo;Cálido;Acogedor;Natural
90YR 64/040,Comienzo de Otoño,Cálido,7,2,Gris cálido,Minimalista;Nórdico;Japandi;Rústico;Mediterráneo,Living;Comedor;Cocina;Dormitorio;Pasillo,Blanco;Madera clara;Beige,Negro mate;Grafito;Azul profundo,Gris cálido cálido de luminosidad alto (7/10) y saturación muy baja (2/10) que aporta amplitud visual.,Alto,Muy Baja,Luminoso;Amplio;Cálido;Acogedor
20YY 29/095,Conejo Escurridizo,Cálido,3,2,Gris cálido,Dramático,Living,Blanco;Madera clara;Beige;Blanco roto,Blanco;Crema;Azul profundo,Gris cálido cálido de luminosidad bajo (3/10) y saturación muy baja (2/10) que genera profundidad.,Bajo,Muy Baja,Profundo;Cálido;Acogedor;Sobrio
50YR 07/162,Cookie,Cálido,2,4,Terracota,Dramático,Living,Blanco;Madera clara;Beige;Blanco roto,Blanco;Crema;Azul profundo,Terracota cálido de luminosidad muy bajo (2/10) y saturación baja (4/10) que genera profundidad.,Muy Bajo,Baja,Profundo;Cálido;Acogedor;Natural
60YR 73/015,Cordillera,Cálido,7,2,Gris cálido,Minimalista;Nórdico;Japandi;Rústico;Mediterráneo,Living;Comedor;Cocina;Dormitorio;Pasillo,Blanco;Madera clara;Beige,Negro mate;Grafito;Azul profundo,Gris cálido cálido de luminosidad alto (7/10) y saturación muy baja (2/10) que aporta amplitud visual.,Alto,Muy Baja,Luminoso;Amplio;Cálido;Acogedor
20YY 24/177,Corte Bruto,Cálido,3,3,Terracota,Dramático,Living,Blanco;Madera clara;Beige;Blanco roto,Blanco;Crema;Azul profundo,Terracota cálido de luminosidad bajo (3/10) y saturación baja (3/10) que genera profundidad.,Bajo,Baja,Profundo;Cálido;Acogedor;Sobrio
30YY 08/082,Corteza Quemada,Cálido,2,2,Chocolate,Dramático,Living,Blanco;Madera clara;Beige;Blanco roto,Blanco;Crema;Azul profundo,Chocolate cálido de luminosidad muy bajo (2/10) y saturación muy baja (2/10) que genera profundidad.,Muy Bajo,Muy Baja,Profundo;Cálido;Acogedor;Sobrio
10YR 55/037,Costa de Pelícanos,Cálido,6,2,Gris cálido,Rústico;Mediterráneo,Dormitorio;Pasillo,Blanco;Madera clara;Beige,Blanco;Crema;Azul profundo,Gris cálido cálido de luminosidad medio (6/10) y saturación muy baja (2/10) que equilibra el espacio.,Medio,Muy Baja,Suave;Cálido;Acogedor;Sobrio
50YR 53/011,Costa Plateada,Neutro,6,1,Piedra,Contemporáneo,Dormitorio;Pasillo,Blanco;Madera clara;Negro mate,Blanco;Crema;Verde oliva,Piedra neutro de luminosidad medio (6/10) y saturación muy baja (1/10) que equilibra el espacio.,Medio,Muy Baja,Suave;Neutro;Elegante;Sobrio
00YY 26/220,Crème Brûlée,Cálido,3,3,Terracota,Dramático,Living,Blanco;Madera clara;Beige;Blanco roto,Blanco;Crema;Azul profundo,Terracota cálido de luminosidad bajo (3/10) y saturación baja (3/10) que genera profundidad.,Bajo,Baja,Profundo;Cálido;Acogedor;Sobrio
30YY 60/104,Cuero Amarillento,Cálido,6,3,Arena,Rústico;Mediterráneo,Dormitorio;Pasillo,Blanco;Madera clara;Beige,Blanco;Crema;Azul profundo,Arena cálido de luminosidad medio (6/10) y saturación baja (3/10) que equilibra el espacio.,Medio,Baja,Suave;Cálido;Acogedor;Sobrio
48YR 09/077,Cuero Elegante,Cálido,2,3,Gris cálido,Dramático,Living,Blanco;Madera clara;Beige;Blanco roto,Blanco;Crema;Azul profundo,Gris cálido cálido de luminosidad muy bajo (2/10) y saturación baja (3/10) que genera profundidad.,Muy Bajo,Baja,Profundo;Cálido;Acogedor;Sobrio
87RR 12/095,Desayuno con Brownies,Cálido,2,2,Gris cálido,Dramático,Living,Blanco;Madera clara;Beige;Blanco roto,Blanco;Crema;Azul profundo,Gris cálido cálido de luminosidad muy bajo (2/10) y saturación muy baja (2/10) que genera profundidad.,Muy Bajo,Muy Baja,Profundo;Cálido;Acogedor;Sobrio
81RR 51/067,Desierto Rosado,Cálido,5,2,Gris cálido,Rústico;Mediterráneo,Dormitorio;Pasillo,Blanco;Madera clara;Beige,Blanco;Crema;Azul profundo,Gris cálido cálido de luminosidad medio (5/10) y saturación muy baja (2/10) que equilibra el espacio.,Medio,Muy Baja,Suave;Cálido;Acogedor;Sobrio
50YR 38/017,Despeñadero,Neutro,4,1,Grafito,Contemporáneo,Living,Blanco;Madera clara;Negro mate;Blanco roto,Blanco;Crema;Verde oliva,Grafito neutro de luminosidad bajo (4/10) y saturación muy baja (1/10) que equilibra el espacio.,Bajo,Muy Baja,Suave;Neutro;Elegante;Sobrio
34YR 35/025,Dije de Plata,Neutro,4,1,Grafito,Contemporáneo,Living,Blanco;Madera clara;Negro mate;Blanco roto,Blanco;Crema;Verde oliva,Grafito neutro de luminosidad bajo (4/10) y saturación muy baja (1/10) que equilibra el espacio.,Bajo,Muy Baja,Suave;Neutro;Elegante;Sobrio
80YR 66/070,Diva,Cálido,7,4,Arena,Minimalista;Nórdico;Japandi;Rústico;Mediterráneo,Living;Comedor;Cocina;Dormitorio;Pasillo,Blanco;Madera clara;Beige,Negro mate;Grafito;Azul profundo,Arena cálido de luminosidad alto (7/10) y saturación baja (4/10) que aporta amplitud visual.,Alto,Baja,Luminoso;Amplio;Cálido;Acogedor
10YY 06/100,Dulce de Banana,Cálido,1,3,Chocolate,Dramático,Living,Blanco;Madera clara;Beige;Blanco roto,Blanco;Crema;Azul profundo,Chocolate cálido de luminosidad muy bajo (1/10) y saturación baja (3/10) que genera profundidad.,Muy Bajo,Baja,Profundo;Cálido;Acogedor;Sobrio
64YY 83/058,Elección Natural,Cálido,8,4,Arena,Minimalista;Nórdico;Japandi;Rústico;Mediterráneo,Living;Dormitorio;Comedor;Cocina;Baño;Pasillo;Home office;Cuarto de niños,Blanco;Madera clara;Beige,Negro mate;Grafito;Azul profundo,Arena cálido de luminosidad alto (8/10) y saturación baja (4/10) que aporta amplitud visual.,Alto,Baja,Luminoso;Amplio;Cálido;Acogedor
95YR 16/038,Embarcadero de Piedra,Neutro,2,2,Gris frío,Dramático,Living;Dormitorio;Comedor;Cocina;Baño;Pasillo;Home office;Cuarto de niños,Blanco;Madera clara;Negro mate;Blanco roto,Blanco;Crema;Verde oliva,Gris frío neutro de luminosidad muy bajo (2/10) y saturación muy baja (2/10) que genera profundidad.,Muy Bajo,Muy Baja,Profundo;Neutro;Elegante;Sobrio
20YY 60/104,Encaje Primoroso,Cálido,6,4,Arena,Rústico;Mediterráneo,Dormitorio;Pasillo,Blanco;Madera clara;Beige,Blanco;Crema;Azul profundo,Arena cálido de luminosidad medio (6/10) y saturación baja (4/10) que equilibra el espacio.,Medio,Baja,Suave;Cálido;Acogedor;Natural
55YY 80/072,Escarcha,Cálido,8,4,Arena,Minimalista;Nórdico;Japandi;Rústico;Mediterráneo,Living;Comedor;Cocina;Dormitorio;Pasillo,Blanco;Madera clara;Beige,Negro mate;Grafito;Azul profundo,Arena cálido de luminosidad alto (8/10) y saturación baja (4/10) que aporta amplitud visual.,Alto,Baja,Luminoso;Amplio;Cálido;Acogedor
90YR 18/177,Especia Picante,Cálido,2,3,Terracota,Dramático,Living,Blanco;Madera clara;Beige;Blanco roto,Blanco;Crema;Azul profundo,Terracota cálido de luminosidad muy bajo (2/10) y saturación baja (3/10) que genera profundidad.,Muy Bajo,Baja,Profundo;Cálido;Acogedor;Sobrio
60YR 64/038,Estambul,Cálido,6,2,Gris cálido,Rústico;Mediterráneo,Dormitorio;Pasillo,Blanco;Madera clara;Beige,Blanco;Crema;Azul profundo,Gris cálido cálido de luminosidad medio (6/10) y saturación muy baja (2/10) que equilibra el espacio.,Medio,Muy Baja,Suave;Cálido;Acogedor;Sobrio
30YY 33/047,Estaño Pulido,Neutro,4,2,Gris frío,Contemporáneo,Living,Blanco;Madera clara;Negro mate;Blanco roto,Blanco;Crema;Verde oliva,Gris frío neutro de luminosidad bajo (4/10) y saturación muy baja (2/10) que equilibra el espacio.,Bajo,Muy Baja,Suave;Neutro;Elegante;Sobrio
90YY 07/093,Estragón,Cálido,2,2,Gris cálido,Dramático,Living,Blanco;Madera clara;Beige;Blanco roto,Blanco;Crema;Azul profundo,Gris cálido cálido de luminosidad muy bajo (2/10) y saturación muy baja (2/10) que genera profundidad.,Muy Bajo,Muy Baja,Profundo;Cálido;Acogedor;Sobrio
40YY 73/028,Estratósfera,Cálido,7,2,Gris cálido,Minimalista;Nórdico;Japandi;Rústico;Mediterráneo,Living;Comedor;Cocina;Dormitorio;Pasillo,Blanco;Madera clara;Beige,Negro mate;Grafito;Azul profundo,Gris cálido cálido de luminosidad alto (7/10) y saturación muy baja (2/10) que aporta amplitud visual.,Alto,Muy Baja,Luminoso;Amplio;Cálido;Acogedor
20YY 69/120,Flor del Desierto,Cálido,7,5,Arena,Rústico;Mediterráneo,Living;Comedor;Cocina;Dormitorio;Pasillo,Blanco;Madera clara;Beige,Negro mate;Grafito;Azul profundo,Arena cálido de luminosidad alto (7/10) y saturación media (5/10) que aporta amplitud visual.,Alto,Media,Luminoso;Amplio;Cálido;Acogedor
70YR 18/184,Fotografía Antigua,Cálido,3,3,Terracota,Dramático,Living,Blanco;Madera clara;Beige;Blanco roto,Blanco;Crema;Azul profundo,Terracota cálido de luminosidad bajo (3/10) y saturación baja (3/10) que genera profundidad.,Bajo,Baja,Profundo;Cálido;Acogedor;Sobrio
90RR 49/061,Fucsia Agrisado,Cálido,5,2,Gris cálido,Rústico;Mediterráneo,Dormitorio;Pasillo,Blanco;Madera clara;Beige,Blanco;Crema;Azul profundo,Gris cálido cálido de luminosidad medio (5/10) y saturación muy baja (2/10) que equilibra el espacio.,Medio,Muy Baja,Suave;Cálido;Acogedor;Sobrio
70YR 50/086,Fuga del Tiempo,Cálido,5,3,Arena,Rústico;Mediterráneo,Dormitorio;Pasillo,Blanco;Madera clara;Beige,Blanco;Crema;Azul profundo,Arena cálido de luminosidad medio (5/10) y saturación baja (3/10) que equilibra el espacio.,Medio,Baja,Suave;Cálido;Acogedor;Sobrio
24YY 22/043,Gamuza Gris,Neutro,3,2,Grafito,Dramático,Living;Dormitorio;Comedor;Cocina;Baño;Pasillo;Home office;Cuarto de niños,Blanco;Madera clara;Negro mate;Blanco roto,Blanco;Crema;Verde oliva,Grafito neutro de luminosidad bajo (3/10) y saturación muy baja (2/10) que genera profundidad.,Bajo,Muy Baja,Profundo;Neutro;Elegante;Sobrio
50YY 57/082,Gélido,Cálido,6,3,Arena,Rústico;Mediterráneo,Dormitorio;Pasillo,Blanco;Madera clara;Beige,Blanco;Crema;Azul profundo,Arena cálido de luminosidad medio (6/10) y saturación baja (3/10) que equilibra el espacio.,Medio,Baja,Suave;Cálido;Acogedor;Sobrio
12YY 47/184,Granero del Campo,Cálido,5,4,Arena,Rústico;Mediterráneo,Living;Dormitorio;Comedor;Cocina;Baño;Pasillo;Home office;Cuarto de niños,Blanco;Madera clara;Beige,Blanco;Crema;Azul profundo,Arena cálido de luminosidad medio (5/10) y saturación baja (4/10) que equilibra el espacio.,Medio,Baja,Suave;Cálido;Acogedor;Natural
30RR 22/031,Granito Húmedo,Neutro,3,1,Grafito,Dramático,Living,Blanco;Madera clara;Negro mate;Blanco roto,Blanco;Crema;Verde oliva,Grafito neutro de luminosidad bajo (3/10) y saturación muy baja (1/10) que genera profundidad.,Bajo,Muy Baja,Profundo;Neutro;Elegante;Sobrio
90YR 55/051,Grava,Cálido,6,2,Gris cálido,Rústico;Mediterráneo,Dormitorio;Pasillo,Blanco;Madera clara;Beige,Blanco;Crema;Azul profundo,Gris cálido cálido de luminosidad medio (6/10) y saturación muy baja (2/10) que equilibra el espacio.,Medio,Muy Baja,Suave;Cálido;Acogedor;Sobrio
04YR 24/029,Gris Adoquín,Neutro,3,1,Grafito,Dramático,Living,Blanco;Madera clara;Negro mate;Blanco roto,Blanco;Crema;Verde oliva,Grafito neutro de luminosidad bajo (3/10) y saturación muy baja (1/10) que genera profundidad.,Bajo,Muy Baja,Profundo;Neutro;Elegante;Sobrio
50YY 63/041,Gris Emblemático,Cálido,7,2,Gris cálido,Minimalista;Nórdico;Japandi;Rústico;Mediterráneo,Living;Comedor;Cocina;Dormitorio;Pasillo,Blanco;Madera clara;Beige,Negro mate;Grafito;Azul profundo,Gris cálido cálido de luminosidad alto (7/10) y saturación muy baja (2/10) que aporta amplitud visual.,Alto,Muy Baja,Luminoso;Amplio;Cálido;Acogedor
30YY 56/060,Gris Fósil,Cálido,6,2,Gris cálido,Rústico;Mediterráneo,Dormitorio;Pasillo,Blanco;Madera clara;Beige,Blanco;Crema;Azul profundo,Gris cálido cálido de luminosidad medio (6/10) y saturación muy baja (2/10) que equilibra el espacio.,Medio,Muy Baja,Suave;Cálido;Acogedor;Sobrio
20YY 37/094,Gris Garza,Cálido,4,2,Gris cálido,Contemporáneo,Living,Blanco;Madera clara;Beige;Blanco roto,Blanco;Crema;Azul profundo,Gris cálido cálido de luminosidad bajo (4/10) y saturación muy baja (2/10) que equilibra el espacio.,Bajo,Muy Baja,Suave;Cálido;Acogedor;Sobrio
30YY 42/083,Gris Gaviota,Cálido,5,2,Gris cálido,Rústico;Mediterráneo,Dormitorio;Pasillo,Blanco;Madera clara;Beige,Blanco;Crema;Azul profundo,Gris cálido cálido de luminosidad medio (5/10) y saturación muy baja (2/10) que equilibra el espacio.,Medio,Muy Baja,Suave;Cálido;Acogedor;Sobrio
38RR 15/026,Gris Generoso,Neutro,2,1,Grafito,Dramático,Living,Blanco;Madera clara;Negro mate;Blanco roto,Blanco;Crema;Verde oliva,Grafito neutro de luminosidad muy bajo (2/10) y saturación muy baja (1/10) que genera profundidad.,Muy Bajo,Muy Baja,Profundo;Neutro;Elegante;Sobrio
50RR 32/029,Gris Niebla,Neutro,4,1,Grafito,Contemporáneo,Living,Blanco;Madera clara;Negro mate;Blanco roto,Blanco;Crema;Verde oliva,Grafito neutro de luminosidad bajo (4/10) y saturación muy baja (1/10) que equilibra el espacio.,Bajo,Muy Baja,Suave;Neutro;Elegante;Sobrio
20YY 57/060,Gris Piedra,Cálido,6,2,Gris cálido,Rústico;Mediterráneo,Dormitorio;Pasillo,Blanco;Madera clara;Beige,Blanco;Crema;Azul profundo,Gris cálido cálido de luminosidad medio (6/10) y saturación muy baja (2/10) que equilibra el espacio.,Medio,Muy Baja,Suave;Cálido;Acogedor;Sobrio
30YY 51/098,Gris Tostado,Cálido,5,3,Arena,Rústico;Mediterráneo,Dormitorio;Pasillo,Blanco;Madera clara;Beige,Blanco;Crema;Azul profundo,Arena cálido de luminosidad medio (5/10) y saturación baja (3/10) que equilibra el espacio.,Medio,Baja,Suave;Cálido;Acogedor;Sobrio
30YY 22/059,Gris Tweed,Neutro,3,2,Gris frío,Dramático,Living,Blanco;Madera clara;Negro mate;Blanco roto,Blanco;Crema;Verde oliva,Gris frío neutro de luminosidad bajo (3/10) y saturación muy baja (2/10) que genera profundidad.,Bajo,Muy Baja,Profundo;Neutro;Elegante;Sobrio
44YY 69/069,Guijarro Pálido,Cálido,7,3,Arena,Minimalista;Nórdico;Japandi;Rústico;Mediterráneo,Living;Comedor;Cocina;Dormitorio;Pasillo,Blanco;Madera clara;Beige,Negro mate;Grafito;Azul profundo,Arena cálido de luminosidad alto (7/10) y saturación baja (3/10) que aporta amplitud visual.,Alto,Baja,Luminoso;Amplio;Cálido;Acogedor
30YR 12/122,Guirnalda,Cálido,2,3,Terracota,Dramático,Living,Blanco;Madera clara;Beige;Blanco roto,Blanco;Crema;Azul profundo,Terracota cálido de luminosidad muy bajo (2/10) y saturación baja (3/10) que genera profundidad.,Muy Bajo,Baja,Profundo;Cálido;Acogedor;Sobrio
20YY 83/063,Helado de Crema,Cálido,8,5,Arena,Rústico;Mediterráneo,Living;Comedor;Cocina;Dormitorio;Pasillo,Blanco;Madera clara;Beige,Negro mate;Grafito;Azul profundo,Arena cálido de luminosidad alto (8/10) y saturación media (5/10) que aporta amplitud visual.,Alto,Media,Luminoso;Amplio;Cálido;Acogedor
91YR 10/089,Henna Hilarante,Cálido,2,3,Chocolate,Dramático,Living,Blanco;Madera clara;Beige;Blanco roto,Blanco;Crema;Azul profundo,Chocolate cálido de luminosidad muy bajo (2/10) y saturación baja (3/10) que genera profundidad.,Muy Bajo,Baja,Profundo;Cálido;Acogedor;Sobrio
70YY 73/083,Hielo Antártico,Cálido,7,4,Arena,Minimalista;Nórdico;Japandi;Rústico;Mediterráneo,Living;Comedor;Cocina;Dormitorio;Pasillo,Blanco;Madera clara;Beige,Negro mate;Grafito;Azul profundo,Arena cálido de luminosidad alto (7/10) y saturación baja (4/10) que aporta amplitud visual.,Alto,Baja,Luminoso;Amplio;Cálido;Acogedor
45YY 74/073,Hilo de Lino,Cálido,8,4,Arena,Minimalista;Nórdico;Japandi;Rústico;Mediterráneo,Living;Comedor;Cocina;Dormitorio;Pasillo,Blanco;Madera clara;Beige,Negro mate;Grafito;Azul profundo,Arena cálido de luminosidad alto (8/10) y saturación baja (4/10) que aporta amplitud visual.,Alto,Baja,Luminoso;Amplio;Cálido;Acogedor
40YY 14/201,Hoja de Roble,Cálido,2,3,Terracota,Dramático,Living,Blanco;Madera clara;Beige;Blanco roto,Blanco;Crema;Azul profundo,Terracota cálido de luminosidad muy bajo (2/10) y saturación baja (3/10) que genera profundidad.,Muy Bajo,Baja,Profundo;Cálido;Acogedor;Sobrio
80YR 14/140,Hoja Seca,Cálido,2,3,Terracota,Dramático,Living,Blanco;Madera clara;Beige;Blanco roto,Blanco;Crema;Azul profundo,Terracota cálido de luminosidad muy bajo (2/10) y saturación baja (3/10) que genera profundidad.,Muy Bajo,Baja,Profundo;Cálido;Acogedor;Sobrio
80YR 17/129,Hongo Japonés,Cálido,2,3,Gris cálido,Dramático,Living,Blanco;Madera clara;Beige;Blanco roto,Blanco;Crema;Azul profundo,Gris cálido cálido de luminosidad muy bajo (2/10) y saturación baja (3/10) que genera profundidad.,Muy Bajo,Baja,Profundo;Cálido;Acogedor;Sobrio
02YY 22/055,Horno de Arcilla,Neutro,3,2,Gris frío,Dramático,Living;Dormitorio;Comedor;Cocina;Baño;Pasillo;Home office;Cuarto de niños,Blanco;Madera clara;Negro mate;Blanco roto,Blanco;Crema;Verde oliva,Gris frío neutro de luminosidad bajo (3/10) y saturación muy baja (2/10) que genera profundidad.,Bajo,Muy Baja,Profundo;Neutro;Elegante;Sobrio
96YR 09/033,Humo Espeso,Neutro,2,2,Chocolate,Dramático,Living;Dormitorio;Comedor;Cocina;Baño;Pasillo;Home office;Cuarto de niños,Blanco;Madera clara;Negro mate;Blanco roto,Blanco;Crema;Verde oliva,Chocolate neutro de luminosidad muy bajo (2/10) y saturación muy baja (2/10) que genera profundidad.,Muy Bajo,Muy Baja,Profundo;Neutro;Elegante;Sobrio
90RR 35/060,Idílico,Cálido,4,2,Gris cálido,Contemporáneo,Living,Blanco;Madera clara;Beige;Blanco roto,Blanco;Crema;Azul profundo,Gris cálido cálido de luminosidad bajo (4/10) y saturación muy baja (2/10) que equilibra el espacio.,Bajo,Muy Baja,Suave;Cálido;Acogedor;Sobrio
70YR 33/175,Ingrediente Orgánico,Cálido,4,4,Arena,Contemporáneo,Living,Blanco;Madera clara;Beige;Blanco roto,Blanco;Crema;Azul profundo,Arena cálido de luminosidad bajo (4/10) y saturación baja (4/10) que equilibra el espacio.,Bajo,Baja,Suave;Cálido;Acogedor;Natural
39RR 07/029,Intensidad Nocturna,Neutro,1,2,Gris frío,Dramático,Living,Blanco;Madera clara;Negro mate;Blanco roto,Blanco;Crema;Verde oliva,Gris frío neutro de luminosidad muy bajo (1/10) y saturación muy baja (2/10) que genera profundidad.,Muy Bajo,Muy Baja,Profundo;Neutro;Elegante;Sobrio
19YY 15/105,Isla de Pájaros,Cálido,2,3,Gris cálido,Dramático,Living,Blanco;Madera clara;Beige;Blanco roto,Blanco;Crema;Azul profundo,Gris cálido cálido de luminosidad muy bajo (2/10) y saturación baja (3/10) que genera profundidad.,Muy Bajo,Baja,Profundo;Cálido;Acogedor;Sobrio
90RR 22/126,Isla de Palomas,Cálido,3,2,Gris cálido,Dramático,Living,Blanco;Madera clara;Beige;Blanco roto,Blanco;Crema;Azul profundo,Gris cálido cálido de luminosidad bajo (3/10) y saturación muy baja (2/10) que genera profundidad.,Bajo,Muy Baja,Profundo;Cálido;Acogedor;Sobrio
20YY 22/129,Jarro de Cerámica,Cálido,3,2,Gris cálido,Dramático,Living,Blanco;Madera clara;Beige;Blanco roto,Blanco;Crema;Azul profundo,Gris cálido cálido de luminosidad bajo (3/10) y saturación muy baja (2/10) que genera profundidad.,Bajo,Muy Baja,Profundo;Cálido;Acogedor;Sobrio
87YR 12/005,Lápiz Mágico,Neutro,2,1,Grafito,Dramático,Living,Blanco;Madera clara;Negro mate;Blanco roto,Blanco;Crema;Verde oliva,Grafito neutro de luminosidad muy bajo (2/10) y saturación muy baja (1/10) que genera profundidad.,Muy Bajo,Muy Baja,Profundo;Neutro;Elegante;Sobrio
54YR 12/074,Leño Humeante,Cálido,2,2,Gris cálido,Dramático,Living,Blanco;Madera clara;Beige;Blanco roto,Blanco;Crema;Azul profundo,Gris cálido cálido de luminosidad muy bajo (2/10) y saturación muy baja (2/10) que genera profundidad.,Muy Bajo,Muy Baja,Profundo;Cálido;Acogedor;Sobrio
90RR 16/095,Licor de Ciruela,Cálido,2,2,Gris cálido,Dramático,Living,Blanco;Madera clara;Beige;Blanco roto,Blanco;Crema;Azul profundo,Gris cálido cálido de luminosidad muy bajo (2/10) y saturación muy baja (2/10) que genera profundidad.,Muy Bajo,Muy Baja,Profundo;Cálido;Acogedor;Sobrio
40YY 69/112,Licor de Maní,Cálido,7,4,Arena,Minimalista;Nórdico;Japandi;Rústico;Mediterráneo,Living;Comedor;Cocina;Dormitorio;Pasillo,Blanco;Madera clara;Beige,Negro mate;Grafito;Azul profundo,Arena cálido de luminosidad alto (7/10) y saturación baja (4/10) que aporta amplitud visual.,Alto,Baja,Luminoso;Amplio;Cálido;Acogedor
30YY 44/114,Liebre,Cálido,5,3,Arena,Rústico;Mediterráneo,Dormitorio;Pasillo,Blanco;Madera clara;Beige,Blanco;Crema;Azul profundo,Arena cálido de luminosidad medio (5/10) y saturación baja (3/10) que equilibra el espacio.,Medio,Baja,Suave;Cálido;Acogedor;Sobrio
90RR 64/036,Lila Suave,Cálido,7,2,Gris cálido,Minimalista;Nórdico;Japandi;Rústico;Mediterráneo,Living;Comedor;Cocina;Dormitorio;Pasillo,Blanco;Madera clara;Beige,Negro mate;Grafito;Azul profundo,Gris cálido cálido de luminosidad alto (7/10) y saturación muy baja (2/10) que aporta amplitud visual.,Alto,Muy Baja,Luminoso;Amplio;Cálido;Acogedor
30YY 70/120,Lino Antiguo,Cálido,7,4,Arena,Minimalista;Nórdico;Japandi;Rústico;Mediterráneo,Living;Comedor;Cocina;Dormitorio;Pasillo,Blanco;Madera clara;Beige,Negro mate;Grafito;Azul profundo,Arena cálido de luminosidad alto (7/10) y saturación baja (4/10) que aporta amplitud visual.,Alto,Baja,Luminoso;Amplio;Cálido;Acogedor
10YY 83/057,Lino Rústico,Cálido,8,4,Arena,Minimalista;Nórdico;Japandi;Rústico;Mediterráneo,Living;Comedor;Cocina;Dormitorio;Pasillo,Blanco;Madera clara;Beige,Negro mate;Grafito;Azul profundo,Arena cálido de luminosidad alto (8/10) y saturación baja (4/10) que aporta amplitud visual.,Alto,Baja,Luminoso;Amplio;Cálido;Acogedor
25YY 54/123,Llanuras Africanas,Cálido,6,4,Arena,Rústico;Mediterráneo,Dormitorio;Pasillo,Blanco;Madera clara;Beige,Blanco;Crema;Azul profundo,Arena cálido de luminosidad medio (6/10) y saturación baja (4/10) que equilibra el espacio.,Medio,Baja,Suave;Cálido;Acogedor;Natural
30YR 73/034,Lujo Moderno,Cálido,7,3,Arena,Minimalista;Nórdico;Japandi;Rústico;Mediterráneo,Living;Comedor;Cocina;Dormitorio;Pasillo,Blanco;Madera clara;Beige,Negro mate;Grafito;Azul profundo,Arena cálido de luminosidad alto (7/10) y saturación baja (3/10) que aporta amplitud visual.,Alto,Baja,Luminoso;Amplio;Cálido;Acogedor
90RR 83/013,Luz de la Pradera,Cálido,8,3,Marfil,Minimalista;Nórdico;Japandi;Rústico;Mediterráneo,Living;Comedor;Cocina;Dormitorio;Pasillo,Blanco;Madera clara;Beige,Negro mate;Grafito;Azul profundo,Marfil cálido de luminosidad alto (8/10) y saturación baja (3/10) que aporta amplitud visual.,Alto,Baja,Luminoso;Amplio;Cálido;Acogedor
90YR 34/084,Madera Agrisada,Cálido,4,2,Gris cálido,Contemporáneo,Living,Blanco;Madera clara;Beige;Blanco roto,Blanco;Crema;Azul profundo,Gris cálido cálido de luminosidad bajo (4/10) y saturación muy baja (2/10) que equilibra el espacio.,Bajo,Muy Baja,Suave;Cálido;Acogedor;Sobrio
40YY 41/054,Madera Ahumada,Cálido,5,2,Gris cálido,Rústico;Mediterráneo,Dormitorio;Pasillo,Blanco;Madera clara;Beige,Blanco;Crema;Azul profundo,Gris cálido cálido de luminosidad medio (5/10) y saturación muy baja (2/10) que equilibra el espacio.,Medio,Muy Baja,Suave;Cálido;Acogedor;Sobrio
07YY 12/071,Magdalena de Cacao,Cálido,2,2,Chocolate,Dramático,Living;Dormitorio;Comedor;Cocina;Baño;Pasillo;Home office;Cuarto de niños,Blanco;Madera clara;Beige;Blanco roto,Blanco;Crema;Azul profundo,Chocolate cálido de luminosidad muy bajo (2/10) y saturación muy baja (2/10) que genera profundidad.,Muy Bajo,Muy Baja,Profundo;Cálido;Acogedor;Sobrio
06YY 21/130,Magdalena de Café,Cálido,3,3,Gris cálido,Dramático,Living;Dormitorio;Comedor;Cocina;Baño;Pasillo;Home office;Cuarto de niños,Blanco;Madera clara;Beige;Blanco roto,Blanco;Crema;Azul profundo,Gris cálido cálido de luminosidad bajo (3/10) y saturación baja (3/10) que genera profundidad.,Bajo,Baja,Profundo;Cálido;Acogedor;Sobrio
60YR 56/049,Malva China,Cálido,6,2,Gris cálido,Rústico;Mediterráneo,Dormitorio;Pasillo,Blanco;Madera clara;Beige,Blanco;Crema;Azul profundo,Gris cálido cálido de luminosidad medio (6/10) y saturación muy baja (2/10) que equilibra el espacio.,Medio,Muy Baja,Suave;Cálido;Acogedor;Sobrio
50YR 47/057,Malva Gris,Cálido,5,2,Gris cálido,Rústico;Mediterráneo,Dormitorio;Pasillo,Blanco;Madera clara;Beige,Blanco;Crema;Azul profundo,Gris cálido cálido de luminosidad medio (5/10) y saturación muy baja (2/10) que equilibra el espacio.,Medio,Muy Baja,Suave;Cálido;Acogedor;Sobrio
10YY 14/080,Mangle,Cálido,2,2,Gris cálido,Dramático,Living,Blanco;Madera clara;Beige;Blanco roto,Blanco;Crema;Azul profundo,Gris cálido cálido de luminosidad muy bajo (2/10) y saturación muy baja (2/10) que genera profundidad.,Muy Bajo,Muy Baja,Profundo;Cálido;Acogedor;Sobrio
40YY 60/103,Manuscrito,Cálido,6,3,Arena,Rústico;Mediterráneo,Dormitorio;Pasillo,Blanco;Madera clara;Beige,Blanco;Crema;Azul profundo,Arena cálido de luminosidad medio (6/10) y saturación baja (3/10) que equilibra el espacio.,Medio,Baja,Suave;Cálido;Acogedor;Sobrio
68YY 86/042,Mañana Cálida,Cálido,9,4,Arena,Minimalista;Nórdico;Japandi;Rústico;Mediterráneo,Living;Comedor;Cocina;Dormitorio;Pasillo,Blanco;Madera clara;Beige,Negro mate;Grafito;Azul profundo,Arena cálido de luminosidad muy alto (9/10) y saturación baja (4/10) que aporta amplitud visual.,Muy Alto,Baja,Luminoso;Amplio;Cálido;Acogedor
51YY 74/066,Mañana Inspiradora,Cálido,8,3,Arena,Minimalista;Nórdico;Japandi;Rústico;Mediterráneo,Living;Comedor;Cocina;Dormitorio;Pasillo,Blanco;Madera clara;Beige,Negro mate;Grafito;Azul profundo,Arena cálido de luminosidad alto (8/10) y saturación baja (3/10) que aporta amplitud visual.,Alto,Baja,Luminoso;Amplio;Cálido;Acogedor
46YY 53/062,Mar de Guijarros,Cálido,6,2,Gris cálido,Rústico;Mediterráneo,Dormitorio;Pasillo,Blanco;Madera clara;Beige,Blanco;Crema;Azul profundo,Gris cálido cálido de luminosidad medio (6/10) y saturación muy baja (2/10) que equilibra el espacio.,Medio,Muy Baja,Suave;Cálido;Acogedor;Sobrio
45YY 75/110,Marfil Elocuente,Cálido,8,5,Arena,Rústico;Mediterráneo,Living;Comedor;Cocina;Dormitorio;Pasillo,Blanco;Madera clara;Beige,Negro mate;Grafito;Azul profundo,Arena cálido de luminosidad alto (8/10) y saturación media (5/10) que aporta amplitud visual.,Alto,Media,Luminoso;Amplio;Cálido;Acogedor
21YY 82/053,Mariposa Nocturna,Cálido,8,4,Arena,Minimalista;Nórdico;Japandi;Rústico;Mediterráneo,Living;Dormitorio;Comedor;Cocina;Baño;Pasillo;Home office;Cuarto de niños,Blanco;Madera clara;Beige,Negro mate;Grafito;Azul profundo,Arena cálido de luminosidad alto (8/10) y saturación baja (4/10) que aporta amplitud visual.,Alto,Baja,Luminoso;Amplio;Cálido;Acogedor
71YR 08/119,Marrón Artesano,Cálido,2,2,Gris cálido,Dramático,Living,Blanco;Madera clara;Beige;Blanco roto,Blanco;Crema;Azul profundo,Gris cálido cálido de luminosidad muy bajo (2/10) y saturación muy baja (2/10) que genera profundidad.,Muy Bajo,Muy Baja,Profundo;Cálido;Acogedor;Sobrio
60YR 09/086,Marrón Auténtico,Cálido,2,3,Gris cálido,Dramático,Living,Blanco;Madera clara;Beige;Blanco roto,Blanco;Crema;Azul profundo,Gris cálido cálido de luminosidad muy bajo (2/10) y saturación baja (3/10) que genera profundidad.,Muy Bajo,Baja,Profundo;Cálido;Acogedor;Sobrio
84RR 05/082,Marrón Bellota,Cálido,1,3,Piedra,Dramático,Living,Blanco;Madera clara;Beige;Blanco roto,Blanco;Crema;Azul profundo,Piedra cálido de luminosidad muy bajo (1/10) y saturación baja (3/10) que genera profundidad.,Muy Bajo,Baja,Profundo;Cálido;Acogedor;Sobrio
80YR 19/177,Marrón Centenario,Cálido,3,3,Terracota,Dramático,Living,Blanco;Madera clara;Beige;Blanco roto,Blanco;Crema;Azul profundo,Terracota cálido de luminosidad bajo (3/10) y saturación baja (3/10) que genera profundidad.,Bajo,Baja,Profundo;Cálido;Acogedor;Sobrio
90YR 29/096,Marrón Escandinavo,Cálido,3,2,Gris cálido,Dramático,Living,Blanco;Madera clara;Beige;Blanco roto,Blanco;Crema;Azul profundo,Gris cálido cálido de luminosidad bajo (3/10) y saturación muy baja (2/10) que genera profundidad.,Bajo,Muy Baja,Profundo;Cálido;Acogedor;Sobrio
50YR 10/151,Marrón Habana,Cálido,2,3,Terracota,Dramático,Living,Blanco;Madera clara;Beige;Blanco roto,Blanco;Crema;Azul profundo,Terracota cálido de luminosidad muy bajo (2/10) y saturación baja (3/10) que genera profundidad.,Muy Bajo,Baja,Profundo;Cálido;Acogedor;Sobrio
20YY 12/163,Marrón Oliva,Cálido,2,3,Terracota,Dramático,Living,Blanco;Madera clara;Beige;Blanco roto,Blanco;Crema;Azul profundo,Terracota cálido de luminosidad muy bajo (2/10) y saturación baja (3/10) que genera profundidad.,Muy Bajo,Baja,Profundo;Cálido;Acogedor;Sobrio
70YR 12/077,Marrón Pirata,Cálido,2,2,Gris cálido,Dramático,Living,Blanco;Madera clara;Beige;Blanco roto,Blanco;Crema;Azul profundo,Gris cálido cálido de luminosidad muy bajo (2/10) y saturación muy baja (2/10) que genera profundidad.,Muy Bajo,Muy Baja,Profundo;Cálido;Acogedor;Sobrio
00YY 09/087,Marrón Pizarra,Cálido,2,3,Chocolate,Dramático,Living,Blanco;Madera clara;Beige;Blanco roto,Blanco;Crema;Azul profundo,Chocolate cálido de luminosidad muy bajo (2/10) y saturación baja (3/10) que genera profundidad.,Muy Bajo,Baja,Profundo;Cálido;Acogedor;Sobrio
70YR 07/093,Marrón Profundo,Cálido,1,3,Chocolate,Dramático,Living,Blanco;Madera clara;Beige;Blanco roto,Blanco;Crema;Azul profundo,Chocolate cálido de luminosidad muy bajo (1/10) y saturación baja (3/10) que genera profundidad.,Muy Bajo,Baja,Profundo;Cálido;Acogedor;Sobrio
80YR 42/073,Marrón Progresivo,Cálido,5,2,Gris cálido,Rústico;Mediterráneo,Dormitorio;Pasillo,Blanco;Madera clara;Beige,Blanco;Crema;Azul profundo,Gris cálido cálido de luminosidad medio (5/10) y saturación muy baja (2/10) que equilibra el espacio.,Medio,Muy Baja,Suave;Cálido;Acogedor;Sobrio
81YR 38/111,Marrón Tabaco,Cálido,4,3,Arena,Contemporáneo,Living,Blanco;Madera clara;Beige;Blanco roto,Blanco;Crema;Azul profundo,Arena cálido de luminosidad bajo (4/10) y saturación baja (3/10) que equilibra el espacio.,Bajo,Baja,Suave;Cálido;Acogedor;Sobrio
80YR 16/193,Marrón Tostado,Cálido,2,3,Terracota,Dramático,Living,Blanco;Madera clara;Beige;Blanco roto,Blanco;Crema;Azul profundo,Terracota cálido de luminosidad muy bajo (2/10) y saturación baja (3/10) que genera profundidad.,Muy Bajo,Baja,Profundo;Cálido;Acogedor;Sobrio
50YR 06/081,Marrón Trufa,Cálido,1,3,Terracota,Dramático,Living,Blanco;Madera clara;Beige;Blanco roto,Blanco;Crema;Azul profundo,Terracota cálido de luminosidad muy bajo (1/10) y saturación baja (3/10) que genera profundidad.,Muy Bajo,Baja,Profundo;Cálido;Acogedor;Sobrio
20YY 31/106,Matorral,Cálido,4,2,Gris cálido,Contemporáneo,Living,Blanco;Madera clara;Beige;Blanco roto,Blanco;Crema;Azul profundo,Gris cálido cálido de luminosidad bajo (4/10) y saturación muy baja (2/10) que equilibra el espacio.,Bajo,Muy Baja,Suave;Cálido;Acogedor;Sobrio
50YR 13/032,Medianoche,Neutro,2,1,Grafito,Dramático,Living,Blanco;Madera clara;Negro mate;Blanco roto,Blanco;Crema;Verde oliva,Grafito neutro de luminosidad muy bajo (2/10) y saturación muy baja (1/10) que genera profundidad.,Muy Bajo,Muy Baja,Profundo;Neutro;Elegante;Sobrio
30YY 69/048,Meditación,Cálido,7,3,Arena,Minimalista;Nórdico;Japandi;Rústico;Mediterráneo,Living;Comedor;Cocina;Dormitorio;Pasillo,Blanco;Madera clara;Beige,Negro mate;Grafito;Azul profundo,Arena cálido de luminosidad alto (7/10) y saturación baja (3/10) que aporta amplitud visual.,Alto,Baja,Luminoso;Amplio;Cálido;Acogedor
70YR 65/054,Místico,Cálido,7,3,Arena,Minimalista;Nórdico;Japandi;Rústico;Mediterráneo,Living;Comedor;Cocina;Dormitorio;Pasillo,Blanco;Madera clara;Beige,Negro mate;Grafito;Azul profundo,Arena cálido de luminosidad alto (7/10) y saturación baja (3/10) que aporta amplitud visual.,Alto,Baja,Luminoso;Amplio;Cálido;Acogedor
80YR 59/089,Mochaccino,Cálido,6,3,Arena,Rústico;Mediterráneo,Dormitorio;Pasillo,Blanco;Madera clara;Beige,Blanco;Crema;Azul profundo,Arena cálido de luminosidad medio (6/10) y saturación baja (3/10) que equilibra el espacio.,Medio,Baja,Suave;Cálido;Acogedor;Sobrio
73YR 32/063,Molde de Arcilla,Cálido,4,2,Gris cálido,Contemporáneo,Living;Dormitorio;Comedor;Cocina;Baño;Pasillo;Home office;Cuarto de niños,Blanco;Madera clara;Beige;Blanco roto,Blanco;Crema;Azul profundo,Gris cálido cálido de luminosidad bajo (4/10) y saturación muy baja (2/10) que equilibra el espacio.,Bajo,Muy Baja,Suave;Cálido;Acogedor;Sobrio
79YR 19/096,Molino Marrón,Cálido,3,2,Gris cálido,Dramático,Living,Blanco;Madera clara;Beige;Blanco roto,Blanco;Crema;Azul profundo,Gris cálido cálido de luminosidad bajo (3/10) y saturación muy baja (2/10) que genera profundidad.,Bajo,Muy Baja,Profundo;Cálido;Acogedor;Sobrio
94YR 17/076,Moneda Antigua,Cálido,2,2,Gris cálido,Dramático,Living,Blanco;Madera clara;Beige;Blanco roto,Blanco;Crema;Azul profundo,Gris cálido cálido de luminosidad muy bajo (2/10) y saturación muy baja (2/10) que genera profundidad.,Muy Bajo,Muy Baja,Profundo;Cálido;Acogedor;Sobrio
70YY 57/098,Montaña Distante,Cálido,6,3,Arena,Rústico;Mediterráneo,Dormitorio;Pasillo,Blanco;Madera clara;Beige,Blanco;Crema;Azul profundo,Arena cálido de luminosidad medio (6/10) y saturación baja (3/10) que equilibra el espacio.,Medio,Baja,Suave;Cálido;Acogedor;Sobrio
10YY 08/093,Mosaico de Piedras,Cálido,2,3,Chocolate,Dramático,Living,Blanco;Madera clara;Beige;Blanco roto,Blanco;Crema;Azul profundo,Chocolate cálido de luminosidad muy bajo (2/10) y saturación baja (3/10) que genera profundidad.,Muy Bajo,Baja,Profundo;Cálido;Acogedor;Sobrio
48YR 06/091,Mousse de Cacao,Cálido,1,3,Terracota,Dramático,Living,Blanco;Madera clara;Beige;Blanco roto,Blanco;Crema;Azul profundo,Terracota cálido de luminosidad muy bajo (1/10) y saturación baja (3/10) que genera profundidad.,Muy Bajo,Baja,Profundo;Cálido;Acogedor;Sobrio
90YR 26/147,Mousse de Café,Cálido,3,3,Terracota,Dramático,Living,Blanco;Madera clara;Beige;Blanco roto,Blanco;Crema;Azul profundo,Terracota cálido de luminosidad bajo (3/10) y saturación baja (3/10) que genera profundidad.,Bajo,Baja,Profundo;Cálido;Acogedor;Sobrio
30YY 53/124,Muros de Oliva,Cálido,6,3,Arena,Rústico;Mediterráneo,Living;Dormitorio;Comedor;Cocina;Baño;Pasillo;Home office;Cuarto de niños,Blanco;Madera clara;Beige,Blanco;Crema;Azul profundo,Arena cálido de luminosidad medio (6/10) y saturación baja (3/10) que equilibra el espacio.,Medio,Baja,Suave;Cálido;Acogedor;Sobrio
45YY 20/168,Musgo Ágata,Cálido,3,3,Terracota,Dramático,Living,Blanco;Madera clara;Beige;Blanco roto,Blanco;Crema;Azul profundo,Terracota cálido de luminosidad bajo (3/10) y saturación baja (3/10) que genera profundidad.,Bajo,Baja,Profundo;Cálido;Acogedor;Sobrio
45YY 11/200,Musgo Asiático,Cálido,2,4,Terracota,Dramático,Living,Blanco;Madera clara;Beige;Blanco roto,Blanco;Crema;Azul profundo,Terracota cálido de luminosidad muy bajo (2/10) y saturación baja (4/10) que genera profundidad.,Muy Bajo,Baja,Profundo;Cálido;Acogedor;Natural
70YY 26/137,Musgo Verdoso,Cálido,3,2,Gris cálido,Dramático,Living,Blanco;Madera clara;Beige;Blanco roto,Blanco;Crema;Azul profundo,Gris cálido cálido de luminosidad bajo (3/10) y saturación muy baja (2/10) que genera profundidad.,Bajo,Muy Baja,Profundo;Cálido;Acogedor;Sobrio
50RR 54/018,Natural Urbano,Neutro,6,1,Piedra,Contemporáneo,Dormitorio;Pasillo,Blanco;Madera clara;Negro mate,Blanco;Crema;Verde oliva,Piedra neutro de luminosidad medio (6/10) y saturación muy baja (1/10) que equilibra el espacio.,Medio,Muy Baja,Suave;Neutro;Elegante;Sobrio
45YY 67/120,Neblina de Otoño,Cálido,7,4,Arena,Minimalista;Nórdico;Japandi;Rústico;Mediterráneo,Living;Comedor;Cocina;Dormitorio;Pasillo,Blanco;Madera clara;Beige,Negro mate;Grafito;Azul profundo,Arena cálido de luminosidad alto (7/10) y saturación baja (4/10) que aporta amplitud visual.,Alto,Baja,Luminoso;Amplio;Cálido;Acogedor
46YY 63/147,Neutro Clásico,Cálido,7,4,Arena,Minimalista;Nórdico;Japandi;Rústico;Mediterráneo,Living;Dormitorio;Comedor;Cocina;Baño;Pasillo;Home office;Cuarto de niños,Blanco;Madera clara;Beige,Negro mate;Grafito;Azul profundo,Arena cálido de luminosidad alto (7/10) y saturación baja (4/10) que aporta amplitud visual.,Alto,Baja,Luminoso;Amplio;Cálido;Acogedor
90YR 59/108,Neutro Nepal,Cálido,6,4,Arena,Rústico;Mediterráneo,Dormitorio;Pasillo,Blanco;Madera clara;Beige,Blanco;Crema;Azul profundo,Arena cálido de luminosidad medio (6/10) y saturación baja (4/10) que equilibra el espacio.,Medio,Baja,Suave;Cálido;Acogedor;Natural
90YR 53/132,Neutro Normandía,Cálido,6,4,Arena,Rústico;Mediterráneo,Dormitorio;Pasillo,Blanco;Madera clara;Beige,Blanco;Crema;Azul profundo,Arena cálido de luminosidad medio (6/10) y saturación baja (4/10) que equilibra el espacio.,Medio,Baja,Suave;Cálido;Acogedor;Natural
90YR 10/151,Nido de Aves,Cálido,2,3,Terracota,Dramático,Living,Blanco;Madera clara;Beige;Blanco roto,Blanco;Crema;Azul profundo,Terracota cálido de luminosidad muy bajo (2/10) y saturación baja (3/10) que genera profundidad.,Muy Bajo,Baja,Profundo;Cálido;Acogedor;Sobrio
70YY 43/113,Niebla de Tennessee,Cálido,5,2,Gris cálido,Rústico;Mediterráneo,Dormitorio;Pasillo,Blanco;Madera clara;Beige,Blanco;Crema;Azul profundo,Gris cálido cálido de luminosidad medio (5/10) y saturación muy baja (2/10) que equilibra el espacio.,Medio,Muy Baja,Suave;Cálido;Acogedor;Sobrio
10YY 54/034,Niebla Romana,Cálido,6,2,Gris cálido,Rústico;Mediterráneo,Dormitorio;Pasillo,Blanco;Madera clara;Beige,Blanco;Crema;Azul profundo,Gris cálido cálido de luminosidad medio (6/10) y saturación muy baja (2/10) que equilibra el espacio.,Medio,Muy Baja,Suave;Cálido;Acogedor;Sobrio
50YR 26/023,Niquel,Neutro,3,1,Grafito,Dramático,Living,Blanco;Madera clara;Negro mate;Blanco roto,Blanco;Crema;Verde oliva,Grafito neutro de luminosidad bajo (3/10) y saturación muy baja (1/10) que genera profundidad.,Bajo,Muy Baja,Profundo;Neutro;Elegante;Sobrio
45YY 73/081,Nube de Arena,Cálido,7,3,Arena,Minimalista;Nórdico;Japandi;Rústico;Mediterráneo,Living;Dormitorio;Comedor;Cocina;Baño;Pasillo;Home office;Cuarto de niños,Blanco;Madera clara;Beige,Negro mate;Grafito;Azul profundo,Arena cálido de luminosidad alto (7/10) y saturación baja (3/10) que aporta amplitud visual.,Alto,Baja,Luminoso;Amplio;Cálido;Acogedor
50YR 65/056,Nuez Moscada,Cálido,7,3,Arena,Minimalista;Nórdico;Japandi;Rústico;Mediterráneo,Living;Comedor;Cocina;Dormitorio;Pasillo,Blanco;Madera clara;Beige,Negro mate;Grafito;Azul profundo,Arena cálido de luminosidad alto (7/10) y saturación baja (3/10) que aporta amplitud visual.,Alto,Baja,Luminoso;Amplio;Cálido;Acogedor
20YY 45/114,Obelisco,Cálido,5,3,Arena,Rústico;Mediterráneo,Dormitorio;Pasillo,Blanco;Madera clara;Beige,Blanco;Crema;Azul profundo,Arena cálido de luminosidad medio (5/10) y saturación baja (3/10) que equilibra el espacio.,Medio,Baja,Suave;Cálido;Acogedor;Sobrio
10YY 09/200,Ocre Italiano,Cálido,2,4,Terracota,Dramático,Living,Blanco;Madera clara;Beige;Blanco roto,Blanco;Crema;Azul profundo,Terracota cálido de luminosidad muy bajo (2/10) y saturación baja (4/10) que genera profundidad.,Muy Bajo,Baja,Profundo;Cálido;Acogedor;Natural
20YY 58/082,Oleada,Cálido,6,3,Arena,Rústico;Mediterráneo,Dormitorio;Pasillo,Blanco;Madera clara;Beige,Blanco;Crema;Azul profundo,Arena cálido de luminosidad medio (6/10) y saturación baja (3/10) que equilibra el espacio.,Medio,Baja,Suave;Cálido;Acogedor;Sobrio
90YR 57/070,Ornamento en Relieve,Cálido,6,3,Arena,Rústico;Mediterráneo,Dormitorio;Pasillo,Blanco;Madera clara;Beige,Blanco;Crema;Azul profundo,Arena cálido de luminosidad medio (6/10) y saturación baja (3/10) que equilibra el espacio.,Medio,Baja,Suave;Cálido;Acogedor;Sobrio
20YY 15/245,Oro Minero,Cálido,2,4,Terracota,Dramático,Living,Blanco;Madera clara;Beige;Blanco roto,Blanco;Crema;Azul profundo,Terracota cálido de luminosidad muy bajo (2/10) y saturación baja (4/10) que genera profundidad.,Muy Bajo,Baja,Profundo;Cálido;Acogedor;Natural
55YY 12/069,Oscura Melodía,Cálido,2,2,Chocolate,Dramático,Living;Dormitorio;Comedor;Cocina;Baño;Pasillo;Home office;Cuarto de niños,Blanco;Madera clara;Beige;Blanco roto,Blanco;Crema;Azul profundo,Chocolate cálido de luminosidad muy bajo (2/10) y saturación muy baja (2/10) que genera profundidad.,Muy Bajo,Muy Baja,Profundo;Cálido;Acogedor;Sobrio
47RR 10/045,Oscuro Desierto,Neutro,2,2,Gris frío,Dramático,Living,Blanco;Madera clara;Negro mate;Blanco roto,Blanco;Crema;Verde oliva,Gris frío neutro de luminosidad muy bajo (2/10) y saturación muy baja (2/10) que genera profundidad.,Muy Bajo,Muy Baja,Profundo;Neutro;Elegante;Sobrio
30YY 20/193,Pantanal,Cálido,3,3,Terracota,Dramático,Living,Blanco;Madera clara;Beige;Blanco roto,Blanco;Crema;Azul profundo,Terracota cálido de luminosidad bajo (3/10) y saturación baja (3/10) que genera profundidad.,Bajo,Baja,Profundo;Cálido;Acogedor;Sobrio
70YR 46/069,Pardo Chic,Cálido,5,2,Gris cálido,Rústico;Mediterráneo,Dormitorio;Pasillo,Blanco;Madera clara;Beige,Blanco;Crema;Azul profundo,Gris cálido cálido de luminosidad medio (5/10) y saturación muy baja (2/10) que equilibra el espacio.,Medio,Muy Baja,Suave;Cálido;Acogedor;Sobrio
00YY 48/171,Paseo del Parque,Cálido,5,4,Arena,Rústico;Mediterráneo,Dormitorio;Pasillo,Blanco;Madera clara;Beige,Blanco;Crema;Azul profundo,Arena cálido de luminosidad medio (5/10) y saturación baja (4/10) que equilibra el espacio.,Medio,Baja,Suave;Cálido;Acogedor;Natural
10YY 23/184,Pato Silvestre,Cálido,3,3,Terracota,Dramático,Living,Blanco;Madera clara;Beige;Blanco roto,Blanco;Crema;Azul profundo,Terracota cálido de luminosidad bajo (3/10) y saturación baja (3/10) que genera profundidad.,Bajo,Baja,Profundo;Cálido;Acogedor;Sobrio
50YR 49/098,Pequeña Rosa,Cálido,5,3,Arena,Rústico;Mediterráneo,Dormitorio;Pasillo,Blanco;Madera clara;Beige,Blanco;Crema;Azul profundo,Arena cálido de luminosidad medio (5/10) y saturación baja (3/10) que equilibra el espacio.,Medio,Baja,Suave;Cálido;Acogedor;Sobrio
50YY 31/124,Piedra de Huerto,Cálido,4,2,Gris cálido,Contemporáneo,Living,Blanco;Madera clara;Beige;Blanco roto,Blanco;Crema;Azul profundo,Gris cálido cálido de luminosidad bajo (4/10) y saturación muy baja (2/10) que equilibra el espacio.,Bajo,Muy Baja,Suave;Cálido;Acogedor;Sobrio
10YY 30/106,Piedra Esculpida,Cálido,4,2,Gris cálido,Contemporáneo,Living,Blanco;Madera clara;Beige;Blanco roto,Blanco;Crema;Azul profundo,Gris cálido cálido de luminosidad bajo (4/10) y saturación muy baja (2/10) que equilibra el espacio.,Bajo,Muy Baja,Suave;Cálido;Acogedor;Sobrio
10YR 40/054,Piedra Rosada,Cálido,4,2,Gris cálido,Contemporáneo,Living,Blanco;Madera clara;Beige;Blanco roto,Blanco;Crema;Azul profundo,Gris cálido cálido de luminosidad bajo (4/10) y saturación muy baja (2/10) que equilibra el espacio.,Bajo,Muy Baja,Suave;Cálido;Acogedor;Sobrio
62YR 22/051,Piedra Sofisticada,Neutro,3,2,Gris frío,Dramático,Living;Dormitorio;Comedor;Cocina;Baño;Pasillo;Home office;Cuarto de niños,Blanco;Madera clara;Negro mate;Blanco roto,Blanco;Crema;Verde oliva,Gris frío neutro de luminosidad bajo (3/10) y saturación muy baja (2/10) que genera profundidad.,Bajo,Muy Baja,Profundo;Neutro;Elegante;Sobrio
40YY 67/087,Pilar,Cálido,7,4,Arena,Minimalista;Nórdico;Japandi;Rústico;Mediterráneo,Living;Comedor;Cocina;Dormitorio;Pasillo,Blanco;Madera clara;Beige,Negro mate;Grafito;Azul profundo,Arena cálido de luminosidad alto (7/10) y saturación baja (4/10) que aporta amplitud visual.,Alto,Baja,Luminoso;Amplio;Cálido;Acogedor
80YR 44/101,Pimienta Rosa,Cálido,5,3,Arena,Rústico;Mediterráneo,Dormitorio;Pasillo,Blanco;Madera clara;Beige,Blanco;Crema;Azul profundo,Arena cálido de luminosidad medio (5/10) y saturación baja (3/10) que equilibra el espacio.,Medio,Baja,Suave;Cálido;Acogedor;Sobrio
90RR 10/119,Pitanga Salvaje,Cálido,2,3,Gris cálido,Dramático,Living,Blanco;Madera clara;Beige;Blanco roto,Blanco;Crema;Azul profundo,Gris cálido cálido de luminosidad muy bajo (2/10) y saturación baja (3/10) que genera profundidad.,Muy Bajo,Baja,Profundo;Cálido;Acogedor;Sobrio
10YY 41/175,Planicies Escocesas,Cálido,5,4,Arena,Rústico;Mediterráneo,Dormitorio;Pasillo,Blanco;Madera clara;Beige,Blanco;Crema;Azul profundo,Arena cálido de luminosidad medio (5/10) y saturación baja (4/10) que equilibra el espacio.,Medio,Baja,Suave;Cálido;Acogedor;Natural
93YR 80/033,Pliegues de Chiffon,Cálido,8,3,Arena,Minimalista;Nórdico;Japandi;Rústico;Mediterráneo,Living;Dormitorio;Comedor;Cocina;Baño;Pasillo;Home office;Cuarto de niños,Blanco;Madera clara;Beige,Negro mate;Grafito;Azul profundo,Arena cálido de luminosidad alto (8/10) y saturación baja (3/10) que aporta amplitud visual.,Alto,Baja,Luminoso;Amplio;Cálido;Acogedor
39YY 53/067,Pluma Gris,Cálido,6,2,Gris cálido,Rústico;Mediterráneo,Living;Dormitorio;Comedor;Cocina;Baño;Pasillo;Home office;Cuarto de niños,Blanco;Madera clara;Beige,Blanco;Crema;Azul profundo,Gris cálido cálido de luminosidad medio (6/10) y saturación muy baja (2/10) que equilibra el espacio.,Medio,Muy Baja,Suave;Cálido;Acogedor;Sobrio
62YR 13/217,Preciosa Pacana,Cálido,2,4,Terracota,Dramático,Living,Blanco;Madera clara;Beige;Blanco roto,Blanco;Crema;Azul profundo,Terracota cálido de luminosidad muy bajo (2/10) y saturación baja (4/10) que genera profundidad.,Muy Bajo,Baja,Profundo;Cálido;Acogedor;Natural
64YY 10/021,Profunda Oscuridad,Neutro,2,1,Grafito,Dramático,Living,Blanco;Madera clara;Negro mate;Blanco roto,Blanco;Crema;Verde oliva,Grafito neutro de luminosidad muy bajo (2/10) y saturación muy baja (1/10) que genera profundidad.,Muy Bajo,Muy Baja,Profundo;Neutro;Elegante;Sobrio
10YY 48/071,Puerto de Piedra,Cálido,5,3,Gris cálido,Rústico;Mediterráneo,Dormitorio;Pasillo,Blanco;Madera clara;Beige,Blanco;Crema;Azul profundo,Gris cálido cálido de luminosidad medio (5/10) y saturación baja (3/10) que equilibra el espacio.,Medio,Baja,Suave;Cálido;Acogedor;Sobrio
50YY 74/069,Punto de Encuentro,Cálido,7,3,Arena,Minimalista;Nórdico;Japandi;Rústico;Mediterráneo,Living;Comedor;Cocina;Dormitorio;Pasillo,Blanco;Madera clara;Beige,Negro mate;Grafito;Azul profundo,Arena cálido de luminosidad alto (7/10) y saturación baja (3/10) que aporta amplitud visual.,Alto,Baja,Luminoso;Amplio;Cálido;Acogedor
10YY 13/152,Pura Sangre,Cálido,2,3,Terracota,Dramático,Living,Blanco;Madera clara;Beige;Blanco roto,Blanco;Crema;Azul profundo,Terracota cálido de luminosidad muy bajo (2/10) y saturación baja (3/10) que genera profundidad.,Muy Bajo,Baja,Profundo;Cálido;Acogedor;Sobrio
22YY 32/156,Rama de Invierno,Cálido,4,3,Terracota,Contemporáneo,Living;Dormitorio;Comedor;Cocina;Baño;Pasillo;Home office;Cuarto de niños,Blanco;Madera clara;Beige;Blanco roto,Blanco;Crema;Azul profundo,Terracota cálido de luminosidad bajo (4/10) y saturación baja (3/10) que equilibra el espacio.,Bajo,Baja,Suave;Cálido;Acogedor;Sobrio
30YY 47/145,Región Agreste,Cálido,5,3,Arena,Rústico;Mediterráneo,Dormitorio;Pasillo,Blanco;Madera clara;Beige,Blanco;Crema;Azul profundo,Arena cálido de luminosidad medio (5/10) y saturación baja (3/10) que equilibra el espacio.,Medio,Baja,Suave;Cálido;Acogedor;Sobrio
03YY 59/088,Resplandor Beige,Cálido,6,3,Arena,Rústico;Mediterráneo,Dormitorio;Pasillo,Blanco;Madera clara;Beige,Blanco;Crema;Azul profundo,Arena cálido de luminosidad medio (6/10) y saturación baja (3/10) que equilibra el espacio.,Medio,Baja,Suave;Cálido;Acogedor;Sobrio
08YY 72/077,Resplandor de Marfil,Cálido,7,4,Arena,Minimalista;Nórdico;Japandi;Rústico;Mediterráneo,Living;Dormitorio;Comedor;Cocina;Baño;Pasillo;Home office;Cuarto de niños,Blanco;Madera clara;Beige,Negro mate;Grafito;Azul profundo,Arena cálido de luminosidad alto (7/10) y saturación baja (4/10) que aporta amplitud visual.,Alto,Baja,Luminoso;Amplio;Cálido;Acogedor
10YY 65/095,Ritual Blanco,Cálido,7,4,Arena,Minimalista;Nórdico;Japandi;Rústico;Mediterráneo,Living;Dormitorio;Comedor;Cocina;Baño;Pasillo;Home office;Cuarto de niños,Blanco;Madera clara;Beige,Negro mate;Grafito;Azul profundo,Arena cálido de luminosidad alto (7/10) y saturación baja (4/10) que aporta amplitud visual.,Alto,Baja,Luminoso;Amplio;Cálido;Acogedor
06YY 08/048,Roble Magnífico,Cálido,2,2,Chocolate,Dramático,Living;Dormitorio;Comedor;Cocina;Baño;Pasillo;Home office;Cuarto de niños,Blanco;Madera clara;Beige;Blanco roto,Blanco;Crema;Azul profundo,Chocolate cálido de luminosidad muy bajo (2/10) y saturación muy baja (2/10) que genera profundidad.,Muy Bajo,Muy Baja,Profundo;Cálido;Acogedor;Sobrio
21YY 45/060,Rocas en Movimiento,Cálido,5,2,Gris cálido,Rústico;Mediterráneo,Living;Dormitorio;Comedor;Cocina;Baño;Pasillo;Home office;Cuarto de niños,Blanco;Madera clara;Beige,Blanco;Crema;Azul profundo,Gris cálido cálido de luminosidad medio (5/10) y saturación muy baja (2/10) que equilibra el espacio.,Medio,Muy Baja,Suave;Cálido;Acogedor;Sobrio
10YR 07/125,Rojo Marruecos,Cálido,1,3,Terracota,Dramático,Living,Blanco;Madera clara;Beige;Blanco roto,Blanco;Crema;Azul profundo,Terracota cálido de luminosidad muy bajo (1/10) y saturación baja (3/10) que genera profundidad.,Muy Bajo,Baja,Profundo;Cálido;Acogedor;Sobrio
12YR 45/079,Rosa Adamascado,Cálido,5,2,Gris cálido,Rústico;Mediterráneo,Dormitorio;Pasillo,Blanco;Madera clara;Beige,Blanco;Crema;Azul profundo,Gris cálido cálido de luminosidad medio (5/10) y saturación muy baja (2/10) que equilibra el espacio.,Medio,Muy Baja,Suave;Cálido;Acogedor;Sobrio
90YR 33/167,Rosa de Arena,Cálido,4,3,Terracota,Contemporáneo,Living,Blanco;Madera clara;Beige;Blanco roto,Blanco;Crema;Azul profundo,Terracota cálido de luminosidad bajo (4/10) y saturación baja (3/10) que equilibra el espacio.,Bajo,Baja,Suave;Cálido;Acogedor;Sobrio
30YR 48/074,Rosa Muralla,Cálido,5,3,Gris cálido,Rústico;Mediterráneo,Dormitorio;Pasillo,Blanco;Madera clara;Beige,Blanco;Crema;Azul profundo,Gris cálido cálido de luminosidad medio (5/10) y saturación baja (3/10) que equilibra el espacio.,Medio,Baja,Suave;Cálido;Acogedor;Sobrio
60YR 41/072,Rosa Plissê,Cálido,4,2,Gris cálido,Contemporáneo,Living,Blanco;Madera clara;Beige;Blanco roto,Blanco;Crema;Azul profundo,Gris cálido cálido de luminosidad bajo (4/10) y saturación muy baja (2/10) que equilibra el espacio.,Bajo,Muy Baja,Suave;Cálido;Acogedor;Sobrio
30YR 40/061,Rubor Chocolate,Cálido,4,2,Gris cálido,Contemporáneo,Living,Blanco;Madera clara;Beige;Blanco roto,Blanco;Crema;Azul profundo,Gris cálido cálido de luminosidad bajo (4/10) y saturación muy baja (2/10) que equilibra el espacio.,Bajo,Muy Baja,Suave;Cálido;Acogedor;Sobrio
25YY 46/170,Sabor a Té,Cálido,5,4,Arena,Rústico;Mediterráneo,Living;Dormitorio;Comedor;Cocina;Baño;Pasillo;Home office;Cuarto de niños,Blanco;Madera clara;Beige,Blanco;Crema;Azul profundo,Arena cálido de luminosidad medio (5/10) y saturación baja (4/10) que equilibra el espacio.,Medio,Baja,Suave;Cálido;Acogedor;Natural
30YY 36/185,Safari Africano,Cálido,4,3,Terracota,Contemporáneo,Living,Blanco;Madera clara;Beige;Blanco roto,Blanco;Crema;Azul profundo,Terracota cálido de luminosidad bajo (4/10) y saturación baja (3/10) que equilibra el espacio.,Bajo,Baja,Suave;Cálido;Acogedor;Sobrio
17YY 16/022,Sagrado Gris,Neutro,2,1,Grafito,Dramático,Living,Blanco;Madera clara;Negro mate;Blanco roto,Blanco;Crema;Verde oliva,Grafito neutro de luminosidad muy bajo (2/10) y saturación muy baja (1/10) que genera profundidad.,Muy Bajo,Muy Baja,Profundo;Neutro;Elegante;Sobrio
52YY 55/131,Salón Neutral,Cálido,6,3,Arena,Rústico;Mediterráneo,Living;Dormitorio;Comedor;Cocina;Baño;Pasillo;Home office;Cuarto de niños,Blanco;Madera clara;Beige,Blanco;Crema;Azul profundo,Arena cálido de luminosidad medio (6/10) y saturación baja (3/10) que equilibra el espacio.,Medio,Baja,Suave;Cálido;Acogedor;Sobrio
10YY 27/060,Sargazo,Cálido,3,2,Gris cálido,Dramático,Living,Blanco;Madera clara;Beige;Blanco roto,Blanco;Crema;Azul profundo,Gris cálido cálido de luminosidad bajo (3/10) y saturación muy baja (2/10) que genera profundidad.,Bajo,Muy Baja,Profundo;Cálido;Acogedor;Sobrio
20YY 67/084,Seda Damasco,Cálido,7,3,Arena,Minimalista;Nórdico;Japandi;Rústico;Mediterráneo,Living;Comedor;Cocina;Dormitorio;Pasillo,Blanco;Madera clara;Beige,Negro mate;Grafito;Azul profundo,Arena cálido de luminosidad alto (7/10) y saturación baja (3/10) que aporta amplitud visual.,Alto,Baja,Luminoso;Amplio;Cálido;Acogedor
30YR 64/044,Seda Ondulada,Cálido,7,3,Gris cálido,Minimalista;Nórdico;Japandi;Rústico;Mediterráneo,Living;Comedor;Cocina;Dormitorio;Pasillo,Blanco;Madera clara;Beige,Negro mate;Grafito;Azul profundo,Gris cálido cálido de luminosidad alto (7/10) y saturación baja (3/10) que aporta amplitud visual.,Alto,Baja,Luminoso;Amplio;Cálido;Acogedor
60YR 33/047,Senda para Caminata,Neutro,4,2,Gris frío,Contemporáneo,Living,Blanco;Madera clara;Negro mate;Blanco roto,Blanco;Crema;Verde oliva,Gris frío neutro de luminosidad bajo (4/10) y saturación muy baja (2/10) que equilibra el espacio.,Bajo,Muy Baja,Suave;Neutro;Elegante;Sobrio
00YY 44/107,Sendero,Cálido,5,3,Arena,Rústico;Mediterráneo,Dormitorio;Pasillo,Blanco;Madera clara;Beige,Blanco;Crema;Azul profundo,Arena cálido de luminosidad medio (5/10) y saturación baja (3/10) que equilibra el espacio.,Medio,Baja,Suave;Cálido;Acogedor;Sobrio
51YR 48/101,Sendero del Desierto,Cálido,5,3,Arena,Rústico;Mediterráneo,Dormitorio;Pasillo,Blanco;Madera clara;Beige,Blanco;Crema;Azul profundo,Arena cálido de luminosidad medio (5/10) y saturación baja (3/10) que equilibra el espacio.,Medio,Baja,Suave;Cálido;Acogedor;Sobrio
33YY 65/106,Sendero en el Sahara,Cálido,7,4,Arena,Minimalista;Nórdico;Japandi;Rústico;Mediterráneo,Living;Dormitorio;Comedor;Cocina;Baño;Pasillo;Home office;Cuarto de niños,Blanco;Madera clara;Beige,Negro mate;Grafito;Azul profundo,Arena cálido de luminosidad alto (7/10) y saturación baja (4/10) que aporta amplitud visual.,Alto,Baja,Luminoso;Amplio;Cálido;Acogedor
33YR 48/037,Sensación de Humo,Cálido,5,2,Gris cálido,Rústico;Mediterráneo,Dormitorio;Pasillo,Blanco;Madera clara;Beige,Blanco;Crema;Azul profundo,Gris cálido cálido de luminosidad medio (5/10) y saturación muy baja (2/10) que equilibra el espacio.,Medio,Muy Baja,Suave;Cálido;Acogedor;Sobrio
19YY 61/057,Sensación de Piedra,Cálido,6,3,Gris cálido,Rústico;Mediterráneo,Living;Dormitorio;Comedor;Cocina;Baño;Pasillo;Home office;Cuarto de niños,Blanco;Madera clara;Beige,Blanco;Crema;Azul profundo,Gris cálido cálido de luminosidad medio (6/10) y saturación baja (3/10) que equilibra el espacio.,Medio,Baja,Suave;Cálido;Acogedor;Sobrio
08YR 70/012,Sensación Espaciosa,Neutro,7,2,Gris frío,Minimalista;Nórdico;Japandi,Living;Comedor;Cocina;Dormitorio;Pasillo,Blanco;Madera clara;Negro mate,Negro mate;Grafito;Verde oliva,Gris frío neutro de luminosidad alto (7/10) y saturación muy baja (2/10) que aporta amplitud visual.,Alto,Muy Baja,Luminoso;Amplio;Neutro;Elegante
30YY 20/029,Sierra,Neutro,3,1,Grafito,Dramático,Living,Blanco;Madera clara;Negro mate;Blanco roto,Blanco;Crema;Verde oliva,Grafito neutro de luminosidad bajo (3/10) y saturación muy baja (1/10) que genera profundidad.,Bajo,Muy Baja,Profundo;Neutro;Elegante;Sobrio
90RR 31/100,Silencio Violeta,Cálido,4,2,Gris cálido,Contemporáneo,Living,Blanco;Madera clara;Beige;Blanco roto,Blanco;Crema;Azul profundo,Gris cálido cálido de luminosidad bajo (4/10) y saturación muy baja (2/10) que equilibra el espacio.,Bajo,Muy Baja,Suave;Cálido;Acogedor;Sobrio
30YY 41/165,Sisal Suave,Cálido,5,3,Arena,Rústico;Mediterráneo,Dormitorio;Pasillo,Blanco;Madera clara;Beige,Blanco;Crema;Azul profundo,Arena cálido de luminosidad medio (5/10) y saturación baja (3/10) que equilibra el espacio.,Medio,Baja,Suave;Cálido;Acogedor;Sobrio
50YR 62/008,Sombra Blanca,Neutro,6,1,Piedra,Contemporáneo,Dormitorio;Pasillo,Blanco;Madera clara;Negro mate,Blanco;Crema;Verde oliva,Piedra neutro de luminosidad medio (6/10) y saturación muy baja (1/10) que equilibra el espacio.,Medio,Muy Baja,Suave;Neutro;Elegante;Sobrio
16YR 12/037,Sombras de Acero,Neutro,2,2,Gris frío,Dramático,Living;Dormitorio;Comedor;Cocina;Baño;Pasillo;Home office;Cuarto de niños,Blanco;Madera clara;Negro mate;Blanco roto,Blanco;Crema;Verde oliva,Gris frío neutro de luminosidad muy bajo (2/10) y saturación muy baja (2/10) que genera profundidad.,Muy Bajo,Muy Baja,Profundo;Neutro;Elegante;Sobrio
50YR 64/045,Su Santuario,Cálido,7,3,Gris cálido,Minimalista;Nórdico;Japandi;Rústico;Mediterráneo,Living;Comedor;Cocina;Dormitorio;Pasillo,Blanco;Madera clara;Beige,Negro mate;Grafito;Azul profundo,Gris cálido cálido de luminosidad alto (7/10) y saturación baja (3/10) que aporta amplitud visual.,Alto,Baja,Luminoso;Amplio;Cálido;Acogedor
70YY 09/175,Suelo de Floresta,Cálido,2,3,Chocolate,Dramático,Living,Blanco;Madera clara;Beige;Blanco roto,Blanco;Crema;Azul profundo,Chocolate cálido de luminosidad muy bajo (2/10) y saturación baja (3/10) que genera profundidad.,Muy Bajo,Baja,Profundo;Cálido;Acogedor;Sobrio
48YY 12/123,Suelo del Bosque,Cálido,2,3,Chocolate,Dramático,Living,Blanco;Madera clara;Beige;Blanco roto,Blanco;Crema;Azul profundo,Chocolate cálido de luminosidad muy bajo (2/10) y saturación baja (3/10) que genera profundidad.,Muy Bajo,Baja,Profundo;Cálido;Acogedor;Sobrio
58YY 72/095,Suelo Dorado,Cálido,7,4,Arena,Minimalista;Nórdico;Japandi;Rústico;Mediterráneo,Living;Dormitorio;Comedor;Cocina;Baño;Pasillo;Home office;Cuarto de niños,Blanco;Madera clara;Beige,Negro mate;Grafito;Azul profundo,Arena cálido de luminosidad alto (7/10) y saturación baja (4/10) que aporta amplitud visual.,Alto,Baja,Luminoso;Amplio;Cálido;Acogedor
00YY 19/261,Támara,Cálido,3,4,Terracota,Dramático,Living,Blanco;Madera clara;Beige;Blanco roto,Blanco;Crema;Azul profundo,Terracota cálido de luminosidad bajo (3/10) y saturación baja (4/10) que genera profundidad.,Bajo,Baja,Profundo;Cálido;Acogedor;Natural
80YR 21/226,Té de la Tarde,Cálido,3,3,Terracota,Dramático,Living,Blanco;Madera clara;Beige;Blanco roto,Blanco;Crema;Azul profundo,Terracota cálido de luminosidad bajo (3/10) y saturación baja (3/10) que genera profundidad.,Bajo,Baja,Profundo;Cálido;Acogedor;Sobrio
70YR 66/070,Té de Vainilla,Cálido,7,4,Arena,Minimalista;Nórdico;Japandi;Rústico;Mediterráneo,Living;Comedor;Cocina;Dormitorio;Pasillo,Blanco;Madera clara;Beige,Negro mate;Grafito;Azul profundo,Arena cálido de luminosidad alto (7/10) y saturación baja (4/10) que aporta amplitud visual.,Alto,Baja,Luminoso;Amplio;Cálido;Acogedor
50YR 16/127,Tierra Brasileña,Cálido,2,3,Gris cálido,Dramático,Living,Blanco;Madera clara;Beige;Blanco roto,Blanco;Crema;Azul profundo,Gris cálido cálido de luminosidad muy bajo (2/10) y saturación baja (3/10) que genera profundidad.,Muy Bajo,Baja,Profundo;Cálido;Acogedor;Sobrio
00YY 07/093,Tierra Lejana,Cálido,1,3,Chocolate,Dramático,Living,Blanco;Madera clara;Beige;Blanco roto,Blanco;Crema;Azul profundo,Chocolate cálido de luminosidad muy bajo (1/10) y saturación baja (3/10) que genera profundidad.,Muy Bajo,Baja,Profundo;Cálido;Acogedor;Sobrio
09YY 28/180,Tierra Rocosa,Cálido,3,3,Terracota,Dramático,Living,Blanco;Madera clara;Beige;Blanco roto,Blanco;Crema;Azul profundo,Terracota cálido de luminosidad bajo (3/10) y saturación baja (3/10) que genera profundidad.,Bajo,Baja,Profundo;Cálido;Acogedor;Sobrio
50YY 27/105,Tierra Urbana,Cálido,3,2,Gris cálido,Dramático,Living;Dormitorio;Comedor;Cocina;Baño;Pasillo;Home office;Cuarto de niños,Blanco;Madera clara;Beige;Blanco roto,Blanco;Crema;Azul profundo,Gris cálido cálido de luminosidad bajo (3/10) y saturación muy baja (2/10) que genera profundidad.,Bajo,Muy Baja,Profundo;Cálido;Acogedor;Sobrio
80YR 21/118,Tinaja Antigua,Cálido,3,2,Gris cálido,Dramático,Living,Blanco;Madera clara;Beige;Blanco roto,Blanco;Crema;Azul profundo,Gris cálido cálido de luminosidad bajo (3/10) y saturación muy baja (2/10) que genera profundidad.,Bajo,Muy Baja,Profundo;Cálido;Acogedor;Sobrio
82RR 10/097,Toque de Arcilla,Cálido,2,2,Gris cálido,Dramático,Living,Blanco;Madera clara;Beige;Blanco roto,Blanco;Crema;Azul profundo,Gris cálido cálido de luminosidad muy bajo (2/10) y saturación muy baja (2/10) que genera profundidad.,Muy Bajo,Muy Baja,Profundo;Cálido;Acogedor;Sobrio
80YR 11/151,Toque de Madera,Cálido,2,3,Chocolate,Dramático,Living,Blanco;Madera clara;Beige;Blanco roto,Blanco;Crema;Azul profundo,Chocolate cálido de luminosidad muy bajo (2/10) y saturación baja (3/10) que genera profundidad.,Muy Bajo,Baja,Profundo;Cálido;Acogedor;Sobrio
80YR 67/085,Toque de Nuez Moscada,Cálido,7,4,Arena,Minimalista;Nórdico;Japandi;Rústico;Mediterráneo,Living;Comedor;Cocina;Dormitorio;Pasillo,Blanco;Madera clara;Beige,Negro mate;Grafito;Azul profundo,Arena cálido de luminosidad alto (7/10) y saturación baja (4/10) que aporta amplitud visual.,Alto,Baja,Luminoso;Amplio;Cálido;Acogedor
47YY 62/143,Toque de Pardo,Cálido,6,4,Arena,Rústico;Mediterráneo,Dormitorio;Pasillo,Blanco;Madera clara;Beige,Blanco;Crema;Azul profundo,Arena cálido de luminosidad medio (6/10) y saturación baja (4/10) que equilibra el espacio.,Medio,Baja,Suave;Cálido;Acogedor;Natural
02YY 32/054,Torre de Tierra,Cálido,4,2,Gris cálido,Contemporáneo,Living;Dormitorio;Comedor;Cocina;Baño;Pasillo;Home office;Cuarto de niños,Blanco;Madera clara;Beige;Blanco roto,Blanco;Crema;Azul profundo,Gris cálido cálido de luminosidad bajo (4/10) y saturación muy baja (2/10) que equilibra el espacio.,Bajo,Muy Baja,Suave;Cálido;Acogedor;Sobrio
30YR 29/118,Tradición Antigua,Cálido,4,2,Gris cálido,Contemporáneo,Living,Blanco;Madera clara;Beige;Blanco roto,Blanco;Crema;Azul profundo,Gris cálido cálido de luminosidad bajo (4/10) y saturación muy baja (2/10) que equilibra el espacio.,Bajo,Muy Baja,Suave;Cálido;Acogedor;Sobrio
10YY 35/094,Trigo Neutro,Cálido,4,2,Gris cálido,Contemporáneo,Living,Blanco;Madera clara;Beige;Blanco roto,Blanco;Crema;Azul profundo,Gris cálido cálido de luminosidad bajo (4/10) y saturación muy baja (2/10) que equilibra el espacio.,Bajo,Muy Baja,Suave;Cálido;Acogedor;Sobrio
30YY 12/263,Tronco de Árbol,Cálido,2,4,Terracota,Dramático,Living,Blanco;Madera clara;Beige;Blanco roto,Blanco;Crema;Azul profundo,Terracota cálido de luminosidad muy bajo (2/10) y saturación baja (4/10) que genera profundidad.,Muy Bajo,Baja,Profundo;Cálido;Acogedor;Natural
70YR 09/086,Tronco de Sándalo,Cálido,2,3,Chocolate,Dramático,Living,Blanco;Madera clara;Beige;Blanco roto,Blanco;Crema;Azul profundo,Chocolate cálido de luminosidad muy bajo (2/10) y saturación baja (3/10) que genera profundidad.,Muy Bajo,Baja,Profundo;Cálido;Acogedor;Sobrio
48YY 38/109,Trueno del Atardecer,Cálido,4,2,Gris cálido,Contemporáneo,Living;Dormitorio;Comedor;Cocina;Baño;Pasillo;Home office;Cuarto de niños,Blanco;Madera clara;Beige;Blanco roto,Blanco;Crema;Azul profundo,Gris cálido cálido de luminosidad bajo (4/10) y saturación muy baja (2/10) que equilibra el espacio.,Bajo,Muy Baja,Suave;Cálido;Acogedor;Sobrio
30YR 15/112,Trufa de Chocolate,Cálido,2,2,Gris cálido,Dramático,Living,Blanco;Madera clara;Beige;Blanco roto,Blanco;Crema;Azul profundo,Gris cálido cálido de luminosidad muy bajo (2/10) y saturación muy baja (2/10) que genera profundidad.,Muy Bajo,Muy Baja,Profundo;Cálido;Acogedor;Sobrio
30YY 09/175,Tundra,Cálido,2,3,Terracota,Dramático,Living,Blanco;Madera clara;Beige;Blanco roto,Blanco;Crema;Azul profundo,Terracota cálido de luminosidad muy bajo (2/10) y saturación baja (3/10) que genera profundidad.,Muy Bajo,Baja,Profundo;Cálido;Acogedor;Sobrio
67YR 56/055,Turrón de Almendra,Cálido,6,3,Gris cálido,Rústico;Mediterráneo,Living;Dormitorio;Comedor;Cocina;Baño;Pasillo;Home office;Cuarto de niños,Blanco;Madera clara;Beige,Blanco;Crema;Azul profundo,Gris cálido cálido de luminosidad medio (6/10) y saturación baja (3/10) que equilibra el espacio.,Medio,Baja,Suave;Cálido;Acogedor;Sobrio
60YY 33/130,Verde Caqui,Cálido,4,2,Gris cálido,Contemporáneo,Living,Blanco;Madera clara;Beige;Blanco roto,Blanco;Crema;Azul profundo,Gris cálido cálido de luminosidad bajo (4/10) y saturación muy baja (2/10) que equilibra el espacio.,Bajo,Muy Baja,Suave;Cálido;Acogedor;Sobrio
70YY 65/090,Verde Iónico,Cálido,7,3,Arena,Minimalista;Nórdico;Japandi;Rústico;Mediterráneo,Living;Comedor;Cocina;Dormitorio;Pasillo,Blanco;Madera clara;Beige,Negro mate;Grafito;Azul profundo,Arena cálido de luminosidad alto (7/10) y saturación baja (3/10) que aporta amplitud visual.,Alto,Baja,Luminoso;Amplio;Cálido;Acogedor
70YY 18/152,Vergel Verde,Cálido,3,2,Gris cálido,Dramático,Living,Blanco;Madera clara;Beige;Blanco roto,Blanco;Crema;Azul profundo,Gris cálido cálido de luminosidad bajo (3/10) y saturación muy baja (2/10) que genera profundidad.,Bajo,Muy Baja,Profundo;Cálido;Acogedor;Sobrio
44YY 65/034,Vida Urbana,Cálido,6,2,Gris cálido,Rústico;Mediterráneo,Dormitorio;Pasillo,Blanco;Madera clara;Beige,Blanco;Crema;Azul profundo,Gris cálido cálido de luminosidad medio (6/10) y saturación muy baja (2/10) que equilibra el espacio.,Medio,Muy Baja,Suave;Cálido;Acogedor;Sobrio
50YR 22/052,Vidrio Ahumado,Neutro,3,2,Gris frío,Dramático,Living,Blanco;Madera clara;Negro mate;Blanco roto,Blanco;Crema;Verde oliva,Gris frío neutro de luminosidad bajo (3/10) y saturación muy baja (2/10) que genera profundidad.,Bajo,Muy Baja,Profundo;Neutro;Elegante;Sobrio
30YR 63/031,Vitral Romano,Cálido,7,2,Gris cálido,Minimalista;Nórdico;Japandi;Rústico;Mediterráneo,Living;Comedor;Cocina;Dormitorio;Pasillo,Blanco;Madera clara;Beige,Negro mate;Grafito;Azul profundo,Gris cálido cálido de luminosidad alto (7/10) y saturación muy baja (2/10) que aporta amplitud visual.,Alto,Muy Baja,Luminoso;Amplio;Cálido;Acogedor
30YY 46/036,Zepelín,Neutro,5,2,Gris frío,Contemporáneo,Dormitorio;Pasillo,Blanco;Madera clara;Negro mate,Blanco;Crema;Verde oliva,Gris frío neutro de luminosidad medio (5/10) y saturación muy baja (2/10) que equilibra el espacio.,Medio,Muy Baja,Suave;Neutro;Elegante;Sobrio
12BB 35/025,Adoquín,Neutro,4,1,Grafito,Contemporáneo,Living;Dormitorio;Comedor;Cocina;Baño;Pasillo;Home office;Cuarto de niños,Blanco;Madera clara;Negro mate;Blanco roto,Blanco;Crema;Verde oliva,Grafito neutro de luminosidad bajo (4/10) y saturación muy baja (1/10) que equilibra el espacio.,Bajo,Muy Baja,Suave;Neutro;Elegante;Sobrio
30BG 72/017,Alpes Suizos,Neutro,7,1,Hueso,Minimalista;Nórdico;Japandi,Living;Comedor;Cocina;Dormitorio;Pasillo,Blanco;Madera clara;Negro mate,Negro mate;Grafito;Verde oliva,Hueso neutro de luminosidad alto (7/10) y saturación muy baja (1/10) que aporta amplitud visual.,Alto,Muy Baja,Luminoso;Amplio;Neutro;Elegante
81BG 12/055,Anochecer en el Lago,Frío,2,2,Azulado,Industrial;Contemporáneo;Dramático,Living;Dormitorio;Comedor;Cocina;Baño;Pasillo;Home office;Cuarto de niños,Blanco;Gris claro;Negro mate;Blanco roto,Blanco;Crema;Terracota;Mostaza,Azulado frío de luminosidad muy bajo (2/10) y saturación muy baja (2/10) que genera profundidad.,Muy Bajo,Muy Baja,Profundo;Frío;Sereno;Sobrio
10GG 38/038,Arbusto del Campo,Neutro,4,1,Grafito,Contemporáneo,Living,Blanco;Madera clara;Negro mate;Blanco roto,Blanco;Crema;Verde oliva,Grafito neutro de luminosidad bajo (4/10) y saturación muy baja (1/10) que equilibra el espacio.,Bajo,Muy Baja,Suave;Neutro;Elegante;Sobrio
50GY 45/037,Artemisa,Neutro,5,1,Piedra,Contemporáneo,Dormitorio;Pasillo,Blanco;Madera clara;Negro mate,Blanco;Crema;Verde oliva,Piedra neutro de luminosidad medio (5/10) y saturación muy baja (1/10) que equilibra el espacio.,Medio,Muy Baja,Suave;Neutro;Elegante;Sobrio
78YY 83/048,Ártico Majestuoso,Cálido,8,3,Piedra,Minimalista;Nórdico;Japandi;Rústico;Mediterráneo,Living;Comedor;Cocina;Dormitorio;Pasillo,Blanco;Madera clara;Beige,Negro mate;Grafito;Azul profundo,Piedra cálido de luminosidad alto (8/10) y saturación baja (3/10) que aporta amplitud visual.,Alto,Baja,Luminoso;Amplio;Cálido;Acogedor
02BB 81/030,Aventura en Esquí,Frío,8,3,Marfil,Minimalista;Nórdico;Japandi,Living;Comedor;Cocina;Dormitorio;Pasillo,Blanco;Gris claro;Negro mate,Negro mate;Grafito;Terracota;Mostaza,Marfil frío de luminosidad alto (8/10) y saturación baja (3/10) que aporta amplitud visual.,Alto,Baja,Luminoso;Amplio;Frío;Sereno
90BG 17/090,Azul Astral,Frío,2,2,Azulado,Industrial;Contemporáneo;Dramático,Baño;Home office,Blanco;Gris claro;Negro mate;Blanco roto,Blanco;Crema;Terracota;Mostaza,Azulado frío de luminosidad muy bajo (2/10) y saturación muy baja (2/10) que genera profundidad.,Muy Bajo,Muy Baja,Profundo;Frío;Sereno;Sobrio
70BG 40/050,Azul Balneario,Frío,5,2,Azulado,Industrial;Contemporáneo,Dormitorio;Pasillo;Baño;Home office,Blanco;Gris claro;Negro mate,Blanco;Crema;Terracota;Mostaza,Azulado frío de luminosidad medio (5/10) y saturación muy baja (2/10) que equilibra el espacio.,Medio,Muy Baja,Suave;Frío;Sereno;Sobrio
70BG 28/060,Azul Burgués,Frío,3,2,Azulado,Industrial;Contemporáneo;Dramático,Baño;Home office,Blanco;Gris claro;Negro mate;Blanco roto,Blanco;Crema;Terracota;Mostaza,Azulado frío de luminosidad bajo (3/10) y saturación muy baja (2/10) que genera profundidad.,Bajo,Muy Baja,Profundo;Frío;Sereno;Sobrio
70BG 68/056,Azul Celestial,Frío,7,3,Azulado,Minimalista;Nórdico;Japandi,Living;Comedor;Cocina;Dormitorio;Pasillo,Blanco;Gris claro;Negro mate,Negro mate;Grafito;Terracota;Mostaza,Azulado frío de luminosidad alto (7/10) y saturación baja (3/10) que aporta amplitud visual.,Alto,Baja,Luminoso;Amplio;Frío;Sereno
90BG 41/040,Azul Chal,Neutro,5,2,Azulado,Contemporáneo,Dormitorio;Pasillo,Blanco;Madera clara;Negro mate,Blanco;Crema;Verde oliva,Azulado neutro de luminosidad medio (5/10) y saturación muy baja (2/10) que equilibra el espacio.,Medio,Muy Baja,Suave;Neutro;Elegante;Sobrio
30BG 56/045,Azul Pálido,Frío,6,2,Azulado,Contemporáneo,Dormitorio;Pasillo,Blanco;Gris claro;Negro mate,Blanco;Crema;Terracota;Mostaza,Azulado frío de luminosidad medio (6/10) y saturación muy baja (2/10) que equilibra el espacio.,Medio,Muy Baja,Suave;Frío;Sereno;Sobrio
50BG 76/023,Azul Plata,Frío,8,2,Azulado,Minimalista;Nórdico;Japandi,Living;Comedor;Cocina;Dormitorio;Pasillo,Blanco;Gris claro;Negro mate,Negro mate;Grafito;Terracota;Mostaza,Azulado frío de luminosidad alto (8/10) y saturación muy baja (2/10) que aporta amplitud visual.,Alto,Muy Baja,Luminoso;Amplio;Frío;Sereno
30BB 45/015,Azul Surrealista,Neutro,5,1,Piedra,Contemporáneo,Dormitorio;Pasillo,Blanco;Madera clara;Negro mate,Blanco;Crema;Verde oliva,Piedra neutro de luminosidad medio (5/10) y saturación muy baja (1/10) que equilibra el espacio.,Medio,Muy Baja,Suave;Neutro;Elegante;Sobrio
21BB 12/077,Ballena Boreal,Frío,2,2,Azulado,Industrial;Contemporáneo;Dramático,Baño;Home office,Blanco;Gris claro;Negro mate;Blanco roto,Blanco;Crema;Terracota;Mostaza,Azulado frío de luminosidad muy bajo (2/10) y saturación muy baja (2/10) que genera profundidad.,Muy Bajo,Muy Baja,Profundo;Frío;Sereno;Sobrio
30BB 31/022,Banderín Gris,Neutro,4,1,Grafito,Contemporáneo,Living,Blanco;Madera clara;Negro mate;Blanco roto,Blanco;Crema;Verde oliva,Grafito neutro de luminosidad bajo (4/10) y saturación muy baja (1/10) que equilibra el espacio.,Bajo,Muy Baja,Suave;Neutro;Elegante;Sobrio
90YY 83/036,Blanco Estrella,Cálido,8,3,Marfil,Minimalista;Nórdico;Japandi;Rústico;Mediterráneo,Living;Comedor;Cocina;Dormitorio;Pasillo,Blanco;Madera clara;Beige,Negro mate;Grafito;Azul profundo,Marfil cálido de luminosidad alto (8/10) y saturación baja (3/10) que aporta amplitud visual.,Alto,Baja,Luminoso;Amplio;Cálido;Acogedor
41BG 76/025,Blanco Laguna,Frío,8,2,Gris frío,Minimalista;Nórdico;Japandi,Living;Comedor;Cocina;Dormitorio;Pasillo,Blanco;Gris claro;Negro mate,Negro mate;Grafito;Terracota;Mostaza,Gris frío frío de luminosidad alto (8/10) y saturación muy baja (2/10) que aporta amplitud visual.,Alto,Muy Baja,Luminoso;Amplio;Frío;Sereno
83YY 45/055,Calma Gris,Neutro,5,2,Gris frío,Contemporáneo,Living;Dormitorio;Comedor;Cocina;Baño;Pasillo;Home office;Cuarto de niños,Blanco;Madera clara;Negro mate,Blanco;Crema;Verde oliva,Gris frío neutro de luminosidad medio (5/10) y saturación muy baja (2/10) que equilibra el espacio.,Medio,Muy Baja,Suave;Neutro;Elegante;Sobrio
78BG 12/032,Campo Magnético,Neutro,2,1,Grafito,Dramático,Living,Blanco;Madera clara;Negro mate;Blanco roto,Blanco;Crema;Verde oliva,Grafito neutro de luminosidad muy bajo (2/10) y saturación muy baja (1/10) que genera profundidad.,Muy Bajo,Muy Baja,Profundo;Neutro;Elegante;Sobrio
20GY 46/067,Caqui Luminoso,Neutro,5,2,Gris frío,Contemporáneo,Living;Dormitorio;Comedor;Cocina;Baño;Pasillo;Home office;Cuarto de niños,Blanco;Madera clara;Negro mate,Blanco;Crema;Verde oliva,Gris frío neutro de luminosidad medio (5/10) y saturación muy baja (2/10) que equilibra el espacio.,Medio,Muy Baja,Suave;Neutro;Elegante;Sobrio
88BG 62/005,Carbonilla Claro,Neutro,6,1,Piedra,Contemporáneo,Living;Dormitorio;Comedor;Cocina;Baño;Pasillo;Home office;Cuarto de niños,Blanco;Madera clara;Negro mate,Blanco;Crema;Verde oliva,Piedra neutro de luminosidad medio (6/10) y saturación muy baja (1/10) que equilibra el espacio.,Medio,Muy Baja,Suave;Neutro;Elegante;Sobrio
00BB 06/017,Caudal Gris,Neutro,1,1,Grafito,Dramático,Living,Blanco;Madera clara;Negro mate;Blanco roto,Blanco;Crema;Verde oliva,Grafito neutro de luminosidad muy bajo (1/10) y saturación muy baja (1/10) que genera profundidad.,Muy Bajo,Muy Baja,Profundo;Neutro;Elegante;Sobrio
10GG 21/050,Cemento Quemado,Neutro,3,1,Grafito,Dramático,Living,Blanco;Madera clara;Negro mate;Blanco roto,Blanco;Crema;Verde oliva,Grafito neutro de luminosidad bajo (3/10) y saturación muy baja (1/10) que genera profundidad.,Bajo,Muy Baja,Profundo;Neutro;Elegante;Sobrio
30BG 49/047,Cielo Canadiense,Frío,5,2,Azulado,Industrial;Contemporáneo,Dormitorio;Pasillo;Baño;Home office,Blanco;Gris claro;Negro mate,Blanco;Crema;Terracota;Mostaza,Azulado frío de luminosidad medio (5/10) y saturación muy baja (2/10) que equilibra el espacio.,Medio,Muy Baja,Suave;Frío;Sereno;Sobrio
90BG 25/079,Cielo Iluminado,Frío,3,2,Azulado,Industrial;Contemporáneo;Dramático,Baño;Home office,Blanco;Gris claro;Negro mate;Blanco roto,Blanco;Crema;Terracota;Mostaza,Azulado frío de luminosidad bajo (3/10) y saturación muy baja (2/10) que genera profundidad.,Bajo,Muy Baja,Profundo;Frío;Sereno;Sobrio
46YY 33/057,Cola de Elefante,Neutro,4,2,Gris frío,Contemporáneo,Living;Dormitorio;Comedor;Cocina;Baño;Pasillo;Home office;Cuarto de niños,Blanco;Madera clara;Negro mate;Blanco roto,Blanco;Crema;Verde oliva,Gris frío neutro de luminosidad bajo (4/10) y saturación muy baja (2/10) que equilibra el espacio.,Bajo,Muy Baja,Suave;Neutro;Elegante;Sobrio
89YY 80/039,Copo de Nieve Eterno,Cálido,8,3,Marfil,Minimalista;Nórdico;Japandi;Rústico;Mediterráneo,Living;Dormitorio;Comedor;Cocina;Baño;Pasillo;Home office;Cuarto de niños,Blanco;Madera clara;Beige,Negro mate;Grafito;Azul profundo,Marfil cálido de luminosidad alto (8/10) y saturación baja (3/10) que aporta amplitud visual.,Alto,Baja,Luminoso;Amplio;Cálido;Acogedor
70GY 72/025,Corrida de Obstáculos,Neutro,7,2,Verdoso,Minimalista;Nórdico;Japandi,Living;Comedor;Cocina;Dormitorio;Pasillo,Blanco;Madera clara;Negro mate,Negro mate;Grafito;Verde oliva,Verdoso neutro de luminosidad alto (7/10) y saturación muy baja (2/10) que aporta amplitud visual.,Alto,Muy Baja,Luminoso;Amplio;Neutro;Elegante
00NN 16/000,Cosmos,Neutro,2,1,Grafito,Dramático,Living,Blanco;Madera clara;Negro mate;Blanco roto,Blanco;Crema;Verde oliva,Grafito neutro de luminosidad muy bajo (2/10) y saturación muy baja (1/10) que genera profundidad.,Muy Bajo,Muy Baja,Profundo;Neutro;Elegante;Sobrio
53BB 36/004,Costura Gris,Neutro,4,1,Grafito,Contemporáneo,Living;Dormitorio;Comedor;Cocina;Baño;Pasillo;Home office;Cuarto de niños,Blanco;Madera clara;Negro mate;Blanco roto,Blanco;Crema;Verde oliva,Grafito neutro de luminosidad bajo (4/10) y saturación muy baja (1/10) que equilibra el espacio.,Bajo,Muy Baja,Suave;Neutro;Elegante;Sobrio
99YY 55/056,Cria de Nutria,Cálido,6,2,Gris cálido,Rústico;Mediterráneo,Living;Dormitorio;Comedor;Cocina;Baño;Pasillo;Home office;Cuarto de niños,Blanco;Madera clara;Beige,Blanco;Crema;Azul profundo,Gris cálido cálido de luminosidad medio (6/10) y saturación muy baja (2/10) que equilibra el espacio.,Medio,Muy Baja,Suave;Cálido;Acogedor;Sobrio
30BB 05/022,Cristal de Turmalina,Neutro,1,1,Grafito,Dramático,Living,Blanco;Madera clara;Negro mate;Blanco roto,Blanco;Crema;Verde oliva,Grafito neutro de luminosidad muy bajo (1/10) y saturación muy baja (1/10) que genera profundidad.,Muy Bajo,Muy Baja,Profundo;Neutro;Elegante;Sobrio
82YY 67/046,Despertar,Cálido,7,2,Gris cálido,Minimalista;Nórdico;Japandi;Rústico;Mediterráneo,Living;Comedor;Cocina;Dormitorio;Pasillo,Blanco;Madera clara;Beige,Negro mate;Grafito;Azul profundo,Gris cálido cálido de luminosidad alto (7/10) y saturación muy baja (2/10) que aporta amplitud visual.,Alto,Muy Baja,Luminoso;Amplio;Cálido;Acogedor
50BG 38/011,Día de Lluvia,Neutro,4,1,Grafito,Contemporáneo,Living,Blanco;Madera clara;Negro mate;Blanco roto,Blanco;Crema;Verde oliva,Grafito neutro de luminosidad bajo (4/10) y saturación muy baja (1/10) que equilibra el espacio.,Bajo,Muy Baja,Suave;Neutro;Elegante;Sobrio
90GY 46/056,Día Ventoso,Neutro,5,2,Verdoso,Contemporáneo,Dormitorio;Pasillo,Blanco;Madera clara;Negro mate,Blanco;Crema;Verde oliva,Verdoso neutro de luminosidad medio (5/10) y saturación muy baja (2/10) que equilibra el espacio.,Medio,Muy Baja,Suave;Neutro;Elegante;Sobrio
81YY 73/041,Dunas Grises,Cálido,7,2,Gris cálido,Minimalista;Nórdico;Japandi;Rústico;Mediterráneo,Living;Dormitorio;Comedor;Cocina;Baño;Pasillo;Home office;Cuarto de niños,Blanco;Madera clara;Beige,Negro mate;Grafito;Azul profundo,Gris cálido cálido de luminosidad alto (7/10) y saturación muy baja (2/10) que aporta amplitud visual.,Alto,Muy Baja,Luminoso;Amplio;Cálido;Acogedor
90BG 08/075,Eclipse,Frío,2,3,Azulado,Industrial;Contemporáneo;Dramático,Baño;Home office,Blanco;Gris claro;Negro mate;Blanco roto,Blanco;Crema;Terracota;Mostaza,Azulado frío de luminosidad muy bajo (2/10) y saturación baja (3/10) que genera profundidad.,Muy Bajo,Baja,Profundo;Frío;Sereno;Sobrio
50GY 53/033,Escarcha de Jade,Neutro,6,1,Piedra,Contemporáneo,Dormitorio;Pasillo,Blanco;Madera clara;Negro mate,Blanco;Crema;Verde oliva,Piedra neutro de luminosidad medio (6/10) y saturación muy baja (1/10) que equilibra el espacio.,Medio,Muy Baja,Suave;Neutro;Elegante;Sobrio
30BB 45/049,Esgrima,Frío,5,2,Azulado,Industrial;Contemporáneo,Dormitorio;Pasillo;Baño;Home office,Blanco;Gris claro;Negro mate,Blanco;Crema;Terracota;Mostaza,Azulado frío de luminosidad medio (5/10) y saturación muy baja (2/10) que equilibra el espacio.,Medio,Muy Baja,Suave;Frío;Sereno;Sobrio
60RR 07/002,Espacio de Fantasía,Neutro,1,1,Grafito,Dramático,Living;Dormitorio;Comedor;Cocina;Baño;Pasillo;Home office;Cuarto de niños,Blanco;Madera clara;Negro mate;Blanco roto,Blanco;Crema;Verde oliva,Grafito neutro de luminosidad muy bajo (1/10) y saturación muy baja (1/10) que genera profundidad.,Muy Bajo,Muy Baja,Profundo;Neutro;Elegante;Sobrio
10GG 62/026,Espejo de Agua,Neutro,7,2,Piedra,Minimalista;Nórdico;Japandi,Living;Comedor;Cocina;Dormitorio;Pasillo,Blanco;Madera clara;Negro mate,Negro mate;Grafito;Verde oliva,Piedra neutro de luminosidad alto (7/10) y saturación muy baja (2/10) que aporta amplitud visual.,Alto,Muy Baja,Luminoso;Amplio;Neutro;Elegante
84BG 66/028,Espíritu Osado,Frío,7,2,Azulado,Minimalista;Nórdico;Japandi,Living;Dormitorio;Comedor;Cocina;Baño;Pasillo;Home office;Cuarto de niños,Blanco;Gris claro;Negro mate,Negro mate;Grafito;Terracota;Mostaza,Azulado frío de luminosidad alto (7/10) y saturación muy baja (2/10) que aporta amplitud visual.,Alto,Muy Baja,Luminoso;Amplio;Frío;Sereno
18BB 18/075,Estación Tormentosa,Frío,2,2,Azulado,Industrial;Contemporáneo;Dramático,Baño;Home office,Blanco;Gris claro;Negro mate;Blanco roto,Blanco;Crema;Terracota;Mostaza,Azulado frío de luminosidad muy bajo (2/10) y saturación muy baja (2/10) que genera profundidad.,Muy Bajo,Muy Baja,Profundo;Frío;Sereno;Sobrio
30GY 40/029,Estaño,Neutro,4,1,Grafito,Contemporáneo,Living,Blanco;Madera clara;Negro mate;Blanco roto,Blanco;Crema;Verde oliva,Grafito neutro de luminosidad bajo (4/10) y saturación muy baja (1/10) que equilibra el espacio.,Bajo,Muy Baja,Suave;Neutro;Elegante;Sobrio
30BB 31/043,Estilo Elegante,Neutro,4,2,Grafito,Contemporáneo,Living,Blanco;Madera clara;Negro mate;Blanco roto,Blanco;Crema;Verde oliva,Grafito neutro de luminosidad bajo (4/10) y saturación muy baja (2/10) que equilibra el espacio.,Bajo,Muy Baja,Suave;Neutro;Elegante;Sobrio
70YY 46/053,Estuco Envejecido,Cálido,5,2,Gris cálido,Rústico;Mediterráneo,Dormitorio;Pasillo,Blanco;Madera clara;Beige,Blanco;Crema;Azul profundo,Gris cálido cálido de luminosidad medio (5/10) y saturación muy baja (2/10) que equilibra el espacio.,Medio,Muy Baja,Suave;Cálido;Acogedor;Sobrio
90BG 72/038,Etéreo,Frío,7,2,Azulado,Minimalista;Nórdico;Japandi,Living;Comedor;Cocina;Dormitorio;Pasillo,Blanco;Gris claro;Negro mate,Negro mate;Grafito;Terracota;Mostaza,Azulado frío de luminosidad alto (7/10) y saturación muy baja (2/10) que aporta amplitud visual.,Alto,Muy Baja,Luminoso;Amplio;Frío;Sereno
30BG 72/034,Euforia,Frío,7,2,Azulado,Minimalista;Nórdico;Japandi,Living;Comedor;Cocina;Dormitorio;Pasillo,Blanco;Gris claro;Negro mate,Negro mate;Grafito;Terracota;Mostaza,Azulado frío de luminosidad alto (7/10) y saturación muy baja (2/10) que aporta amplitud visual.,Alto,Muy Baja,Luminoso;Amplio;Frío;Sereno
89BG 09/087,Explosión de Gris,Frío,2,3,Azulado,Industrial;Contemporáneo;Dramático,Living;Dormitorio;Comedor;Cocina;Baño;Pasillo;Home office;Cuarto de niños,Blanco;Gris claro;Negro mate;Blanco roto,Blanco;Crema;Terracota;Mostaza,Azulado frío de luminosidad muy bajo (2/10) y saturación baja (3/10) que genera profundidad.,Muy Bajo,Baja,Profundo;Frío;Sereno;Sobrio
30BG 31/022,Gris Alambre,Neutro,4,1,Grafito,Contemporáneo,Living,Blanco;Madera clara;Negro mate;Blanco roto,Blanco;Crema;Verde oliva,Grafito neutro de luminosidad bajo (4/10) y saturación muy baja (1/10) que equilibra el espacio.,Bajo,Muy Baja,Suave;Neutro;Elegante;Sobrio
00NN 62/000,Gris Alpino,Neutro,6,1,Piedra,Contemporáneo,Dormitorio;Pasillo,Blanco;Madera clara;Negro mate,Blanco;Crema;Verde oliva,Piedra neutro de luminosidad medio (6/10) y saturación muy baja (1/10) que equilibra el espacio.,Medio,Muy Baja,Suave;Neutro;Elegante;Sobrio
40YY 20/081,Gris Altiplano,Cálido,3,2,Gris cálido,Dramático,Living,Blanco;Madera clara;Beige;Blanco roto,Blanco;Crema;Azul profundo,Gris cálido cálido de luminosidad bajo (3/10) y saturación muy baja (2/10) que genera profundidad.,Bajo,Muy Baja,Profundo;Cálido;Acogedor;Sobrio
90BG 44/049,Gris Azulado,Frío,5,2,Azulado,Industrial;Contemporáneo,Living;Dormitorio;Comedor;Cocina;Baño;Pasillo;Home office;Cuarto de niños,Blanco;Gris claro;Negro mate,Blanco;Crema;Terracota;Mostaza,Azulado frío de luminosidad medio (5/10) y saturación muy baja (2/10) que equilibra el espacio.,Medio,Muy Baja,Suave;Frío;Sereno;Sobrio
50BG 74/020,Gris Ballena,Frío,8,2,Azulado,Minimalista;Nórdico;Japandi,Living;Dormitorio;Comedor;Cocina;Baño;Pasillo;Home office;Cuarto de niños,Blanco;Gris claro;Negro mate,Negro mate;Grafito;Terracota;Mostaza,Azulado frío de luminosidad alto (8/10) y saturación muy baja (2/10) que aporta amplitud visual.,Alto,Muy Baja,Luminoso;Amplio;Frío;Sereno
50YY 47/053,Gris Bismuto,Cálido,5,2,Gris cálido,Rústico;Mediterráneo,Dormitorio;Pasillo,Blanco;Madera clara;Beige,Blanco;Crema;Azul profundo,Gris cálido cálido de luminosidad medio (5/10) y saturación muy baja (2/10) que equilibra el espacio.,Medio,Muy Baja,Suave;Cálido;Acogedor;Sobrio
94GY 66/038,Gris Borroso,Neutro,7,2,Verdoso,Minimalista;Nórdico;Japandi,Living;Dormitorio;Comedor;Cocina;Baño;Pasillo;Home office;Cuarto de niños,Blanco;Madera clara;Negro mate,Negro mate;Grafito;Verde oliva,Verdoso neutro de luminosidad alto (7/10) y saturación muy baja (2/10) que aporta amplitud visual.,Alto,Muy Baja,Luminoso;Amplio;Neutro;Elegante
90YY 33/062,Gris Brezo,Neutro,4,2,Gris frío,Contemporáneo,Living,Blanco;Madera clara;Negro mate;Blanco roto,Blanco;Crema;Verde oliva,Gris frío neutro de luminosidad bajo (4/10) y saturación muy baja (2/10) que equilibra el espacio.,Bajo,Muy Baja,Suave;Neutro;Elegante;Sobrio
03BB 17/015,Gris Cable,Neutro,2,1,Grafito,Dramático,Living;Dormitorio;Comedor;Cocina;Baño;Pasillo;Home office;Cuarto de niños,Blanco;Madera clara;Negro mate;Blanco roto,Blanco;Crema;Verde oliva,Grafito neutro de luminosidad muy bajo (2/10) y saturación muy baja (1/10) que genera profundidad.,Muy Bajo,Muy Baja,Profundo;Neutro;Elegante;Sobrio
96YY 66/036,Gris Chic,Cálido,7,2,Gris cálido,Minimalista;Nórdico;Japandi;Rústico;Mediterráneo,Living;Dormitorio;Comedor;Cocina;Baño;Pasillo;Home office;Cuarto de niños,Blanco;Madera clara;Beige,Negro mate;Grafito;Azul profundo,Gris cálido cálido de luminosidad alto (7/10) y saturación muy baja (2/10) que aporta amplitud visual.,Alto,Muy Baja,Luminoso;Amplio;Cálido;Acogedor
79GY 59/017,Gris Elefante,Neutro,6,1,Piedra,Contemporáneo,Dormitorio;Pasillo,Blanco;Madera clara;Negro mate,Blanco;Crema;Verde oliva,Piedra neutro de luminosidad medio (6/10) y saturación muy baja (1/10) que equilibra el espacio.,Medio,Muy Baja,Suave;Neutro;Elegante;Sobrio
30GG 52/011,Gris Escarcha,Neutro,5,1,Piedra,Contemporáneo,Dormitorio;Pasillo,Blanco;Madera clara;Negro mate,Blanco;Crema;Verde oliva,Piedra neutro de luminosidad medio (5/10) y saturación muy baja (1/10) que equilibra el espacio.,Medio,Muy Baja,Suave;Neutro;Elegante;Sobrio
17GY 68/005,Gris Fantasma,Neutro,7,1,Hueso,Minimalista;Nórdico;Japandi,Living;Comedor;Cocina;Dormitorio;Pasillo,Blanco;Madera clara;Negro mate,Negro mate;Grafito;Verde oliva,Hueso neutro de luminosidad alto (7/10) y saturación muy baja (1/10) que aporta amplitud visual.,Alto,Muy Baja,Luminoso;Amplio;Neutro;Elegante
00NN 37/000,Gris Granito,Neutro,4,1,Grafito,Contemporáneo,Living,Blanco;Madera clara;Negro mate;Blanco roto,Blanco;Crema;Verde oliva,Grafito neutro de luminosidad bajo (4/10) y saturación muy baja (1/10) que equilibra el espacio.,Bajo,Muy Baja,Suave;Neutro;Elegante;Sobrio
52GY 24/050,Gris Hamster,Neutro,3,1,Grafito,Dramático,Living;Dormitorio;Comedor;Cocina;Baño;Pasillo;Home office;Cuarto de niños,Blanco;Madera clara;Negro mate;Blanco roto,Blanco;Crema;Verde oliva,Grafito neutro de luminosidad bajo (3/10) y saturación muy baja (1/10) que genera profundidad.,Bajo,Muy Baja,Profundo;Neutro;Elegante;Sobrio
90YY 40/058,Gris Hierba,Neutro,4,2,Gris frío,Contemporáneo,Living,Blanco;Madera clara;Negro mate;Blanco roto,Blanco;Crema;Verde oliva,Gris frío neutro de luminosidad bajo (4/10) y saturación muy baja (2/10) que equilibra el espacio.,Bajo,Muy Baja,Suave;Neutro;Elegante;Sobrio
90BG 30/073,Gris Humo,Frío,4,2,Azulado,Industrial;Contemporáneo,Baño;Home office,Blanco;Gris claro;Negro mate;Blanco roto,Blanco;Crema;Terracota;Mostaza,Azulado frío de luminosidad bajo (4/10) y saturación muy baja (2/10) que equilibra el espacio.,Bajo,Muy Baja,Suave;Frío;Sereno;Sobrio
97YY 24/045,Gris Icónico,Neutro,3,1,Grafito,Dramático,Living;Dormitorio;Comedor;Cocina;Baño;Pasillo;Home office;Cuarto de niños,Blanco;Madera clara;Negro mate;Blanco roto,Blanco;Crema;Verde oliva,Grafito neutro de luminosidad bajo (3/10) y saturación muy baja (1/10) que genera profundidad.,Bajo,Muy Baja,Profundo;Neutro;Elegante;Sobrio
00NN 31/000,Gris Icono,Neutro,3,1,Grafito,Dramático,Living,Blanco;Madera clara;Negro mate;Blanco roto,Blanco;Crema;Verde oliva,Grafito neutro de luminosidad bajo (3/10) y saturación muy baja (1/10) que genera profundidad.,Bajo,Muy Baja,Profundo;Neutro;Elegante;Sobrio
92BG 08/031,Gris Intenso,Frío,2,2,Azulado,Industrial;Contemporáneo;Dramático,Baño;Home office,Blanco;Gris claro;Negro mate;Blanco roto,Blanco;Crema;Terracota;Mostaza,Azulado frío de luminosidad muy bajo (2/10) y saturación muy baja (2/10) que genera profundidad.,Muy Bajo,Muy Baja,Profundo;Frío;Sereno;Sobrio
90YY 63/044,Gris Lechuza,Cálido,7,2,Gris cálido,Minimalista;Nórdico;Japandi;Rústico;Mediterráneo,Living;Comedor;Cocina;Dormitorio;Pasillo,Blanco;Madera clara;Beige,Negro mate;Grafito;Azul profundo,Gris cálido cálido de luminosidad alto (7/10) y saturación muy baja (2/10) que aporta amplitud visual.,Alto,Muy Baja,Luminoso;Amplio;Cálido;Acogedor
50BG 14/036,Gris Maravilloso,Neutro,2,2,Grafito,Dramático,Living,Blanco;Madera clara;Negro mate;Blanco roto,Blanco;Crema;Verde oliva,Grafito neutro de luminosidad muy bajo (2/10) y saturación muy baja (2/10) que genera profundidad.,Muy Bajo,Muy Baja,Profundo;Neutro;Elegante;Sobrio
44GG 08/039,Gris Misterioso,Frío,1,2,Verdoso,Industrial;Contemporáneo;Dramático,Baño;Home office,Blanco;Gris claro;Negro mate;Blanco roto,Blanco;Crema;Terracota;Mostaza,Verdoso frío de luminosidad muy bajo (1/10) y saturación muy baja (2/10) que genera profundidad.,Muy Bajo,Muy Baja,Profundo;Frío;Sereno;Sobrio
40YY 25/074,Gris Montaña,Neutro,3,2,Gris frío,Dramático,Living,Blanco;Madera clara;Negro mate;Blanco roto,Blanco;Crema;Verde oliva,Gris frío neutro de luminosidad bajo (3/10) y saturación muy baja (2/10) que genera profundidad.,Bajo,Muy Baja,Profundo;Neutro;Elegante;Sobrio
30BB 10/019,Gris Noble,Neutro,2,1,Grafito,Dramático,Living,Blanco;Madera clara;Negro mate;Blanco roto,Blanco;Crema;Verde oliva,Grafito neutro de luminosidad muy bajo (2/10) y saturación muy baja (1/10) que genera profundidad.,Muy Bajo,Muy Baja,Profundo;Neutro;Elegante;Sobrio
20BB 08/051,Gris Nocturno,Frío,2,2,Azulado,Industrial;Contemporáneo;Dramático,Baño;Home office,Blanco;Gris claro;Negro mate;Blanco roto,Blanco;Crema;Terracota;Mostaza,Azulado frío de luminosidad muy bajo (2/10) y saturación muy baja (2/10) que genera profundidad.,Muy Bajo,Muy Baja,Profundo;Frío;Sereno;Sobrio
90BG 16/060,Gris Nórdico,Frío,2,2,Azulado,Industrial;Contemporáneo;Dramático,Baño;Home office,Blanco;Gris claro;Negro mate;Blanco roto,Blanco;Crema;Terracota;Mostaza,Azulado frío de luminosidad muy bajo (2/10) y saturación muy baja (2/10) que genera profundidad.,Muy Bajo,Muy Baja,Profundo;Frío;Sereno;Sobrio
95BG 49/025,Gris Plata,Neutro,5,1,Piedra,Contemporáneo,Living;Dormitorio;Comedor;Cocina;Baño;Pasillo;Home office;Cuarto de niños,Blanco;Madera clara;Negro mate,Blanco;Crema;Verde oliva,Piedra neutro de luminosidad medio (5/10) y saturación muy baja (1/10) que equilibra el espacio.,Medio,Muy Baja,Suave;Neutro;Elegante;Sobrio
08GY 19/067,Gris Relajante,Neutro,3,2,Grafito,Dramático,Living,Blanco;Madera clara;Negro mate;Blanco roto,Blanco;Crema;Verde oliva,Grafito neutro de luminosidad bajo (3/10) y saturación muy baja (2/10) que genera profundidad.,Bajo,Muy Baja,Profundo;Neutro;Elegante;Sobrio
31BG 26/004,Gris Sofisticado,Neutro,3,1,Grafito,Dramático,Living,Blanco;Madera clara;Negro mate;Blanco roto,Blanco;Crema;Verde oliva,Grafito neutro de luminosidad bajo (3/10) y saturación muy baja (1/10) que genera profundidad.,Bajo,Muy Baja,Profundo;Neutro;Elegante;Sobrio
00NN 25/000,Gris Titanio,Neutro,3,1,Grafito,Dramático,Living,Blanco;Madera clara;Negro mate;Blanco roto,Blanco;Crema;Verde oliva,Grafito neutro de luminosidad bajo (3/10) y saturación muy baja (1/10) que genera profundidad.,Bajo,Muy Baja,Profundo;Neutro;Elegante;Sobrio
00NN 20/000,Gris Urbano,Neutro,3,1,Grafito,Dramático,Living,Blanco;Madera clara;Negro mate;Blanco roto,Blanco;Crema;Verde oliva,Grafito neutro de luminosidad bajo (3/10) y saturación muy baja (1/10) que genera profundidad.,Bajo,Muy Baja,Profundo;Neutro;Elegante;Sobrio
64GY 14/039,Gris Vigoroso,Neutro,2,1,Grafito,Dramático,Living;Dormitorio;Comedor;Cocina;Baño;Pasillo;Home office;Cuarto de niños,Blanco;Madera clara;Negro mate;Blanco roto,Blanco;Crema;Verde oliva,Grafito neutro de luminosidad muy bajo (2/10) y saturación muy baja (1/10) que genera profundidad.,Muy Bajo,Muy Baja,Profundo;Neutro;Elegante;Sobrio
37GY 38/050,Guijarro Matinal,Neutro,4,1,Grafito,Contemporáneo,Living;Dormitorio;Comedor;Cocina;Baño;Pasillo;Home office;Cuarto de niños,Blanco;Madera clara;Negro mate;Blanco roto,Blanco;Crema;Verde oliva,Grafito neutro de luminosidad bajo (4/10) y saturación muy baja (1/10) que equilibra el espacio.,Bajo,Muy Baja,Suave;Neutro;Elegante;Sobrio
28GG 22/002,Hebilla de Plata,Neutro,3,1,Grafito,Dramático,Living,Blanco;Madera clara;Negro mate;Blanco roto,Blanco;Crema;Verde oliva,Grafito neutro de luminosidad bajo (3/10) y saturación muy baja (1/10) que genera profundidad.,Bajo,Muy Baja,Profundo;Neutro;Elegante;Sobrio
61GY 11/019,Hierro Envejecido,Neutro,2,1,Grafito,Dramático,Living,Blanco;Madera clara;Negro mate;Blanco roto,Blanco;Crema;Verde oliva,Grafito neutro de luminosidad muy bajo (2/10) y saturación muy baja (1/10) que genera profundidad.,Muy Bajo,Muy Baja,Profundo;Neutro;Elegante;Sobrio
72BG 75/023,Himalaya,Neutro,8,2,Azulado,Minimalista;Nórdico;Japandi,Living;Comedor;Cocina;Dormitorio;Pasillo,Blanco;Madera clara;Negro mate,Negro mate;Grafito;Verde oliva,Azulado neutro de luminosidad alto (8/10) y saturación muy baja (2/10) que aporta amplitud visual.,Alto,Muy Baja,Luminoso;Amplio;Neutro;Elegante
10BB 73/039,Horizonte,Frío,7,2,Azulado,Minimalista;Nórdico;Japandi,Living;Comedor;Cocina;Dormitorio;Pasillo,Blanco;Gris claro;Negro mate,Negro mate;Grafito;Terracota;Mostaza,Azulado frío de luminosidad alto (7/10) y saturación muy baja (2/10) que aporta amplitud visual.,Alto,Muy Baja,Luminoso;Amplio;Frío;Sereno
30BB 16/031,Intercostero,Neutro,2,1,Grafito,Dramático,Living,Blanco;Madera clara;Negro mate;Blanco roto,Blanco;Crema;Verde oliva,Grafito neutro de luminosidad muy bajo (2/10) y saturación muy baja (1/10) que genera profundidad.,Muy Bajo,Muy Baja,Profundo;Neutro;Elegante;Sobrio
45GY 55/052,Jeans Grises,Neutro,6,2,Verdoso,Contemporáneo,Living;Dormitorio;Comedor;Cocina;Baño;Pasillo;Home office;Cuarto de niños,Blanco;Madera clara;Negro mate,Blanco;Crema;Verde oliva,Verdoso neutro de luminosidad medio (6/10) y saturación muy baja (2/10) que equilibra el espacio.,Medio,Muy Baja,Suave;Neutro;Elegante;Sobrio
90BG 35/068,Juego de Sombras,Frío,4,2,Azulado,Industrial;Contemporáneo,Baño;Home office,Blanco;Gris claro;Negro mate;Blanco roto,Blanco;Crema;Terracota;Mostaza,Azulado frío de luminosidad bajo (4/10) y saturación muy baja (2/10) que equilibra el espacio.,Bajo,Muy Baja,Suave;Frío;Sereno;Sobrio
70BG 72/043,Luz Azul,Frío,7,3,Azulado,Minimalista;Nórdico;Japandi,Living;Comedor;Cocina;Dormitorio;Pasillo,Blanco;Gris claro;Negro mate,Negro mate;Grafito;Terracota;Mostaza,Azulado frío de luminosidad alto (7/10) y saturación baja (3/10) que aporta amplitud visual.,Alto,Baja,Luminoso;Amplio;Frío;Sereno
49BB 14/046,Luz de Sabiduría,Neutro,2,2,Grafito,Dramático,Living,Blanco;Madera clara;Negro mate;Blanco roto,Blanco;Crema;Verde oliva,Grafito neutro de luminosidad muy bajo (2/10) y saturación muy baja (2/10) que genera profundidad.,Muy Bajo,Muy Baja,Profundo;Neutro;Elegante;Sobrio
60YY 65/082,Luz Silenciosa,Cálido,7,3,Arena,Minimalista;Nórdico;Japandi;Rústico;Mediterráneo,Living;Comedor;Cocina;Dormitorio;Pasillo,Blanco;Madera clara;Beige,Negro mate;Grafito;Azul profundo,Arena cálido de luminosidad alto (7/10) y saturación baja (3/10) que aporta amplitud visual.,Alto,Baja,Luminoso;Amplio;Cálido;Acogedor
08GY 32/058,Mañana Brumosa,Neutro,4,1,Grafito,Contemporáneo,Living,Blanco;Madera clara;Negro mate;Blanco roto,Blanco;Crema;Verde oliva,Grafito neutro de luminosidad bajo (4/10) y saturación muy baja (1/10) que equilibra el espacio.,Bajo,Muy Baja,Suave;Neutro;Elegante;Sobrio
65YY 71/071,Mañana de Setas,Cálido,7,3,Arena,Minimalista;Nórdico;Japandi;Rústico;Mediterráneo,Living;Dormitorio;Comedor;Cocina;Baño;Pasillo;Home office;Cuarto de niños,Blanco;Madera clara;Beige,Negro mate;Grafito;Azul profundo,Arena cálido de luminosidad alto (7/10) y saturación baja (3/10) que aporta amplitud visual.,Alto,Baja,Luminoso;Amplio;Cálido;Acogedor
61BG 68/049,Mar Silencioso,Frío,7,3,Azulado,Minimalista;Nórdico;Japandi,Living;Dormitorio;Comedor;Cocina;Baño;Pasillo;Home office;Cuarto de niños,Blanco;Gris claro;Negro mate,Negro mate;Grafito;Terracota;Mostaza,Azulado frío de luminosidad alto (7/10) y saturación baja (3/10) que aporta amplitud visual.,Alto,Baja,Luminoso;Amplio;Frío;Sereno
90GY 63/047,Marea Suave,Neutro,7,2,Verdoso,Minimalista;Nórdico;Japandi,Living;Comedor;Cocina;Dormitorio;Pasillo,Blanco;Madera clara;Negro mate,Negro mate;Grafito;Verde oliva,Verdoso neutro de luminosidad alto (7/10) y saturación muy baja (2/10) que aporta amplitud visual.,Alto,Muy Baja,Luminoso;Amplio;Neutro;Elegante
16BB 27/091,Marea Vigorosa,Frío,3,2,Azulado,Industrial;Contemporáneo;Dramático,Baño;Home office,Blanco;Gris claro;Negro mate;Blanco roto,Blanco;Crema;Terracota;Mostaza,Azulado frío de luminosidad bajo (3/10) y saturación muy baja (2/10) que genera profundidad.,Bajo,Muy Baja,Profundo;Frío;Sereno;Sobrio
26YY 09/028,Marrón Camuflaje,Neutro,2,2,Chocolate,Dramático,Living;Dormitorio;Comedor;Cocina;Baño;Pasillo;Home office;Cuarto de niños,Blanco;Madera clara;Negro mate;Blanco roto,Blanco;Crema;Verde oliva,Chocolate neutro de luminosidad muy bajo (2/10) y saturación muy baja (2/10) que genera profundidad.,Muy Bajo,Muy Baja,Profundo;Neutro;Elegante;Sobrio
70GY 16/063,Matiz Musgo,Neutro,2,1,Grafito,Dramático,Living,Blanco;Madera clara;Negro mate;Blanco roto,Blanco;Crema;Verde oliva,Grafito neutro de luminosidad muy bajo (2/10) y saturación muy baja (1/10) que genera profundidad.,Muy Bajo,Muy Baja,Profundo;Neutro;Elegante;Sobrio
85BG 59/064,Melancolía,Frío,6,3,Azulado,Contemporáneo,Living;Dormitorio;Comedor;Cocina;Baño;Pasillo;Home office;Cuarto de niños,Blanco;Gris claro;Negro mate,Blanco;Crema;Terracota;Mostaza,Azulado frío de luminosidad medio (6/10) y saturación baja (3/10) que equilibra el espacio.,Medio,Baja,Suave;Frío;Sereno;Sobrio
26BB 10/008,Metal Forjado,Neutro,2,1,Grafito,Dramático,Living,Blanco;Madera clara;Negro mate;Blanco roto,Blanco;Crema;Verde oliva,Grafito neutro de luminosidad muy bajo (2/10) y saturación muy baja (1/10) que genera profundidad.,Muy Bajo,Muy Baja,Profundo;Neutro;Elegante;Sobrio
30GG 10/050,Metrópolis,Neutro,2,2,Verdoso,Dramático,Living,Blanco;Madera clara;Negro mate;Blanco roto,Blanco;Crema;Verde oliva,Verdoso neutro de luminosidad muy bajo (2/10) y saturación muy baja (2/10) que genera profundidad.,Muy Bajo,Muy Baja,Profundo;Neutro;Elegante;Sobrio
91YY 31/059,Momento de Gris,Neutro,4,1,Grafito,Contemporáneo,Living;Dormitorio;Comedor;Cocina;Baño;Pasillo;Home office;Cuarto de niños,Blanco;Madera clara;Negro mate;Blanco roto,Blanco;Crema;Verde oliva,Grafito neutro de luminosidad bajo (4/10) y saturación muy baja (1/10) que equilibra el espacio.,Bajo,Muy Baja,Suave;Neutro;Elegante;Sobrio
30BB 13/068,Mora Negra,Frío,2,2,Azulado,Industrial;Contemporáneo;Dramático,Baño;Home office,Blanco;Gris claro;Negro mate;Blanco roto,Blanco;Crema;Terracota;Mostaza,Azulado frío de luminosidad muy bajo (2/10) y saturación muy baja (2/10) que genera profundidad.,Muy Bajo,Muy Baja,Profundo;Frío;Sereno;Sobrio
50GY 53/017,Muro de Berlín,Neutro,6,1,Piedra,Contemporáneo,Dormitorio;Pasillo,Blanco;Madera clara;Negro mate,Blanco;Crema;Verde oliva,Piedra neutro de luminosidad medio (6/10) y saturación muy baja (1/10) que equilibra el espacio.,Medio,Muy Baja,Suave;Neutro;Elegante;Sobrio
70YY 06/088,Musgo Español,Cálido,2,2,Chocolate,Dramático,Living,Blanco;Madera clara;Beige;Blanco roto,Blanco;Crema;Azul profundo,Chocolate cálido de luminosidad muy bajo (2/10) y saturación muy baja (2/10) que genera profundidad.,Muy Bajo,Muy Baja,Profundo;Cálido;Acogedor;Sobrio
50GY 55/066,Neblina Distante,Neutro,6,2,Verdoso,Contemporáneo,Dormitorio;Pasillo,Blanco;Madera clara;Negro mate,Blanco;Crema;Verde oliva,Verdoso neutro de luminosidad medio (6/10) y saturación muy baja (2/10) que equilibra el espacio.,Medio,Muy Baja,Suave;Neutro;Elegante;Sobrio
90BG 10/067,Negro Cibelina,Frío,2,2,Azulado,Industrial;Contemporáneo;Dramático,Baño;Home office,Blanco;Gris claro;Negro mate;Blanco roto,Blanco;Crema;Terracota;Mostaza,Azulado frío de luminosidad muy bajo (2/10) y saturación muy baja (2/10) que genera profundidad.,Muy Bajo,Muy Baja,Profundo;Frío;Sereno;Sobrio
30GY 56/023,Niebla,Neutro,6,1,Piedra,Contemporáneo,Dormitorio;Pasillo,Blanco;Madera clara;Negro mate,Blanco;Crema;Verde oliva,Piedra neutro de luminosidad medio (6/10) y saturación muy baja (1/10) que equilibra el espacio.,Medio,Muy Baja,Suave;Neutro;Elegante;Sobrio
10GG 72/022,Niebla de Campo,Neutro,7,2,Verdoso,Minimalista;Nórdico;Japandi,Living;Comedor;Cocina;Dormitorio;Pasillo,Blanco;Madera clara;Negro mate,Negro mate;Grafito;Verde oliva,Verdoso neutro de luminosidad alto (7/10) y saturación muy baja (2/10) que aporta amplitud visual.,Alto,Muy Baja,Luminoso;Amplio;Neutro;Elegante
50GY 32/046,Nivel del Mar,Neutro,4,1,Grafito,Contemporáneo,Living,Blanco;Madera clara;Negro mate;Blanco roto,Blanco;Crema;Verde oliva,Grafito neutro de luminosidad bajo (4/10) y saturación muy baja (1/10) que equilibra el espacio.,Bajo,Muy Baja,Suave;Neutro;Elegante;Sobrio
93BG 18/066,Noches Sombrías,Frío,2,2,Azulado,Industrial;Contemporáneo;Dramático,Living;Dormitorio;Comedor;Cocina;Baño;Pasillo;Home office;Cuarto de niños,Blanco;Gris claro;Negro mate;Blanco roto,Blanco;Crema;Terracota;Mostaza,Azulado frío de luminosidad muy bajo (2/10) y saturación muy baja (2/10) que genera profundidad.,Muy Bajo,Muy Baja,Profundo;Frío;Sereno;Sobrio
54GG 16/017,Nube Invernal,Neutro,2,1,Grafito,Dramático,Living,Blanco;Madera clara;Negro mate;Blanco roto,Blanco;Crema;Verde oliva,Grafito neutro de luminosidad muy bajo (2/10) y saturación muy baja (1/10) que genera profundidad.,Muy Bajo,Muy Baja,Profundo;Neutro;Elegante;Sobrio
11GY 12/072,Oliva Magnífico,Neutro,2,2,Oliva,Dramático,Living,Blanco;Madera clara;Negro mate;Blanco roto,Blanco;Crema;Verde oliva,Oliva neutro de luminosidad muy bajo (2/10) y saturación muy baja (2/10) que genera profundidad.,Muy Bajo,Muy Baja,Profundo;Neutro;Elegante;Sobrio
00NN 07/000,Onix Profundo,Neutro,1,1,Grafito,Dramático,Living,Blanco;Madera clara;Negro mate;Blanco roto,Blanco;Crema;Verde oliva,Grafito neutro de luminosidad muy bajo (1/10) y saturación muy baja (1/10) que genera profundidad.,Muy Bajo,Muy Baja,Profundo;Neutro;Elegante;Sobrio
10GY 56/073,Orégano,Cálido,6,2,Gris cálido,Rústico;Mediterráneo,Dormitorio;Pasillo,Blanco;Madera clara;Beige,Blanco;Crema;Azul profundo,Gris cálido cálido de luminosidad medio (6/10) y saturación muy baja (2/10) que equilibra el espacio.,Medio,Muy Baja,Suave;Cálido;Acogedor;Sobrio
16BB 25/001,Oscura Tormenta,Neutro,3,1,Grafito,Dramático,Living;Dormitorio;Comedor;Cocina;Baño;Pasillo;Home office;Cuarto de niños,Blanco;Madera clara;Negro mate;Blanco roto,Blanco;Crema;Verde oliva,Grafito neutro de luminosidad bajo (3/10) y saturación muy baja (1/10) que genera profundidad.,Bajo,Muy Baja,Profundo;Neutro;Elegante;Sobrio
09BB 07/008,Oscuridad Celeste,Neutro,1,1,Grafito,Dramático,Living;Dormitorio;Comedor;Cocina;Baño;Pasillo;Home office;Cuarto de niños,Blanco;Madera clara;Negro mate;Blanco roto,Blanco;Crema;Verde oliva,Grafito neutro de luminosidad muy bajo (1/10) y saturación muy baja (1/10) que genera profundidad.,Muy Bajo,Muy Baja,Profundo;Neutro;Elegante;Sobrio
54YY 22/044,Pelaje Gris,Neutro,3,1,Grafito,Dramático,Living;Dormitorio;Comedor;Cocina;Baño;Pasillo;Home office;Cuarto de niños,Blanco;Madera clara;Negro mate;Blanco roto,Blanco;Crema;Verde oliva,Grafito neutro de luminosidad bajo (3/10) y saturación muy baja (1/10) que genera profundidad.,Bajo,Muy Baja,Profundo;Neutro;Elegante;Sobrio
36RR 14/002,Peltre Aterciopelado,Neutro,2,1,Grafito,Dramático,Living;Dormitorio;Comedor;Cocina;Baño;Pasillo;Home office;Cuarto de niños,Blanco;Madera clara;Negro mate;Blanco roto,Blanco;Crema;Verde oliva,Grafito neutro de luminosidad muy bajo (2/10) y saturación muy baja (1/10) que genera profundidad.,Muy Bajo,Muy Baja,Profundo;Neutro;Elegante;Sobrio
30GG 61/010,Pena Plateada,Neutro,6,1,Piedra,Contemporáneo,Dormitorio;Pasillo,Blanco;Madera clara;Negro mate,Blanco;Crema;Verde oliva,Piedra neutro de luminosidad medio (6/10) y saturación muy baja (1/10) que equilibra el espacio.,Medio,Muy Baja,Suave;Neutro;Elegante;Sobrio
30GY 10/048,Péndulo,Neutro,2,2,Grafito,Dramático,Living,Blanco;Madera clara;Negro mate;Blanco roto,Blanco;Crema;Verde oliva,Grafito neutro de luminosidad muy bajo (2/10) y saturación muy baja (2/10) que genera profundidad.,Muy Bajo,Muy Baja,Profundo;Neutro;Elegante;Sobrio
30GY 27/036,Piedra de Amolar,Neutro,3,1,Grafito,Dramático,Living,Blanco;Madera clara;Negro mate;Blanco roto,Blanco;Crema;Verde oliva,Grafito neutro de luminosidad bajo (3/10) y saturación muy baja (1/10) que genera profundidad.,Bajo,Muy Baja,Profundo;Neutro;Elegante;Sobrio
90YY 28/067,Piedra Resbaladiza,Neutro,3,1,Grafito,Dramático,Living,Blanco;Madera clara;Negro mate;Blanco roto,Blanco;Crema;Verde oliva,Grafito neutro de luminosidad bajo (3/10) y saturación muy baja (1/10) que genera profundidad.,Bajo,Muy Baja,Profundo;Neutro;Elegante;Sobrio
49GG 52/001,Piedra Sedosa,Neutro,6,1,Piedra,Contemporáneo,Dormitorio;Pasillo,Blanco;Madera clara;Negro mate,Blanco;Crema;Verde oliva,Piedra neutro de luminosidad medio (6/10) y saturación muy baja (1/10) que equilibra el espacio.,Medio,Muy Baja,Suave;Neutro;Elegante;Sobrio
60YY 74/072,Piedra Simple,Cálido,7,3,Arena,Minimalista;Nórdico;Japandi;Rústico;Mediterráneo,Living;Comedor;Cocina;Dormitorio;Pasillo,Blanco;Madera clara;Beige,Negro mate;Grafito;Azul profundo,Arena cálido de luminosidad alto (7/10) y saturación baja (3/10) que aporta amplitud visual.,Alto,Baja,Luminoso;Amplio;Cálido;Acogedor
90YY 19/075,Pino Inglés,Neutro,3,2,Gris frío,Dramático,Living,Blanco;Madera clara;Negro mate;Blanco roto,Blanco;Crema;Verde oliva,Gris frío neutro de luminosidad bajo (3/10) y saturación muy baja (2/10) que genera profundidad.,Bajo,Muy Baja,Profundo;Neutro;Elegante;Sobrio
50YY 33/065,Pintura Rupestre,Cálido,4,2,Gris cálido,Contemporáneo,Living,Blanco;Madera clara;Beige;Blanco roto,Blanco;Crema;Azul profundo,Gris cálido cálido de luminosidad bajo (4/10) y saturación muy baja (2/10) que equilibra el espacio.,Bajo,Muy Baja,Suave;Cálido;Acogedor;Sobrio
30BB 21/014,Pizarra Agrisada,Neutro,3,1,Grafito,Dramático,Living,Blanco;Madera clara;Negro mate;Blanco roto,Blanco;Crema;Verde oliva,Grafito neutro de luminosidad bajo (3/10) y saturación muy baja (1/10) que genera profundidad.,Bajo,Muy Baja,Profundo;Neutro;Elegante;Sobrio
30BB 62/044,Plata Aviador,Frío,7,2,Azulado,Minimalista;Nórdico;Japandi,Living;Comedor;Cocina;Dormitorio;Pasillo,Blanco;Gris claro;Negro mate,Negro mate;Grafito;Terracota;Mostaza,Azulado frío de luminosidad alto (7/10) y saturación muy baja (2/10) que aporta amplitud visual.,Alto,Muy Baja,Luminoso;Amplio;Frío;Sereno
90BG 55/051,Plata Azulado,Frío,6,2,Azulado,Contemporáneo,Dormitorio;Pasillo,Blanco;Gris claro;Negro mate,Blanco;Crema;Terracota;Mostaza,Azulado frío de luminosidad medio (6/10) y saturación muy baja (2/10) que equilibra el espacio.,Medio,Muy Baja,Suave;Frío;Sereno;Sobrio
93GY 24/024,Plata de Nutria,Neutro,3,1,Grafito,Dramático,Living,Blanco;Madera clara;Negro mate;Blanco roto,Blanco;Crema;Verde oliva,Grafito neutro de luminosidad bajo (3/10) y saturación muy baja (1/10) que genera profundidad.,Bajo,Muy Baja,Profundo;Neutro;Elegante;Sobrio
30BB 62/004,Plata Fina,Neutro,6,1,Piedra,Contemporáneo,Dormitorio;Pasillo,Blanco;Madera clara;Negro mate,Blanco;Crema;Verde oliva,Piedra neutro de luminosidad medio (6/10) y saturación muy baja (1/10) que equilibra el espacio.,Medio,Muy Baja,Suave;Neutro;Elegante;Sobrio
90BG 11/016,Plomizo Intenso,Neutro,2,1,Grafito,Dramático,Living;Dormitorio;Comedor;Cocina;Baño;Pasillo;Home office;Cuarto de niños,Blanco;Madera clara;Negro mate;Blanco roto,Blanco;Crema;Verde oliva,Grafito neutro de luminosidad muy bajo (2/10) y saturación muy baja (1/10) que genera profundidad.,Muy Bajo,Muy Baja,Profundo;Neutro;Elegante;Sobrio
81YR 06/003,Plomo Profundo,Neutro,1,1,Grafito,Dramático,Living,Blanco;Madera clara;Negro mate;Blanco roto,Blanco;Crema;Verde oliva,Grafito neutro de luminosidad muy bajo (1/10) y saturación muy baja (1/10) que genera profundidad.,Muy Bajo,Muy Baja,Profundo;Neutro;Elegante;Sobrio
70YY 72/041,Plumas Rizadas,Cálido,7,2,Gris cálido,Minimalista;Nórdico;Japandi;Rústico;Mediterráneo,Living;Comedor;Cocina;Dormitorio;Pasillo,Blanco;Madera clara;Beige,Negro mate;Grafito;Azul profundo,Gris cálido cálido de luminosidad alto (7/10) y saturación muy baja (2/10) que aporta amplitud visual.,Alto,Muy Baja,Luminoso;Amplio;Cálido;Acogedor
30GG 13/046,Puente Cubierto,Neutro,2,2,Verdoso,Dramático,Living,Blanco;Madera clara;Negro mate;Blanco roto,Blanco;Crema;Verde oliva,Verdoso neutro de luminosidad muy bajo (2/10) y saturación muy baja (2/10) que genera profundidad.,Muy Bajo,Muy Baja,Profundo;Neutro;Elegante;Sobrio
50BG 64/028,Quarzo,Frío,7,2,Azulado,Minimalista;Nórdico;Japandi,Living;Comedor;Cocina;Dormitorio;Pasillo,Blanco;Gris claro;Negro mate,Negro mate;Grafito;Terracota;Mostaza,Azulado frío de luminosidad alto (7/10) y saturación muy baja (2/10) que aporta amplitud visual.,Alto,Muy Baja,Luminoso;Amplio;Frío;Sereno
39GY 75/033,Reflejo de Lago,Neutro,8,2,Gris frío,Minimalista;Nórdico;Japandi,Living;Dormitorio;Comedor;Cocina;Baño;Pasillo;Home office;Cuarto de niños,Blanco;Madera clara;Negro mate,Negro mate;Grafito;Verde oliva,Gris frío neutro de luminosidad alto (8/10) y saturación muy baja (2/10) que aporta amplitud visual.,Alto,Muy Baja,Luminoso;Amplio;Neutro;Elegante
54YY 63/072,Revolución Fluvial,Cálido,7,3,Arena,Minimalista;Nórdico;Japandi;Rústico;Mediterráneo,Living;Dormitorio;Comedor;Cocina;Baño;Pasillo;Home office;Cuarto de niños,Blanco;Madera clara;Beige,Negro mate;Grafito;Azul profundo,Arena cálido de luminosidad alto (7/10) y saturación baja (3/10) que aporta amplitud visual.,Alto,Baja,Luminoso;Amplio;Cálido;Acogedor
90BG 63/043,Sales de Lavanda,Frío,7,2,Azulado,Minimalista;Nórdico;Japandi,Living;Comedor;Cocina;Dormitorio;Pasillo,Blanco;Gris claro;Negro mate,Negro mate;Grafito;Terracota;Mostaza,Azulado frío de luminosidad alto (7/10) y saturación muy baja (2/10) que aporta amplitud visual.,Alto,Muy Baja,Luminoso;Amplio;Frío;Sereno
90BG 48/057,Santuario,Frío,5,2,Azulado,Industrial;Contemporáneo,Dormitorio;Pasillo;Baño;Home office,Blanco;Gris claro;Negro mate,Blanco;Crema;Terracota;Mostaza,Azulado frío de luminosidad medio (5/10) y saturación muy baja (2/10) que equilibra el espacio.,Medio,Muy Baja,Suave;Frío;Sereno;Sobrio
00NN 05/000,Secreto Oscuro,Neutro,1,1,Grafito,Dramático,Living,Blanco;Madera clara;Negro mate;Blanco roto,Blanco;Crema;Verde oliva,Grafito neutro de luminosidad muy bajo (1/10) y saturación muy baja (1/10) que genera profundidad.,Muy Bajo,Muy Baja,Profundo;Neutro;Elegante;Sobrio
62GG 31/016,Sello Bruñido,Neutro,4,1,Grafito,Contemporáneo,Living,Blanco;Madera clara;Negro mate;Blanco roto,Blanco;Crema;Verde oliva,Grafito neutro de luminosidad bajo (4/10) y saturación muy baja (1/10) que equilibra el espacio.,Bajo,Muy Baja,Suave;Neutro;Elegante;Sobrio
80GY 50/031,Sensación de Plata,Neutro,5,1,Piedra,Contemporáneo,Dormitorio;Pasillo,Blanco;Madera clara;Negro mate,Blanco;Crema;Verde oliva,Piedra neutro de luminosidad medio (5/10) y saturación muy baja (1/10) que equilibra el espacio.,Medio,Muy Baja,Suave;Neutro;Elegante;Sobrio
77GY 32/058,Sensación de Relax,Neutro,4,1,Grafito,Contemporáneo,Living,Blanco;Madera clara;Negro mate;Blanco roto,Blanco;Crema;Verde oliva,Grafito neutro de luminosidad bajo (4/10) y saturación muy baja (1/10) que equilibra el espacio.,Bajo,Muy Baja,Suave;Neutro;Elegante;Sobrio
16GY 15/037,Sensación Invernal,Neutro,2,1,Grafito,Dramático,Living;Dormitorio;Comedor;Cocina;Baño;Pasillo;Home office;Cuarto de niños,Blanco;Madera clara;Negro mate;Blanco roto,Blanco;Crema;Verde oliva,Grafito neutro de luminosidad muy bajo (2/10) y saturación muy baja (1/10) que genera profundidad.,Muy Bajo,Muy Baja,Profundo;Neutro;Elegante;Sobrio
74BG 73/042,Sensación Primaveral,Frío,7,3,Azulado,Minimalista;Nórdico;Japandi,Living;Comedor;Cocina;Dormitorio;Pasillo,Blanco;Gris claro;Negro mate,Negro mate;Grafito;Terracota;Mostaza,Azulado frío de luminosidad alto (7/10) y saturación baja (3/10) que aporta amplitud visual.,Alto,Baja,Luminoso;Amplio;Frío;Sereno
54YY 46/065,Sensación Romana,Cálido,5,2,Gris cálido,Rústico;Mediterráneo,Living;Dormitorio;Comedor;Cocina;Baño;Pasillo;Home office;Cuarto de niños,Blanco;Madera clara;Beige,Blanco;Crema;Azul profundo,Gris cálido cálido de luminosidad medio (5/10) y saturación muy baja (2/10) que equilibra el espacio.,Medio,Muy Baja,Suave;Cálido;Acogedor;Sobrio
43BG 75/043,Sombra de Gaviota,Frío,8,3,Azulado,Minimalista;Nórdico;Japandi,Living;Dormitorio;Comedor;Cocina;Baño;Pasillo;Home office;Cuarto de niños,Blanco;Gris claro;Negro mate,Negro mate;Grafito;Terracota;Mostaza,Azulado frío de luminosidad alto (8/10) y saturación baja (3/10) que aporta amplitud visual.,Alto,Baja,Luminoso;Amplio;Frío;Sereno
30BB 21/056,Sombra de Noche,Neutro,3,2,Azulado,Dramático,Living,Blanco;Madera clara;Negro mate;Blanco roto,Blanco;Crema;Verde oliva,Azulado neutro de luminosidad bajo (3/10) y saturación muy baja (2/10) que genera profundidad.,Bajo,Muy Baja,Profundo;Neutro;Elegante;Sobrio
70BG 19/071,Sonido Misterioso,Frío,3,2,Azulado,Industrial;Contemporáneo;Dramático,Baño;Home office,Blanco;Gris claro;Negro mate;Blanco roto,Blanco;Crema;Terracota;Mostaza,Azulado frío de luminosidad bajo (3/10) y saturación muy baja (2/10) que genera profundidad.,Bajo,Muy Baja,Profundo;Frío;Sereno;Sobrio
10GG 53/030,Souvenir,Neutro,6,1,Piedra,Contemporáneo,Dormitorio;Pasillo,Blanco;Madera clara;Negro mate,Blanco;Crema;Verde oliva,Piedra neutro de luminosidad medio (6/10) y saturación muy baja (1/10) que equilibra el espacio.,Medio,Muy Baja,Suave;Neutro;Elegante;Sobrio
90YR 06/001,Suave Hollín,Neutro,1,1,Grafito,Dramático,Living;Dormitorio;Comedor;Cocina;Baño;Pasillo;Home office;Cuarto de niños,Blanco;Madera clara;Negro mate;Blanco roto,Blanco;Crema;Verde oliva,Grafito neutro de luminosidad muy bajo (1/10) y saturación muy baja (1/10) que genera profundidad.,Muy Bajo,Muy Baja,Profundo;Neutro;Elegante;Sobrio
95BG 23/044,Suave Plateado,Neutro,3,2,Grafito,Dramático,Living,Blanco;Madera clara;Negro mate;Blanco roto,Blanco;Crema;Verde oliva,Grafito neutro de luminosidad bajo (3/10) y saturación muy baja (2/10) que genera profundidad.,Bajo,Muy Baja,Profundo;Neutro;Elegante;Sobrio
29GY 10/029,Sueño de Lajas,Neutro,2,1,Grafito,Dramático,Living;Dormitorio;Comedor;Cocina;Baño;Pasillo;Home office;Cuarto de niños,Blanco;Madera clara;Negro mate;Blanco roto,Blanco;Crema;Verde oliva,Grafito neutro de luminosidad muy bajo (2/10) y saturación muy baja (1/10) que genera profundidad.,Muy Bajo,Muy Baja,Profundo;Neutro;Elegante;Sobrio
10GY 49/081,Té de Hierbabuena,Cálido,5,2,Gris cálido,Rústico;Mediterráneo,Dormitorio;Pasillo,Blanco;Madera clara;Beige,Blanco;Crema;Azul profundo,Gris cálido cálido de luminosidad medio (5/10) y saturación muy baja (2/10) que equilibra el espacio.,Medio,Muy Baja,Suave;Cálido;Acogedor;Sobrio
90YY 73/040,Telaraña,Cálido,7,2,Gris cálido,Minimalista;Nórdico;Japandi;Rústico;Mediterráneo,Living;Comedor;Cocina;Dormitorio;Pasillo,Blanco;Madera clara;Beige,Negro mate;Grafito;Azul profundo,Gris cálido cálido de luminosidad alto (7/10) y saturación muy baja (2/10) que aporta amplitud visual.,Alto,Muy Baja,Luminoso;Amplio;Cálido;Acogedor
21BG 45/002,Toque de Aleación,Neutro,5,1,Piedra,Contemporáneo,Dormitorio;Pasillo,Blanco;Madera clara;Negro mate,Blanco;Crema;Verde oliva,Piedra neutro de luminosidad medio (5/10) y saturación muy baja (1/10) que equilibra el espacio.,Medio,Muy Baja,Suave;Neutro;Elegante;Sobrio
74GY 15/043,Toque de Pizarra,Neutro,2,1,Grafito,Dramático,Living,Blanco;Madera clara;Negro mate;Blanco roto,Blanco;Crema;Verde oliva,Grafito neutro de luminosidad muy bajo (2/10) y saturación muy baja (1/10) que genera profundidad.,Muy Bajo,Muy Baja,Profundo;Neutro;Elegante;Sobrio
50BG 08/021,Toque de Recogimiento,Neutro,2,1,Grafito,Dramático,Living,Blanco;Madera clara;Negro mate;Blanco roto,Blanco;Crema;Verde oliva,Grafito neutro de luminosidad muy bajo (2/10) y saturación muy baja (1/10) que genera profundidad.,Muy Bajo,Muy Baja,Profundo;Neutro;Elegante;Sobrio
10GG 26/046,Tormenta de Granizo,Neutro,3,1,Grafito,Dramático,Living,Blanco;Madera clara;Negro mate;Blanco roto,Blanco;Crema;Verde oliva,Grafito neutro de luminosidad bajo (3/10) y saturación muy baja (1/10) que genera profundidad.,Bajo,Muy Baja,Profundo;Neutro;Elegante;Sobrio
53YY 15/038,Tormenta de Noviembre,Neutro,2,2,Grafito,Dramático,Living;Dormitorio;Comedor;Cocina;Baño;Pasillo;Home office;Cuarto de niños,Blanco;Madera clara;Negro mate;Blanco roto,Blanco;Crema;Verde oliva,Grafito neutro de luminosidad muy bajo (2/10) y saturación muy baja (2/10) que genera profundidad.,Muy Bajo,Muy Baja,Profundo;Neutro;Elegante;Sobrio
87BG 27/077,Tormenta Melancólica,Frío,3,2,Azulado,Industrial;Contemporáneo;Dramático,Living;Dormitorio;Comedor;Cocina;Baño;Pasillo;Home office;Cuarto de niños,Blanco;Gris claro;Negro mate;Blanco roto,Blanco;Crema;Terracota;Mostaza,Azulado frío de luminosidad bajo (3/10) y saturación muy baja (2/10) que genera profundidad.,Bajo,Muy Baja,Profundo;Frío;Sereno;Sobrio
42BB 09/032,Tormenta Nocturna,Neutro,2,2,Grafito,Dramático,Living,Blanco;Madera clara;Negro mate;Blanco roto,Blanco;Crema;Verde oliva,Grafito neutro de luminosidad muy bajo (2/10) y saturación muy baja (2/10) que genera profundidad.,Muy Bajo,Muy Baja,Profundo;Neutro;Elegante;Sobrio
30BB 53/012,Trofeo de Plata,Neutro,6,1,Piedra,Contemporáneo,Dormitorio;Pasillo,Blanco;Madera clara;Negro mate,Blanco;Crema;Verde oliva,Piedra neutro de luminosidad medio (6/10) y saturación muy baja (1/10) que equilibra el espacio.,Medio,Muy Baja,Suave;Neutro;Elegante;Sobrio
00NN 53/000,Velo,Neutro,5,1,Piedra,Contemporáneo,Dormitorio;Pasillo,Blanco;Madera clara;Negro mate,Blanco;Crema;Verde oliva,Piedra neutro de luminosidad medio (5/10) y saturación muy baja (1/10) que equilibra el espacio.,Medio,Muy Baja,Suave;Neutro;Elegante;Sobrio
50GY 13/064,Verde Granito,Neutro,2,1,Grafito,Dramático,Living,Blanco;Madera clara;Negro mate;Blanco roto,Blanco;Crema;Verde oliva,Grafito neutro de luminosidad muy bajo (2/10) y saturación muy baja (1/10) que genera profundidad.,Muy Bajo,Muy Baja,Profundo;Neutro;Elegante;Sobrio
70GY 08/075,Verde Noroeste,Neutro,2,2,Verdoso,Dramático,Living,Blanco;Madera clara;Negro mate;Blanco roto,Blanco;Crema;Verde oliva,Verdoso neutro de luminosidad muy bajo (2/10) y saturación muy baja (2/10) que genera profundidad.,Muy Bajo,Muy Baja,Profundo;Neutro;Elegante;Sobrio
50GG 05/063,Verde Taberna,Frío,1,2,Verdoso,Industrial;Contemporáneo;Dramático,Baño;Home office,Blanco;Gris claro;Negro mate;Blanco roto,Blanco;Crema;Terracota;Mostaza,Verdoso frío de luminosidad muy bajo (1/10) y saturación muy baja (2/10) que genera profundidad.,Muy Bajo,Muy Baja,Profundo;Frío;Sereno;Sobrio
29YR 27/355,Abundante Rubor,Cálido,3,5,Terracota,Dramático,Living;Dormitorio;Comedor;Cocina;Baño;Pasillo;Home office;Cuarto de niños,Blanco;Madera clara;Beige;Blanco roto,Blanco;Crema;Azul profundo,Terracota cálido de luminosidad bajo (3/10) y saturación media (5/10) que genera profundidad.,Bajo,Media,Profundo;Cálido;Acogedor;Natural
10RR 68/068,Adorable Dama,Cálido,7,3,Piedra,Minimalista;Nórdico;Japandi;Rústico;Mediterráneo,Living;Comedor;Cocina;Dormitorio;Pasillo,Blanco;Madera clara;Beige,Negro mate;Grafito;Azul profundo,Piedra cálido de luminosidad alto (7/10) y saturación baja (3/10) que aporta amplitud visual.,Alto,Baja,Luminoso;Amplio;Cálido;Acogedor
50RR 83/029,Algodón de Azúcar,Cálido,8,3,Marfil,Minimalista;Nórdico;Japandi;Rústico;Mediterráneo,Living;Comedor;Cocina;Dormitorio;Pasillo,Blanco;Madera clara;Beige,Negro mate;Grafito;Azul profundo,Marfil cálido de luminosidad alto (8/10) y saturación baja (3/10) que aporta amplitud visual.,Alto,Baja,Luminoso;Amplio;Cálido;Acogedor
30RR 74/058,Almendra Portuguesa,Cálido,8,3,Marfil,Minimalista;Nórdico;Japandi;Rústico;Mediterráneo,Living;Comedor;Cocina;Dormitorio;Pasillo,Blanco;Madera clara;Beige,Negro mate;Grafito;Azul profundo,Marfil cálido de luminosidad alto (8/10) y saturación baja (3/10) que aporta amplitud visual.,Alto,Baja,Luminoso;Amplio;Cálido;Acogedor
19YR 14/629,Amor *,Cálido,2,7,Terracota,Pop;Maximalista;Dramático,Comedor;Living,Blanco;Madera clara;Beige;Blanco roto;Neutros,Blanco;Crema;Azul profundo,Terracota cálido de luminosidad muy bajo (2/10) y saturación alta (7/10) que genera profundidad.,Muy Bajo,Alta,Profundo;Cálido;Acogedor;Alegre
77RR 67/177,Amor Eterno,Cálido,7,7,Piedra,Pop;Maximalista,Living;Comedor;Cocina,Blanco;Madera clara;Beige;Neutros,Negro mate;Grafito;Azul profundo,Piedra cálido de luminosidad alto (7/10) y saturación alta (7/10) que aporta amplitud visual.,Alto,Alta,Luminoso;Amplio;Cálido;Acogedor
10RR 27/344,Amor Perfecto,Cálido,3,4,Piedra,Dramático,Living,Blanco;Madera clara;Beige;Blanco roto,Blanco;Crema;Azul profundo,Piedra cálido de luminosidad bajo (3/10) y saturación baja (4/10) que genera profundidad.,Bajo,Baja,Profundo;Cálido;Acogedor;Natural
09YR 11/475,Anillo de Rubí *,Cálido,2,5,Piedra,Dramático,Comedor;Living,Blanco;Madera clara;Beige;Blanco roto,Blanco;Crema;Azul profundo,Piedra cálido de luminosidad muy bajo (2/10) y saturación media (5/10) que genera profundidad.,Muy Bajo,Media,Profundo;Cálido;Acogedor;Natural
30YR 17/341,Arcilla Quemada,Cálido,2,4,Terracota,Dramático,Living,Blanco;Madera clara;Beige;Blanco roto,Blanco;Crema;Azul profundo,Terracota cálido de luminosidad muy bajo (2/10) y saturación baja (4/10) que genera profundidad.,Muy Bajo,Baja,Profundo;Cálido;Acogedor;Natural
80RR 10/306,Aroma de Vino,Cálido,2,5,Piedra,Dramático,Comedor;Living,Blanco;Madera clara;Beige;Blanco roto,Blanco;Crema;Azul profundo,Piedra cálido de luminosidad muy bajo (2/10) y saturación media (5/10) que genera profundidad.,Muy Bajo,Media,Profundo;Cálido;Acogedor;Natural
07YR 21/415,Arrecife de Coral,Cálido,3,5,Terracota,Dramático,Comedor;Living,Blanco;Madera clara;Beige;Blanco roto,Blanco;Crema;Azul profundo,Terracota cálido de luminosidad bajo (3/10) y saturación media (5/10) que genera profundidad.,Bajo,Media,Profundo;Cálido;Acogedor;Natural
90RR 51/191,Atardecer de París,Cálido,5,5,Piedra,Rústico;Mediterráneo,Dormitorio;Pasillo;Comedor;Living,Blanco;Madera clara;Beige,Blanco;Crema;Azul profundo,Piedra cálido de luminosidad medio (5/10) y saturación media (5/10) que equilibra el espacio.,Medio,Media,Suave;Cálido;Acogedor;Natural
10YR 53/175,Atmósfera Romántica,Cálido,6,5,Arena,Rústico;Mediterráneo,Dormitorio;Pasillo;Comedor;Living,Blanco;Madera clara;Beige,Blanco;Crema;Azul profundo,Arena cálido de luminosidad medio (6/10) y saturación media (5/10) que equilibra el espacio.,Medio,Media,Suave;Cálido;Acogedor;Natural
90RB 74/044,Ayer,Cálido,8,2,Gris cálido,Minimalista;Nórdico;Japandi;Rústico;Mediterráneo,Living;Comedor;Cocina;Dormitorio;Pasillo,Blanco;Madera clara;Beige,Negro mate;Grafito;Azul profundo,Gris cálido cálido de luminosidad alto (8/10) y saturación muy baja (2/10) que aporta amplitud visual.,Alto,Muy Baja,Luminoso;Amplio;Cálido;Acogedor
01RR 16/397,Azalea,Cálido,2,4,Piedra,Dramático,Living,Blanco;Madera clara;Beige;Blanco roto,Blanco;Crema;Azul profundo,Piedra cálido de luminosidad muy bajo (2/10) y saturación baja (4/10) que genera profundidad.,Muy Bajo,Baja,Profundo;Cálido;Acogedor;Natural
43RR 19/444,Azalea Rosada,Cálido,3,5,Piedra,Dramático,Comedor;Living,Blanco;Madera clara;Beige;Blanco roto,Blanco;Crema;Azul profundo,Piedra cálido de luminosidad bajo (3/10) y saturación media (5/10) que genera profundidad.,Bajo,Media,Profundo;Cálido;Acogedor;Natural
30RR 34/277,Azalea Suave,Cálido,4,4,Piedra,Contemporáneo,Living,Blanco;Madera clara;Beige;Blanco roto,Blanco;Crema;Azul profundo,Piedra cálido de luminosidad bajo (4/10) y saturación baja (4/10) que equilibra el espacio.,Bajo,Baja,Suave;Cálido;Acogedor;Natural
22YR 50/316,Bahía de Coral,Cálido,5,7,Arena,Pop;Maximalista,Comedor;Living,Blanco;Madera clara;Beige;Neutros,Blanco;Crema;Azul profundo,Arena cálido de luminosidad medio (5/10) y saturación alta (7/10) que equilibra el espacio.,Medio,Alta,Suave;Cálido;Acogedor;Alegre
10RR 56/121,Bailarina,Cálido,6,3,Piedra,Rústico;Mediterráneo,Dormitorio;Pasillo,Blanco;Madera clara;Beige,Blanco;Crema;Azul profundo,Piedra cálido de luminosidad medio (6/10) y saturación baja (3/10) que equilibra el espacio.,Medio,Baja,Suave;Cálido;Acogedor;Sobrio
70RR 35/307,Baile de Máscaras,Cálido,4,5,Piedra,Contemporáneo,Comedor;Living,Blanco;Madera clara;Beige;Blanco roto,Blanco;Crema;Azul profundo,Piedra cálido de luminosidad bajo (4/10) y saturación media (5/10) que equilibra el espacio.,Bajo,Media,Suave;Cálido;Acogedor;Natural
43YR 75/089,Ballerinas,Cálido,8,6,Arena,Rústico;Mediterráneo,Living;Dormitorio;Comedor;Cocina;Baño;Pasillo;Home office;Cuarto de niños,Blanco;Madera clara;Beige;Neutros,Negro mate;Grafito;Azul profundo,Arena cálido de luminosidad alto (8/10) y saturación media (6/10) que aporta amplitud visual.,Alto,Media,Luminoso;Amplio;Cálido;Acogedor
05YR 13/387,Baño Oriental,Cálido,2,5,Piedra,Dramático,Living;Dormitorio;Comedor;Cocina;Baño;Pasillo;Home office;Cuarto de niños,Blanco;Madera clara;Beige;Blanco roto,Blanco;Crema;Azul profundo,Piedra cálido de luminosidad muy bajo (2/10) y saturación media (5/10) que genera profundidad.,Muy Bajo,Media,Profundo;Cálido;Acogedor;Natural
70RR 24/096,Barroco,Cálido,3,2,Gris cálido,Dramático,Living,Blanco;Madera clara;Beige;Blanco roto,Blanco;Crema;Azul profundo,Gris cálido cálido de luminosidad bajo (3/10) y saturación muy baja (2/10) que genera profundidad.,Bajo,Muy Baja,Profundo;Cálido;Acogedor;Sobrio
31RR 21/462,Batido Rosado,Cálido,3,5,Piedra,Dramático,Comedor;Living,Blanco;Madera clara;Beige;Blanco roto,Blanco;Crema;Azul profundo,Piedra cálido de luminosidad bajo (3/10) y saturación media (5/10) que genera profundidad.,Bajo,Media,Profundo;Cálido;Acogedor;Natural
72RR 13/253,Begonia Osada,Cálido,2,4,Piedra,Dramático,Living,Blanco;Madera clara;Beige;Blanco roto,Blanco;Crema;Azul profundo,Piedra cálido de luminosidad muy bajo (2/10) y saturación baja (4/10) que genera profundidad.,Muy Bajo,Baja,Profundo;Cálido;Acogedor;Natural
10RR 19/279,Bella Rosa,Cálido,3,3,Piedra,Dramático,Living,Blanco;Madera clara;Beige;Blanco roto,Blanco;Crema;Azul profundo,Piedra cálido de luminosidad bajo (3/10) y saturación baja (3/10) que genera profundidad.,Bajo,Baja,Profundo;Cálido;Acogedor;Sobrio
21YR 73/125,Belleza,Cálido,7,7,Arena,Pop;Maximalista,Living;Comedor;Cocina,Blanco;Madera clara;Beige;Neutros,Negro mate;Grafito;Azul profundo,Arena cálido de luminosidad alto (7/10) y saturación alta (7/10) que aporta amplitud visual.,Alto,Alta,Luminoso;Amplio;Cálido;Acogedor
13RR 06/179,Berenjena Profundo,Cálido,1,4,Piedra,Dramático,Living,Blanco;Madera clara;Beige;Blanco roto,Blanco;Crema;Azul profundo,Piedra cálido de luminosidad muy bajo (1/10) y saturación baja (4/10) que genera profundidad.,Muy Bajo,Baja,Profundo;Cálido;Acogedor;Natural
30YR 41/263,Beso Solar,Cálido,5,5,Arena,Rústico;Mediterráneo,Dormitorio;Pasillo;Comedor;Living,Blanco;Madera clara;Beige,Blanco;Crema;Azul profundo,Arena cálido de luminosidad medio (5/10) y saturación media (5/10) que equilibra el espacio.,Medio,Media,Suave;Cálido;Acogedor;Natural
19YR 67/058,Bizcocho Encantado,Cálido,7,3,Arena,Minimalista;Nórdico;Japandi;Rústico;Mediterráneo,Living;Comedor;Cocina;Dormitorio;Pasillo,Blanco;Madera clara;Beige,Negro mate;Grafito;Azul profundo,Arena cálido de luminosidad alto (7/10) y saturación baja (3/10) que aporta amplitud visual.,Alto,Baja,Luminoso;Amplio;Cálido;Acogedor
30RR 67/093,Blanco Frambuesa,Cálido,7,4,Piedra,Minimalista;Nórdico;Japandi;Rústico;Mediterráneo,Living;Comedor;Cocina;Dormitorio;Pasillo,Blanco;Madera clara;Beige,Negro mate;Grafito;Azul profundo,Piedra cálido de luminosidad alto (7/10) y saturación baja (4/10) que aporta amplitud visual.,Alto,Baja,Luminoso;Amplio;Cálido;Acogedor
70RR 65/053,Blanco Ilusorio,Cálido,7,3,Gris cálido,Minimalista;Nórdico;Japandi;Rústico;Mediterráneo,Living;Comedor;Cocina;Dormitorio;Pasillo,Blanco;Madera clara;Beige,Negro mate;Grafito;Azul profundo,Gris cálido cálido de luminosidad alto (7/10) y saturación baja (3/10) que aporta amplitud visual.,Alto,Baja,Luminoso;Amplio;Cálido;Acogedor
21YR 67/074,Bollo de Pastelera,Cálido,7,4,Arena,Minimalista;Nórdico;Japandi;Rústico;Mediterráneo,Living;Comedor;Cocina;Dormitorio;Pasillo,Blanco;Madera clara;Beige,Negro mate;Grafito;Azul profundo,Arena cálido de luminosidad alto (7/10) y saturación baja (4/10) que aporta amplitud visual.,Alto,Baja,Luminoso;Amplio;Cálido;Acogedor
36RR 75/114,Bombón de Frutilla,Cálido,8,6,Piedra,Rústico;Mediterráneo,Living;Comedor;Cocina,Blanco;Madera clara;Beige;Neutros,Negro mate;Grafito;Azul profundo,Piedra cálido de luminosidad alto (8/10) y saturación media (6/10) que aporta amplitud visual.,Alto,Media,Luminoso;Amplio;Cálido;Acogedor
11YR 07/229,Borgoña,Cálido,2,4,Terracota,Dramático,Living,Blanco;Madera clara;Beige;Blanco roto,Blanco;Crema;Azul profundo,Terracota cálido de luminosidad muy bajo (2/10) y saturación baja (4/10) que genera profundidad.,Muy Bajo,Baja,Profundo;Cálido;Acogedor;Natural
30RR 09/187,Borgoña Vibrante,Cálido,2,3,Piedra,Dramático,Living,Blanco;Madera clara;Beige;Blanco roto,Blanco;Crema;Azul profundo,Piedra cálido de luminosidad muy bajo (2/10) y saturación baja (3/10) que genera profundidad.,Muy Bajo,Baja,Profundo;Cálido;Acogedor;Sobrio
50RR 51/109,Bouquet de Rosas,Cálido,6,3,Piedra,Rústico;Mediterráneo,Dormitorio;Pasillo,Blanco;Madera clara;Beige,Blanco;Crema;Azul profundo,Piedra cálido de luminosidad medio (6/10) y saturación baja (3/10) que equilibra el espacio.,Medio,Baja,Suave;Cálido;Acogedor;Sobrio
90RR 16/386,Brillo de París,Cálido,2,5,Piedra,Dramático,Comedor;Living,Blanco;Madera clara;Beige;Blanco roto,Blanco;Crema;Azul profundo,Piedra cálido de luminosidad muy bajo (2/10) y saturación media (5/10) que genera profundidad.,Muy Bajo,Media,Profundo;Cálido;Acogedor;Natural
82YR 83/056,Brisa Chic,Cálido,8,5,Arena,Rústico;Mediterráneo,Living;Dormitorio;Comedor;Cocina;Baño;Pasillo;Home office;Cuarto de niños,Blanco;Madera clara;Beige,Negro mate;Grafito;Azul profundo,Arena cálido de luminosidad alto (8/10) y saturación media (5/10) que aporta amplitud visual.,Alto,Media,Luminoso;Amplio;Cálido;Acogedor
70RR 10/140,Cabernet,Cálido,2,3,Piedra,Dramático,Living,Blanco;Madera clara;Beige;Blanco roto,Blanco;Crema;Azul profundo,Piedra cálido de luminosidad muy bajo (2/10) y saturación baja (3/10) que genera profundidad.,Muy Bajo,Baja,Profundo;Cálido;Acogedor;Sobrio
78RR 54/274,Cactus Dalia,Cálido,6,7,Piedra,Pop;Maximalista,Comedor;Living,Blanco;Madera clara;Beige;Neutros,Blanco;Crema;Azul profundo,Piedra cálido de luminosidad medio (6/10) y saturación alta (7/10) que equilibra el espacio.,Medio,Alta,Suave;Cálido;Acogedor;Alegre
30YR 31/154,Café Místico,Cálido,4,3,Arena,Contemporáneo,Living,Blanco;Madera clara;Beige;Blanco roto,Blanco;Crema;Azul profundo,Arena cálido de luminosidad bajo (4/10) y saturación baja (3/10) que equilibra el espacio.,Bajo,Baja,Suave;Cálido;Acogedor;Sobrio
30YR 18/212,Calle de Ladrillos,Cálido,2,3,Terracota,Dramático,Living,Blanco;Madera clara;Beige;Blanco roto,Blanco;Crema;Azul profundo,Terracota cálido de luminosidad muy bajo (2/10) y saturación baja (3/10) que genera profundidad.,Muy Bajo,Baja,Profundo;Cálido;Acogedor;Sobrio
98RR 06/206,Caoba Envejecido,Cálido,1,4,Piedra,Dramático,Living,Blanco;Madera clara;Beige;Blanco roto,Blanco;Crema;Azul profundo,Piedra cálido de luminosidad muy bajo (1/10) y saturación baja (4/10) que genera profundidad.,Muy Bajo,Baja,Profundo;Cálido;Acogedor;Natural
21YR 13/383,Caoba Imponente,Cálido,2,5,Terracota,Dramático,Living;Dormitorio;Comedor;Cocina;Baño;Pasillo;Home office;Cuarto de niños,Blanco;Madera clara;Beige;Blanco roto,Blanco;Crema;Azul profundo,Terracota cálido de luminosidad muy bajo (2/10) y saturación media (5/10) que genera profundidad.,Muy Bajo,Media,Profundo;Cálido;Acogedor;Natural
90RR 83/026,Caracola Acústica,Cálido,8,3,Marfil,Minimalista;Nórdico;Japandi;Rústico;Mediterráneo,Living;Comedor;Cocina;Dormitorio;Pasillo,Blanco;Madera clara;Beige,Negro mate;Grafito;Azul profundo,Marfil cálido de luminosidad alto (8/10) y saturación baja (3/10) que aporta amplitud visual.,Alto,Baja,Luminoso;Amplio;Cálido;Acogedor
80RR 12/430,Carmesí Intenso *,Cálido,2,6,Piedra,Dramático,Living;Dormitorio;Comedor;Cocina;Baño;Pasillo;Home office;Cuarto de niños,Blanco;Madera clara;Beige;Blanco roto;Neutros,Blanco;Crema;Azul profundo,Piedra cálido de luminosidad muy bajo (2/10) y saturación media (6/10) que genera profundidad.,Muy Bajo,Media,Profundo;Cálido;Acogedor;Natural
30YR 11/393,Carmín Aterciopelado,Cálido,2,5,Terracota,Dramático,Comedor;Living,Blanco;Madera clara;Beige;Blanco roto,Blanco;Crema;Azul profundo,Terracota cálido de luminosidad muy bajo (2/10) y saturación media (5/10) que genera profundidad.,Muy Bajo,Media,Profundo;Cálido;Acogedor;Natural
52RR 06/105,Casis Jugoso,Cálido,1,3,Piedra,Dramático,Living;Dormitorio;Comedor;Cocina;Baño;Pasillo;Home office;Cuarto de niños,Blanco;Madera clara;Beige;Blanco roto,Blanco;Crema;Azul profundo,Piedra cálido de luminosidad muy bajo (1/10) y saturación baja (3/10) que genera profundidad.,Muy Bajo,Baja,Profundo;Cálido;Acogedor;Sobrio
62RR 21/444,Catarata Fucsia,Cálido,3,5,Piedra,Dramático,Comedor;Living,Blanco;Madera clara;Beige;Blanco roto,Blanco;Crema;Azul profundo,Piedra cálido de luminosidad bajo (3/10) y saturación media (5/10) que genera profundidad.,Bajo,Media,Profundo;Cálido;Acogedor;Natural
00YR 15/510,Cereza *,Cálido,2,6,Piedra,Dramático,Comedor;Living,Blanco;Madera clara;Beige;Blanco roto;Neutros,Blanco;Crema;Azul profundo,Piedra cálido de luminosidad muy bajo (2/10) y saturación media (6/10) que genera profundidad.,Muy Bajo,Media,Profundo;Cálido;Acogedor;Natural
50RR 15/400,Cereza Brillante,Cálido,2,5,Piedra,Dramático,Comedor;Living,Blanco;Madera clara;Beige;Blanco roto,Blanco;Crema;Azul profundo,Piedra cálido de luminosidad muy bajo (2/10) y saturación media (5/10) que genera profundidad.,Muy Bajo,Media,Profundo;Cálido;Acogedor;Natural
70RR 17/372,Cereza Intenso,Cálido,2,4,Piedra,Dramático,Living,Blanco;Madera clara;Beige;Blanco roto,Blanco;Crema;Azul profundo,Piedra cálido de luminosidad muy bajo (2/10) y saturación baja (4/10) que genera profundidad.,Muy Bajo,Baja,Profundo;Cálido;Acogedor;Natural
04YR 18/324,Cereza Masticable,Cálido,2,4,Terracota,Dramático,Living;Dormitorio;Comedor;Cocina;Baño;Pasillo;Home office;Cuarto de niños,Blanco;Madera clara;Beige;Blanco roto,Blanco;Crema;Azul profundo,Terracota cálido de luminosidad muy bajo (2/10) y saturación baja (4/10) que genera profundidad.,Muy Bajo,Baja,Profundo;Cálido;Acogedor;Natural
01YR 07/180,Chocolate con Chili,Cálido,1,4,Terracota,Dramático,Living;Dormitorio;Comedor;Cocina;Baño;Pasillo;Home office;Cuarto de niños,Blanco;Madera clara;Beige;Blanco roto,Blanco;Crema;Azul profundo,Terracota cálido de luminosidad muy bajo (1/10) y saturación baja (4/10) que genera profundidad.,Muy Bajo,Baja,Profundo;Cálido;Acogedor;Natural
30YR 10/314,Chocolate y Pimienta,Cálido,2,5,Terracota,Dramático,Comedor;Living,Blanco;Madera clara;Beige;Blanco roto,Blanco;Crema;Azul profundo,Terracota cálido de luminosidad muy bajo (2/10) y saturación media (5/10) que genera profundidad.,Muy Bajo,Media,Profundo;Cálido;Acogedor;Natural
67RR 66/044,Cielo Ardiente,Cálido,7,2,Gris cálido,Minimalista;Nórdico;Japandi;Rústico;Mediterráneo,Living;Comedor;Cocina;Dormitorio;Pasillo,Blanco;Madera clara;Beige,Negro mate;Grafito;Azul profundo,Gris cálido cálido de luminosidad alto (7/10) y saturación muy baja (2/10) que aporta amplitud visual.,Alto,Muy Baja,Luminoso;Amplio;Cálido;Acogedor
50RR 38/261,Ciruela Japonesa,Cálido,4,5,Piedra,Contemporáneo,Comedor;Living,Blanco;Madera clara;Beige;Blanco roto,Blanco;Crema;Azul profundo,Piedra cálido de luminosidad bajo (4/10) y saturación media (5/10) que equilibra el espacio.,Bajo,Media,Suave;Cálido;Acogedor;Natural
48RR 08/146,Ciruela Osado,Cálido,2,3,Piedra,Dramático,Living;Dormitorio;Comedor;Cocina;Baño;Pasillo;Home office;Cuarto de niños,Blanco;Madera clara;Beige;Blanco roto,Blanco;Crema;Azul profundo,Piedra cálido de luminosidad muy bajo (2/10) y saturación baja (3/10) que genera profundidad.,Muy Bajo,Baja,Profundo;Cálido;Acogedor;Sobrio
48RR 08/222,Ciruela Salvaje,Cálido,2,4,Piedra,Dramático,Living,Blanco;Madera clara;Beige;Blanco roto,Blanco;Crema;Azul profundo,Piedra cálido de luminosidad muy bajo (2/10) y saturación baja (4/10) que genera profundidad.,Muy Bajo,Baja,Profundo;Cálido;Acogedor;Natural
12YR 07/279,Clarete Californiano,Cálido,2,5,Terracota,Dramático,Comedor;Living,Blanco;Madera clara;Beige;Blanco roto,Blanco;Crema;Azul profundo,Terracota cálido de luminosidad muy bajo (2/10) y saturación media (5/10) que genera profundidad.,Muy Bajo,Media,Profundo;Cálido;Acogedor;Natural
07RR 30/337,Clavel Intenso,Cálido,3,4,Piedra,Dramático,Living;Dormitorio;Comedor;Cocina;Baño;Pasillo;Home office;Cuarto de niños,Blanco;Madera clara;Beige;Blanco roto,Blanco;Crema;Azul profundo,Piedra cálido de luminosidad bajo (3/10) y saturación baja (4/10) que genera profundidad.,Bajo,Baja,Profundo;Cálido;Acogedor;Natural
90RR 16/298,Compota de Guayaba,Cálido,2,4,Piedra,Dramático,Living,Blanco;Madera clara;Beige;Blanco roto,Blanco;Crema;Azul profundo,Piedra cálido de luminosidad muy bajo (2/10) y saturación baja (4/10) que genera profundidad.,Muy Bajo,Baja,Profundo;Cálido;Acogedor;Natural
10YR 26/462,Coqueteo,Cálido,3,6,Arena,Dramático,Comedor;Living,Blanco;Madera clara;Beige;Blanco roto;Neutros,Blanco;Crema;Azul profundo,Arena cálido de luminosidad bajo (3/10) y saturación media (6/10) que genera profundidad.,Bajo,Media,Profundo;Cálido;Acogedor;Natural
10YR 28/361,Coral Rojo,Cálido,3,5,Arena,Dramático,Comedor;Living,Blanco;Madera clara;Beige;Blanco roto,Blanco;Crema;Azul profundo,Arena cálido de luminosidad bajo (3/10) y saturación media (5/10) que genera profundidad.,Bajo,Media,Profundo;Cálido;Acogedor;Natural
89RR 36/416,Coral Rosa,Cálido,4,7,Piedra,Pop;Maximalista,Comedor;Living,Blanco;Madera clara;Beige;Blanco roto;Neutros,Blanco;Crema;Azul profundo,Piedra cálido de luminosidad bajo (4/10) y saturación alta (7/10) que equilibra el espacio.,Bajo,Alta,Suave;Cálido;Acogedor;Alegre
10YR 49/082,Crema de Café,Cálido,5,3,Gris cálido,Rústico;Mediterráneo,Dormitorio;Pasillo,Blanco;Madera clara;Beige,Blanco;Crema;Azul profundo,Gris cálido cálido de luminosidad medio (5/10) y saturación baja (3/10) que equilibra el espacio.,Medio,Baja,Suave;Cálido;Acogedor;Sobrio
10YR 42/250,Crema de Frutilla,Cálido,5,5,Arena,Rústico;Mediterráneo,Dormitorio;Pasillo;Comedor;Living,Blanco;Madera clara;Beige,Blanco;Crema;Azul profundo,Arena cálido de luminosidad medio (5/10) y saturación media (5/10) que equilibra el espacio.,Medio,Media,Suave;Cálido;Acogedor;Natural
50YR 76/087,Crema de Papaya,Cálido,7,6,Arena,Rústico;Mediterráneo,Living;Comedor;Cocina,Blanco;Madera clara;Beige;Neutros,Negro mate;Grafito;Azul profundo,Arena cálido de luminosidad alto (7/10) y saturación media (6/10) que aporta amplitud visual.,Alto,Media,Luminoso;Amplio;Cálido;Acogedor
10YR 67/100,Cuero Rosado,Cálido,7,5,Arena,Rústico;Mediterráneo,Living;Comedor;Cocina;Dormitorio;Pasillo,Blanco;Madera clara;Beige,Negro mate;Grafito;Azul profundo,Arena cálido de luminosidad alto (7/10) y saturación media (5/10) que aporta amplitud visual.,Alto,Media,Luminoso;Amplio;Cálido;Acogedor
51RR 68/146,Dama de Honor,Cálido,7,6,Piedra,Rústico;Mediterráneo,Living;Comedor;Cocina,Blanco;Madera clara;Beige;Neutros,Negro mate;Grafito;Azul profundo,Piedra cálido de luminosidad alto (7/10) y saturación media (6/10) que aporta amplitud visual.,Alto,Media,Luminoso;Amplio;Cálido;Acogedor
10RR 14/186,Del Monte,Cálido,2,3,Gris cálido,Dramático,Living,Blanco;Madera clara;Beige;Blanco roto,Blanco;Crema;Azul profundo,Gris cálido cálido de luminosidad muy bajo (2/10) y saturación baja (3/10) que genera profundidad.,Muy Bajo,Baja,Profundo;Cálido;Acogedor;Sobrio
49RR 39/161,Delicada Gamuza,Cálido,4,3,Piedra,Contemporáneo,Living;Dormitorio;Comedor;Cocina;Baño;Pasillo;Home office;Cuarto de niños,Blanco;Madera clara;Beige;Blanco roto,Blanco;Crema;Azul profundo,Piedra cálido de luminosidad bajo (4/10) y saturación baja (3/10) que equilibra el espacio.,Bajo,Baja,Suave;Cálido;Acogedor;Sobrio
23YR 10/308,Delicia de Café,Cálido,2,5,Terracota,Dramático,Comedor;Living,Blanco;Madera clara;Beige;Blanco roto,Blanco;Crema;Azul profundo,Terracota cálido de luminosidad muy bajo (2/10) y saturación media (5/10) que genera profundidad.,Muy Bajo,Media,Profundo;Cálido;Acogedor;Natural
19RR 78/088,Delicia Rosa,Cálido,8,5,Piedra,Rústico;Mediterráneo,Living;Comedor;Cocina;Dormitorio;Pasillo,Blanco;Madera clara;Beige,Negro mate;Grafito;Azul profundo,Piedra cálido de luminosidad alto (8/10) y saturación media (5/10) que aporta amplitud visual.,Alto,Media,Luminoso;Amplio;Cálido;Acogedor
90RR 41/258,Deseos del Corazón,Cálido,4,5,Piedra,Contemporáneo,Comedor;Living,Blanco;Madera clara;Beige;Blanco roto,Blanco;Crema;Azul profundo,Piedra cálido de luminosidad bajo (4/10) y saturación media (5/10) que equilibra el espacio.,Bajo,Media,Suave;Cálido;Acogedor;Natural
10YR 73/038,Después de la Lluvia,Cálido,8,3,Arena,Minimalista;Nórdico;Japandi;Rústico;Mediterráneo,Living;Comedor;Cocina;Dormitorio;Pasillo,Blanco;Madera clara;Beige,Negro mate;Grafito;Azul profundo,Arena cálido de luminosidad alto (8/10) y saturación baja (3/10) que aporta amplitud visual.,Alto,Baja,Luminoso;Amplio;Cálido;Acogedor
63RR 39/350,Destino,Cálido,4,6,Piedra,Contemporáneo,Comedor;Living,Blanco;Madera clara;Beige;Blanco roto;Neutros,Blanco;Crema;Azul profundo,Piedra cálido de luminosidad bajo (4/10) y saturación media (6/10) que equilibra el espacio.,Bajo,Media,Suave;Cálido;Acogedor;Natural
90YR 83/053,Día de Ocio,Cálido,8,5,Arena,Rústico;Mediterráneo,Living;Comedor;Cocina;Dormitorio;Pasillo,Blanco;Madera clara;Beige,Negro mate;Grafito;Azul profundo,Arena cálido de luminosidad alto (8/10) y saturación media (5/10) que aporta amplitud visual.,Alto,Media,Luminoso;Amplio;Cálido;Acogedor
10YR 15/500,Día Feliz,Cálido,2,5,Piedra,Dramático,Comedor;Living,Blanco;Madera clara;Beige;Blanco roto,Blanco;Crema;Azul profundo,Piedra cálido de luminosidad muy bajo (2/10) y saturación media (5/10) que genera profundidad.,Muy Bajo,Media,Profundo;Cálido;Acogedor;Natural
10YR 25/284,Dulce Amor,Cálido,3,4,Terracota,Dramático,Living,Blanco;Madera clara;Beige;Blanco roto,Blanco;Crema;Azul profundo,Terracota cálido de luminosidad bajo (3/10) y saturación baja (4/10) que genera profundidad.,Bajo,Baja,Profundo;Cálido;Acogedor;Natural
01RR 77/091,Dulce Bebé,Cálido,8,4,Piedra,Minimalista;Nórdico;Japandi;Rústico;Mediterráneo,Living;Comedor;Cocina;Dormitorio;Pasillo,Blanco;Madera clara;Beige,Negro mate;Grafito;Azul profundo,Piedra cálido de luminosidad alto (8/10) y saturación baja (4/10) que aporta amplitud visual.,Alto,Baja,Luminoso;Amplio;Cálido;Acogedor
30RR 23/270,Dulce de Frambuesa,Cálido,3,3,Piedra,Dramático,Living,Blanco;Madera clara;Beige;Blanco roto,Blanco;Crema;Azul profundo,Piedra cálido de luminosidad bajo (3/10) y saturación baja (3/10) que genera profundidad.,Bajo,Baja,Profundo;Cálido;Acogedor;Sobrio
06YR 52/291,Durazno Calmo,Cálido,6,8,Arena,Pop;Maximalista,Living;Dormitorio;Comedor;Cocina;Baño;Pasillo;Home office;Cuarto de niños,Blanco;Madera clara;Beige;Neutros,Blanco;Crema;Azul profundo,Arena cálido de luminosidad medio (6/10) y saturación alta (8/10) que equilibra el espacio.,Medio,Alta,Suave;Cálido;Acogedor;Alegre
99RR 42/216,Elementos Rústicos,Cálido,5,5,Arena,Rústico;Mediterráneo,Living;Dormitorio;Comedor;Cocina;Baño;Pasillo;Home office;Cuarto de niños,Blanco;Madera clara;Beige,Blanco;Crema;Azul profundo,Arena cálido de luminosidad medio (5/10) y saturación media (5/10) que equilibra el espacio.,Medio,Media,Suave;Cálido;Acogedor;Natural
10RR 83/026,Encaje Fino,Cálido,8,2,Marfil,Minimalista;Nórdico;Japandi;Rústico;Mediterráneo,Living;Comedor;Cocina;Dormitorio;Pasillo,Blanco;Madera clara;Beige,Negro mate;Grafito;Azul profundo,Marfil cálido de luminosidad alto (8/10) y saturación muy baja (2/10) que aporta amplitud visual.,Alto,Muy Baja,Luminoso;Amplio;Cálido;Acogedor
07YR 10/489,Encanto *,Cálido,2,6,Piedra,Dramático,Comedor;Living,Blanco;Madera clara;Beige;Blanco roto;Neutros,Blanco;Crema;Azul profundo,Piedra cálido de luminosidad muy bajo (2/10) y saturación media (6/10) que genera profundidad.,Muy Bajo,Media,Profundo;Cálido;Acogedor;Natural
90RR 83/021,Encanto Discreto,Cálido,8,3,Marfil,Minimalista;Nórdico;Japandi;Rústico;Mediterráneo,Living;Comedor;Cocina;Dormitorio;Pasillo,Blanco;Madera clara;Beige,Negro mate;Grafito;Azul profundo,Marfil cálido de luminosidad alto (8/10) y saturación baja (3/10) que aporta amplitud visual.,Alto,Baja,Luminoso;Amplio;Cálido;Acogedor
33RR 74/111,Escarcha Rosa,Cálido,7,5,Piedra,Rústico;Mediterráneo,Living;Comedor;Cocina;Dormitorio;Pasillo,Blanco;Madera clara;Beige,Negro mate;Grafito;Azul profundo,Piedra cálido de luminosidad alto (7/10) y saturación media (5/10) que aporta amplitud visual.,Alto,Media,Luminoso;Amplio;Cálido;Acogedor
70RR 15/400,Escarlata *,Cálido,2,5,Piedra,Dramático,Comedor;Living,Blanco;Madera clara;Beige;Blanco roto,Blanco;Crema;Azul profundo,Piedra cálido de luminosidad muy bajo (2/10) y saturación media (5/10) que genera profundidad.,Muy Bajo,Media,Profundo;Cálido;Acogedor;Natural
30YR 49/097,Escultura de Madera,Cálido,5,3,Arena,Rústico;Mediterráneo,Dormitorio;Pasillo,Blanco;Madera clara;Beige,Blanco;Crema;Azul profundo,Arena cálido de luminosidad medio (5/10) y saturación baja (3/10) que equilibra el espacio.,Medio,Baja,Suave;Cálido;Acogedor;Sobrio
30RR 83/020,Espíritu Sereno,Cálido,8,2,Marfil,Minimalista;Nórdico;Japandi;Rústico;Mediterráneo,Living;Comedor;Cocina;Dormitorio;Pasillo,Blanco;Madera clara;Beige,Negro mate;Grafito;Azul profundo,Marfil cálido de luminosidad alto (8/10) y saturación muy baja (2/10) que aporta amplitud visual.,Alto,Muy Baja,Luminoso;Amplio;Cálido;Acogedor
50RR 17/372,Estilo Románico,Cálido,2,4,Piedra,Dramático,Living,Blanco;Madera clara;Beige;Blanco roto,Blanco;Crema;Azul profundo,Piedra cálido de luminosidad muy bajo (2/10) y saturación baja (4/10) que genera profundidad.,Muy Bajo,Baja,Profundo;Cálido;Acogedor;Natural
70RR 54/153,Estrella de Cine,Cálido,6,4,Piedra,Rústico;Mediterráneo,Dormitorio;Pasillo,Blanco;Madera clara;Beige,Blanco;Crema;Azul profundo,Piedra cálido de luminosidad medio (6/10) y saturación baja (4/10) que equilibra el espacio.,Medio,Baja,Suave;Cálido;Acogedor;Natural
50YR 78/064,Exótica Sensación,Cálido,8,5,Arena,Rústico;Mediterráneo,Living;Dormitorio;Comedor;Cocina;Baño;Pasillo;Home office;Cuarto de niños,Blanco;Madera clara;Beige,Negro mate;Grafito;Azul profundo,Arena cálido de luminosidad alto (8/10) y saturación media (5/10) que aporta amplitud visual.,Alto,Media,Luminoso;Amplio;Cálido;Acogedor
55RR 11/401,Explosión de Pasión *,Cálido,2,6,Piedra,Dramático,Comedor;Living,Blanco;Madera clara;Beige;Blanco roto;Neutros,Blanco;Crema;Azul profundo,Piedra cálido de luminosidad muy bajo (2/10) y saturación media (6/10) que genera profundidad.,Muy Bajo,Media,Profundo;Cálido;Acogedor;Natural
96RR 08/311,Expreso de Oriente *,Cálido,2,5,Piedra,Dramático,Comedor;Living,Blanco;Madera clara;Beige;Blanco roto,Blanco;Crema;Azul profundo,Piedra cálido de luminosidad muy bajo (2/10) y saturación media (5/10) que genera profundidad.,Muy Bajo,Media,Profundo;Cálido;Acogedor;Natural
21RR 19/459,Extravagante,Cálido,3,5,Piedra,Dramático,Comedor;Living,Blanco;Madera clara;Beige;Blanco roto,Blanco;Crema;Azul profundo,Piedra cálido de luminosidad bajo (3/10) y saturación media (5/10) que genera profundidad.,Bajo,Media,Profundo;Cálido;Acogedor;Natural
84RR 13/471,Fiesta de la Cereza *,Cálido,2,6,Piedra,Dramático,Comedor;Living,Blanco;Madera clara;Beige;Blanco roto;Neutros,Blanco;Crema;Azul profundo,Piedra cálido de luminosidad muy bajo (2/10) y saturación media (6/10) que genera profundidad.,Muy Bajo,Media,Profundo;Cálido;Acogedor;Natural
49RR 50/250,Fiesta de Rosas,Cálido,5,6,Piedra,Rústico;Mediterráneo,Comedor;Living,Blanco;Madera clara;Beige;Neutros,Blanco;Crema;Azul profundo,Piedra cálido de luminosidad medio (5/10) y saturación media (6/10) que equilibra el espacio.,Medio,Media,Suave;Cálido;Acogedor;Natural
90RR 31/403,Flamenco Real,Cálido,4,6,Piedra,Contemporáneo,Comedor;Living,Blanco;Madera clara;Beige;Blanco roto;Neutros,Blanco;Crema;Azul profundo,Piedra cálido de luminosidad bajo (4/10) y saturación media (6/10) que equilibra el espacio.,Bajo,Media,Suave;Cálido;Acogedor;Natural
79RB 76/076,Flor de Lis,Cálido,8,3,Marfil,Minimalista;Nórdico;Japandi;Rústico;Mediterráneo,Living;Comedor;Cocina;Dormitorio;Pasillo,Blanco;Madera clara;Beige,Negro mate;Grafito;Azul profundo,Marfil cálido de luminosidad alto (8/10) y saturación baja (3/10) que aporta amplitud visual.,Alto,Baja,Luminoso;Amplio;Cálido;Acogedor
83RR 23/486,Flor de Madroño,Cálido,3,6,Piedra,Dramático,Comedor;Living,Blanco;Madera clara;Beige;Blanco roto;Neutros,Blanco;Crema;Azul profundo,Piedra cálido de luminosidad bajo (3/10) y saturación media (6/10) que genera profundidad.,Bajo,Media,Profundo;Cálido;Acogedor;Natural
10YR 74/066,Flor de Miel,Cálido,8,4,Arena,Minimalista;Nórdico;Japandi;Rústico;Mediterráneo,Living;Comedor;Cocina;Dormitorio;Pasillo,Blanco;Madera clara;Beige,Negro mate;Grafito;Azul profundo,Arena cálido de luminosidad alto (8/10) y saturación baja (4/10) que aporta amplitud visual.,Alto,Baja,Luminoso;Amplio;Cálido;Acogedor
53RR 83/031,Flor de Saúco,Cálido,8,3,Marfil,Minimalista;Nórdico;Japandi;Rústico;Mediterráneo,Living;Comedor;Cocina;Dormitorio;Pasillo,Blanco;Madera clara;Beige,Negro mate;Grafito;Azul profundo,Marfil cálido de luminosidad alto (8/10) y saturación baja (3/10) que aporta amplitud visual.,Alto,Baja,Luminoso;Amplio;Cálido;Acogedor
04YR 38/398,Florecer Osado,Cálido,4,7,Arena,Pop;Maximalista,Living;Dormitorio;Comedor;Cocina;Baño;Pasillo;Home office;Cuarto de niños,Blanco;Madera clara;Beige;Blanco roto;Neutros,Blanco;Crema;Azul profundo,Arena cálido de luminosidad bajo (4/10) y saturación alta (7/10) que equilibra el espacio.,Bajo,Alta,Suave;Cálido;Acogedor;Alegre
10YR 41/223,Flores Marchitas,Cálido,5,5,Arena,Rústico;Mediterráneo,Dormitorio;Pasillo;Comedor;Living,Blanco;Madera clara;Beige,Blanco;Crema;Azul profundo,Arena cálido de luminosidad medio (5/10) y saturación media (5/10) que equilibra el espacio.,Medio,Media,Suave;Cálido;Acogedor;Natural
10RR 73/023,Fragancia Dulce,Cálido,8,2,Gris cálido,Minimalista;Nórdico;Japandi;Rústico;Mediterráneo,Living;Comedor;Cocina;Dormitorio;Pasillo,Blanco;Madera clara;Beige,Negro mate;Grafito;Azul profundo,Gris cálido cálido de luminosidad alto (8/10) y saturación muy baja (2/10) que aporta amplitud visual.,Alto,Muy Baja,Luminoso;Amplio;Cálido;Acogedor
30RR 12/281,Frambuesa,Cálido,2,4,Piedra,Dramático,Living,Blanco;Madera clara;Beige;Blanco roto,Blanco;Crema;Azul profundo,Piedra cálido de luminosidad muy bajo (2/10) y saturación baja (4/10) que genera profundidad.,Muy Bajo,Baja,Profundo;Cálido;Acogedor;Natural
70RR 13/380,Frambuesa Radical,Cálido,2,4,Piedra,Dramático,Living,Blanco;Madera clara;Beige;Blanco roto,Blanco;Crema;Azul profundo,Piedra cálido de luminosidad muy bajo (2/10) y saturación baja (4/10) que genera profundidad.,Muy Bajo,Baja,Profundo;Cálido;Acogedor;Natural
14RR 09/333,Frambuesa Silvestre,Cálido,2,5,Piedra,Dramático,Comedor;Living,Blanco;Madera clara;Beige;Blanco roto,Blanco;Crema;Azul profundo,Piedra cálido de luminosidad muy bajo (2/10) y saturación media (5/10) que genera profundidad.,Muy Bajo,Media,Profundo;Cálido;Acogedor;Natural
70RR 39/272,Frambuesa Suave,Cálido,4,5,Piedra,Contemporáneo,Comedor;Living,Blanco;Madera clara;Beige;Blanco roto,Blanco;Crema;Azul profundo,Piedra cálido de luminosidad bajo (4/10) y saturación media (5/10) que equilibra el espacio.,Bajo,Media,Suave;Cálido;Acogedor;Natural
13RR 12/202,Fresca Remolacha,Cálido,2,3,Piedra,Dramático,Living,Blanco;Madera clara;Beige;Blanco roto,Blanco;Crema;Azul profundo,Piedra cálido de luminosidad muy bajo (2/10) y saturación baja (3/10) que genera profundidad.,Muy Bajo,Baja,Profundo;Cálido;Acogedor;Sobrio
10YR 22/483,Frutilla,Cálido,3,6,Terracota,Dramático,Comedor;Living,Blanco;Madera clara;Beige;Blanco roto;Neutros,Blanco;Crema;Azul profundo,Terracota cálido de luminosidad bajo (3/10) y saturación media (6/10) que genera profundidad.,Bajo,Media,Profundo;Cálido;Acogedor;Natural
84RB 69/108,Frutilla Sensacional,Cálido,7,4,Piedra,Minimalista;Nórdico;Japandi;Rústico;Mediterráneo,Living;Dormitorio;Comedor;Cocina;Baño;Pasillo;Home office;Cuarto de niños,Blanco;Madera clara;Beige,Negro mate;Grafito;Azul profundo,Piedra cálido de luminosidad alto (7/10) y saturación baja (4/10) que aporta amplitud visual.,Alto,Baja,Luminoso;Amplio;Cálido;Acogedor
63RR 19/405,Frutos del Bosque,Cálido,2,5,Piedra,Dramático,Comedor;Living,Blanco;Madera clara;Beige;Blanco roto,Blanco;Crema;Azul profundo,Piedra cálido de luminosidad muy bajo (2/10) y saturación media (5/10) que genera profundidad.,Muy Bajo,Media,Profundo;Cálido;Acogedor;Natural
10RR 21/325,Fucsia Antiguo,Cálido,3,4,Piedra,Dramático,Living,Blanco;Madera clara;Beige;Blanco roto,Blanco;Crema;Azul profundo,Piedra cálido de luminosidad bajo (3/10) y saturación baja (4/10) que genera profundidad.,Bajo,Baja,Profundo;Cálido;Acogedor;Natural
40RR 11/430,Fucsia Real *,Cálido,2,5,Piedra,Dramático,Comedor;Living,Blanco;Madera clara;Beige;Blanco roto,Blanco;Crema;Azul profundo,Piedra cálido de luminosidad muy bajo (2/10) y saturación media (5/10) que genera profundidad.,Muy Bajo,Media,Profundo;Cálido;Acogedor;Natural
12YR 40/146,Fulgor Africano,Cálido,4,3,Arena,Contemporáneo,Living,Blanco;Madera clara;Beige;Blanco roto,Blanco;Crema;Azul profundo,Arena cálido de luminosidad bajo (4/10) y saturación baja (3/10) que equilibra el espacio.,Bajo,Baja,Suave;Cálido;Acogedor;Sobrio
10YR 64/048,Gaita Francesa,Cálido,7,3,Arena,Minimalista;Nórdico;Japandi;Rústico;Mediterráneo,Living;Comedor;Cocina;Dormitorio;Pasillo,Blanco;Madera clara;Beige,Negro mate;Grafito;Azul profundo,Arena cálido de luminosidad alto (7/10) y saturación baja (3/10) que aporta amplitud visual.,Alto,Baja,Luminoso;Amplio;Cálido;Acogedor
16YR 18/587,Gloria Antigua *,Cálido,2,6,Terracota,Dramático,Comedor;Living,Blanco;Madera clara;Beige;Blanco roto;Neutros,Blanco;Crema;Azul profundo,Terracota cálido de luminosidad muy bajo (2/10) y saturación media (6/10) que genera profundidad.,Muy Bajo,Media,Profundo;Cálido;Acogedor;Natural
10RR 39/263,Graciosa,Cálido,4,4,Piedra,Contemporáneo,Living,Blanco;Madera clara;Beige;Blanco roto,Blanco;Crema;Azul profundo,Piedra cálido de luminosidad bajo (4/10) y saturación baja (4/10) que equilibra el espacio.,Bajo,Baja,Suave;Cálido;Acogedor;Natural
75RR 06/129,Granadero,Cálido,1,3,Piedra,Dramático,Living,Blanco;Madera clara;Beige;Blanco roto,Blanco;Crema;Azul profundo,Piedra cálido de luminosidad muy bajo (1/10) y saturación baja (3/10) que genera profundidad.,Muy Bajo,Baja,Profundo;Cálido;Acogedor;Sobrio
80RR 07/260,Granate Vibrante,Cálido,1,4,Piedra,Dramático,Living,Blanco;Madera clara;Beige;Blanco roto,Blanco;Crema;Azul profundo,Piedra cálido de luminosidad muy bajo (1/10) y saturación baja (4/10) que genera profundidad.,Muy Bajo,Baja,Profundo;Cálido;Acogedor;Natural
70RR 73/025,Gris Exótico,Cálido,7,2,Gris cálido,Minimalista;Nórdico;Japandi;Rústico;Mediterráneo,Living;Comedor;Cocina;Dormitorio;Pasillo,Blanco;Madera clara;Beige,Negro mate;Grafito;Azul profundo,Gris cálido cálido de luminosidad alto (7/10) y saturación muy baja (2/10) que aporta amplitud visual.,Alto,Muy Baja,Luminoso;Amplio;Cálido;Acogedor
30YR 67/113,Guayaba Suave,Cálido,7,5,Arena,Rústico;Mediterráneo,Living;Comedor;Cocina;Dormitorio;Pasillo,Blanco;Madera clara;Beige,Negro mate;Grafito;Azul profundo,Arena cálido de luminosidad alto (7/10) y saturación media (5/10) que aporta amplitud visual.,Alto,Media,Luminoso;Amplio;Cálido;Acogedor
95RB 71/132,Helado,Cálido,7,4,Piedra,Minimalista;Nórdico;Japandi;Rústico;Mediterráneo,Living;Comedor;Cocina;Dormitorio;Pasillo,Blanco;Madera clara;Beige,Negro mate;Grafito;Azul profundo,Piedra cálido de luminosidad alto (7/10) y saturación baja (4/10) que aporta amplitud visual.,Alto,Baja,Luminoso;Amplio;Cálido;Acogedor
94RB 64/182,Helado de Cereza,Cálido,7,5,Piedra,Rústico;Mediterráneo,Living;Comedor;Cocina;Dormitorio;Pasillo,Blanco;Madera clara;Beige,Negro mate;Grafito;Azul profundo,Piedra cálido de luminosidad alto (7/10) y saturación media (5/10) que aporta amplitud visual.,Alto,Media,Luminoso;Amplio;Cálido;Acogedor
60RR 62/086,Helado de Champagne,Cálido,6,3,Piedra,Rústico;Mediterráneo,Living;Dormitorio;Comedor;Cocina;Baño;Pasillo;Home office;Cuarto de niños,Blanco;Madera clara;Beige,Blanco;Crema;Azul profundo,Piedra cálido de luminosidad medio (6/10) y saturación baja (3/10) que equilibra el espacio.,Medio,Baja,Suave;Cálido;Acogedor;Sobrio
09YR 61/117,Helado Suave,Cálido,6,5,Arena,Rústico;Mediterráneo,Living;Dormitorio;Comedor;Cocina;Baño;Pasillo;Home office;Cuarto de niños,Blanco;Madera clara;Beige,Blanco;Crema;Azul profundo,Arena cálido de luminosidad medio (6/10) y saturación media (5/10) que equilibra el espacio.,Medio,Media,Suave;Cálido;Acogedor;Natural
50RR 83/040,Herencia,Cálido,8,3,Arena,Minimalista;Nórdico;Japandi;Rústico;Mediterráneo,Living;Comedor;Cocina;Dormitorio;Pasillo,Blanco;Madera clara;Beige,Negro mate;Grafito;Azul profundo,Arena cálido de luminosidad alto (8/10) y saturación baja (3/10) que aporta amplitud visual.,Alto,Baja,Luminoso;Amplio;Cálido;Acogedor
05YR 15/555,Hibisco Tierno *,Cálido,2,6,Piedra,Dramático,Comedor;Living,Blanco;Madera clara;Beige;Blanco roto;Neutros,Blanco;Crema;Azul profundo,Piedra cálido de luminosidad muy bajo (2/10) y saturación media (6/10) que genera profundidad.,Muy Bajo,Media,Profundo;Cálido;Acogedor;Natural
00YR 18/531,Hibiscus Cálido,Cálido,2,6,Piedra,Dramático,Comedor;Living,Blanco;Madera clara;Beige;Blanco roto;Neutros,Blanco;Crema;Azul profundo,Piedra cálido de luminosidad muy bajo (2/10) y saturación media (6/10) que genera profundidad.,Muy Bajo,Media,Profundo;Cálido;Acogedor;Natural
30RR 13/116,Higo Suave,Cálido,2,2,Gris cálido,Dramático,Living,Blanco;Madera clara;Beige;Blanco roto,Blanco;Crema;Azul profundo,Gris cálido cálido de luminosidad muy bajo (2/10) y saturación muy baja (2/10) que genera profundidad.,Muy Bajo,Muy Baja,Profundo;Cálido;Acogedor;Sobrio
30YR 83/017,Hongo Silvestre,Cálido,8,2,Marfil,Minimalista;Nórdico;Japandi;Rústico;Mediterráneo,Living;Comedor;Cocina;Dormitorio;Pasillo,Blanco;Madera clara;Beige,Negro mate;Grafito;Azul profundo,Marfil cálido de luminosidad alto (8/10) y saturación muy baja (2/10) que aporta amplitud visual.,Alto,Muy Baja,Luminoso;Amplio;Cálido;Acogedor
70RR 41/065,Impresionista,Cálido,5,2,Gris cálido,Rústico;Mediterráneo,Dormitorio;Pasillo,Blanco;Madera clara;Beige,Blanco;Crema;Azul profundo,Gris cálido cálido de luminosidad medio (5/10) y saturación muy baja (2/10) que equilibra el espacio.,Medio,Muy Baja,Suave;Cálido;Acogedor;Sobrio
90YR 74/057,Inercia,Cálido,8,4,Arena,Minimalista;Nórdico;Japandi;Rústico;Mediterráneo,Living;Comedor;Cocina;Dormitorio;Pasillo,Blanco;Madera clara;Beige,Negro mate;Grafito;Azul profundo,Arena cálido de luminosidad alto (8/10) y saturación baja (4/10) que aporta amplitud visual.,Alto,Baja,Luminoso;Amplio;Cálido;Acogedor
30YR 53/188,Inspiración Poética,Cálido,6,6,Arena,Rústico;Mediterráneo,Comedor;Living,Blanco;Madera clara;Beige;Neutros,Blanco;Crema;Azul profundo,Arena cálido de luminosidad medio (6/10) y saturación media (6/10) que equilibra el espacio.,Medio,Media,Suave;Cálido;Acogedor;Natural
50RR 15/266,Jalea de Ciruela Claro,Cálido,2,4,Piedra,Dramático,Living;Dormitorio;Comedor;Cocina;Baño;Pasillo;Home office;Cuarto de niños,Blanco;Madera clara;Beige;Blanco roto,Blanco;Crema;Azul profundo,Piedra cálido de luminosidad muy bajo (2/10) y saturación baja (4/10) que genera profundidad.,Muy Bajo,Baja,Profundo;Cálido;Acogedor;Natural
72RR 07/173,Jalea de Ciruela Oscuro,Cálido,1,3,Piedra,Dramático,Living,Blanco;Madera clara;Beige;Blanco roto,Blanco;Crema;Azul profundo,Piedra cálido de luminosidad muy bajo (1/10) y saturación baja (3/10) que genera profundidad.,Muy Bajo,Baja,Profundo;Cálido;Acogedor;Sobrio
30RR 31/223,Jalea de Frambuesa,Cálido,4,3,Piedra,Contemporáneo,Living,Blanco;Madera clara;Beige;Blanco roto,Blanco;Crema;Azul profundo,Piedra cálido de luminosidad bajo (4/10) y saturación baja (3/10) que equilibra el espacio.,Bajo,Baja,Suave;Cálido;Acogedor;Sobrio
98RR 10/318,Jalea Sueca *,Cálido,2,5,Piedra,Dramático,Comedor;Living,Blanco;Madera clara;Beige;Blanco roto,Blanco;Crema;Azul profundo,Piedra cálido de luminosidad muy bajo (2/10) y saturación media (5/10) que genera profundidad.,Muy Bajo,Media,Profundo;Cálido;Acogedor;Natural
18YR 78/079,Jardín de Fulgores,Cálido,8,6,Arena,Rústico;Mediterráneo,Living;Comedor;Cocina,Blanco;Madera clara;Beige;Neutros,Negro mate;Grafito;Azul profundo,Arena cálido de luminosidad alto (8/10) y saturación media (6/10) que aporta amplitud visual.,Alto,Media,Luminoso;Amplio;Cálido;Acogedor
40YR 53/149,Jarrón de Cerámica,Cálido,6,4,Arena,Rústico;Mediterráneo,Living;Dormitorio;Comedor;Cocina;Baño;Pasillo;Home office;Cuarto de niños,Blanco;Madera clara;Beige,Blanco;Crema;Azul profundo,Arena cálido de luminosidad medio (6/10) y saturación baja (4/10) que equilibra el espacio.,Medio,Baja,Suave;Cálido;Acogedor;Natural
50RR 23/282,Joya Antigua,Cálido,3,4,Piedra,Dramático,Living,Blanco;Madera clara;Beige;Blanco roto,Blanco;Crema;Azul profundo,Piedra cálido de luminosidad bajo (3/10) y saturación baja (4/10) que genera profundidad.,Bajo,Baja,Profundo;Cálido;Acogedor;Natural
90RR 28/359,Lápiz Labial,Cálido,3,5,Piedra,Dramático,Comedor;Living,Blanco;Madera clara;Beige;Blanco roto,Blanco;Crema;Azul profundo,Piedra cálido de luminosidad bajo (3/10) y saturación media (5/10) que genera profundidad.,Bajo,Media,Profundo;Cálido;Acogedor;Natural
19YR 13/558,Lápiz Labial Rojo,Cálido,2,6,Terracota,Dramático,Comedor;Living,Blanco;Madera clara;Beige;Blanco roto;Neutros,Blanco;Crema;Azul profundo,Terracota cálido de luminosidad muy bajo (2/10) y saturación media (6/10) que genera profundidad.,Muy Bajo,Media,Profundo;Cálido;Acogedor;Natural
80RR 12/516,Latido *,Cálido,2,6,Piedra,Dramático,Comedor;Living,Blanco;Madera clara;Beige;Blanco roto;Neutros,Blanco;Crema;Azul profundo,Piedra cálido de luminosidad muy bajo (2/10) y saturación media (6/10) que genera profundidad.,Muy Bajo,Media,Profundo;Cálido;Acogedor;Natural
90RR 55/138,Lazo de Amor,Cálido,6,4,Arena,Rústico;Mediterráneo,Dormitorio;Pasillo,Blanco;Madera clara;Beige,Blanco;Crema;Azul profundo,Arena cálido de luminosidad medio (6/10) y saturación baja (4/10) que equilibra el espacio.,Medio,Baja,Suave;Cálido;Acogedor;Natural
90RB 83/030,Lazo de Cinta,Cálido,8,2,Marfil,Minimalista;Nórdico;Japandi;Rústico;Mediterráneo,Living;Comedor;Cocina;Dormitorio;Pasillo,Blanco;Madera clara;Beige,Negro mate;Grafito;Azul profundo,Marfil cálido de luminosidad alto (8/10) y saturación muy baja (2/10) que aporta amplitud visual.,Alto,Muy Baja,Luminoso;Amplio;Cálido;Acogedor
16RR 43/277,Lazo Rosado,Cálido,5,5,Piedra,Rústico;Mediterráneo,Living;Dormitorio;Comedor;Cocina;Baño;Pasillo;Home office;Cuarto de niños,Blanco;Madera clara;Beige,Blanco;Crema;Azul profundo,Piedra cálido de luminosidad medio (5/10) y saturación media (5/10) que equilibra el espacio.,Medio,Media,Suave;Cálido;Acogedor;Natural
13YR 80/033,Licor de Durazno,Cálido,8,3,Marfil,Minimalista;Nórdico;Japandi;Rústico;Mediterráneo,Living;Comedor;Cocina;Dormitorio;Pasillo,Blanco;Madera clara;Beige,Negro mate;Grafito;Azul profundo,Marfil cálido de luminosidad alto (8/10) y saturación baja (3/10) que aporta amplitud visual.,Alto,Baja,Luminoso;Amplio;Cálido;Acogedor
74RR 28/432,Licuado de Frutilla,Cálido,3,6,Piedra,Dramático,Comedor;Living,Blanco;Madera clara;Beige;Blanco roto;Neutros,Blanco;Crema;Azul profundo,Piedra cálido de luminosidad bajo (3/10) y saturación media (6/10) que genera profundidad.,Bajo,Media,Profundo;Cálido;Acogedor;Natural
90RR 69/101,Limonada Rosa,Cálido,7,5,Arena,Rústico;Mediterráneo,Living;Comedor;Cocina;Dormitorio;Pasillo,Blanco;Madera clara;Beige,Negro mate;Grafito;Azul profundo,Arena cálido de luminosidad alto (7/10) y saturación media (5/10) que aporta amplitud visual.,Alto,Media,Luminoso;Amplio;Cálido;Acogedor
70RR 64/034,Lugar de Afecto,Cálido,7,2,Gris cálido,Minimalista;Nórdico;Japandi;Rústico;Mediterráneo,Living;Comedor;Cocina;Dormitorio;Pasillo,Blanco;Madera clara;Beige,Negro mate;Grafito;Azul profundo,Gris cálido cálido de luminosidad alto (7/10) y saturación muy baja (2/10) que aporta amplitud visual.,Alto,Muy Baja,Luminoso;Amplio;Cálido;Acogedor
30YR 83/023,Luna Creciente,Cálido,8,3,Marfil,Minimalista;Nórdico;Japandi;Rústico;Mediterráneo,Living;Comedor;Cocina;Dormitorio;Pasillo,Blanco;Madera clara;Beige,Negro mate;Grafito;Azul profundo,Marfil cálido de luminosidad alto (8/10) y saturación baja (3/10) que aporta amplitud visual.,Alto,Baja,Luminoso;Amplio;Cálido;Acogedor
06RR 20/418,Luz Deslumbrante,Cálido,3,4,Piedra,Dramático,Living;Dormitorio;Comedor;Cocina;Baño;Pasillo;Home office;Cuarto de niños,Blanco;Madera clara;Beige;Blanco roto,Blanco;Crema;Azul profundo,Piedra cálido de luminosidad bajo (3/10) y saturación baja (4/10) que genera profundidad.,Bajo,Baja,Profundo;Cálido;Acogedor;Natural
90RR 21/418,Magnificencia,Cálido,3,5,Piedra,Dramático,Comedor;Living,Blanco;Madera clara;Beige;Blanco roto,Blanco;Crema;Azul profundo,Piedra cálido de luminosidad bajo (3/10) y saturación media (5/10) que genera profundidad.,Bajo,Media,Profundo;Cálido;Acogedor;Natural
50RR 10/229,Malbec,Cálido,2,4,Piedra,Dramático,Living,Blanco;Madera clara;Beige;Blanco roto,Blanco;Crema;Azul profundo,Piedra cálido de luminosidad muy bajo (2/10) y saturación baja (4/10) que genera profundidad.,Muy Bajo,Baja,Profundo;Cálido;Acogedor;Natural
70RR 57/070,Malva de Invierno,Cálido,6,3,Piedra,Rústico;Mediterráneo,Dormitorio;Pasillo,Blanco;Madera clara;Beige,Blanco;Crema;Azul profundo,Piedra cálido de luminosidad medio (6/10) y saturación baja (3/10) que equilibra el espacio.,Medio,Baja,Suave;Cálido;Acogedor;Sobrio
10RR 67/057,Malva Mineral,Cálido,7,2,Gris cálido,Minimalista;Nórdico;Japandi;Rústico;Mediterráneo,Living;Comedor;Cocina;Dormitorio;Pasillo,Blanco;Madera clara;Beige,Negro mate;Grafito;Azul profundo,Gris cálido cálido de luminosidad alto (7/10) y saturación muy baja (2/10) que aporta amplitud visual.,Alto,Muy Baja,Luminoso;Amplio;Cálido;Acogedor
50RR 39/154,Malva Rosa,Cálido,4,3,Piedra,Contemporáneo,Living,Blanco;Madera clara;Beige;Blanco roto,Blanco;Crema;Azul profundo,Piedra cálido de luminosidad bajo (4/10) y saturación baja (3/10) que equilibra el espacio.,Bajo,Baja,Suave;Cálido;Acogedor;Sobrio
13RR 72/121,Malva Rosada,Cálido,7,5,Piedra,Rústico;Mediterráneo,Living;Comedor;Cocina;Dormitorio;Pasillo,Blanco;Madera clara;Beige,Negro mate;Grafito;Azul profundo,Piedra cálido de luminosidad alto (7/10) y saturación media (5/10) que aporta amplitud visual.,Alto,Media,Luminoso;Amplio;Cálido;Acogedor
10RR 53/087,Malva Suave,Cálido,6,3,Gris cálido,Rústico;Mediterráneo,Dormitorio;Pasillo,Blanco;Madera clara;Beige,Blanco;Crema;Azul profundo,Gris cálido cálido de luminosidad medio (6/10) y saturación baja (3/10) que equilibra el espacio.,Medio,Baja,Suave;Cálido;Acogedor;Sobrio
05YR 08/272,Marrón Intenso,Cálido,2,5,Terracota,Dramático,Living;Dormitorio;Comedor;Cocina;Baño;Pasillo;Home office;Cuarto de niños,Blanco;Madera clara;Beige;Blanco roto,Blanco;Crema;Azul profundo,Terracota cálido de luminosidad muy bajo (2/10) y saturación media (5/10) que genera profundidad.,Muy Bajo,Media,Profundo;Cálido;Acogedor;Natural
23YR 08/237,Marrón Quemado,Cálido,2,4,Terracota,Dramático,Living,Blanco;Madera clara;Beige;Blanco roto,Blanco;Crema;Azul profundo,Terracota cálido de luminosidad muy bajo (2/10) y saturación baja (4/10) que genera profundidad.,Muy Bajo,Baja,Profundo;Cálido;Acogedor;Natural
26RR 14/332,Melodía Rosada,Cálido,2,4,Piedra,Dramático,Living,Blanco;Madera clara;Beige;Blanco roto,Blanco;Crema;Azul profundo,Piedra cálido de luminosidad muy bajo (2/10) y saturación baja (4/10) que genera profundidad.,Muy Bajo,Baja,Profundo;Cálido;Acogedor;Natural
10YR 17/184,Meseta de Diamantes,Cálido,2,3,Terracota,Dramático,Living,Blanco;Madera clara;Beige;Blanco roto,Blanco;Crema;Azul profundo,Terracota cálido de luminosidad muy bajo (2/10) y saturación baja (3/10) que genera profundidad.,Muy Bajo,Baja,Profundo;Cálido;Acogedor;Sobrio
30RR 42/198,Mezcla de Frambuesas,Cálido,5,4,Piedra,Rústico;Mediterráneo,Dormitorio;Pasillo,Blanco;Madera clara;Beige,Blanco;Crema;Azul profundo,Piedra cálido de luminosidad medio (5/10) y saturación baja (4/10) que equilibra el espacio.,Medio,Baja,Suave;Cálido;Acogedor;Natural
14RR 12/349,Mimos de Frutos Rojos,Cálido,2,4,Piedra,Dramático,Living;Dormitorio;Comedor;Cocina;Baño;Pasillo;Home office;Cuarto de niños,Blanco;Madera clara;Beige;Blanco roto,Blanco;Crema;Azul profundo,Piedra cálido de luminosidad muy bajo (2/10) y saturación baja (4/10) que genera profundidad.,Muy Bajo,Baja,Profundo;Cálido;Acogedor;Natural
90RB 83/023,Momento de Promesa,Cálido,8,2,Marfil,Minimalista;Nórdico;Japandi;Rústico;Mediterráneo,Living;Comedor;Cocina;Dormitorio;Pasillo,Blanco;Madera clara;Beige,Negro mate;Grafito;Azul profundo,Marfil cálido de luminosidad alto (8/10) y saturación muy baja (2/10) que aporta amplitud visual.,Alto,Muy Baja,Luminoso;Amplio;Cálido;Acogedor
82RR 76/111,Moño Rosa,Cálido,8,7,Piedra,Pop;Maximalista,Living;Comedor;Cocina,Blanco;Madera clara;Beige;Neutros,Negro mate;Grafito;Azul profundo,Piedra cálido de luminosidad alto (8/10) y saturación alta (7/10) que aporta amplitud visual.,Alto,Alta,Luminoso;Amplio;Cálido;Acogedor
83RR 12/377,Morado Intenso,Cálido,2,5,Piedra,Dramático,Comedor;Living,Blanco;Madera clara;Beige;Blanco roto,Blanco;Crema;Azul profundo,Piedra cálido de luminosidad muy bajo (2/10) y saturación media (5/10) que genera profundidad.,Muy Bajo,Media,Profundo;Cálido;Acogedor;Natural
79RR 66/131,Morado Suave,Cálido,7,6,Piedra,Rústico;Mediterráneo,Living;Dormitorio;Comedor;Cocina;Baño;Pasillo;Home office;Cuarto de niños,Blanco;Madera clara;Beige;Neutros,Negro mate;Grafito;Azul profundo,Piedra cálido de luminosidad alto (7/10) y saturación media (6/10) que aporta amplitud visual.,Alto,Media,Luminoso;Amplio;Cálido;Acogedor
17RR 18/239,Mousse de Berenjena,Cálido,2,3,Piedra,Dramático,Living,Blanco;Madera clara;Beige;Blanco roto,Blanco;Crema;Azul profundo,Piedra cálido de luminosidad muy bajo (2/10) y saturación baja (3/10) que genera profundidad.,Muy Bajo,Baja,Profundo;Cálido;Acogedor;Sobrio
17YR 60/073,Mousse de Chocolate,Cálido,6,3,Arena,Rústico;Mediterráneo,Dormitorio;Pasillo,Blanco;Madera clara;Beige,Blanco;Crema;Azul profundo,Arena cálido de luminosidad medio (6/10) y saturación baja (3/10) que equilibra el espacio.,Medio,Baja,Suave;Cálido;Acogedor;Sobrio
88RR 18/464,Mousse de Granada,Cálido,2,5,Piedra,Dramático,Comedor;Living,Blanco;Madera clara;Beige;Blanco roto,Blanco;Crema;Azul profundo,Piedra cálido de luminosidad muy bajo (2/10) y saturación media (5/10) que genera profundidad.,Muy Bajo,Media,Profundo;Cálido;Acogedor;Natural
89RB 79/040,Mousse Rosado,Cálido,8,2,Marfil,Minimalista;Nórdico;Japandi;Rústico;Mediterráneo,Living;Dormitorio;Comedor;Cocina;Baño;Pasillo;Home office;Cuarto de niños,Blanco;Madera clara;Beige,Negro mate;Grafito;Azul profundo,Marfil cálido de luminosidad alto (8/10) y saturación muy baja (2/10) que aporta amplitud visual.,Alto,Muy Baja,Luminoso;Amplio;Cálido;Acogedor
90RR 52/214,Muchacha,Cálido,6,6,Piedra,Rústico;Mediterráneo,Comedor;Living,Blanco;Madera clara;Beige;Neutros,Blanco;Crema;Azul profundo,Piedra cálido de luminosidad medio (6/10) y saturación media (6/10) que equilibra el espacio.,Medio,Media,Suave;Cálido;Acogedor;Natural
90RR 75/053,Niñita,Cálido,8,4,Arena,Minimalista;Nórdico;Japandi;Rústico;Mediterráneo,Living;Comedor;Cocina;Dormitorio;Pasillo,Blanco;Madera clara;Beige,Negro mate;Grafito;Azul profundo,Arena cálido de luminosidad alto (8/10) y saturación baja (4/10) que aporta amplitud visual.,Alto,Baja,Luminoso;Amplio;Cálido;Acogedor
50RR 74/048,Nube Rosa,Cálido,8,3,Marfil,Minimalista;Nórdico;Japandi;Rústico;Mediterráneo,Living;Comedor;Cocina;Dormitorio;Pasillo,Blanco;Madera clara;Beige,Negro mate;Grafito;Azul profundo,Marfil cálido de luminosidad alto (8/10) y saturación baja (3/10) que aporta amplitud visual.,Alto,Baja,Luminoso;Amplio;Cálido;Acogedor
90RR 35/365,Ocaso del Pacífico,Cálido,4,6,Piedra,Contemporáneo,Comedor;Living,Blanco;Madera clara;Beige;Blanco roto;Neutros,Blanco;Crema;Azul profundo,Piedra cálido de luminosidad bajo (4/10) y saturación media (6/10) que equilibra el espacio.,Bajo,Media,Suave;Cálido;Acogedor;Natural
04YR 11/537,Oriental Increíble *,Cálido,2,7,Piedra,Pop;Maximalista;Dramático,Comedor;Living,Blanco;Madera clara;Beige;Blanco roto;Neutros,Blanco;Crema;Azul profundo,Piedra cálido de luminosidad muy bajo (2/10) y saturación alta (7/10) que genera profundidad.,Muy Bajo,Alta,Profundo;Cálido;Acogedor;Alegre
00YR 08/409,Orquídea Rubí,Cálido,2,6,Piedra,Dramático,Comedor;Living,Blanco;Madera clara;Beige;Blanco roto;Neutros,Blanco;Crema;Azul profundo,Piedra cálido de luminosidad muy bajo (2/10) y saturación media (6/10) que genera profundidad.,Muy Bajo,Media,Profundo;Cálido;Acogedor;Natural
10YR 83/035,Otoño Quemado,Cálido,8,4,Arena,Minimalista;Nórdico;Japandi;Rústico;Mediterráneo,Living;Comedor;Cocina;Dormitorio;Pasillo,Blanco;Madera clara;Beige,Negro mate;Grafito;Azul profundo,Arena cálido de luminosidad alto (8/10) y saturación baja (4/10) que aporta amplitud visual.,Alto,Baja,Luminoso;Amplio;Cálido;Acogedor
10YR 51/138,Pabellón Rosa,Cálido,5,4,Arena,Rústico;Mediterráneo,Dormitorio;Pasillo,Blanco;Madera clara;Beige,Blanco;Crema;Azul profundo,Arena cálido de luminosidad medio (5/10) y saturación baja (4/10) que equilibra el espacio.,Medio,Baja,Suave;Cálido;Acogedor;Natural
02YR 09/373,Pájaro de Fuego,Cálido,2,6,Piedra,Dramático,Living;Dormitorio;Comedor;Cocina;Baño;Pasillo;Home office;Cuarto de niños,Blanco;Madera clara;Beige;Blanco roto;Neutros,Blanco;Crema;Azul profundo,Piedra cálido de luminosidad muy bajo (2/10) y saturación media (6/10) que genera profundidad.,Muy Bajo,Media,Profundo;Cálido;Acogedor;Natural
45YR 83/076,Palacio de Budapest,Cálido,8,6,Arena,Rústico;Mediterráneo,Living;Comedor;Cocina,Blanco;Madera clara;Beige;Neutros,Negro mate;Grafito;Azul profundo,Arena cálido de luminosidad alto (8/10) y saturación media (6/10) que aporta amplitud visual.,Alto,Media,Luminoso;Amplio;Cálido;Acogedor
47RR 55/175,Pashmina Rosada,Cálido,6,5,Piedra,Rústico;Mediterráneo,Dormitorio;Pasillo;Comedor;Living,Blanco;Madera clara;Beige,Blanco;Crema;Azul profundo,Piedra cálido de luminosidad medio (6/10) y saturación media (5/10) que equilibra el espacio.,Medio,Media,Suave;Cálido;Acogedor;Natural
02YR 20/536,Pasión Coral,Cálido,3,6,Piedra,Dramático,Living;Dormitorio;Comedor;Cocina;Baño;Pasillo;Home office;Cuarto de niños,Blanco;Madera clara;Beige;Blanco roto;Neutros,Blanco;Crema;Azul profundo,Piedra cálido de luminosidad bajo (3/10) y saturación media (6/10) que genera profundidad.,Bajo,Media,Profundo;Cálido;Acogedor;Natural
88RR 78/030,Pasión Secreta,Cálido,8,3,Marfil,Minimalista;Nórdico;Japandi;Rústico;Mediterráneo,Living;Comedor;Cocina;Dormitorio;Pasillo,Blanco;Madera clara;Beige,Negro mate;Grafito;Azul profundo,Marfil cálido de luminosidad alto (8/10) y saturación baja (3/10) que aporta amplitud visual.,Alto,Baja,Luminoso;Amplio;Cálido;Acogedor
30RR 26/335,Pasionaria,Cálido,3,4,Piedra,Dramático,Living,Blanco;Madera clara;Beige;Blanco roto,Blanco;Crema;Azul profundo,Piedra cálido de luminosidad bajo (3/10) y saturación baja (4/10) que genera profundidad.,Bajo,Baja,Profundo;Cálido;Acogedor;Natural
32RR 50/280,Pastilla de Cereza,Cálido,5,6,Piedra,Rústico;Mediterráneo,Comedor;Living,Blanco;Madera clara;Beige;Neutros,Blanco;Crema;Azul profundo,Piedra cálido de luminosidad medio (5/10) y saturación media (6/10) que equilibra el espacio.,Medio,Media,Suave;Cálido;Acogedor;Natural
70RR 66/072,Penélope,Cálido,7,3,Piedra,Minimalista;Nórdico;Japandi;Rústico;Mediterráneo,Living;Comedor;Cocina;Dormitorio;Pasillo,Blanco;Madera clara;Beige,Negro mate;Grafito;Azul profundo,Piedra cálido de luminosidad alto (7/10) y saturación baja (3/10) que aporta amplitud visual.,Alto,Baja,Luminoso;Amplio;Cálido;Acogedor
70RR 48/184,Peonías Frescas,Cálido,5,4,Piedra,Rústico;Mediterráneo,Dormitorio;Pasillo,Blanco;Madera clara;Beige,Blanco;Crema;Azul profundo,Piedra cálido de luminosidad medio (5/10) y saturación baja (4/10) que equilibra el espacio.,Medio,Baja,Suave;Cálido;Acogedor;Natural
10RR 35/133,Perfume de Higo,Cálido,4,2,Gris cálido,Contemporáneo,Living,Blanco;Madera clara;Beige;Blanco roto,Blanco;Crema;Azul profundo,Gris cálido cálido de luminosidad bajo (4/10) y saturación muy baja (2/10) que equilibra el espacio.,Bajo,Muy Baja,Suave;Cálido;Acogedor;Sobrio
90RR 68/090,Perla de Princesa,Cálido,7,5,Arena,Rústico;Mediterráneo,Living;Comedor;Cocina;Dormitorio;Pasillo,Blanco;Madera clara;Beige,Negro mate;Grafito;Azul profundo,Arena cálido de luminosidad alto (7/10) y saturación media (5/10) que aporta amplitud visual.,Alto,Media,Luminoso;Amplio;Cálido;Acogedor
25YR 71/129,Pink à la mode,Cálido,7,7,Arena,Pop;Maximalista,Living;Dormitorio;Comedor;Cocina;Baño;Pasillo;Home office;Cuarto de niños,Blanco;Madera clara;Beige;Neutros,Negro mate;Grafito;Azul profundo,Arena cálido de luminosidad alto (7/10) y saturación alta (7/10) que aporta amplitud visual.,Alto,Alta,Luminoso;Amplio;Cálido;Acogedor
78RR 71/148,Piñón,Cálido,7,7,Piedra,Pop;Maximalista,Living;Comedor;Cocina,Blanco;Madera clara;Beige;Neutros,Negro mate;Grafito;Azul profundo,Piedra cálido de luminosidad alto (7/10) y saturación alta (7/10) que aporta amplitud visual.,Alto,Alta,Luminoso;Amplio;Cálido;Acogedor
50RR 13/343,Pitanga Helada *,Cálido,2,4,Piedra,Dramático,Living,Blanco;Madera clara;Beige;Blanco roto,Blanco;Crema;Azul profundo,Piedra cálido de luminosidad muy bajo (2/10) y saturación baja (4/10) que genera profundidad.,Muy Bajo,Baja,Profundo;Cálido;Acogedor;Natural
14YR 10/434,Pitanga Madura *,Cálido,2,6,Terracota,Dramático,Comedor;Living,Blanco;Madera clara;Beige;Blanco roto;Neutros,Blanco;Crema;Azul profundo,Terracota cálido de luminosidad muy bajo (2/10) y saturación media (6/10) que genera profundidad.,Muy Bajo,Media,Profundo;Cálido;Acogedor;Natural
10YR 38/318,Playa de Coral,Cálido,4,6,Arena,Contemporáneo,Comedor;Living,Blanco;Madera clara;Beige;Blanco roto;Neutros,Blanco;Crema;Azul profundo,Arena cálido de luminosidad bajo (4/10) y saturación media (6/10) que equilibra el espacio.,Bajo,Media,Suave;Cálido;Acogedor;Natural
70RR 74/059,Playa Rosa,Cálido,8,4,Arena,Minimalista;Nórdico;Japandi;Rústico;Mediterráneo,Living;Comedor;Cocina;Dormitorio;Pasillo,Blanco;Madera clara;Beige,Negro mate;Grafito;Azul profundo,Arena cálido de luminosidad alto (8/10) y saturación baja (4/10) que aporta amplitud visual.,Alto,Baja,Luminoso;Amplio;Cálido;Acogedor
70RR 13/233,Pluma Roja,Cálido,2,3,Piedra,Dramático,Living,Blanco;Madera clara;Beige;Blanco roto,Blanco;Crema;Azul profundo,Piedra cálido de luminosidad muy bajo (2/10) y saturación baja (3/10) que genera profundidad.,Muy Bajo,Baja,Profundo;Cálido;Acogedor;Sobrio
10RR 26/163,Poema,Cálido,3,2,Gris cálido,Dramático,Living,Blanco;Madera clara;Beige;Blanco roto,Blanco;Crema;Azul profundo,Gris cálido cálido de luminosidad bajo (3/10) y saturación muy baja (2/10) que genera profundidad.,Bajo,Muy Baja,Profundo;Cálido;Acogedor;Sobrio
30YR 64/058,Poesía,Cálido,7,3,Arena,Minimalista;Nórdico;Japandi;Rústico;Mediterráneo,Living;Comedor;Cocina;Dormitorio;Pasillo,Blanco;Madera clara;Beige,Negro mate;Grafito;Azul profundo,Arena cálido de luminosidad alto (7/10) y saturación baja (3/10) que aporta amplitud visual.,Alto,Baja,Luminoso;Amplio;Cálido;Acogedor
30RR 73/033,Polvo de Mármol,Cálido,7,2,Gris cálido,Minimalista;Nórdico;Japandi;Rústico;Mediterráneo,Living;Comedor;Cocina;Dormitorio;Pasillo,Blanco;Madera clara;Beige,Negro mate;Grafito;Azul profundo,Gris cálido cálido de luminosidad alto (7/10) y saturación muy baja (2/10) que aporta amplitud visual.,Alto,Muy Baja,Luminoso;Amplio;Cálido;Acogedor
16YR 79/080,Porcelana Rosada,Cálido,8,6,Arena,Rústico;Mediterráneo,Living;Comedor;Cocina,Blanco;Madera clara;Beige;Neutros,Negro mate;Grafito;Azul profundo,Arena cálido de luminosidad alto (8/10) y saturación media (6/10) que aporta amplitud visual.,Alto,Media,Luminoso;Amplio;Cálido;Acogedor
70RR 43/104,Porción de Moras,Cálido,5,3,Piedra,Rústico;Mediterráneo,Dormitorio;Pasillo,Blanco;Madera clara;Beige,Blanco;Crema;Azul profundo,Piedra cálido de luminosidad medio (5/10) y saturación baja (3/10) que equilibra el espacio.,Medio,Baja,Suave;Cálido;Acogedor;Sobrio
10YR 83/025,Primer Rubor,Cálido,8,3,Marfil,Minimalista;Nórdico;Japandi;Rústico;Mediterráneo,Living;Comedor;Cocina;Dormitorio;Pasillo,Blanco;Madera clara;Beige,Negro mate;Grafito;Azul profundo,Marfil cálido de luminosidad alto (8/10) y saturación baja (3/10) que aporta amplitud visual.,Alto,Baja,Luminoso;Amplio;Cálido;Acogedor
95RR 36/390,Princesa Sensacional,Cálido,4,7,Piedra,Pop;Maximalista,Comedor;Living,Blanco;Madera clara;Beige;Blanco roto;Neutros,Blanco;Crema;Azul profundo,Piedra cálido de luminosidad bajo (4/10) y saturación alta (7/10) que equilibra el espacio.,Bajo,Alta,Suave;Cálido;Acogedor;Alegre
70RR 16/116,Raíz de Rosal,Cálido,2,2,Gris cálido,Dramático,Living,Blanco;Madera clara;Beige;Blanco roto,Blanco;Crema;Azul profundo,Gris cálido cálido de luminosidad muy bajo (2/10) y saturación muy baja (2/10) que genera profundidad.,Muy Bajo,Muy Baja,Profundo;Cálido;Acogedor;Sobrio
49RR 17/416,Reflejo de Rosas,Cálido,2,5,Piedra,Dramático,Comedor;Living,Blanco;Madera clara;Beige;Blanco roto,Blanco;Crema;Azul profundo,Piedra cálido de luminosidad muy bajo (2/10) y saturación media (5/10) que genera profundidad.,Muy Bajo,Media,Profundo;Cálido;Acogedor;Natural
57RR 62/183,Reflejo Vivaz,Cálido,6,6,Piedra,Rústico;Mediterráneo,Comedor;Living,Blanco;Madera clara;Beige;Neutros,Blanco;Crema;Azul profundo,Piedra cálido de luminosidad medio (6/10) y saturación media (6/10) que equilibra el espacio.,Medio,Media,Suave;Cálido;Acogedor;Natural
50RR 11/286,Reina,Cálido,2,4,Piedra,Dramático,Living,Blanco;Madera clara;Beige;Blanco roto,Blanco;Crema;Azul profundo,Piedra cálido de luminosidad muy bajo (2/10) y saturación baja (4/10) que genera profundidad.,Muy Bajo,Baja,Profundo;Cálido;Acogedor;Natural
91RR 51/304,Revelación Rosada,Cálido,5,8,Piedra,Pop;Maximalista,Comedor;Living,Blanco;Madera clara;Beige;Neutros,Blanco;Crema;Azul profundo,Piedra cálido de luminosidad medio (5/10) y saturación alta (8/10) que equilibra el espacio.,Medio,Alta,Suave;Cálido;Acogedor;Alegre
00YR 17/365,Revolución Rosa,Cálido,2,4,Piedra,Dramático,Living,Blanco;Madera clara;Beige;Blanco roto,Blanco;Crema;Azul profundo,Piedra cálido de luminosidad muy bajo (2/10) y saturación baja (4/10) que genera profundidad.,Muy Bajo,Baja,Profundo;Cálido;Acogedor;Natural
31YR 10/591,Rojo Carmesí *,Cálido,2,6,Piedra,Dramático,Comedor;Living,Blanco;Madera clara;Beige;Blanco roto;Neutros,Blanco;Crema;Azul profundo,Piedra cálido de luminosidad muy bajo (2/10) y saturación media (6/10) que genera profundidad.,Muy Bajo,Media,Profundo;Cálido;Acogedor;Natural
10YR 09/250,Rojo Colonia,Cálido,2,4,Terracota,Dramático,Living,Blanco;Madera clara;Beige;Blanco roto,Blanco;Crema;Azul profundo,Terracota cálido de luminosidad muy bajo (2/10) y saturación baja (4/10) que genera profundidad.,Muy Bajo,Baja,Profundo;Cálido;Acogedor;Natural
90RR 20/296,Rojo Envejecido,Cálido,3,4,Piedra,Dramático,Living,Blanco;Madera clara;Beige;Blanco roto,Blanco;Crema;Azul profundo,Piedra cálido de luminosidad bajo (3/10) y saturación baja (4/10) que genera profundidad.,Bajo,Baja,Profundo;Cálido;Acogedor;Natural
10YR 17/465,Rojo Francia,Cálido,2,5,Terracota,Dramático,Comedor;Living,Blanco;Madera clara;Beige;Blanco roto,Blanco;Crema;Azul profundo,Terracota cálido de luminosidad muy bajo (2/10) y saturación media (5/10) que genera profundidad.,Muy Bajo,Media,Profundo;Cálido;Acogedor;Natural
30YR 14/365,Rojo Henna,Cálido,2,5,Terracota,Dramático,Comedor;Living,Blanco;Madera clara;Beige;Blanco roto,Blanco;Crema;Azul profundo,Terracota cálido de luminosidad muy bajo (2/10) y saturación media (5/10) que genera profundidad.,Muy Bajo,Media,Profundo;Cálido;Acogedor;Natural
30YR 07/354,Rojo Libertad,Cálido,2,5,Terracota,Dramático,Comedor;Living,Blanco;Madera clara;Beige;Blanco roto,Blanco;Crema;Azul profundo,Terracota cálido de luminosidad muy bajo (2/10) y saturación media (5/10) que genera profundidad.,Muy Bajo,Media,Profundo;Cálido;Acogedor;Natural
99RR 12/469,Rojo Matiz,Cálido,2,6,Piedra,Dramático,Living;Dormitorio;Comedor;Cocina;Baño;Pasillo;Home office;Cuarto de niños,Blanco;Madera clara;Beige;Blanco roto;Neutros,Blanco;Crema;Azul profundo,Piedra cálido de luminosidad muy bajo (2/10) y saturación media (6/10) que genera profundidad.,Muy Bajo,Media,Profundo;Cálido;Acogedor;Natural
30RR 17/140,Rojo Místico,Cálido,2,2,Gris cálido,Dramático,Living,Blanco;Madera clara;Beige;Blanco roto,Blanco;Crema;Azul profundo,Gris cálido cálido de luminosidad muy bajo (2/10) y saturación muy baja (2/10) que genera profundidad.,Muy Bajo,Muy Baja,Profundo;Cálido;Acogedor;Sobrio
64RR 12/436,Rojo Picante *,Cálido,2,6,Piedra,Dramático,Comedor;Living,Blanco;Madera clara;Beige;Blanco roto;Neutros,Blanco;Crema;Azul profundo,Piedra cálido de luminosidad muy bajo (2/10) y saturación media (6/10) que genera profundidad.,Muy Bajo,Media,Profundo;Cálido;Acogedor;Natural
30RR 15/375,Rojo Primoroso,Cálido,2,4,Piedra,Dramático,Living,Blanco;Madera clara;Beige;Blanco roto,Blanco;Crema;Azul profundo,Piedra cálido de luminosidad muy bajo (2/10) y saturación baja (4/10) que genera profundidad.,Muy Bajo,Baja,Profundo;Cálido;Acogedor;Natural
16YR 13/558,Rojo Semáforo,Cálido,2,7,Terracota,Pop;Maximalista;Dramático,Comedor;Living,Blanco;Madera clara;Beige;Blanco roto;Neutros,Blanco;Crema;Azul profundo,Terracota cálido de luminosidad muy bajo (2/10) y saturación alta (7/10) que genera profundidad.,Muy Bajo,Alta,Profundo;Cálido;Acogedor;Alegre
70RR 10/250,Rojo Tapiz,Cálido,2,4,Piedra,Dramático,Living,Blanco;Madera clara;Beige;Blanco roto,Blanco;Crema;Azul profundo,Piedra cálido de luminosidad muy bajo (2/10) y saturación baja (4/10) que genera profundidad.,Muy Bajo,Baja,Profundo;Cálido;Acogedor;Natural
95RR 07/271,Rojo Tierra,Cálido,1,5,Piedra,Dramático,Comedor;Living,Blanco;Madera clara;Beige;Blanco roto,Blanco;Crema;Azul profundo,Piedra cálido de luminosidad muy bajo (1/10) y saturación media (5/10) que genera profundidad.,Muy Bajo,Media,Profundo;Cálido;Acogedor;Natural
90RR 11/257,Rojo Tribal,Cálido,2,4,Piedra,Dramático,Living,Blanco;Madera clara;Beige;Blanco roto,Blanco;Crema;Azul profundo,Piedra cálido de luminosidad muy bajo (2/10) y saturación baja (4/10) que genera profundidad.,Muy Bajo,Baja,Profundo;Cálido;Acogedor;Natural
98RR 12/480,Rojo Victoriano *,Cálido,2,6,Piedra,Dramático,Comedor;Living,Blanco;Madera clara;Beige;Blanco roto;Neutros,Blanco;Crema;Azul profundo,Piedra cálido de luminosidad muy bajo (2/10) y saturación media (6/10) que genera profundidad.,Muy Bajo,Media,Profundo;Cálido;Acogedor;Natural
04YR 27/258,Romance Rústico,Cálido,3,4,Terracota,Dramático,Living;Dormitorio;Comedor;Cocina;Baño;Pasillo;Home office;Cuarto de niños,Blanco;Madera clara;Beige;Blanco roto,Blanco;Crema;Azul profundo,Terracota cálido de luminosidad bajo (3/10) y saturación baja (4/10) que genera profundidad.,Bajo,Baja,Profundo;Cálido;Acogedor;Natural
75RR 63/207,Rosa Algodón Dulce,Cálido,6,7,Piedra,Pop;Maximalista,Comedor;Living,Blanco;Madera clara;Beige;Neutros,Blanco;Crema;Azul profundo,Piedra cálido de luminosidad medio (6/10) y saturación alta (7/10) que equilibra el espacio.,Medio,Alta,Suave;Cálido;Acogedor;Alegre
95RB 56/237,Rosa Angora,Cálido,6,5,Piedra,Rústico;Mediterráneo,Dormitorio;Pasillo;Comedor;Living,Blanco;Madera clara;Beige,Blanco;Crema;Azul profundo,Piedra cálido de luminosidad medio (6/10) y saturación media (5/10) que equilibra el espacio.,Medio,Media,Suave;Cálido;Acogedor;Natural
70RR 25/338,Rosa Arbórea,Cálido,3,5,Piedra,Dramático,Comedor;Living,Blanco;Madera clara;Beige;Blanco roto,Blanco;Crema;Azul profundo,Piedra cálido de luminosidad bajo (3/10) y saturación media (5/10) que genera profundidad.,Bajo,Media,Profundo;Cálido;Acogedor;Natural
10YR 67/111,Rosa Ballet,Cálido,7,5,Arena,Rústico;Mediterráneo,Living;Comedor;Cocina;Dormitorio;Pasillo,Blanco;Madera clara;Beige,Negro mate;Grafito;Azul profundo,Arena cálido de luminosidad alto (7/10) y saturación media (5/10) que aporta amplitud visual.,Alto,Media,Luminoso;Amplio;Cálido;Acogedor
50RR 32/262,Rosa Bella,Cálido,4,4,Piedra,Contemporáneo,Living,Blanco;Madera clara;Beige;Blanco roto,Blanco;Crema;Azul profundo,Piedra cálido de luminosidad bajo (4/10) y saturación baja (4/10) que equilibra el espacio.,Bajo,Baja,Suave;Cálido;Acogedor;Natural
70RR 30/216,Rosa Berberís,Cálido,4,4,Piedra,Contemporáneo,Living,Blanco;Madera clara;Beige;Blanco roto,Blanco;Crema;Azul profundo,Piedra cálido de luminosidad bajo (4/10) y saturación baja (4/10) que equilibra el espacio.,Bajo,Baja,Suave;Cálido;Acogedor;Natural
90RR 26/315,Rosa Beso,Cálido,3,5,Piedra,Dramático,Comedor;Living,Blanco;Madera clara;Beige;Blanco roto,Blanco;Crema;Azul profundo,Piedra cálido de luminosidad bajo (3/10) y saturación media (5/10) que genera profundidad.,Bajo,Media,Profundo;Cálido;Acogedor;Natural
90RR 76/062,Rosa Brumoso,Cálido,8,4,Arena,Minimalista;Nórdico;Japandi;Rústico;Mediterráneo,Living;Comedor;Cocina;Dormitorio;Pasillo,Blanco;Madera clara;Beige,Negro mate;Grafito;Azul profundo,Arena cálido de luminosidad alto (8/10) y saturación baja (4/10) que aporta amplitud visual.,Alto,Baja,Luminoso;Amplio;Cálido;Acogedor
70RR 19/190,Rosa Capri,Cálido,3,3,Piedra,Dramático,Living,Blanco;Madera clara;Beige;Blanco roto,Blanco;Crema;Azul profundo,Piedra cálido de luminosidad bajo (3/10) y saturación baja (3/10) que genera profundidad.,Bajo,Baja,Profundo;Cálido;Acogedor;Sobrio
96RB 22/393,Rosa Carmín,Cálido,3,4,Piedra,Dramático,Living,Blanco;Madera clara;Beige;Blanco roto,Blanco;Crema;Azul profundo,Piedra cálido de luminosidad bajo (3/10) y saturación baja (4/10) que genera profundidad.,Bajo,Baja,Profundo;Cálido;Acogedor;Natural
21RR 36/354,Rosa Carnaval,Cálido,4,5,Piedra,Contemporáneo,Comedor;Living,Blanco;Madera clara;Beige;Blanco roto,Blanco;Crema;Azul profundo,Piedra cálido de luminosidad bajo (4/10) y saturación media (5/10) que equilibra el espacio.,Bajo,Media,Suave;Cálido;Acogedor;Natural
93RR 70/157,Rosa Casa de Muñecas,Cálido,7,8,Arena,Pop;Maximalista,Living;Comedor;Cocina,Blanco;Madera clara;Beige;Neutros,Negro mate;Grafito;Azul profundo,Arena cálido de luminosidad alto (7/10) y saturación alta (8/10) que aporta amplitud visual.,Alto,Alta,Luminoso;Amplio;Cálido;Acogedor
10YR 65/059,Rosa Ceniza,Cálido,7,3,Arena,Minimalista;Nórdico;Japandi;Rústico;Mediterráneo,Living;Comedor;Cocina;Dormitorio;Pasillo,Blanco;Madera clara;Beige,Negro mate;Grafito;Azul profundo,Arena cálido de luminosidad alto (7/10) y saturación baja (3/10) que aporta amplitud visual.,Alto,Baja,Luminoso;Amplio;Cálido;Acogedor
47RR 33/395,Rosa Chicle,Cálido,4,6,Piedra,Contemporáneo,Comedor;Living,Blanco;Madera clara;Beige;Blanco roto;Neutros,Blanco;Crema;Azul profundo,Piedra cálido de luminosidad bajo (4/10) y saturación media (6/10) que equilibra el espacio.,Bajo,Media,Suave;Cálido;Acogedor;Natural
54RR 52/260,Rosa Chispeante,Cálido,5,7,Piedra,Pop;Maximalista,Comedor;Living,Blanco;Madera clara;Beige;Neutros,Blanco;Crema;Azul profundo,Piedra cálido de luminosidad medio (5/10) y saturación alta (7/10) que equilibra el espacio.,Medio,Alta,Suave;Cálido;Acogedor;Alegre
70RR 32/139,Rosa Colonial,Cálido,4,3,Piedra,Contemporáneo,Living,Blanco;Madera clara;Beige;Blanco roto,Blanco;Crema;Azul profundo,Piedra cálido de luminosidad bajo (4/10) y saturación baja (3/10) que equilibra el espacio.,Bajo,Baja,Suave;Cálido;Acogedor;Sobrio
37RR 42/310,Rosa Confite,Cálido,5,6,Piedra,Rústico;Mediterráneo,Comedor;Living,Blanco;Madera clara;Beige;Neutros,Blanco;Crema;Azul profundo,Piedra cálido de luminosidad medio (5/10) y saturación media (6/10) que equilibra el espacio.,Medio,Media,Suave;Cálido;Acogedor;Natural
24YR 72/146,Rosa de Hadas,Cálido,7,7,Arena,Pop;Maximalista,Living;Comedor;Cocina,Blanco;Madera clara;Beige;Neutros,Negro mate;Grafito;Azul profundo,Arena cálido de luminosidad alto (7/10) y saturación alta (7/10) que aporta amplitud visual.,Alto,Alta,Luminoso;Amplio;Cálido;Acogedor
10RR 18/350,Rosa de Jardín,Cálido,3,4,Piedra,Dramático,Living,Blanco;Madera clara;Beige;Blanco roto,Blanco;Crema;Azul profundo,Piedra cálido de luminosidad bajo (3/10) y saturación baja (4/10) que genera profundidad.,Bajo,Baja,Profundo;Cálido;Acogedor;Natural
90RR 27/440,Rosa Elegante,Cálido,3,6,Piedra,Dramático,Comedor;Living,Blanco;Madera clara;Beige;Blanco roto;Neutros,Blanco;Crema;Azul profundo,Piedra cálido de luminosidad bajo (3/10) y saturación media (6/10) que genera profundidad.,Bajo,Media,Profundo;Cálido;Acogedor;Natural
42RR 26/194,Rosa Emoción,Cálido,3,3,Piedra,Dramático,Living;Dormitorio;Comedor;Cocina;Baño;Pasillo;Home office;Cuarto de niños,Blanco;Madera clara;Beige;Blanco roto,Blanco;Crema;Azul profundo,Piedra cálido de luminosidad bajo (3/10) y saturación baja (3/10) que genera profundidad.,Bajo,Baja,Profundo;Cálido;Acogedor;Sobrio
71RR 23/421,Rosa Espléndido,Cálido,3,5,Piedra,Dramático,Living;Dormitorio;Comedor;Cocina;Baño;Pasillo;Home office;Cuarto de niños,Blanco;Madera clara;Beige;Blanco roto,Blanco;Crema;Azul profundo,Piedra cálido de luminosidad bajo (3/10) y saturación media (5/10) que genera profundidad.,Bajo,Media,Profundo;Cálido;Acogedor;Natural
02RR 35/376,Rosa Exótico,Cálido,4,5,Piedra,Contemporáneo,Comedor;Living,Blanco;Madera clara;Beige;Blanco roto,Blanco;Crema;Azul profundo,Piedra cálido de luminosidad bajo (4/10) y saturación media (5/10) que equilibra el espacio.,Bajo,Media,Suave;Cálido;Acogedor;Natural
71RR 58/199,Rosa Fantástico,Cálido,6,6,Piedra,Rústico;Mediterráneo,Living;Dormitorio;Comedor;Cocina;Baño;Pasillo;Home office;Cuarto de niños,Blanco;Madera clara;Beige;Neutros,Blanco;Crema;Azul profundo,Piedra cálido de luminosidad medio (6/10) y saturación media (6/10) que equilibra el espacio.,Medio,Media,Suave;Cálido;Acogedor;Natural
47RR 32/383,Rosa Flamenco,Cálido,4,6,Piedra,Contemporáneo,Comedor;Living,Blanco;Madera clara;Beige;Blanco roto;Neutros,Blanco;Crema;Azul profundo,Piedra cálido de luminosidad bajo (4/10) y saturación media (6/10) que equilibra el espacio.,Bajo,Media,Suave;Cálido;Acogedor;Natural
90RR 43/290,Rosa Florida,Cálido,5,6,Piedra,Rústico;Mediterráneo,Comedor;Living,Blanco;Madera clara;Beige;Neutros,Blanco;Crema;Azul profundo,Piedra cálido de luminosidad medio (5/10) y saturación media (6/10) que equilibra el espacio.,Medio,Media,Suave;Cálido;Acogedor;Natural
64RR 80/073,Rosa Gélido,Cálido,8,5,Piedra,Rústico;Mediterráneo,Living;Comedor;Cocina;Dormitorio;Pasillo,Blanco;Madera clara;Beige,Negro mate;Grafito;Azul profundo,Piedra cálido de luminosidad alto (8/10) y saturación media (5/10) que aporta amplitud visual.,Alto,Media,Luminoso;Amplio;Cálido;Acogedor
70RR 38/246,Rosa India,Cálido,4,5,Piedra,Contemporáneo,Comedor;Living,Blanco;Madera clara;Beige;Blanco roto,Blanco;Crema;Azul profundo,Piedra cálido de luminosidad bajo (4/10) y saturación media (5/10) que equilibra el espacio.,Bajo,Media,Suave;Cálido;Acogedor;Natural
50RR 61/129,Rosa Inglesa,Cálido,6,4,Piedra,Rústico;Mediterráneo,Dormitorio;Pasillo,Blanco;Madera clara;Beige,Blanco;Crema;Azul profundo,Piedra cálido de luminosidad medio (6/10) y saturación baja (4/10) que equilibra el espacio.,Medio,Baja,Suave;Cálido;Acogedor;Natural
28YR 67/165,Rosa Inspirador,Cálido,7,8,Arena,Pop;Maximalista,Living;Comedor;Cocina,Blanco;Madera clara;Beige;Neutros,Negro mate;Grafito;Azul profundo,Arena cálido de luminosidad alto (7/10) y saturación alta (8/10) que aporta amplitud visual.,Alto,Alta,Luminoso;Amplio;Cálido;Acogedor
70RR 40/168,Rosa Irlandesa,Cálido,4,3,Piedra,Contemporáneo,Living,Blanco;Madera clara;Beige;Blanco roto,Blanco;Crema;Azul profundo,Piedra cálido de luminosidad bajo (4/10) y saturación baja (3/10) que equilibra el espacio.,Bajo,Baja,Suave;Cálido;Acogedor;Sobrio
10YR 27/323,Rosa Madera,Cálido,3,5,Terracota,Dramático,Comedor;Living,Blanco;Madera clara;Beige;Blanco roto,Blanco;Crema;Azul profundo,Terracota cálido de luminosidad bajo (3/10) y saturación media (5/10) que genera profundidad.,Bajo,Media,Profundo;Cálido;Acogedor;Natural
10YR 50/101,Rosa Marchita,Cálido,5,3,Arena,Rústico;Mediterráneo,Dormitorio;Pasillo,Blanco;Madera clara;Beige,Blanco;Crema;Azul profundo,Arena cálido de luminosidad medio (5/10) y saturación baja (3/10) que equilibra el espacio.,Medio,Baja,Suave;Cálido;Acogedor;Sobrio
70RR 67/092,Rosa Menta,Cálido,7,4,Piedra,Minimalista;Nórdico;Japandi;Rústico;Mediterráneo,Living;Comedor;Cocina;Dormitorio;Pasillo,Blanco;Madera clara;Beige,Negro mate;Grafito;Azul profundo,Piedra cálido de luminosidad alto (7/10) y saturación baja (4/10) que aporta amplitud visual.,Alto,Baja,Luminoso;Amplio;Cálido;Acogedor
99RR 27/498,Rosa Neón,Cálido,3,7,Piedra,Pop;Maximalista;Dramático,Comedor;Living,Blanco;Madera clara;Beige;Blanco roto;Neutros,Blanco;Crema;Azul profundo,Piedra cálido de luminosidad bajo (3/10) y saturación alta (7/10) que genera profundidad.,Bajo,Alta,Profundo;Cálido;Acogedor;Alegre
90RR 62/124,Rosa Nevada,Cálido,6,5,Piedra,Rústico;Mediterráneo,Dormitorio;Pasillo;Comedor;Living,Blanco;Madera clara;Beige,Blanco;Crema;Azul profundo,Piedra cálido de luminosidad medio (6/10) y saturación media (5/10) que equilibra el espacio.,Medio,Media,Suave;Cálido;Acogedor;Natural
50RR 26/431,Rosa Notorio,Cálido,3,6,Piedra,Dramático,Comedor;Living,Blanco;Madera clara;Beige;Blanco roto;Neutros,Blanco;Crema;Azul profundo,Piedra cálido de luminosidad bajo (3/10) y saturación media (6/10) que genera profundidad.,Bajo,Media,Profundo;Cálido;Acogedor;Natural
50RR 65/065,Rosa Nuevo,Cálido,7,3,Piedra,Minimalista;Nórdico;Japandi;Rústico;Mediterráneo,Living;Comedor;Cocina;Dormitorio;Pasillo,Blanco;Madera clara;Beige,Negro mate;Grafito;Azul profundo,Piedra cálido de luminosidad alto (7/10) y saturación baja (3/10) que aporta amplitud visual.,Alto,Baja,Luminoso;Amplio;Cálido;Acogedor
77RR 16/420,Rosa Osado,Cálido,2,5,Piedra,Dramático,Living;Dormitorio;Comedor;Cocina;Baño;Pasillo;Home office;Cuarto de niños,Blanco;Madera clara;Beige;Blanco roto,Blanco;Crema;Azul profundo,Piedra cálido de luminosidad muy bajo (2/10) y saturación media (5/10) que genera profundidad.,Muy Bajo,Media,Profundo;Cálido;Acogedor;Natural
50RR 49/195,Rosa Pátina,Cálido,5,5,Piedra,Rústico;Mediterráneo,Dormitorio;Pasillo;Comedor;Living,Blanco;Madera clara;Beige,Blanco;Crema;Azul profundo,Piedra cálido de luminosidad medio (5/10) y saturación media (5/10) que equilibra el espacio.,Medio,Media,Suave;Cálido;Acogedor;Natural
30YR 83/029,Rosa Penélope,Cálido,8,4,Arena,Minimalista;Nórdico;Japandi;Rústico;Mediterráneo,Living;Comedor;Cocina;Dormitorio;Pasillo,Blanco;Madera clara;Beige,Negro mate;Grafito;Azul profundo,Arena cálido de luminosidad alto (8/10) y saturación baja (4/10) que aporta amplitud visual.,Alto,Baja,Luminoso;Amplio;Cálido;Acogedor
98RR 80/078,Rosa Perfecto,Cálido,8,6,Arena,Rústico;Mediterráneo,Living;Comedor;Cocina,Blanco;Madera clara;Beige;Neutros,Negro mate;Grafito;Azul profundo,Arena cálido de luminosidad alto (8/10) y saturación media (6/10) que aporta amplitud visual.,Alto,Media,Luminoso;Amplio;Cálido;Acogedor
10YR 57/080,Rosa Puccini,Cálido,6,3,Arena,Rústico;Mediterráneo,Dormitorio;Pasillo,Blanco;Madera clara;Beige,Blanco;Crema;Azul profundo,Arena cálido de luminosidad medio (6/10) y saturación baja (3/10) que equilibra el espacio.,Medio,Baja,Suave;Cálido;Acogedor;Sobrio
90RR 83/030,Rosa Puro,Cálido,8,3,Arena,Minimalista;Nórdico;Japandi;Rústico;Mediterráneo,Living;Comedor;Cocina;Dormitorio;Pasillo,Blanco;Madera clara;Beige,Negro mate;Grafito;Azul profundo,Arena cálido de luminosidad alto (8/10) y saturación baja (3/10) que aporta amplitud visual.,Alto,Baja,Luminoso;Amplio;Cálido;Acogedor
50RR 19/203,Rosa Real,Cálido,3,3,Piedra,Dramático,Living,Blanco;Madera clara;Beige;Blanco roto,Blanco;Crema;Azul profundo,Piedra cálido de luminosidad bajo (3/10) y saturación baja (3/10) que genera profundidad.,Bajo,Baja,Profundo;Cálido;Acogedor;Sobrio
90RR 28/245,Rosa Renacentista,Cálido,3,4,Piedra,Dramático,Living,Blanco;Madera clara;Beige;Blanco roto,Blanco;Crema;Azul profundo,Piedra cálido de luminosidad bajo (3/10) y saturación baja (4/10) que genera profundidad.,Bajo,Baja,Profundo;Cálido;Acogedor;Natural
70RR 52/120,Rosa Restauración,Cálido,6,4,Piedra,Rústico;Mediterráneo,Dormitorio;Pasillo,Blanco;Madera clara;Beige,Blanco;Crema;Azul profundo,Piedra cálido de luminosidad medio (6/10) y saturación baja (4/10) que equilibra el espacio.,Medio,Baja,Suave;Cálido;Acogedor;Natural
30RR 54/145,Rosa Retro,Cálido,6,4,Piedra,Rústico;Mediterráneo,Dormitorio;Pasillo,Blanco;Madera clara;Beige,Blanco;Crema;Azul profundo,Piedra cálido de luminosidad medio (6/10) y saturación baja (4/10) que equilibra el espacio.,Medio,Baja,Suave;Cálido;Acogedor;Natural
90RR 39/226,Rosa Río,Cálido,4,4,Piedra,Contemporáneo,Living,Blanco;Madera clara;Beige;Blanco roto,Blanco;Crema;Azul profundo,Piedra cálido de luminosidad bajo (4/10) y saturación baja (4/10) que equilibra el espacio.,Bajo,Baja,Suave;Cálido;Acogedor;Natural
90RR 18/450,Rosa Roja,Cálido,3,5,Piedra,Dramático,Comedor;Living,Blanco;Madera clara;Beige;Blanco roto,Blanco;Crema;Azul profundo,Piedra cálido de luminosidad bajo (3/10) y saturación media (5/10) que genera profundidad.,Bajo,Media,Profundo;Cálido;Acogedor;Natural
50RR 75/068,Rosa Romántico,Cálido,8,4,Piedra,Minimalista;Nórdico;Japandi;Rústico;Mediterráneo,Living;Comedor;Cocina;Dormitorio;Pasillo,Blanco;Madera clara;Beige,Negro mate;Grafito;Azul profundo,Piedra cálido de luminosidad alto (8/10) y saturación baja (4/10) que aporta amplitud visual.,Alto,Baja,Luminoso;Amplio;Cálido;Acogedor
86RB 65/163,Rosa Rosa,Cálido,7,4,Piedra,Minimalista;Nórdico;Japandi;Rústico;Mediterráneo,Living;Comedor;Cocina;Dormitorio;Pasillo,Blanco;Madera clara;Beige,Negro mate;Grafito;Azul profundo,Piedra cálido de luminosidad alto (7/10) y saturación baja (4/10) que aporta amplitud visual.,Alto,Baja,Luminoso;Amplio;Cálido;Acogedor
70RR 26/240,Rosa Rural,Cálido,3,3,Piedra,Dramático,Living,Blanco;Madera clara;Beige;Blanco roto,Blanco;Crema;Azul profundo,Piedra cálido de luminosidad bajo (3/10) y saturación baja (3/10) que genera profundidad.,Bajo,Baja,Profundo;Cálido;Acogedor;Sobrio
70RR 27/375,Rosa Sabana,Cálido,3,5,Piedra,Dramático,Comedor;Living,Blanco;Madera clara;Beige;Blanco roto,Blanco;Crema;Azul profundo,Piedra cálido de luminosidad bajo (3/10) y saturación media (5/10) que genera profundidad.,Bajo,Media,Profundo;Cálido;Acogedor;Natural
85RR 75/032,Rosa Sedosa,Cálido,8,2,Marfil,Minimalista;Nórdico;Japandi;Rústico;Mediterráneo,Living;Dormitorio;Comedor;Cocina;Baño;Pasillo;Home office;Cuarto de niños,Blanco;Madera clara;Beige,Negro mate;Grafito;Azul profundo,Marfil cálido de luminosidad alto (8/10) y saturación muy baja (2/10) que aporta amplitud visual.,Alto,Muy Baja,Luminoso;Amplio;Cálido;Acogedor
76RR 40/294,Rosa Silvestre,Cálido,4,6,Piedra,Contemporáneo,Living;Dormitorio;Comedor;Cocina;Baño;Pasillo;Home office;Cuarto de niños,Blanco;Madera clara;Beige;Blanco roto;Neutros,Blanco;Crema;Azul profundo,Piedra cálido de luminosidad bajo (4/10) y saturación media (6/10) que equilibra el espacio.,Bajo,Media,Suave;Cálido;Acogedor;Natural
55RR 75/106,Rosa Sinfonía,Cálido,7,6,Piedra,Rústico;Mediterráneo,Living;Comedor;Cocina,Blanco;Madera clara;Beige;Neutros,Negro mate;Grafito;Azul profundo,Piedra cálido de luminosidad alto (7/10) y saturación media (6/10) que aporta amplitud visual.,Alto,Media,Luminoso;Amplio;Cálido;Acogedor
50RR 83/034,Rosa Sombra,Cálido,8,3,Marfil,Minimalista;Nórdico;Japandi;Rústico;Mediterráneo,Living;Comedor;Cocina;Dormitorio;Pasillo,Blanco;Madera clara;Beige,Negro mate;Grafito;Azul profundo,Marfil cálido de luminosidad alto (8/10) y saturación baja (3/10) que aporta amplitud visual.,Alto,Baja,Luminoso;Amplio;Cálido;Acogedor
30YR 83/040,Rosa Sospecha,Cálido,8,4,Arena,Minimalista;Nórdico;Japandi;Rústico;Mediterráneo,Living;Comedor;Cocina;Dormitorio;Pasillo,Blanco;Madera clara;Beige,Negro mate;Grafito;Azul profundo,Arena cálido de luminosidad alto (8/10) y saturación baja (4/10) que aporta amplitud visual.,Alto,Baja,Luminoso;Amplio;Cálido;Acogedor
10YR 16/407,Rosa Suave,Cálido,2,4,Terracota,Dramático,Living,Blanco;Madera clara;Beige;Blanco roto,Blanco;Crema;Azul profundo,Terracota cálido de luminosidad muy bajo (2/10) y saturación baja (4/10) que genera profundidad.,Muy Bajo,Baja,Profundo;Cálido;Acogedor;Natural
81RR 47/323,Rosa Tigre,Cálido,5,7,Piedra,Pop;Maximalista,Comedor;Living,Blanco;Madera clara;Beige;Neutros,Blanco;Crema;Azul profundo,Piedra cálido de luminosidad medio (5/10) y saturación alta (7/10) que equilibra el espacio.,Medio,Alta,Suave;Cálido;Acogedor;Alegre
10YR 83/040,Rosa Tímido,Cálido,8,4,Arena,Minimalista;Nórdico;Japandi;Rústico;Mediterráneo,Living;Comedor;Cocina;Dormitorio;Pasillo,Blanco;Madera clara;Beige,Negro mate;Grafito;Azul profundo,Arena cálido de luminosidad alto (8/10) y saturación baja (4/10) que aporta amplitud visual.,Alto,Baja,Luminoso;Amplio;Cálido;Acogedor
90RR 63/139,Rosa Tudor,Cálido,7,5,Piedra,Rústico;Mediterráneo,Living;Comedor;Cocina;Dormitorio;Pasillo,Blanco;Madera clara;Beige,Negro mate;Grafito;Azul profundo,Piedra cálido de luminosidad alto (7/10) y saturación media (5/10) que aporta amplitud visual.,Alto,Media,Luminoso;Amplio;Cálido;Acogedor
30RR 61/195,Rosa Turco,Cálido,6,6,Piedra,Rústico;Mediterráneo,Comedor;Living,Blanco;Madera clara;Beige;Neutros,Blanco;Crema;Azul profundo,Piedra cálido de luminosidad medio (6/10) y saturación media (6/10) que equilibra el espacio.,Medio,Media,Suave;Cálido;Acogedor;Natural
14RR 48/276,Rosa Valentín,Cálido,5,5,Piedra,Rústico;Mediterráneo,Dormitorio;Pasillo;Comedor;Living,Blanco;Madera clara;Beige,Blanco;Crema;Azul profundo,Piedra cálido de luminosidad medio (5/10) y saturación media (5/10) que equilibra el espacio.,Medio,Media,Suave;Cálido;Acogedor;Natural
10RR 60/197,Rosa Vivo,Cálido,6,5,Piedra,Rústico;Mediterráneo,Dormitorio;Pasillo;Comedor;Living,Blanco;Madera clara;Beige,Blanco;Crema;Azul profundo,Piedra cálido de luminosidad medio (6/10) y saturación media (5/10) que equilibra el espacio.,Medio,Media,Suave;Cálido;Acogedor;Natural
94RR 28/490,Rosado Embriagador,Cálido,3,7,Piedra,Pop;Maximalista;Dramático,Comedor;Living,Blanco;Madera clara;Beige;Blanco roto;Neutros,Blanco;Crema;Azul profundo,Piedra cálido de luminosidad bajo (3/10) y saturación alta (7/10) que genera profundidad.,Bajo,Alta,Profundo;Cálido;Acogedor;Alegre
84RB 60/175,Rosado Intenso,Cálido,6,4,Piedra,Rústico;Mediterráneo,Living;Dormitorio;Comedor;Cocina;Baño;Pasillo;Home office;Cuarto de niños,Blanco;Madera clara;Beige,Blanco;Crema;Azul profundo,Piedra cálido de luminosidad medio (6/10) y saturación baja (4/10) que equilibra el espacio.,Medio,Baja,Suave;Cálido;Acogedor;Natural
50RR 29/198,Rosedal,Cálido,4,3,Piedra,Contemporáneo,Living,Blanco;Madera clara;Beige;Blanco roto,Blanco;Crema;Azul profundo,Piedra cálido de luminosidad bajo (4/10) y saturación baja (3/10) que equilibra el espacio.,Bajo,Baja,Suave;Cálido;Acogedor;Sobrio
10YR 34/359,Rouge Rojo,Cálido,4,6,Arena,Contemporáneo,Comedor;Living,Blanco;Madera clara;Beige;Blanco roto;Neutros,Blanco;Crema;Azul profundo,Arena cálido de luminosidad bajo (4/10) y saturación media (6/10) que equilibra el espacio.,Bajo,Media,Suave;Cálido;Acogedor;Natural
06YR 12/509,Rubí Estridente,Cálido,2,7,Piedra,Pop;Maximalista;Dramático,Comedor;Living,Blanco;Madera clara;Beige;Blanco roto;Neutros,Blanco;Crema;Azul profundo,Piedra cálido de luminosidad muy bajo (2/10) y saturación alta (7/10) que genera profundidad.,Muy Bajo,Alta,Profundo;Cálido;Acogedor;Alegre
50RR 24/321,Rubí Suave,Cálido,3,4,Piedra,Dramático,Living,Blanco;Madera clara;Beige;Blanco roto,Blanco;Crema;Azul profundo,Piedra cálido de luminosidad bajo (3/10) y saturación baja (4/10) que genera profundidad.,Bajo,Baja,Profundo;Cálido;Acogedor;Natural
10YR 83/020,Rubor Avellana,Cálido,8,3,Marfil,Minimalista;Nórdico;Japandi;Rústico;Mediterráneo,Living;Comedor;Cocina;Dormitorio;Pasillo,Blanco;Madera clara;Beige,Negro mate;Grafito;Azul profundo,Marfil cálido de luminosidad alto (8/10) y saturación baja (3/10) que aporta amplitud visual.,Alto,Baja,Luminoso;Amplio;Cálido;Acogedor
30YR 83/011,Rubor Cocoa,Cálido,8,2,Marfil,Minimalista;Nórdico;Japandi;Rústico;Mediterráneo,Living;Comedor;Cocina;Dormitorio;Pasillo,Blanco;Madera clara;Beige,Negro mate;Grafito;Azul profundo,Marfil cálido de luminosidad alto (8/10) y saturación muy baja (2/10) que aporta amplitud visual.,Alto,Muy Baja,Luminoso;Amplio;Cálido;Acogedor
02YR 45/229,Rubor de Peonía,Cálido,5,5,Arena,Rústico;Mediterráneo,Dormitorio;Pasillo;Comedor;Living,Blanco;Madera clara;Beige,Blanco;Crema;Azul profundo,Arena cálido de luminosidad medio (5/10) y saturación media (5/10) que equilibra el espacio.,Medio,Media,Suave;Cálido;Acogedor;Natural
03YR 08/318,Rubor Intenso,Cálido,2,6,Piedra,Dramático,Comedor;Living,Blanco;Madera clara;Beige;Blanco roto;Neutros,Blanco;Crema;Azul profundo,Piedra cálido de luminosidad muy bajo (2/10) y saturación media (6/10) que genera profundidad.,Muy Bajo,Media,Profundo;Cálido;Acogedor;Natural
31YR 84/056,Rubor Neutro,Cálido,8,6,Arena,Rústico;Mediterráneo,Living;Comedor;Cocina,Blanco;Madera clara;Beige;Neutros,Negro mate;Grafito;Azul profundo,Arena cálido de luminosidad alto (8/10) y saturación media (6/10) que aporta amplitud visual.,Alto,Media,Luminoso;Amplio;Cálido;Acogedor
70RR 74/051,Rubor Nocturno,Cálido,8,3,Arena,Minimalista;Nórdico;Japandi;Rústico;Mediterráneo,Living;Comedor;Cocina;Dormitorio;Pasillo,Blanco;Madera clara;Beige,Negro mate;Grafito;Azul profundo,Arena cálido de luminosidad alto (8/10) y saturación baja (3/10) que aporta amplitud visual.,Alto,Baja,Luminoso;Amplio;Cálido;Acogedor
82RR 18/114,Rulo de Chocolate,Cálido,2,2,Gris cálido,Dramático,Living,Blanco;Madera clara;Beige;Blanco roto,Blanco;Crema;Azul profundo,Gris cálido cálido de luminosidad muy bajo (2/10) y saturación muy baja (2/10) que genera profundidad.,Muy Bajo,Muy Baja,Profundo;Cálido;Acogedor;Sobrio
38YR 40/290,Sahara Soleado,Cálido,4,6,Arena,Contemporáneo,Living;Dormitorio;Comedor;Cocina;Baño;Pasillo;Home office;Cuarto de niños,Blanco;Madera clara;Beige;Blanco roto;Neutros,Blanco;Crema;Azul profundo,Arena cálido de luminosidad bajo (4/10) y saturación media (6/10) que equilibra el espacio.,Bajo,Media,Suave;Cálido;Acogedor;Natural
70RR 83/040,Salmón Pálido,Cálido,8,4,Arena,Minimalista;Nórdico;Japandi;Rústico;Mediterráneo,Living;Comedor;Cocina;Dormitorio;Pasillo,Blanco;Madera clara;Beige,Negro mate;Grafito;Azul profundo,Arena cálido de luminosidad alto (8/10) y saturación baja (4/10) que aporta amplitud visual.,Alto,Baja,Luminoso;Amplio;Cálido;Acogedor
10YR 14/348,Salsa *,Cálido,2,4,Terracota,Dramático,Living,Blanco;Madera clara;Beige;Blanco roto,Blanco;Crema;Azul profundo,Terracota cálido de luminosidad muy bajo (2/10) y saturación baja (4/10) que genera profundidad.,Muy Bajo,Baja,Profundo;Cálido;Acogedor;Natural
99RR 07/325,Salsa Caliente,Cálido,2,5,Piedra,Dramático,Comedor;Living,Blanco;Madera clara;Beige;Blanco roto,Blanco;Crema;Azul profundo,Piedra cálido de luminosidad muy bajo (2/10) y saturación media (5/10) que genera profundidad.,Muy Bajo,Media,Profundo;Cálido;Acogedor;Natural
90RR 39/327,Sandía Dulce,Cálido,4,6,Piedra,Contemporáneo,Comedor;Living,Blanco;Madera clara;Beige;Blanco roto;Neutros,Blanco;Crema;Azul profundo,Piedra cálido de luminosidad bajo (4/10) y saturación media (6/10) que equilibra el espacio.,Bajo,Media,Suave;Cálido;Acogedor;Natural
32RR 09/203,Sangre de Dragón,Cálido,2,4,Piedra,Dramático,Living;Dormitorio;Comedor;Cocina;Baño;Pasillo;Home office;Cuarto de niños,Blanco;Madera clara;Beige;Blanco roto,Blanco;Crema;Azul profundo,Piedra cálido de luminosidad muy bajo (2/10) y saturación baja (4/10) que genera profundidad.,Muy Bajo,Baja,Profundo;Cálido;Acogedor;Natural
10YR 37/143,Santa Rosa,Cálido,4,3,Arena,Contemporáneo,Living,Blanco;Madera clara;Beige;Blanco roto,Blanco;Crema;Azul profundo,Arena cálido de luminosidad bajo (4/10) y saturación baja (3/10) que equilibra el espacio.,Bajo,Baja,Suave;Cálido;Acogedor;Sobrio
70RR 23/409,Secreto,Cálido,3,5,Piedra,Dramático,Comedor;Living,Blanco;Madera clara;Beige;Blanco roto,Blanco;Crema;Azul profundo,Piedra cálido de luminosidad bajo (3/10) y saturación media (5/10) que genera profundidad.,Bajo,Media,Profundo;Cálido;Acogedor;Natural
72RR 78/058,Sensación de Rosas,Cálido,8,4,Arena,Minimalista;Nórdico;Japandi;Rústico;Mediterráneo,Living;Dormitorio;Comedor;Cocina;Baño;Pasillo;Home office;Cuarto de niños,Blanco;Madera clara;Beige,Negro mate;Grafito;Azul profundo,Arena cálido de luminosidad alto (8/10) y saturación baja (4/10) que aporta amplitud visual.,Alto,Baja,Luminoso;Amplio;Cálido;Acogedor
01YR 09/386,Sensación Española,Cálido,2,6,Piedra,Dramático,Living;Dormitorio;Comedor;Cocina;Baño;Pasillo;Home office;Cuarto de niños,Blanco;Madera clara;Beige;Blanco roto;Neutros,Blanco;Crema;Azul profundo,Piedra cálido de luminosidad muy bajo (2/10) y saturación media (6/10) que genera profundidad.,Muy Bajo,Media,Profundo;Cálido;Acogedor;Natural
18YR 83/042,Sensación Japonesa,Cálido,8,4,Arena,Minimalista;Nórdico;Japandi;Rústico;Mediterráneo,Living;Comedor;Cocina;Dormitorio;Pasillo,Blanco;Madera clara;Beige,Negro mate;Grafito;Azul profundo,Arena cálido de luminosidad alto (8/10) y saturación baja (4/10) que aporta amplitud visual.,Alto,Baja,Luminoso;Amplio;Cálido;Acogedor
66RR 67/091,Sensación Rojo Cereza,Cálido,7,4,Piedra,Minimalista;Nórdico;Japandi;Rústico;Mediterráneo,Living;Comedor;Cocina;Dormitorio;Pasillo,Blanco;Madera clara;Beige,Negro mate;Grafito;Azul profundo,Piedra cálido de luminosidad alto (7/10) y saturación baja (4/10) que aporta amplitud visual.,Alto,Baja,Luminoso;Amplio;Cálido;Acogedor
81RB 75/080,Sensación Rosada,Cálido,8,3,Marfil,Minimalista;Nórdico;Japandi;Rústico;Mediterráneo,Living;Dormitorio;Comedor;Cocina;Baño;Pasillo;Home office;Cuarto de niños,Blanco;Madera clara;Beige,Negro mate;Grafito;Azul profundo,Marfil cálido de luminosidad alto (8/10) y saturación baja (3/10) que aporta amplitud visual.,Alto,Baja,Luminoso;Amplio;Cálido;Acogedor
30YR 08/236,Sequoia Antigua,Cálido,2,4,Terracota,Dramático,Living,Blanco;Madera clara;Beige;Blanco roto,Blanco;Crema;Azul profundo,Terracota cálido de luminosidad muy bajo (2/10) y saturación baja (4/10) que genera profundidad.,Muy Bajo,Baja,Profundo;Cálido;Acogedor;Natural
10RR 26/248,Serenata Satinada,Cálido,3,3,Piedra,Dramático,Living,Blanco;Madera clara;Beige;Blanco roto,Blanco;Crema;Azul profundo,Piedra cálido de luminosidad bajo (3/10) y saturación baja (3/10) que genera profundidad.,Bajo,Baja,Profundo;Cálido;Acogedor;Sobrio
50RR 83/006,Siberia,Cálido,8,2,Marfil,Minimalista;Nórdico;Japandi;Rústico;Mediterráneo,Living;Comedor;Cocina;Dormitorio;Pasillo,Blanco;Madera clara;Beige,Negro mate;Grafito;Azul profundo,Marfil cálido de luminosidad alto (8/10) y saturación muy baja (2/10) que aporta amplitud visual.,Alto,Muy Baja,Luminoso;Amplio;Cálido;Acogedor
72RR 05/147,Sinfonía Granate,Cálido,1,4,Piedra,Dramático,Living,Blanco;Madera clara;Beige;Blanco roto,Blanco;Crema;Azul profundo,Piedra cálido de luminosidad muy bajo (1/10) y saturación baja (4/10) que genera profundidad.,Muy Bajo,Baja,Profundo;Cálido;Acogedor;Natural
10YR 30/133,Sombra Mística,Cálido,4,3,Gris cálido,Contemporáneo,Living,Blanco;Madera clara;Beige;Blanco roto,Blanco;Crema;Azul profundo,Gris cálido cálido de luminosidad bajo (4/10) y saturación baja (3/10) que equilibra el espacio.,Bajo,Baja,Suave;Cálido;Acogedor;Sobrio
10YR 83/015,Sombra Suave,Cálido,8,3,Marfil,Minimalista;Nórdico;Japandi;Rústico;Mediterráneo,Living;Comedor;Cocina;Dormitorio;Pasillo,Blanco;Madera clara;Beige,Negro mate;Grafito;Azul profundo,Marfil cálido de luminosidad alto (8/10) y saturación baja (3/10) que aporta amplitud visual.,Alto,Baja,Luminoso;Amplio;Cálido;Acogedor
30RR 30/103,Sonata,Cálido,4,2,Gris cálido,Contemporáneo,Living,Blanco;Madera clara;Beige;Blanco roto,Blanco;Crema;Azul profundo,Gris cálido cálido de luminosidad bajo (4/10) y saturación muy baja (2/10) que equilibra el espacio.,Bajo,Muy Baja,Suave;Cálido;Acogedor;Sobrio
77RR 75/025,Soñador,Cálido,8,2,Gris cálido,Minimalista;Nórdico;Japandi;Rústico;Mediterráneo,Living;Comedor;Cocina;Dormitorio;Pasillo,Blanco;Madera clara;Beige,Negro mate;Grafito;Azul profundo,Gris cálido cálido de luminosidad alto (8/10) y saturación muy baja (2/10) que aporta amplitud visual.,Alto,Muy Baja,Luminoso;Amplio;Cálido;Acogedor
50RR 12/305,Sorpresa Merlot,Cálido,2,4,Piedra,Dramático,Living,Blanco;Madera clara;Beige;Blanco roto,Blanco;Crema;Azul profundo,Piedra cálido de luminosidad muy bajo (2/10) y saturación baja (4/10) que genera profundidad.,Muy Bajo,Baja,Profundo;Cálido;Acogedor;Natural
30RR 64/043,Susurro,Cálido,7,2,Gris cálido,Minimalista;Nórdico;Japandi;Rústico;Mediterráneo,Living;Comedor;Cocina;Dormitorio;Pasillo,Blanco;Madera clara;Beige,Negro mate;Grafito;Azul profundo,Gris cálido cálido de luminosidad alto (7/10) y saturación muy baja (2/10) que aporta amplitud visual.,Alto,Muy Baja,Luminoso;Amplio;Cálido;Acogedor
74RR 76/023,Susurro de Luz,Cálido,8,2,Marfil,Minimalista;Nórdico;Japandi;Rústico;Mediterráneo,Living;Comedor;Cocina;Dormitorio;Pasillo,Blanco;Madera clara;Beige,Negro mate;Grafito;Azul profundo,Marfil cálido de luminosidad alto (8/10) y saturación muy baja (2/10) que aporta amplitud visual.,Alto,Muy Baja,Luminoso;Amplio;Cálido;Acogedor
00YR 26/490,Tañido Cítrico,Cálido,3,6,Piedra,Dramático,Living;Dormitorio;Comedor;Cocina;Baño;Pasillo;Home office;Cuarto de niños,Blanco;Madera clara;Beige;Blanco roto;Neutros,Blanco;Crema;Azul profundo,Piedra cálido de luminosidad bajo (3/10) y saturación media (6/10) que genera profundidad.,Bajo,Media,Profundo;Cálido;Acogedor;Natural
10YR 21/436,Té Danzante,Cálido,3,5,Terracota,Dramático,Comedor;Living,Blanco;Madera clara;Beige;Blanco roto,Blanco;Crema;Azul profundo,Terracota cálido de luminosidad bajo (3/10) y saturación media (5/10) que genera profundidad.,Bajo,Media,Profundo;Cálido;Acogedor;Natural
15RR 27/249,Té de Rosa Mosqueta,Cálido,3,3,Piedra,Dramático,Living,Blanco;Madera clara;Beige;Blanco roto,Blanco;Crema;Azul profundo,Piedra cálido de luminosidad bajo (3/10) y saturación baja (3/10) que genera profundidad.,Bajo,Baja,Profundo;Cálido;Acogedor;Sobrio
10YR 30/400,Tentación,Cálido,4,6,Arena,Contemporáneo,Comedor;Living,Blanco;Madera clara;Beige;Blanco roto;Neutros,Blanco;Crema;Azul profundo,Arena cálido de luminosidad bajo (4/10) y saturación media (6/10) que equilibra el espacio.,Bajo,Media,Suave;Cálido;Acogedor;Natural
54RR 09/276,Terciopelo Escarlata,Cálido,2,5,Piedra,Dramático,Comedor;Living,Blanco;Madera clara;Beige;Blanco roto,Blanco;Crema;Azul profundo,Piedra cálido de luminosidad muy bajo (2/10) y saturación media (5/10) que genera profundidad.,Muy Bajo,Media,Profundo;Cálido;Acogedor;Natural
90RR 58/177,Terciopelo Rosa,Cálido,6,6,Piedra,Rústico;Mediterráneo,Comedor;Living,Blanco;Madera clara;Beige;Neutros,Blanco;Crema;Azul profundo,Piedra cálido de luminosidad medio (6/10) y saturación media (6/10) que equilibra el espacio.,Medio,Media,Suave;Cálido;Acogedor;Natural
30RR 10/321,Terciopelo Ruso *,Cálido,2,4,Piedra,Dramático,Living,Blanco;Madera clara;Beige;Blanco roto,Blanco;Crema;Azul profundo,Piedra cálido de luminosidad muy bajo (2/10) y saturación baja (4/10) que genera profundidad.,Muy Bajo,Baja,Profundo;Cálido;Acogedor;Natural
10YR 22/206,Tierra de Vino,Cálido,3,3,Terracota,Dramático,Living,Blanco;Madera clara;Beige;Blanco roto,Blanco;Crema;Azul profundo,Terracota cálido de luminosidad bajo (3/10) y saturación baja (3/10) que genera profundidad.,Bajo,Baja,Profundo;Cálido;Acogedor;Sobrio
50YR 53/160,Tierra Rosa,Cálido,5,5,Arena,Rústico;Mediterráneo,Dormitorio;Pasillo;Comedor;Living,Blanco;Madera clara;Beige,Blanco;Crema;Azul profundo,Arena cálido de luminosidad medio (5/10) y saturación media (5/10) que equilibra el espacio.,Medio,Media,Suave;Cálido;Acogedor;Natural
80RR 77/083,Toque de Cereza,Cálido,8,5,Arena,Rústico;Mediterráneo,Living;Dormitorio;Comedor;Cocina;Baño;Pasillo;Home office;Cuarto de niños,Blanco;Madera clara;Beige,Negro mate;Grafito;Azul profundo,Arena cálido de luminosidad alto (8/10) y saturación media (5/10) que aporta amplitud visual.,Alto,Media,Luminoso;Amplio;Cálido;Acogedor
12RR 07/229,Toque de Ciruela,Cálido,1,4,Piedra,Dramático,Living,Blanco;Madera clara;Beige;Blanco roto,Blanco;Crema;Azul profundo,Piedra cálido de luminosidad muy bajo (1/10) y saturación baja (4/10) que genera profundidad.,Muy Bajo,Baja,Profundo;Cálido;Acogedor;Natural
10RR 39/184,Toque de Frambuesa,Cálido,4,3,Piedra,Contemporáneo,Living,Blanco;Madera clara;Beige;Blanco roto,Blanco;Crema;Azul profundo,Piedra cálido de luminosidad bajo (4/10) y saturación baja (3/10) que equilibra el espacio.,Bajo,Baja,Suave;Cálido;Acogedor;Sobrio
30YR 74/045,Toque de Lavanda,Cálido,7,3,Arena,Minimalista;Nórdico;Japandi;Rústico;Mediterráneo,Living;Comedor;Cocina;Dormitorio;Pasillo,Blanco;Madera clara;Beige,Negro mate;Grafito;Azul profundo,Arena cálido de luminosidad alto (7/10) y saturación baja (3/10) que aporta amplitud visual.,Alto,Baja,Luminoso;Amplio;Cálido;Acogedor
79YR 76/064,Toques Rosados,Cálido,8,4,Arena,Minimalista;Nórdico;Japandi;Rústico;Mediterráneo,Living;Dormitorio;Comedor;Cocina;Baño;Pasillo;Home office;Cuarto de niños,Blanco;Madera clara;Beige,Negro mate;Grafito;Azul profundo,Arena cálido de luminosidad alto (8/10) y saturación baja (4/10) que aporta amplitud visual.,Alto,Baja,Luminoso;Amplio;Cálido;Acogedor
16YR 16/594,Torero *,Cálido,2,6,Terracota,Dramático,Comedor;Living,Blanco;Madera clara;Beige;Blanco roto;Neutros,Blanco;Crema;Azul profundo,Terracota cálido de luminosidad muy bajo (2/10) y saturación media (6/10) que genera profundidad.,Muy Bajo,Media,Profundo;Cálido;Acogedor;Natural
32RR 26/413,Tutti Frutti,Cálido,3,5,Piedra,Dramático,Comedor;Living,Blanco;Madera clara;Beige;Blanco roto,Blanco;Crema;Azul profundo,Piedra cálido de luminosidad bajo (3/10) y saturación media (5/10) que genera profundidad.,Bajo,Media,Profundo;Cálido;Acogedor;Natural
76RR 08/316,Uva Francesa *,Cálido,2,5,Piedra,Dramático,Comedor;Living,Blanco;Madera clara;Beige;Blanco roto,Blanco;Crema;Azul profundo,Piedra cálido de luminosidad muy bajo (2/10) y saturación media (5/10) que genera profundidad.,Muy Bajo,Media,Profundo;Cálido;Acogedor;Natural
90RR 30/285,Vanguardia de la Moda,Cálido,4,5,Piedra,Contemporáneo,Comedor;Living,Blanco;Madera clara;Beige;Blanco roto,Blanco;Crema;Azul profundo,Piedra cálido de luminosidad bajo (4/10) y saturación media (5/10) que equilibra el espacio.,Bajo,Media,Suave;Cálido;Acogedor;Natural
26YR 18/404,Vasija de Terracota,Cálido,2,5,Terracota,Dramático,Living;Dormitorio;Comedor;Cocina;Baño;Pasillo;Home office;Cuarto de niños,Blanco;Madera clara;Beige;Blanco roto,Blanco;Crema;Azul profundo,Terracota cálido de luminosidad muy bajo (2/10) y saturación media (5/10) que genera profundidad.,Muy Bajo,Media,Profundo;Cálido;Acogedor;Natural
10RR 83/009,Vela Aromática,Cálido,8,2,Marfil,Minimalista;Nórdico;Japandi;Rústico;Mediterráneo,Living;Comedor;Cocina;Dormitorio;Pasillo,Blanco;Madera clara;Beige,Negro mate;Grafito;Azul profundo,Marfil cálido de luminosidad alto (8/10) y saturación muy baja (2/10) que aporta amplitud visual.,Alto,Muy Baja,Luminoso;Amplio;Cálido;Acogedor
30YR 26/330,Verano Indio,Cálido,3,5,Terracota,Dramático,Comedor;Living,Blanco;Madera clara;Beige;Blanco roto,Blanco;Crema;Azul profundo,Terracota cálido de luminosidad bajo (3/10) y saturación media (5/10) que genera profundidad.,Bajo,Media,Profundo;Cálido;Acogedor;Natural
10RR 25/437,Vibrato,Cálido,3,5,Piedra,Dramático,Comedor;Living,Blanco;Madera clara;Beige;Blanco roto,Blanco;Crema;Azul profundo,Piedra cálido de luminosidad bajo (3/10) y saturación media (5/10) que genera profundidad.,Bajo,Media,Profundo;Cálido;Acogedor;Natural
09YR 05/305,Vino Clásico,Cálido,2,4,Piedra,Dramático,Living,Blanco;Madera clara;Beige;Blanco roto,Blanco;Crema;Azul profundo,Piedra cálido de luminosidad muy bajo (2/10) y saturación baja (4/10) que genera profundidad.,Muy Bajo,Baja,Profundo;Cálido;Acogedor;Natural
78RR 06/137,Vino de Mesa,Cálido,1,3,Piedra,Dramático,Living,Blanco;Madera clara;Beige;Blanco roto,Blanco;Crema;Azul profundo,Piedra cálido de luminosidad muy bajo (1/10) y saturación baja (3/10) que genera profundidad.,Muy Bajo,Baja,Profundo;Cálido;Acogedor;Sobrio
10RR 22/178,Vino Helado,Cálido,3,2,Gris cálido,Dramático,Living,Blanco;Madera clara;Beige;Blanco roto,Blanco;Crema;Azul profundo,Gris cálido cálido de luminosidad bajo (3/10) y saturación muy baja (2/10) que genera profundidad.,Bajo,Muy Baja,Profundo;Cálido;Acogedor;Sobrio
90RR 36/292,Vino Rosé,Cálido,4,5,Piedra,Contemporáneo,Comedor;Living,Blanco;Madera clara;Beige;Blanco roto,Blanco;Crema;Azul profundo,Piedra cálido de luminosidad bajo (4/10) y saturación media (5/10) que equilibra el espacio.,Bajo,Media,Suave;Cálido;Acogedor;Natural
30RR 49/067,Vino Suave,Cálido,5,2,Gris cálido,Rústico;Mediterráneo,Dormitorio;Pasillo,Blanco;Madera clara;Beige,Blanco;Crema;Azul profundo,Gris cálido cálido de luminosidad medio (5/10) y saturación muy baja (2/10) que equilibra el espacio.,Medio,Muy Baja,Suave;Cálido;Acogedor;Sobrio
10RR 13/250,Viñedo,Cálido,2,3,Piedra,Dramático,Living,Blanco;Madera clara;Beige;Blanco roto,Blanco;Crema;Azul profundo,Piedra cálido de luminosidad muy bajo (2/10) y saturación baja (3/10) que genera profundidad.,Muy Bajo,Baja,Profundo;Cálido;Acogedor;Sobrio
69RB 70/114,Violeta Discreto,Cálido,7,3,Piedra,Minimalista;Nórdico;Japandi;Rústico;Mediterráneo,Living;Comedor;Cocina;Dormitorio;Pasillo,Blanco;Madera clara;Beige,Negro mate;Grafito;Azul profundo,Piedra cálido de luminosidad alto (7/10) y saturación baja (3/10) que aporta amplitud visual.,Alto,Baja,Luminoso;Amplio;Cálido;Acogedor
30YR 11/219,Virola de Cobre,Cálido,2,4,Terracota,Dramático,Living,Blanco;Madera clara;Beige;Blanco roto,Blanco;Crema;Azul profundo,Terracota cálido de luminosidad muy bajo (2/10) y saturación baja (4/10) que genera profundidad.,Muy Bajo,Baja,Profundo;Cálido;Acogedor;Natural
31BG 10/240,Abismo Profundo,Frío,2,10,Azulado,Industrial;Contemporáneo;Pop;Maximalista;Dramático,Living;Dormitorio;Comedor;Cocina;Baño;Pasillo;Home office;Cuarto de niños,Blanco;Gris claro;Negro mate;Blanco roto;Neutros,Blanco;Crema;Terracota;Mostaza,Azulado frío de luminosidad muy bajo (2/10) y saturación muy alta (10/10) que genera profundidad.,Muy Bajo,Muy Alta,Profundo;Frío;Sereno;Alegre
30BG 37/110,Acantilado Marino,Frío,4,3,Azulado,Industrial;Contemporáneo,Baño;Home office,Blanco;Gris claro;Negro mate;Blanco roto,Blanco;Crema;Terracota;Mostaza,Azulado frío de luminosidad bajo (4/10) y saturación baja (3/10) que equilibra el espacio.,Bajo,Baja,Suave;Frío;Sereno;Sobrio
90GG 15/398,Adorno Navideño,Frío,2,10,Azulado,Industrial;Contemporáneo;Pop;Maximalista;Dramático,Baño;Home office,Blanco;Gris claro;Negro mate;Blanco roto;Neutros,Blanco;Crema;Terracota;Mostaza,Azulado frío de luminosidad muy bajo (2/10) y saturación muy alta (10/10) que genera profundidad.,Muy Bajo,Muy Alta,Profundo;Frío;Sereno;Alegre
56GG 77/156,Agua Celestial,Frío,8,5,Verdoso,Contemporáneo,Living;Comedor;Cocina;Dormitorio;Pasillo,Blanco;Gris claro;Negro mate,Negro mate;Grafito;Terracota;Mostaza,Verdoso frío de luminosidad alto (8/10) y saturación media (5/10) que aporta amplitud visual.,Alto,Media,Luminoso;Amplio;Frío;Sereno
90GG 57/146,Agua Persa,Frío,6,4,Azulado,Contemporáneo,Dormitorio;Pasillo,Blanco;Gris claro;Negro mate,Blanco;Crema;Terracota;Mostaza,Azulado frío de luminosidad medio (6/10) y saturación baja (4/10) que equilibra el espacio.,Medio,Baja,Suave;Frío;Sereno;Natural
79GG 53/131,Aguamarina Medio,Frío,6,3,Azulado,Contemporáneo,Living;Dormitorio;Comedor;Cocina;Baño;Pasillo;Home office;Cuarto de niños,Blanco;Gris claro;Negro mate,Blanco;Crema;Terracota;Mostaza,Azulado frío de luminosidad medio (6/10) y saturación baja (3/10) que equilibra el espacio.,Medio,Baja,Suave;Frío;Sereno;Sobrio
10BG 54/199,Aguamarina Opaco,Frío,6,5,Azulado,Contemporáneo,Dormitorio;Pasillo,Blanco;Gris claro;Negro mate,Blanco;Crema;Terracota;Mostaza,Azulado frío de luminosidad medio (6/10) y saturación media (5/10) que equilibra el espacio.,Medio,Media,Suave;Frío;Sereno;Natural
90GG 28/133,Aguas Calmas,Frío,3,2,Azulado,Industrial;Contemporáneo;Dramático,Baño;Home office,Blanco;Gris claro;Negro mate;Blanco roto,Blanco;Crema;Terracota;Mostaza,Azulado frío de luminosidad bajo (3/10) y saturación muy baja (2/10) que genera profundidad.,Bajo,Muy Baja,Profundo;Frío;Sereno;Sobrio
68GG 53/098,Aire,Frío,6,3,Verdoso,Contemporáneo,Dormitorio;Pasillo,Blanco;Gris claro;Negro mate,Blanco;Crema;Terracota;Mostaza,Verdoso frío de luminosidad medio (6/10) y saturación baja (3/10) que equilibra el espacio.,Medio,Baja,Suave;Frío;Sereno;Sobrio
90GG 83/069,Aire Alpino,Frío,8,4,Azulado,Minimalista;Nórdico;Japandi,Living;Comedor;Cocina;Dormitorio;Pasillo,Blanco;Gris claro;Negro mate,Negro mate;Grafito;Terracota;Mostaza,Azulado frío de luminosidad alto (8/10) y saturación baja (4/10) que aporta amplitud visual.,Alto,Baja,Luminoso;Amplio;Frío;Sereno
60GG 22/204,Alcaucil,Frío,3,4,Azulado,Industrial;Contemporáneo;Dramático,Baño;Home office,Blanco;Gris claro;Negro mate;Blanco roto,Blanco;Crema;Terracota;Mostaza,Azulado frío de luminosidad bajo (3/10) y saturación baja (4/10) que genera profundidad.,Bajo,Baja,Profundo;Frío;Sereno;Natural
90GG 66/157,Alga de Mar,Frío,7,5,Azulado,Contemporáneo,Living;Comedor;Cocina;Dormitorio;Pasillo,Blanco;Gris claro;Negro mate,Negro mate;Grafito;Terracota;Mostaza,Azulado frío de luminosidad alto (7/10) y saturación media (5/10) que aporta amplitud visual.,Alto,Media,Luminoso;Amplio;Frío;Sereno
17BG 08/158,Algas Marinas,Frío,2,10,Azulado,Industrial;Contemporáneo;Pop;Maximalista;Dramático,Baño;Home office,Blanco;Gris claro;Negro mate;Blanco roto;Neutros,Blanco;Crema;Terracota;Mostaza,Azulado frío de luminosidad muy bajo (2/10) y saturación muy alta (10/10) que genera profundidad.,Muy Bajo,Muy Alta,Profundo;Frío;Sereno;Alegre
44GG 12/299,Arbusto Feliz,Frío,2,10,Verdoso,Industrial;Contemporáneo;Pop;Maximalista;Dramático,Living;Dormitorio;Comedor;Cocina;Baño;Pasillo;Home office;Cuarto de niños,Blanco;Gris claro;Negro mate;Blanco roto;Neutros,Blanco;Crema;Terracota;Mostaza,Verdoso frío de luminosidad muy bajo (2/10) y saturación muy alta (10/10) que genera profundidad.,Muy Bajo,Muy Alta,Profundo;Frío;Sereno;Alegre
80GG 09/164,Arbusto Oscuro,Frío,2,7,Azulado,Industrial;Contemporáneo;Pop;Maximalista;Dramático,Baño;Home office,Blanco;Gris claro;Negro mate;Blanco roto;Neutros,Blanco;Crema;Terracota;Mostaza,Azulado frío de luminosidad muy bajo (2/10) y saturación alta (7/10) que genera profundidad.,Muy Bajo,Alta,Profundo;Frío;Sereno;Alegre
30BG 44/248,Archipiélago,Frío,5,5,Azulado,Industrial;Contemporáneo,Dormitorio;Pasillo;Baño;Home office,Blanco;Gris claro;Negro mate,Blanco;Crema;Terracota;Mostaza,Azulado frío de luminosidad medio (5/10) y saturación media (5/10) que equilibra el espacio.,Medio,Media,Suave;Frío;Sereno;Natural
50GG 75/092,Aroma a Hierbabuena,Frío,8,4,Verdoso,Minimalista;Nórdico;Japandi,Living;Comedor;Cocina;Dormitorio;Pasillo,Blanco;Gris claro;Negro mate,Negro mate;Grafito;Terracota;Mostaza,Verdoso frío de luminosidad alto (8/10) y saturación baja (4/10) que aporta amplitud visual.,Alto,Baja,Luminoso;Amplio;Frío;Sereno
30BG 14/248,Artesano,Frío,2,10,Azulado,Industrial;Contemporáneo;Pop;Maximalista;Dramático,Baño;Home office,Blanco;Gris claro;Negro mate;Blanco roto;Neutros,Blanco;Crema;Terracota;Mostaza,Azulado frío de luminosidad muy bajo (2/10) y saturación muy alta (10/10) que genera profundidad.,Muy Bajo,Muy Alta,Profundo;Frío;Sereno;Alegre
34BG 79/053,Atmósfera del Ártico,Frío,8,4,Azulado,Minimalista;Nórdico;Japandi,Living;Dormitorio;Comedor;Cocina;Baño;Pasillo;Home office;Cuarto de niños,Blanco;Gris claro;Negro mate,Negro mate;Grafito;Terracota;Mostaza,Azulado frío de luminosidad alto (8/10) y saturación baja (4/10) que aporta amplitud visual.,Alto,Baja,Luminoso;Amplio;Frío;Sereno
10BG 38/119,Azul Aspen,Frío,4,3,Azulado,Industrial;Contemporáneo,Baño;Home office,Blanco;Gris claro;Negro mate;Blanco roto,Blanco;Crema;Terracota;Mostaza,Azulado frío de luminosidad bajo (4/10) y saturación baja (3/10) que equilibra el espacio.,Bajo,Baja,Suave;Frío;Sereno;Sobrio
17BG 36/333,Azul Buceo,Frío,4,7,Azulado,Industrial;Contemporáneo;Pop;Maximalista,Baño;Home office,Blanco;Gris claro;Negro mate;Blanco roto;Neutros,Blanco;Crema;Terracota;Mostaza,Azulado frío de luminosidad bajo (4/10) y saturación alta (7/10) que equilibra el espacio.,Bajo,Alta,Suave;Frío;Sereno;Alegre
13BG 72/151,Azul Cielo,Frío,7,5,Azulado,Contemporáneo,Living;Comedor;Cocina;Dormitorio;Pasillo,Blanco;Gris claro;Negro mate,Negro mate;Grafito;Terracota;Mostaza,Azulado frío de luminosidad alto (7/10) y saturación media (5/10) que aporta amplitud visual.,Alto,Media,Luminoso;Amplio;Frío;Sereno
30BG 21/301,Azul Cósmico,Frío,3,10,Azulado,Industrial;Contemporáneo;Pop;Maximalista;Dramático,Baño;Home office,Blanco;Gris claro;Negro mate;Blanco roto;Neutros,Blanco;Crema;Terracota;Mostaza,Azulado frío de luminosidad bajo (3/10) y saturación muy alta (10/10) que genera profundidad.,Bajo,Muy Alta,Profundo;Frío;Sereno;Alegre
30BG 10/111,Azul de Bohemia,Frío,2,3,Azulado,Industrial;Contemporáneo;Dramático,Baño;Home office,Blanco;Gris claro;Negro mate;Blanco roto,Blanco;Crema;Terracota;Mostaza,Azulado frío de luminosidad muy bajo (2/10) y saturación baja (3/10) que genera profundidad.,Muy Bajo,Baja,Profundo;Frío;Sereno;Sobrio
10BG 83/061,Azul Diamante,Frío,8,4,Azulado,Minimalista;Nórdico;Japandi,Living;Comedor;Cocina;Dormitorio;Pasillo,Blanco;Gris claro;Negro mate,Negro mate;Grafito;Terracota;Mostaza,Azulado frío de luminosidad alto (8/10) y saturación baja (4/10) que aporta amplitud visual.,Alto,Baja,Luminoso;Amplio;Frío;Sereno
16BG 26/318,Azul Electrón,Frío,3,10,Azulado,Industrial;Contemporáneo;Pop;Maximalista;Dramático,Baño;Home office,Blanco;Gris claro;Negro mate;Blanco roto;Neutros,Blanco;Crema;Terracota;Mostaza,Azulado frío de luminosidad bajo (3/10) y saturación muy alta (10/10) que genera profundidad.,Bajo,Muy Alta,Profundo;Frío;Sereno;Alegre
10BG 83/053,Azul Escarcha,Frío,8,3,Azulado,Minimalista;Nórdico;Japandi,Living;Comedor;Cocina;Dormitorio;Pasillo,Blanco;Gris claro;Negro mate,Negro mate;Grafito;Terracota;Mostaza,Azulado frío de luminosidad alto (8/10) y saturación baja (3/10) que aporta amplitud visual.,Alto,Baja,Luminoso;Amplio;Frío;Sereno
26BG 09/247,Azul Golfo,Frío,2,10,Azulado,Industrial;Contemporáneo;Pop;Maximalista;Dramático,Baño;Home office,Blanco;Gris claro;Negro mate;Blanco roto;Neutros,Blanco;Crema;Terracota;Mostaza,Azulado frío de luminosidad muy bajo (2/10) y saturación muy alta (10/10) que genera profundidad.,Muy Bajo,Muy Alta,Profundo;Frío;Sereno;Alegre
32BG 72/122,Azul Ibiza,Frío,7,5,Azulado,Contemporáneo,Living;Comedor;Cocina;Dormitorio;Pasillo,Blanco;Gris claro;Negro mate,Negro mate;Grafito;Terracota;Mostaza,Azulado frío de luminosidad alto (7/10) y saturación media (5/10) que aporta amplitud visual.,Alto,Media,Luminoso;Amplio;Frío;Sereno
10BG 63/143,Azul Lago,Frío,7,4,Azulado,Minimalista;Nórdico;Japandi,Living;Comedor;Cocina;Dormitorio;Pasillo,Blanco;Gris claro;Negro mate,Negro mate;Grafito;Terracota;Mostaza,Azulado frío de luminosidad alto (7/10) y saturación baja (4/10) que aporta amplitud visual.,Alto,Baja,Luminoso;Amplio;Frío;Sereno
50BG 76/068,Azul Limpio,Frío,8,4,Azulado,Minimalista;Nórdico;Japandi,Living;Comedor;Cocina;Dormitorio;Pasillo,Blanco;Gris claro;Negro mate,Negro mate;Grafito;Terracota;Mostaza,Azulado frío de luminosidad alto (8/10) y saturación baja (4/10) que aporta amplitud visual.,Alto,Baja,Luminoso;Amplio;Frío;Sereno
30BG 56/097,Azul Lluvia,Frío,6,3,Azulado,Contemporáneo,Dormitorio;Pasillo,Blanco;Gris claro;Negro mate,Blanco;Crema;Terracota;Mostaza,Azulado frío de luminosidad medio (6/10) y saturación baja (3/10) que equilibra el espacio.,Medio,Baja,Suave;Frío;Sereno;Sobrio
88GG 32/346,Azul Marítimo Medio,Frío,4,10,Azulado,Industrial;Contemporáneo;Pop;Maximalista,Baño;Home office,Blanco;Gris claro;Negro mate;Blanco roto;Neutros,Blanco;Crema;Terracota;Mostaza,Azulado frío de luminosidad bajo (4/10) y saturación muy alta (10/10) que equilibra el espacio.,Bajo,Muy Alta,Suave;Frío;Sereno;Alegre
16BG 29/350,Azul Milán,Frío,4,10,Azulado,Industrial;Contemporáneo;Pop;Maximalista,Baño;Home office,Blanco;Gris claro;Negro mate;Blanco roto;Neutros,Blanco;Crema;Terracota;Mostaza,Azulado frío de luminosidad bajo (4/10) y saturación muy alta (10/10) que equilibra el espacio.,Bajo,Muy Alta,Suave;Frío;Sereno;Alegre
90GG 43/338,Azul Movimiento,Frío,5,5,Azulado,Industrial;Contemporáneo,Dormitorio;Pasillo;Baño;Home office,Blanco;Gris claro;Negro mate,Blanco;Crema;Terracota;Mostaza,Azulado frío de luminosidad medio (5/10) y saturación media (5/10) que equilibra el espacio.,Medio,Media,Suave;Frío;Sereno;Natural
30BG 08/200,Azul Petróleo,Frío,2,10,Azulado,Industrial;Contemporáneo;Pop;Maximalista;Dramático,Baño;Home office,Blanco;Gris claro;Negro mate;Blanco roto;Neutros,Blanco;Crema;Terracota;Mostaza,Azulado frío de luminosidad muy bajo (2/10) y saturación muy alta (10/10) que genera profundidad.,Muy Bajo,Muy Alta,Profundo;Frío;Sereno;Alegre
30BG 16/133,Azul Porcelana,Frío,2,3,Azulado,Industrial;Contemporáneo;Dramático,Baño;Home office,Blanco;Gris claro;Negro mate;Blanco roto,Blanco;Crema;Terracota;Mostaza,Azulado frío de luminosidad muy bajo (2/10) y saturación baja (3/10) que genera profundidad.,Muy Bajo,Baja,Profundo;Frío;Sereno;Sobrio
10BG 39/219,Azul Tahití,Frío,4,4,Azulado,Industrial;Contemporáneo,Baño;Home office,Blanco;Gris claro;Negro mate;Blanco roto,Blanco;Crema;Terracota;Mostaza,Azulado frío de luminosidad bajo (4/10) y saturación baja (4/10) que equilibra el espacio.,Bajo,Baja,Suave;Frío;Sereno;Natural
30BG 57/149,Azul Velero,Frío,6,4,Azulado,Contemporáneo,Dormitorio;Pasillo,Blanco;Gris claro;Negro mate,Blanco;Crema;Terracota;Mostaza,Azulado frío de luminosidad medio (6/10) y saturación baja (4/10) que equilibra el espacio.,Medio,Baja,Suave;Frío;Sereno;Natural
78GG 72/138,Baño Relajante,Frío,7,5,Azulado,Contemporáneo,Living;Comedor;Cocina;Dormitorio;Pasillo,Blanco;Gris claro;Negro mate,Negro mate;Grafito;Terracota;Mostaza,Azulado frío de luminosidad alto (7/10) y saturación media (5/10) que aporta amplitud visual.,Alto,Media,Luminoso;Amplio;Frío;Sereno
70GG 83/034,Blanco Atrio,Neutro,8,3,Marfil,Minimalista;Nórdico;Japandi,Living;Comedor;Cocina;Dormitorio;Pasillo,Blanco;Madera clara;Negro mate,Negro mate;Grafito;Verde oliva,Marfil neutro de luminosidad alto (8/10) y saturación baja (3/10) que aporta amplitud visual.,Alto,Baja,Luminoso;Amplio;Neutro;Elegante
30GG 83/075,Boda Real,Cálido,8,4,Verdoso,Minimalista;Nórdico;Japandi;Rústico;Mediterráneo,Living;Comedor;Cocina;Dormitorio;Pasillo,Blanco;Madera clara;Beige,Negro mate;Grafito;Azul profundo,Verdoso cálido de luminosidad alto (8/10) y saturación baja (4/10) que aporta amplitud visual.,Alto,Baja,Luminoso;Amplio;Cálido;Acogedor
90GG 11/295,Botánico,Frío,2,10,Azulado,Industrial;Contemporáneo;Pop;Maximalista;Dramático,Baño;Home office,Blanco;Gris claro;Negro mate;Blanco roto;Neutros,Blanco;Crema;Terracota;Mostaza,Azulado frío de luminosidad muy bajo (2/10) y saturación muy alta (10/10) que genera profundidad.,Muy Bajo,Muy Alta,Profundo;Frío;Sereno;Alegre
10BG 55/223,Brillo de Luna,Frío,6,5,Azulado,Contemporáneo,Dormitorio;Pasillo,Blanco;Gris claro;Negro mate,Blanco;Crema;Terracota;Mostaza,Azulado frío de luminosidad medio (6/10) y saturación media (5/10) que equilibra el espacio.,Medio,Media,Suave;Frío;Sereno;Natural
30GY 83/021,Brillo de Luz,Cálido,8,2,Marfil,Minimalista;Nórdico;Japandi;Rústico;Mediterráneo,Living;Comedor;Cocina;Dormitorio;Pasillo,Blanco;Madera clara;Beige,Negro mate;Grafito;Azul profundo,Marfil cálido de luminosidad alto (8/10) y saturación muy baja (2/10) que aporta amplitud visual.,Alto,Muy Baja,Luminoso;Amplio;Cálido;Acogedor
30BG 72/103,Brisa Cálida,Frío,7,4,Azulado,Minimalista;Nórdico;Japandi,Living;Comedor;Cocina;Dormitorio;Pasillo,Blanco;Gris claro;Negro mate,Negro mate;Grafito;Terracota;Mostaza,Azulado frío de luminosidad alto (7/10) y saturación baja (4/10) que aporta amplitud visual.,Alto,Baja,Luminoso;Amplio;Frío;Sereno
90GG 73/062,Brisa de las Olas,Frío,7,3,Verdoso,Minimalista;Nórdico;Japandi,Living;Comedor;Cocina;Dormitorio;Pasillo,Blanco;Gris claro;Negro mate,Negro mate;Grafito;Terracota;Mostaza,Verdoso frío de luminosidad alto (7/10) y saturación baja (3/10) que aporta amplitud visual.,Alto,Baja,Luminoso;Amplio;Frío;Sereno
90GG 64/088,Brisa Fresca,Frío,7,3,Azulado,Minimalista;Nórdico;Japandi,Living;Comedor;Cocina;Dormitorio;Pasillo,Blanco;Gris claro;Negro mate,Negro mate;Grafito;Terracota;Mostaza,Azulado frío de luminosidad alto (7/10) y saturación baja (3/10) que aporta amplitud visual.,Alto,Baja,Luminoso;Amplio;Frío;Sereno
70GG 72/045,Bruma de Otoño,Neutro,7,2,Verdoso,Minimalista;Nórdico;Japandi,Living;Comedor;Cocina;Dormitorio;Pasillo,Blanco;Madera clara;Negro mate,Negro mate;Grafito;Verde oliva,Verdoso neutro de luminosidad alto (7/10) y saturación muy baja (2/10) que aporta amplitud visual.,Alto,Muy Baja,Luminoso;Amplio;Neutro;Elegante
70GG 60/251,Burbujas Flotantes,Frío,6,5,Azulado,Contemporáneo,Dormitorio;Pasillo,Blanco;Gris claro;Negro mate,Blanco;Crema;Terracota;Mostaza,Azulado frío de luminosidad medio (6/10) y saturación media (5/10) que equilibra el espacio.,Medio,Media,Suave;Frío;Sereno;Natural
16BG 13/282,Caribe Intenso,Frío,2,10,Azulado,Industrial;Contemporáneo;Pop;Maximalista;Dramático,Living;Dormitorio;Comedor;Cocina;Baño;Pasillo;Home office;Cuarto de niños,Blanco;Gris claro;Negro mate;Blanco roto;Neutros,Blanco;Crema;Terracota;Mostaza,Azulado frío de luminosidad muy bajo (2/10) y saturación muy alta (10/10) que genera profundidad.,Muy Bajo,Muy Alta,Profundo;Frío;Sereno;Alegre
10BG 21/141,Cascada,Frío,3,3,Azulado,Industrial;Contemporáneo;Dramático,Baño;Home office,Blanco;Gris claro;Negro mate;Blanco roto,Blanco;Crema;Terracota;Mostaza,Azulado frío de luminosidad bajo (3/10) y saturación baja (3/10) que genera profundidad.,Bajo,Baja,Profundo;Frío;Sereno;Sobrio
25BG 26/253,Cataratas de Pasión,Frío,3,5,Azulado,Industrial;Contemporáneo;Dramático,Living;Dormitorio;Comedor;Cocina;Baño;Pasillo;Home office;Cuarto de niños,Blanco;Gris claro;Negro mate;Blanco roto,Blanco;Crema;Terracota;Mostaza,Azulado frío de luminosidad bajo (3/10) y saturación media (5/10) que genera profundidad.,Bajo,Media,Profundo;Frío;Sereno;Natural
92GG 59/245,Celeste Floreciente,Frío,6,5,Azulado,Contemporáneo,Dormitorio;Pasillo,Blanco;Gris claro;Negro mate,Blanco;Crema;Terracota;Mostaza,Azulado frío de luminosidad medio (6/10) y saturación media (5/10) que equilibra el espacio.,Medio,Media,Suave;Frío;Sereno;Natural
78GG 79/109,Chapuzón Refrescante,Frío,8,5,Azulado,Contemporáneo,Living;Comedor;Cocina;Dormitorio;Pasillo,Blanco;Gris claro;Negro mate,Negro mate;Grafito;Terracota;Mostaza,Azulado frío de luminosidad alto (8/10) y saturación media (5/10) que aporta amplitud visual.,Alto,Media,Luminoso;Amplio;Frío;Sereno
33BG 64/121,Cielo de Ángeles,Frío,7,4,Azulado,Minimalista;Nórdico;Japandi,Living;Dormitorio;Comedor;Cocina;Baño;Pasillo;Home office;Cuarto de niños,Blanco;Gris claro;Negro mate,Negro mate;Grafito;Terracota;Mostaza,Azulado frío de luminosidad alto (7/10) y saturación baja (4/10) que aporta amplitud visual.,Alto,Baja,Luminoso;Amplio;Frío;Sereno
50GG 15/099,Cielo Tempestuoso,Frío,2,2,Verdoso,Industrial;Contemporáneo;Dramático,Baño;Home office,Blanco;Gris claro;Negro mate;Blanco roto,Blanco;Crema;Terracota;Mostaza,Verdoso frío de luminosidad muy bajo (2/10) y saturación muy baja (2/10) que genera profundidad.,Muy Bajo,Muy Baja,Profundo;Frío;Sereno;Sobrio
90GG 83/057,Claridad Suave,Frío,8,4,Verdoso,Minimalista;Nórdico;Japandi,Living;Comedor;Cocina;Dormitorio;Pasillo,Blanco;Gris claro;Negro mate,Negro mate;Grafito;Terracota;Mostaza,Verdoso frío de luminosidad alto (8/10) y saturación baja (4/10) que aporta amplitud visual.,Alto,Baja,Luminoso;Amplio;Frío;Sereno
90GG 11/131,Club Mónaco,Frío,2,3,Azulado,Industrial;Contemporáneo;Dramático,Baño;Home office,Blanco;Gris claro;Negro mate;Blanco roto,Blanco;Crema;Terracota;Mostaza,Azulado frío de luminosidad muy bajo (2/10) y saturación baja (3/10) que genera profundidad.,Muy Bajo,Baja,Profundo;Frío;Sereno;Sobrio
10BG 63/189,Colina Ventosa,Frío,7,5,Azulado,Contemporáneo,Living;Comedor;Cocina;Dormitorio;Pasillo,Blanco;Gris claro;Negro mate,Negro mate;Grafito;Terracota;Mostaza,Azulado frío de luminosidad alto (7/10) y saturación media (5/10) que aporta amplitud visual.,Alto,Media,Luminoso;Amplio;Frío;Sereno
18BG 47/282,Costa del Pacífico,Frío,5,6,Azulado,Industrial;Contemporáneo,Baño;Home office,Blanco;Gris claro;Negro mate;Neutros,Blanco;Crema;Terracota;Mostaza,Azulado frío de luminosidad medio (5/10) y saturación media (6/10) que equilibra el espacio.,Medio,Media,Suave;Frío;Sereno;Natural
75GG 77/065,Cristalino,Frío,8,4,Verdoso,Minimalista;Nórdico;Japandi,Living;Dormitorio;Comedor;Cocina;Baño;Pasillo;Home office;Cuarto de niños,Blanco;Gris claro;Negro mate,Negro mate;Grafito;Terracota;Mostaza,Verdoso frío de luminosidad alto (8/10) y saturación baja (4/10) que aporta amplitud visual.,Alto,Baja,Luminoso;Amplio;Frío;Sereno
30BG 33/207,Crucero Fluvial,Frío,4,4,Azulado,Industrial;Contemporáneo,Baño;Home office,Blanco;Gris claro;Negro mate;Blanco roto,Blanco;Crema;Terracota;Mostaza,Azulado frío de luminosidad bajo (4/10) y saturación baja (4/10) que equilibra el espacio.,Bajo,Baja,Suave;Frío;Sereno;Natural
95GG 78/054,Cuento de Hadas,Frío,8,3,Verdoso,Minimalista;Nórdico;Japandi,Living;Comedor;Cocina;Dormitorio;Pasillo,Blanco;Gris claro;Negro mate,Negro mate;Grafito;Terracota;Mostaza,Verdoso frío de luminosidad alto (8/10) y saturación baja (3/10) que aporta amplitud visual.,Alto,Baja,Luminoso;Amplio;Frío;Sereno
70GG 27/105,Cumbre de Montaña,Frío,3,2,Verdoso,Industrial;Contemporáneo;Dramático,Baño;Home office,Blanco;Gris claro;Negro mate;Blanco roto,Blanco;Crema;Terracota;Mostaza,Verdoso frío de luminosidad bajo (3/10) y saturación muy baja (2/10) que genera profundidad.,Bajo,Muy Baja,Profundo;Frío;Sereno;Sobrio
39BG 21/339,Deleite Caribeño,Frío,3,10,Azulado,Industrial;Contemporáneo;Pop;Maximalista;Dramático,Baño;Home office,Blanco;Gris claro;Negro mate;Blanco roto;Neutros,Blanco;Crema;Terracota;Mostaza,Azulado frío de luminosidad bajo (3/10) y saturación muy alta (10/10) que genera profundidad.,Bajo,Muy Alta,Profundo;Frío;Sereno;Alegre
44GG 27/468,Desfile de Luz,Frío,3,10,Verdoso,Industrial;Contemporáneo;Pop;Maximalista;Dramático,Living;Dormitorio;Comedor;Cocina;Baño;Pasillo;Home office;Cuarto de niños,Blanco;Gris claro;Negro mate;Blanco roto;Neutros,Blanco;Crema;Terracota;Mostaza,Verdoso frío de luminosidad bajo (3/10) y saturación muy alta (10/10) que genera profundidad.,Bajo,Muy Alta,Profundo;Frío;Sereno;Alegre
45GY 83/023,Diamante Pálido,Neutro,8,2,Marfil,Minimalista;Nórdico;Japandi,Living;Dormitorio;Comedor;Cocina;Baño;Pasillo;Home office;Cuarto de niños,Blanco;Madera clara;Negro mate,Negro mate;Grafito;Verde oliva,Marfil neutro de luminosidad alto (8/10) y saturación muy baja (2/10) que aporta amplitud visual.,Alto,Muy Baja,Luminoso;Amplio;Neutro;Elegante
12BG 79/065,Divertido Verano,Frío,8,4,Azulado,Minimalista;Nórdico;Japandi,Living;Comedor;Cocina;Dormitorio;Pasillo,Blanco;Gris claro;Negro mate,Negro mate;Grafito;Terracota;Mostaza,Azulado frío de luminosidad alto (8/10) y saturación baja (4/10) que aporta amplitud visual.,Alto,Baja,Luminoso;Amplio;Frío;Sereno
30BG 72/051,Escultura en Piedras,Frío,7,3,Azulado,Minimalista;Nórdico;Japandi,Living;Comedor;Cocina;Dormitorio;Pasillo,Blanco;Gris claro;Negro mate,Negro mate;Grafito;Terracota;Mostaza,Azulado frío de luminosidad alto (7/10) y saturación baja (3/10) que aporta amplitud visual.,Alto,Baja,Luminoso;Amplio;Frío;Sereno
50GG 18/261,Esencia de Jade,Frío,3,5,Verdoso,Industrial;Contemporáneo;Dramático,Baño;Home office,Blanco;Gris claro;Negro mate;Blanco roto,Blanco;Crema;Terracota;Mostaza,Verdoso frío de luminosidad bajo (3/10) y saturación media (5/10) que genera profundidad.,Bajo,Media,Profundo;Frío;Sereno;Natural
50GG 09/189,Esmeralda Intensa,Frío,2,5,Verdoso,Industrial;Contemporáneo;Dramático,Baño;Home office,Blanco;Gris claro;Negro mate;Blanco roto,Blanco;Crema;Terracota;Mostaza,Verdoso frío de luminosidad muy bajo (2/10) y saturación media (5/10) que genera profundidad.,Muy Bajo,Media,Profundo;Frío;Sereno;Natural
71GG 07/179,Esmeralda Vivaz,Frío,1,10,Azulado,Industrial;Contemporáneo;Pop;Maximalista;Dramático,Baño;Home office,Blanco;Gris claro;Negro mate;Blanco roto;Neutros,Blanco;Crema;Terracota;Mostaza,Azulado frío de luminosidad muy bajo (1/10) y saturación muy alta (10/10) que genera profundidad.,Muy Bajo,Muy Alta,Profundo;Frío;Sereno;Alegre
50GG 69/134,Espuma Cítrica,Frío,7,4,Verdoso,Minimalista;Nórdico;Japandi,Living;Comedor;Cocina;Dormitorio;Pasillo,Blanco;Gris claro;Negro mate,Negro mate;Grafito;Terracota;Mostaza,Verdoso frío de luminosidad alto (7/10) y saturación baja (4/10) que aporta amplitud visual.,Alto,Baja,Luminoso;Amplio;Frío;Sereno
70GG 18/122,Floresta Oculta,Frío,2,2,Gris frío,Industrial;Contemporáneo;Dramático,Baño;Home office,Blanco;Gris claro;Negro mate;Blanco roto,Blanco;Crema;Terracota;Mostaza,Gris frío frío de luminosidad muy bajo (2/10) y saturación muy baja (2/10) que genera profundidad.,Muy Bajo,Muy Baja,Profundo;Frío;Sereno;Sobrio
50GG 71/180,Frescor Oceánico,Frío,7,5,Verdoso,Contemporáneo,Living;Comedor;Cocina;Dormitorio;Pasillo,Blanco;Gris claro;Negro mate,Negro mate;Grafito;Terracota;Mostaza,Verdoso frío de luminosidad alto (7/10) y saturación media (5/10) que aporta amplitud visual.,Alto,Media,Luminoso;Amplio;Frío;Sereno
80GG 67/036,Fulgor Gris,Frío,7,2,Verdoso,Minimalista;Nórdico;Japandi,Living;Comedor;Cocina;Dormitorio;Pasillo,Blanco;Gris claro;Negro mate,Negro mate;Grafito;Terracota;Mostaza,Verdoso frío de luminosidad alto (7/10) y saturación muy baja (2/10) que aporta amplitud visual.,Alto,Muy Baja,Luminoso;Amplio;Frío;Sereno
60GG 79/056,Fulgor Verdoso,Frío,8,3,Verdoso,Minimalista;Nórdico;Japandi,Living;Comedor;Cocina;Dormitorio;Pasillo,Blanco;Gris claro;Negro mate,Negro mate;Grafito;Terracota;Mostaza,Verdoso frío de luminosidad alto (8/10) y saturación baja (3/10) que aporta amplitud visual.,Alto,Baja,Luminoso;Amplio;Frío;Sereno
50GG 50/320,Gracia,Frío,5,5,Verdoso,Industrial;Contemporáneo,Dormitorio;Pasillo;Baño;Home office,Blanco;Gris claro;Negro mate,Blanco;Crema;Terracota;Mostaza,Verdoso frío de luminosidad medio (5/10) y saturación media (5/10) que equilibra el espacio.,Medio,Media,Suave;Frío;Sereno;Natural
50GG 55/049,Gris Marmota,Frío,6,2,Verdoso,Contemporáneo,Dormitorio;Pasillo,Blanco;Gris claro;Negro mate,Blanco;Crema;Terracota;Mostaza,Verdoso frío de luminosidad medio (6/10) y saturación muy baja (2/10) que equilibra el espacio.,Medio,Muy Baja,Suave;Frío;Sereno;Sobrio
78GG 19/078,Gris Osado,Frío,3,2,Gris frío,Industrial;Contemporáneo;Dramático,Baño;Home office,Blanco;Gris claro;Negro mate;Blanco roto,Blanco;Crema;Terracota;Mostaza,Gris frío frío de luminosidad bajo (3/10) y saturación muy baja (2/10) que genera profundidad.,Bajo,Muy Baja,Profundo;Frío;Sereno;Sobrio
36GG 87/038,Hielo Sedoso,Cálido,9,3,Verdoso,Minimalista;Nórdico;Japandi;Rústico;Mediterráneo,Living;Dormitorio;Comedor;Cocina;Baño;Pasillo;Home office;Cuarto de niños,Blanco;Madera clara;Beige,Negro mate;Grafito;Azul profundo,Verdoso cálido de luminosidad muy alto (9/10) y saturación baja (3/10) que aporta amplitud visual.,Muy Alto,Baja,Luminoso;Amplio;Cálido;Acogedor
50GG 41/379,Hierbabuena Mejicana,Frío,5,5,Verdoso,Industrial;Contemporáneo,Dormitorio;Pasillo;Baño;Home office,Blanco;Gris claro;Negro mate,Blanco;Crema;Terracota;Mostaza,Verdoso frío de luminosidad medio (5/10) y saturación media (5/10) que equilibra el espacio.,Medio,Media,Suave;Frío;Sereno;Natural
38GG 80/077,Hoja de Saúco,Cálido,8,4,Verdoso,Minimalista;Nórdico;Japandi;Rústico;Mediterráneo,Living;Dormitorio;Comedor;Cocina;Baño;Pasillo;Home office;Cuarto de niños,Blanco;Madera clara;Beige,Negro mate;Grafito;Azul profundo,Verdoso cálido de luminosidad alto (8/10) y saturación baja (4/10) que aporta amplitud visual.,Alto,Baja,Luminoso;Amplio;Cálido;Acogedor
50GG 63/042,Hoja Gris,Neutro,7,2,Verdoso,Minimalista;Nórdico;Japandi,Living;Comedor;Cocina;Dormitorio;Pasillo,Blanco;Madera clara;Negro mate,Negro mate;Grafito;Verde oliva,Verdoso neutro de luminosidad alto (7/10) y saturación muy baja (2/10) que aporta amplitud visual.,Alto,Muy Baja,Luminoso;Amplio;Neutro;Elegante
34GG 81/080,Iceberg Icónico,Cálido,8,4,Verdoso,Minimalista;Nórdico;Japandi;Rústico;Mediterráneo,Living;Comedor;Cocina;Dormitorio;Pasillo,Blanco;Madera clara;Beige,Negro mate;Grafito;Azul profundo,Verdoso cálido de luminosidad alto (8/10) y saturación baja (4/10) que aporta amplitud visual.,Alto,Baja,Luminoso;Amplio;Cálido;Acogedor
90GG 42/171,Isla Bella,Frío,5,3,Azulado,Industrial;Contemporáneo,Dormitorio;Pasillo;Baño;Home office,Blanco;Gris claro;Negro mate,Blanco;Crema;Terracota;Mostaza,Azulado frío de luminosidad medio (5/10) y saturación baja (3/10) que equilibra el espacio.,Medio,Baja,Suave;Frío;Sereno;Sobrio
44GG 24/451,Jade Miami,Frío,3,10,Verdoso,Industrial;Contemporáneo;Pop;Maximalista;Dramático,Baño;Home office,Blanco;Gris claro;Negro mate;Blanco roto;Neutros,Blanco;Crema;Terracota;Mostaza,Verdoso frío de luminosidad bajo (3/10) y saturación muy alta (10/10) que genera profundidad.,Bajo,Muy Alta,Profundo;Frío;Sereno;Alegre
77GG 46/139,Jardín de Tortugas,Frío,5,3,Azulado,Industrial;Contemporáneo,Dormitorio;Pasillo;Baño;Home office,Blanco;Gris claro;Negro mate,Blanco;Crema;Terracota;Mostaza,Azulado frío de luminosidad medio (5/10) y saturación baja (3/10) que equilibra el espacio.,Medio,Baja,Suave;Frío;Sereno;Sobrio
50GG 23/085,Jardín Nocturno,Frío,3,2,Verdoso,Industrial;Contemporáneo;Dramático,Baño;Home office,Blanco;Gris claro;Negro mate;Blanco roto,Blanco;Crema;Terracota;Mostaza,Verdoso frío de luminosidad bajo (3/10) y saturación muy baja (2/10) que genera profundidad.,Bajo,Muy Baja,Profundo;Frío;Sereno;Sobrio
55GG 46/244,Jardín Ondulado,Frío,5,4,Verdoso,Industrial;Contemporáneo,Dormitorio;Pasillo;Baño;Home office,Blanco;Gris claro;Negro mate,Blanco;Crema;Terracota;Mostaza,Verdoso frío de luminosidad medio (5/10) y saturación baja (4/10) que equilibra el espacio.,Medio,Baja,Suave;Frío;Sereno;Natural
70GG 39/303,Joya de Neptuno,Frío,4,5,Azulado,Industrial;Contemporáneo,Baño;Home office,Blanco;Gris claro;Negro mate;Blanco roto,Blanco;Crema;Terracota;Mostaza,Azulado frío de luminosidad bajo (4/10) y saturación media (5/10) que equilibra el espacio.,Bajo,Media,Suave;Frío;Sereno;Natural
42GG 75/155,Juguete Verde,Frío,8,5,Verdoso,Contemporáneo,Living;Dormitorio;Comedor;Cocina;Baño;Pasillo;Home office;Cuarto de niños,Blanco;Gris claro;Negro mate,Negro mate;Grafito;Terracota;Mostaza,Verdoso frío de luminosidad alto (8/10) y saturación media (5/10) que aporta amplitud visual.,Alto,Media,Luminoso;Amplio;Frío;Sereno
87GG 60/239,Lago Cristalino,Frío,6,5,Azulado,Contemporáneo,Dormitorio;Pasillo,Blanco;Gris claro;Negro mate,Blanco;Crema;Terracota;Mostaza,Azulado frío de luminosidad medio (6/10) y saturación media (5/10) que equilibra el espacio.,Medio,Media,Suave;Frío;Sereno;Natural
10BG 72/057,Lago Vienés,Frío,7,3,Azulado,Minimalista;Nórdico;Japandi,Living;Comedor;Cocina;Dormitorio;Pasillo,Blanco;Gris claro;Negro mate,Negro mate;Grafito;Terracota;Mostaza,Azulado frío de luminosidad alto (7/10) y saturación baja (3/10) que aporta amplitud visual.,Alto,Baja,Luminoso;Amplio;Frío;Sereno
30BG 08/143,Laguna Artica,Frío,2,5,Azulado,Industrial;Contemporáneo;Dramático,Baño;Home office,Blanco;Gris claro;Negro mate;Blanco roto,Blanco;Crema;Terracota;Mostaza,Azulado frío de luminosidad muy bajo (2/10) y saturación media (5/10) que genera profundidad.,Muy Bajo,Media,Profundo;Frío;Sereno;Natural
50GG 83/023,Laguna Helada,Neutro,8,2,Marfil,Minimalista;Nórdico;Japandi,Living;Comedor;Cocina;Dormitorio;Pasillo,Blanco;Madera clara;Negro mate,Negro mate;Grafito;Verde oliva,Marfil neutro de luminosidad alto (8/10) y saturación muy baja (2/10) que aporta amplitud visual.,Alto,Muy Baja,Luminoso;Amplio;Neutro;Elegante
90GG 19/151,Laguna Particular,Frío,3,3,Azulado,Industrial;Contemporáneo;Dramático,Baño;Home office,Blanco;Gris claro;Negro mate;Blanco roto,Blanco;Crema;Terracota;Mostaza,Azulado frío de luminosidad bajo (3/10) y saturación baja (3/10) que genera profundidad.,Bajo,Baja,Profundo;Frío;Sereno;Sobrio
78GG 21/381,Laguna Profunda,Frío,3,10,Azulado,Industrial;Contemporáneo;Pop;Maximalista;Dramático,Baño;Home office,Blanco;Gris claro;Negro mate;Blanco roto;Neutros,Blanco;Crema;Terracota;Mostaza,Azulado frío de luminosidad bajo (3/10) y saturación muy alta (10/10) que genera profundidad.,Bajo,Muy Alta,Profundo;Frío;Sereno;Alegre
30BG 72/069,Lazo Azul,Frío,7,3,Azulado,Minimalista;Nórdico;Japandi,Living;Comedor;Cocina;Dormitorio;Pasillo,Blanco;Gris claro;Negro mate,Negro mate;Grafito;Terracota;Mostaza,Azulado frío de luminosidad alto (7/10) y saturación baja (3/10) que aporta amplitud visual.,Alto,Baja,Luminoso;Amplio;Frío;Sereno
19BG 61/207,Línea Costera,Frío,6,6,Azulado,Contemporáneo,Living,Blanco;Gris claro;Negro mate;Neutros,Blanco;Crema;Terracota;Mostaza,Azulado frío de luminosidad medio (6/10) y saturación media (6/10) que equilibra el espacio.,Medio,Media,Suave;Frío;Sereno;Natural
10BG 72/092,Lluvias de Verano,Frío,7,4,Azulado,Minimalista;Nórdico;Japandi,Living;Comedor;Cocina;Dormitorio;Pasillo,Blanco;Gris claro;Negro mate,Negro mate;Grafito;Terracota;Mostaza,Azulado frío de luminosidad alto (7/10) y saturación baja (4/10) que aporta amplitud visual.,Alto,Baja,Luminoso;Amplio;Frío;Sereno
45GG 81/022,Luna Durmiente,Neutro,8,2,Marfil,Minimalista;Nórdico;Japandi,Living;Comedor;Cocina;Dormitorio;Pasillo,Blanco;Madera clara;Negro mate,Negro mate;Grafito;Verde oliva,Marfil neutro de luminosidad alto (8/10) y saturación muy baja (2/10) que aporta amplitud visual.,Alto,Muy Baja,Luminoso;Amplio;Neutro;Elegante
30BG 33/269,Mar Abierto,Frío,4,5,Azulado,Industrial;Contemporáneo,Baño;Home office,Blanco;Gris claro;Negro mate;Blanco roto,Blanco;Crema;Terracota;Mostaza,Azulado frío de luminosidad bajo (4/10) y saturación media (5/10) que equilibra el espacio.,Bajo,Media,Suave;Frío;Sereno;Natural
70GG 16/390,Mar Agitado,Frío,2,10,Azulado,Industrial;Contemporáneo;Pop;Maximalista;Dramático,Baño;Home office,Blanco;Gris claro;Negro mate;Blanco roto;Neutros,Blanco;Crema;Terracota;Mostaza,Azulado frío de luminosidad muy bajo (2/10) y saturación muy alta (10/10) que genera profundidad.,Muy Bajo,Muy Alta,Profundo;Frío;Sereno;Alegre
33BG 43/240,Mar Caribeño,Frío,5,5,Azulado,Industrial;Contemporáneo,Living;Dormitorio;Comedor;Cocina;Baño;Pasillo;Home office;Cuarto de niños,Blanco;Gris claro;Negro mate,Blanco;Crema;Terracota;Mostaza,Azulado frío de luminosidad medio (5/10) y saturación media (5/10) que equilibra el espacio.,Medio,Media,Suave;Frío;Sereno;Natural
90GG 27/273,Mar de Delfines,Frío,3,5,Azulado,Industrial;Contemporáneo;Dramático,Baño;Home office,Blanco;Gris claro;Negro mate;Blanco roto,Blanco;Crema;Terracota;Mostaza,Azulado frío de luminosidad bajo (3/10) y saturación media (5/10) que genera profundidad.,Bajo,Media,Profundo;Frío;Sereno;Natural
90GG 74/108,Mar de Hawai,Frío,7,4,Azulado,Minimalista;Nórdico;Japandi,Living;Comedor;Cocina;Dormitorio;Pasillo,Blanco;Gris claro;Negro mate,Negro mate;Grafito;Terracota;Mostaza,Azulado frío de luminosidad alto (7/10) y saturación baja (4/10) que aporta amplitud visual.,Alto,Baja,Luminoso;Amplio;Frío;Sereno
46GG 31/446,Mar del Caribe,Frío,4,10,Azulado,Industrial;Contemporáneo;Pop;Maximalista,Baño;Home office,Blanco;Gris claro;Negro mate;Blanco roto;Neutros,Blanco;Crema;Terracota;Mostaza,Azulado frío de luminosidad bajo (4/10) y saturación muy alta (10/10) que equilibra el espacio.,Bajo,Muy Alta,Suave;Frío;Sereno;Alegre
04BG 71/117,Mar Griego,Frío,7,4,Azulado,Minimalista;Nórdico;Japandi,Living;Comedor;Cocina;Dormitorio;Pasillo,Blanco;Gris claro;Negro mate,Negro mate;Grafito;Terracota;Mostaza,Azulado frío de luminosidad alto (7/10) y saturación baja (4/10) que aporta amplitud visual.,Alto,Baja,Luminoso;Amplio;Frío;Sereno
79GG 27/362,Mar Turbulento,Frío,3,10,Azulado,Industrial;Contemporáneo;Pop;Maximalista;Dramático,Baño;Home office,Blanco;Gris claro;Negro mate;Blanco roto;Neutros,Blanco;Crema;Terracota;Mostaza,Azulado frío de luminosidad bajo (3/10) y saturación muy alta (10/10) que genera profundidad.,Bajo,Muy Alta,Profundo;Frío;Sereno;Alegre
56GG 64/258,Maravillas Griegas,Frío,7,6,Verdoso,Contemporáneo,Living;Comedor;Cocina,Blanco;Gris claro;Negro mate;Neutros,Negro mate;Grafito;Terracota;Mostaza,Verdoso frío de luminosidad alto (7/10) y saturación media (6/10) que aporta amplitud visual.,Alto,Media,Luminoso;Amplio;Frío;Sereno
10BG 14/296,Marea Nocturna,Frío,2,10,Azulado,Industrial;Contemporáneo;Pop;Maximalista;Dramático,Baño;Home office,Blanco;Gris claro;Negro mate;Blanco roto;Neutros,Blanco;Crema;Terracota;Mostaza,Azulado frío de luminosidad muy bajo (2/10) y saturación muy alta (10/10) que genera profundidad.,Muy Bajo,Muy Alta,Profundo;Frío;Sereno;Alegre
89GG 63/216,Mareas Tropicales,Frío,6,5,Azulado,Contemporáneo,Dormitorio;Pasillo,Blanco;Gris claro;Negro mate,Blanco;Crema;Terracota;Mostaza,Azulado frío de luminosidad medio (6/10) y saturación media (5/10) que equilibra el espacio.,Medio,Media,Suave;Frío;Sereno;Natural
87GG 51/291,Mares del Sur,Frío,5,5,Azulado,Industrial;Contemporáneo,Dormitorio;Pasillo;Baño;Home office,Blanco;Gris claro;Negro mate,Blanco;Crema;Terracota;Mostaza,Azulado frío de luminosidad medio (5/10) y saturación media (5/10) que equilibra el espacio.,Medio,Media,Suave;Frío;Sereno;Natural
47GG 57/246,Melón Jugoso,Frío,6,5,Verdoso,Contemporáneo,Living;Dormitorio;Comedor;Cocina;Baño;Pasillo;Home office;Cuarto de niños,Blanco;Gris claro;Negro mate,Blanco;Crema;Terracota;Mostaza,Verdoso frío de luminosidad medio (6/10) y saturación media (5/10) que equilibra el espacio.,Medio,Media,Suave;Frío;Sereno;Natural
17BG 60/228,Memorias Acuáticas,Frío,6,6,Azulado,Contemporáneo,Living,Blanco;Gris claro;Negro mate;Neutros,Blanco;Crema;Terracota;Mostaza,Azulado frío de luminosidad medio (6/10) y saturación media (6/10) que equilibra el espacio.,Medio,Media,Suave;Frío;Sereno;Natural
80GG 63/184,Menta Magnífico,Frío,7,5,Azulado,Contemporáneo,Living;Comedor;Cocina;Dormitorio;Pasillo,Blanco;Gris claro;Negro mate,Negro mate;Grafito;Terracota;Mostaza,Azulado frío de luminosidad alto (7/10) y saturación media (5/10) que aporta amplitud visual.,Alto,Media,Luminoso;Amplio;Frío;Sereno
16BG 27/325,Milagro Marino,Frío,3,10,Azulado,Industrial;Contemporáneo;Pop;Maximalista;Dramático,Baño;Home office,Blanco;Gris claro;Negro mate;Blanco roto;Neutros,Blanco;Crema;Terracota;Mostaza,Azulado frío de luminosidad bajo (3/10) y saturación muy alta (10/10) que genera profundidad.,Bajo,Muy Alta,Profundo;Frío;Sereno;Alegre
50GG 40/064,Mina de Grava,Frío,4,2,Verdoso,Industrial;Contemporáneo,Baño;Home office,Blanco;Gris claro;Negro mate;Blanco roto,Blanco;Crema;Terracota;Mostaza,Verdoso frío de luminosidad bajo (4/10) y saturación muy baja (2/10) que equilibra el espacio.,Bajo,Muy Baja,Suave;Frío;Sereno;Sobrio
10BG 63/097,Mirador,Frío,6,3,Azulado,Contemporáneo,Dormitorio;Pasillo,Blanco;Gris claro;Negro mate,Blanco;Crema;Terracota;Mostaza,Azulado frío de luminosidad medio (6/10) y saturación baja (3/10) que equilibra el espacio.,Medio,Baja,Suave;Frío;Sereno;Sobrio
78GG 19/378,Momento Perfecto,Frío,3,10,Azulado,Industrial;Contemporáneo;Pop;Maximalista;Dramático,Baño;Home office,Blanco;Gris claro;Negro mate;Blanco roto;Neutros,Blanco;Crema;Terracota;Mostaza,Azulado frío de luminosidad bajo (3/10) y saturación muy alta (10/10) que genera profundidad.,Bajo,Muy Alta,Profundo;Frío;Sereno;Alegre
78GG 19/160,Momentos Serenos,Frío,3,3,Azulado,Industrial;Contemporáneo;Dramático,Baño;Home office,Blanco;Gris claro;Negro mate;Blanco roto,Blanco;Crema;Terracota;Mostaza,Azulado frío de luminosidad bajo (3/10) y saturación baja (3/10) que genera profundidad.,Bajo,Baja,Profundo;Frío;Sereno;Sobrio
70GG 09/223,Montaña Majestuosa,Frío,2,10,Azulado,Industrial;Contemporáneo;Pop;Maximalista;Dramático,Baño;Home office,Blanco;Gris claro;Negro mate;Blanco roto;Neutros,Blanco;Crema;Terracota;Mostaza,Azulado frío de luminosidad muy bajo (2/10) y saturación muy alta (10/10) que genera profundidad.,Muy Bajo,Muy Alta,Profundo;Frío;Sereno;Alegre
30BG 64/072,Navegación Tranquila,Frío,7,3,Azulado,Minimalista;Nórdico;Japandi,Living;Comedor;Cocina;Dormitorio;Pasillo,Blanco;Gris claro;Negro mate,Negro mate;Grafito;Terracota;Mostaza,Azulado frío de luminosidad alto (7/10) y saturación baja (3/10) que aporta amplitud visual.,Alto,Baja,Luminoso;Amplio;Frío;Sereno
50GG 30/467,Nilo Profundo,Frío,4,10,Azulado,Industrial;Contemporáneo;Pop;Maximalista,Baño;Home office,Blanco;Gris claro;Negro mate;Blanco roto;Neutros,Blanco;Crema;Terracota;Mostaza,Azulado frío de luminosidad bajo (4/10) y saturación muy alta (10/10) que equilibra el espacio.,Bajo,Muy Alta,Suave;Frío;Sereno;Alegre
70GG 13/323,Noche del Zodíaco,Frío,2,10,Azulado,Industrial;Contemporáneo;Pop;Maximalista;Dramático,Baño;Home office,Blanco;Gris claro;Negro mate;Blanco roto;Neutros,Blanco;Crema;Terracota;Mostaza,Azulado frío de luminosidad muy bajo (2/10) y saturación muy alta (10/10) que genera profundidad.,Muy Bajo,Muy Alta,Profundo;Frío;Sereno;Alegre
10BG 46/112,Nórdico,Frío,5,3,Azulado,Industrial;Contemporáneo,Dormitorio;Pasillo;Baño;Home office,Blanco;Gris claro;Negro mate,Blanco;Crema;Terracota;Mostaza,Azulado frío de luminosidad medio (5/10) y saturación baja (3/10) que equilibra el espacio.,Medio,Baja,Suave;Frío;Sereno;Sobrio
50GG 73/031,Ópalo Claro,Neutro,7,2,Verdoso,Minimalista;Nórdico;Japandi,Living;Comedor;Cocina;Dormitorio;Pasillo,Blanco;Madera clara;Negro mate,Negro mate;Grafito;Verde oliva,Verdoso neutro de luminosidad alto (7/10) y saturación muy baja (2/10) que aporta amplitud visual.,Alto,Muy Baja,Luminoso;Amplio;Neutro;Elegante
30BG 76/107,Paisaje Invernal,Frío,8,5,Azulado,Contemporáneo,Living;Comedor;Cocina;Dormitorio;Pasillo,Blanco;Gris claro;Negro mate,Negro mate;Grafito;Terracota;Mostaza,Azulado frío de luminosidad alto (8/10) y saturación media (5/10) que aporta amplitud visual.,Alto,Media,Luminoso;Amplio;Frío;Sereno
77GG 82/044,Paisaje Polar,Frío,8,3,Marfil,Minimalista;Nórdico;Japandi,Living;Comedor;Cocina;Dormitorio;Pasillo,Blanco;Gris claro;Negro mate,Negro mate;Grafito;Terracota;Mostaza,Marfil frío de luminosidad alto (8/10) y saturación baja (3/10) que aporta amplitud visual.,Alto,Baja,Luminoso;Amplio;Frío;Sereno
50GG 43/213,Pantalón Capri,Frío,5,4,Verdoso,Industrial;Contemporáneo,Dormitorio;Pasillo;Baño;Home office,Blanco;Gris claro;Negro mate,Blanco;Crema;Terracota;Mostaza,Verdoso frío de luminosidad medio (5/10) y saturación baja (4/10) que equilibra el espacio.,Medio,Baja,Suave;Frío;Sereno;Natural
80GG 19/231,Pavo Real,Frío,2,5,Azulado,Industrial;Contemporáneo;Dramático,Living;Dormitorio;Comedor;Cocina;Baño;Pasillo;Home office;Cuarto de niños,Blanco;Gris claro;Negro mate;Blanco roto,Blanco;Crema;Terracota;Mostaza,Azulado frío de luminosidad muy bajo (2/10) y saturación media (5/10) que genera profundidad.,Muy Bajo,Media,Profundo;Frío;Sereno;Natural
10BG 83/018,Perla Nublada,Neutro,8,2,Marfil,Minimalista;Nórdico;Japandi,Living;Comedor;Cocina;Dormitorio;Pasillo,Blanco;Madera clara;Negro mate,Negro mate;Grafito;Verde oliva,Marfil neutro de luminosidad alto (8/10) y saturación muy baja (2/10) que aporta amplitud visual.,Alto,Muy Baja,Luminoso;Amplio;Neutro;Elegante
16BG 24/357,Pluma de Pavo Real,Frío,3,10,Azulado,Industrial;Contemporáneo;Pop;Maximalista;Dramático,Baño;Home office,Blanco;Gris claro;Negro mate;Blanco roto;Neutros,Blanco;Crema;Terracota;Mostaza,Azulado frío de luminosidad bajo (3/10) y saturación muy alta (10/10) que genera profundidad.,Bajo,Muy Alta,Profundo;Frío;Sereno;Alegre
14BG 67/174,Popurrí Caribeño,Frío,7,5,Azulado,Contemporáneo,Living;Comedor;Cocina;Dormitorio;Pasillo,Blanco;Gris claro;Negro mate,Negro mate;Grafito;Terracota;Mostaza,Azulado frío de luminosidad alto (7/10) y saturación media (5/10) que aporta amplitud visual.,Alto,Media,Luminoso;Amplio;Frío;Sereno
80GG 12/182,Popurrí de Algas,Frío,2,5,Azulado,Industrial;Contemporáneo;Dramático,Baño;Home office,Blanco;Gris claro;Negro mate;Blanco roto,Blanco;Crema;Terracota;Mostaza,Azulado frío de luminosidad muy bajo (2/10) y saturación media (5/10) que genera profundidad.,Muy Bajo,Media,Profundo;Frío;Sereno;Natural
70GG 11/140,Poseidón,Frío,2,3,Azulado,Industrial;Contemporáneo;Dramático,Baño;Home office,Blanco;Gris claro;Negro mate;Blanco roto,Blanco;Crema;Terracota;Mostaza,Azulado frío de luminosidad muy bajo (2/10) y saturación baja (3/10) que genera profundidad.,Muy Bajo,Baja,Profundo;Frío;Sereno;Sobrio
10BG 10/222,Precioso,Frío,2,10,Azulado,Industrial;Contemporáneo;Pop;Maximalista;Dramático,Baño;Home office,Blanco;Gris claro;Negro mate;Blanco roto;Neutros,Blanco;Crema;Terracota;Mostaza,Azulado frío de luminosidad muy bajo (2/10) y saturación muy alta (10/10) que genera profundidad.,Muy Bajo,Muy Alta,Profundo;Frío;Sereno;Alegre
70GG 63/062,Quietud,Frío,7,2,Verdoso,Minimalista;Nórdico;Japandi,Living;Comedor;Cocina;Dormitorio;Pasillo,Blanco;Gris claro;Negro mate,Negro mate;Grafito;Terracota;Mostaza,Verdoso frío de luminosidad alto (7/10) y saturación muy baja (2/10) que aporta amplitud visual.,Alto,Muy Baja,Luminoso;Amplio;Frío;Sereno
33BG 72/072,Reflejo de Cielo,Frío,7,3,Azulado,Minimalista;Nórdico;Japandi,Living;Dormitorio;Comedor;Cocina;Baño;Pasillo;Home office;Cuarto de niños,Blanco;Gris claro;Negro mate,Negro mate;Grafito;Terracota;Mostaza,Azulado frío de luminosidad alto (7/10) y saturación baja (3/10) que aporta amplitud visual.,Alto,Baja,Luminoso;Amplio;Frío;Sereno
23BG 51/212,Reposo en la Laguna,Frío,5,5,Azulado,Industrial;Contemporáneo,Living;Dormitorio;Comedor;Cocina;Baño;Pasillo;Home office;Cuarto de niños,Blanco;Gris claro;Negro mate,Blanco;Crema;Terracota;Mostaza,Azulado frío de luminosidad medio (5/10) y saturación media (5/10) que equilibra el espacio.,Medio,Media,Suave;Frío;Sereno;Natural
30BG 43/163,Retiro Azul,Frío,5,4,Azulado,Industrial;Contemporáneo,Dormitorio;Pasillo;Baño;Home office,Blanco;Gris claro;Negro mate,Blanco;Crema;Terracota;Mostaza,Azulado frío de luminosidad medio (5/10) y saturación baja (4/10) que equilibra el espacio.,Medio,Baja,Suave;Frío;Sereno;Natural
90GG 38/242,Rey del Mar,Frío,4,4,Azulado,Industrial;Contemporáneo,Baño;Home office,Blanco;Gris claro;Negro mate;Blanco roto,Blanco;Crema;Terracota;Mostaza,Azulado frío de luminosidad bajo (4/10) y saturación baja (4/10) que equilibra el espacio.,Bajo,Baja,Suave;Frío;Sereno;Natural
10BG 22/275,Rialto,Frío,3,7,Azulado,Industrial;Contemporáneo;Pop;Maximalista;Dramático,Baño;Home office,Blanco;Gris claro;Negro mate;Blanco roto;Neutros,Blanco;Crema;Terracota;Mostaza,Azulado frío de luminosidad bajo (3/10) y saturación alta (7/10) que genera profundidad.,Bajo,Alta,Profundo;Frío;Sereno;Alegre
50GG 83/034,Rompiente,Cálido,8,3,Marfil,Minimalista;Nórdico;Japandi;Rústico;Mediterráneo,Living;Comedor;Cocina;Dormitorio;Pasillo,Blanco;Madera clara;Beige,Negro mate;Grafito;Azul profundo,Marfil cálido de luminosidad alto (8/10) y saturación baja (3/10) que aporta amplitud visual.,Alto,Baja,Luminoso;Amplio;Cálido;Acogedor
28GG 82/048,Sensación Acuática,Cálido,8,3,Marfil,Minimalista;Nórdico;Japandi;Rústico;Mediterráneo,Living;Comedor;Cocina;Dormitorio;Pasillo,Blanco;Madera clara;Beige,Negro mate;Grafito;Azul profundo,Marfil cálido de luminosidad alto (8/10) y saturación baja (3/10) que aporta amplitud visual.,Alto,Baja,Luminoso;Amplio;Cálido;Acogedor
80GG 39/220,Sensación Cristal,Frío,4,4,Azulado,Industrial;Contemporáneo,Living;Dormitorio;Comedor;Cocina;Baño;Pasillo;Home office;Cuarto de niños,Blanco;Gris claro;Negro mate;Blanco roto,Blanco;Crema;Terracota;Mostaza,Azulado frío de luminosidad bajo (4/10) y saturación baja (4/10) que equilibra el espacio.,Bajo,Baja,Suave;Frío;Sereno;Natural
47GG 19/396,Sensación de Algas,Frío,3,10,Azulado,Industrial;Contemporáneo;Pop;Maximalista;Dramático,Living;Dormitorio;Comedor;Cocina;Baño;Pasillo;Home office;Cuarto de niños,Blanco;Gris claro;Negro mate;Blanco roto;Neutros,Blanco;Crema;Terracota;Mostaza,Azulado frío de luminosidad bajo (3/10) y saturación muy alta (10/10) que genera profundidad.,Bajo,Muy Alta,Profundo;Frío;Sereno;Alegre
74GG 60/059,Sensación de Lluvia,Frío,6,2,Verdoso,Contemporáneo,Dormitorio;Pasillo,Blanco;Gris claro;Negro mate,Blanco;Crema;Terracota;Mostaza,Verdoso frío de luminosidad medio (6/10) y saturación muy baja (2/10) que equilibra el espacio.,Medio,Muy Baja,Suave;Frío;Sereno;Sobrio
75GG 27/095,Sensación de Truenos,Frío,3,2,Gris frío,Industrial;Contemporáneo;Dramático,Baño;Home office,Blanco;Gris claro;Negro mate;Blanco roto,Blanco;Crema;Terracota;Mostaza,Gris frío frío de luminosidad bajo (3/10) y saturación muy baja (2/10) que genera profundidad.,Bajo,Muy Baja,Profundo;Frío;Sereno;Sobrio
49GG 39/313,Sensación Esmeralda,Frío,4,4,Verdoso,Industrial;Contemporáneo,Living;Dormitorio;Comedor;Cocina;Baño;Pasillo;Home office;Cuarto de niños,Blanco;Gris claro;Negro mate;Blanco roto,Blanco;Crema;Terracota;Mostaza,Verdoso frío de luminosidad bajo (4/10) y saturación baja (4/10) que equilibra el espacio.,Bajo,Baja,Suave;Frío;Sereno;Natural
48GG 19/309,Serpiente Real,Frío,2,10,Azulado,Industrial;Contemporáneo;Pop;Maximalista;Dramático,Baño;Home office,Blanco;Gris claro;Negro mate;Blanco roto;Neutros,Blanco;Crema;Terracota;Mostaza,Azulado frío de luminosidad muy bajo (2/10) y saturación muy alta (10/10) que genera profundidad.,Muy Bajo,Muy Alta,Profundo;Frío;Sereno;Alegre
90GG 30/195,Siete Lagos,Frío,4,3,Azulado,Industrial;Contemporáneo,Baño;Home office,Blanco;Gris claro;Negro mate;Blanco roto,Blanco;Crema;Terracota;Mostaza,Azulado frío de luminosidad bajo (4/10) y saturación baja (3/10) que equilibra el espacio.,Bajo,Baja,Suave;Frío;Sereno;Sobrio
04BG 74/037,Silencio,Frío,8,2,Verdoso,Minimalista;Nórdico;Japandi,Living;Comedor;Cocina;Dormitorio;Pasillo,Blanco;Gris claro;Negro mate,Negro mate;Grafito;Terracota;Mostaza,Verdoso frío de luminosidad alto (8/10) y saturación muy baja (2/10) que aporta amplitud visual.,Alto,Muy Baja,Luminoso;Amplio;Frío;Sereno
81GG 67/099,Suave Caudal,Frío,7,3,Azulado,Minimalista;Nórdico;Japandi,Living;Dormitorio;Comedor;Cocina;Baño;Pasillo;Home office;Cuarto de niños,Blanco;Gris claro;Negro mate,Negro mate;Grafito;Terracota;Mostaza,Azulado frío de luminosidad alto (7/10) y saturación baja (3/10) que aporta amplitud visual.,Alto,Baja,Luminoso;Amplio;Frío;Sereno
79GG 75/125,Sublime Océano,Frío,8,5,Azulado,Contemporáneo,Living;Comedor;Cocina;Dormitorio;Pasillo,Blanco;Gris claro;Negro mate,Negro mate;Grafito;Terracota;Mostaza,Azulado frío de luminosidad alto (8/10) y saturación media (5/10) que aporta amplitud visual.,Alto,Media,Luminoso;Amplio;Frío;Sereno
70GG 83/023,Sueño Grandioso,Neutro,8,2,Marfil,Minimalista;Nórdico;Japandi,Living;Comedor;Cocina;Dormitorio;Pasillo,Blanco;Madera clara;Negro mate,Negro mate;Grafito;Verde oliva,Marfil neutro de luminosidad alto (8/10) y saturación muy baja (2/10) que aporta amplitud visual.,Alto,Muy Baja,Luminoso;Amplio;Neutro;Elegante
87GG 08/151,Sueños Persas,Frío,2,7,Azulado,Industrial;Contemporáneo;Pop;Maximalista;Dramático,Living;Dormitorio;Comedor;Cocina;Baño;Pasillo;Home office;Cuarto de niños,Blanco;Gris claro;Negro mate;Blanco roto;Neutros,Blanco;Crema;Terracota;Mostaza,Azulado frío de luminosidad muy bajo (2/10) y saturación alta (7/10) que genera profundidad.,Muy Bajo,Alta,Profundo;Frío;Sereno;Alegre
10BG 26/134,Talismán,Frío,3,3,Azulado,Industrial;Contemporáneo;Dramático,Baño;Home office,Blanco;Gris claro;Negro mate;Blanco roto,Blanco;Crema;Terracota;Mostaza,Azulado frío de luminosidad bajo (3/10) y saturación baja (3/10) que genera profundidad.,Bajo,Baja,Profundo;Frío;Sereno;Sobrio
56GG 75/052,Té de Menta,Cálido,8,3,Verdoso,Minimalista;Nórdico;Japandi;Rústico;Mediterráneo,Living;Comedor;Cocina;Dormitorio;Pasillo,Blanco;Madera clara;Beige,Negro mate;Grafito;Azul profundo,Verdoso cálido de luminosidad alto (8/10) y saturación baja (3/10) que aporta amplitud visual.,Alto,Baja,Luminoso;Amplio;Cálido;Acogedor
10BG 13/156,Tempestad,Frío,2,4,Azulado,Industrial;Contemporáneo;Dramático,Baño;Home office,Blanco;Gris claro;Negro mate;Blanco roto,Blanco;Crema;Terracota;Mostaza,Azulado frío de luminosidad muy bajo (2/10) y saturación baja (4/10) que genera profundidad.,Muy Bajo,Baja,Profundo;Frío;Sereno;Natural
19BG 45/302,Tesoro de Ópalo,Frío,5,6,Azulado,Industrial;Contemporáneo,Baño;Home office,Blanco;Gris claro;Negro mate;Neutros,Blanco;Crema;Terracota;Mostaza,Azulado frío de luminosidad medio (5/10) y saturación media (6/10) que equilibra el espacio.,Medio,Media,Suave;Frío;Sereno;Natural
85GG 76/039,Tierra de Escarcha,Frío,8,3,Verdoso,Minimalista;Nórdico;Japandi,Living;Comedor;Cocina;Dormitorio;Pasillo,Blanco;Gris claro;Negro mate,Negro mate;Grafito;Terracota;Mostaza,Verdoso frío de luminosidad alto (8/10) y saturación baja (3/10) que aporta amplitud visual.,Alto,Baja,Luminoso;Amplio;Frío;Sereno
01BG 11/248,Trópicos Turbulentos,Frío,2,10,Azulado,Industrial;Contemporáneo;Pop;Maximalista;Dramático,Baño;Home office,Blanco;Gris claro;Negro mate;Blanco roto;Neutros,Blanco;Crema;Terracota;Mostaza,Azulado frío de luminosidad muy bajo (2/10) y saturación muy alta (10/10) que genera profundidad.,Muy Bajo,Muy Alta,Profundo;Frío;Sereno;Alegre
10BG 11/278,Turmalina Azul,Frío,2,10,Azulado,Industrial;Contemporáneo;Pop;Maximalista;Dramático,Baño;Home office,Blanco;Gris claro;Negro mate;Blanco roto;Neutros,Blanco;Crema;Terracota;Mostaza,Azulado frío de luminosidad muy bajo (2/10) y saturación muy alta (10/10) que genera profundidad.,Muy Bajo,Muy Alta,Profundo;Frío;Sereno;Alegre
30BG 23/124,Turquesa Ahumado,Frío,3,3,Azulado,Industrial;Contemporáneo;Dramático,Baño;Home office,Blanco;Gris claro;Negro mate;Blanco roto,Blanco;Crema;Terracota;Mostaza,Azulado frío de luminosidad bajo (3/10) y saturación baja (3/10) que genera profundidad.,Bajo,Baja,Profundo;Frío;Sereno;Sobrio
80GG 27/386,Turquesa Intenso,Frío,3,10,Azulado,Industrial;Contemporáneo;Pop;Maximalista;Dramático,Baño;Home office,Blanco;Gris claro;Negro mate;Blanco roto;Neutros,Blanco;Crema;Terracota;Mostaza,Azulado frío de luminosidad bajo (3/10) y saturación muy alta (10/10) que genera profundidad.,Bajo,Muy Alta,Profundo;Frío;Sereno;Alegre
30BG 15/322,Turquesa Veneciana,Frío,2,10,Azulado,Industrial;Contemporáneo;Pop;Maximalista;Dramático,Baño;Home office,Blanco;Gris claro;Negro mate;Blanco roto;Neutros,Blanco;Crema;Terracota;Mostaza,Azulado frío de luminosidad muy bajo (2/10) y saturación muy alta (10/10) que genera profundidad.,Muy Bajo,Muy Alta,Profundo;Frío;Sereno;Alegre
50GG 18/353,Valle de Jade,Frío,3,10,Azulado,Industrial;Contemporáneo;Pop;Maximalista;Dramático,Baño;Home office,Blanco;Gris claro;Negro mate;Blanco roto;Neutros,Blanco;Crema;Terracota;Mostaza,Azulado frío de luminosidad bajo (3/10) y saturación muy alta (10/10) que genera profundidad.,Bajo,Muy Alta,Profundo;Frío;Sereno;Alegre
90GG 51/211,Verde Asiático,Frío,6,4,Azulado,Contemporáneo,Dormitorio;Pasillo,Blanco;Gris claro;Negro mate,Blanco;Crema;Terracota;Mostaza,Azulado frío de luminosidad medio (6/10) y saturación baja (4/10) que equilibra el espacio.,Medio,Baja,Suave;Frío;Sereno;Natural
90GG 40/115,Verde Atlantis,Frío,4,3,Gris frío,Industrial;Contemporáneo,Baño;Home office,Blanco;Gris claro;Negro mate;Blanco roto,Blanco;Crema;Terracota;Mostaza,Gris frío frío de luminosidad bajo (4/10) y saturación baja (3/10) que equilibra el espacio.,Bajo,Baja,Suave;Frío;Sereno;Sobrio
90GG 12/206,Verde Emperador,Frío,2,5,Azulado,Industrial;Contemporáneo;Dramático,Baño;Home office,Blanco;Gris claro;Negro mate;Blanco roto,Blanco;Crema;Terracota;Mostaza,Azulado frío de luminosidad muy bajo (2/10) y saturación media (5/10) que genera profundidad.,Muy Bajo,Media,Profundo;Frío;Sereno;Natural
90GG 21/219,Verde Estampa,Frío,3,4,Azulado,Industrial;Contemporáneo;Dramático,Baño;Home office,Blanco;Gris claro;Negro mate;Blanco roto,Blanco;Crema;Terracota;Mostaza,Azulado frío de luminosidad bajo (3/10) y saturación baja (4/10) que genera profundidad.,Bajo,Baja,Profundo;Frío;Sereno;Natural
50GG 28/273,Verde Futuro,Frío,3,4,Verdoso,Industrial;Contemporáneo;Dramático,Baño;Home office,Blanco;Gris claro;Negro mate;Blanco roto,Blanco;Crema;Terracota;Mostaza,Verdoso frío de luminosidad bajo (3/10) y saturación baja (4/10) que genera profundidad.,Bajo,Baja,Profundo;Frío;Sereno;Natural
78GG 15/104,Verde Inquietante,Frío,2,2,Gris frío,Industrial;Contemporáneo;Dramático,Baño;Home office,Blanco;Gris claro;Negro mate;Blanco roto,Blanco;Crema;Terracota;Mostaza,Gris frío frío de luminosidad muy bajo (2/10) y saturación muy baja (2/10) que genera profundidad.,Muy Bajo,Muy Baja,Profundo;Frío;Sereno;Sobrio
90GG 74/092,Verde Laguna,Frío,7,4,Azulado,Minimalista;Nórdico;Japandi,Living;Comedor;Cocina;Dormitorio;Pasillo,Blanco;Gris claro;Negro mate,Negro mate;Grafito;Terracota;Mostaza,Azulado frío de luminosidad alto (7/10) y saturación baja (4/10) que aporta amplitud visual.,Alto,Baja,Luminoso;Amplio;Frío;Sereno
82GG 12/289,Verde Libertad,Frío,2,10,Azulado,Industrial;Contemporáneo;Pop;Maximalista;Dramático,Living;Dormitorio;Comedor;Cocina;Baño;Pasillo;Home office;Cuarto de niños,Blanco;Gris claro;Negro mate;Blanco roto;Neutros,Blanco;Crema;Terracota;Mostaza,Azulado frío de luminosidad muy bajo (2/10) y saturación muy alta (10/10) que genera profundidad.,Muy Bajo,Muy Alta,Profundo;Frío;Sereno;Alegre
90GG 08/118,Verde Noche Intenso,Frío,2,4,Azulado,Industrial;Contemporáneo;Dramático,Baño;Home office,Blanco;Gris claro;Negro mate;Blanco roto,Blanco;Crema;Terracota;Mostaza,Azulado frío de luminosidad muy bajo (2/10) y saturación baja (4/10) que genera profundidad.,Muy Bajo,Baja,Profundo;Frío;Sereno;Natural
41GG 67/162,Verde Notorio,Frío,7,4,Verdoso,Minimalista;Nórdico;Japandi,Living;Comedor;Cocina;Dormitorio;Pasillo,Blanco;Gris claro;Negro mate,Negro mate;Grafito;Terracota;Mostaza,Verdoso frío de luminosidad alto (7/10) y saturación baja (4/10) que aporta amplitud visual.,Alto,Baja,Luminoso;Amplio;Frío;Sereno
49GG 17/232,Verde Perejil,Frío,2,5,Verdoso,Industrial;Contemporáneo;Dramático,Baño;Home office,Blanco;Gris claro;Negro mate;Blanco roto,Blanco;Crema;Terracota;Mostaza,Verdoso frío de luminosidad muy bajo (2/10) y saturación media (5/10) que genera profundidad.,Muy Bajo,Media,Profundo;Frío;Sereno;Natural
80GG 08/135,Verde Profundo,Frío,1,6,Azulado,Industrial;Contemporáneo;Dramático,Baño;Home office,Blanco;Gris claro;Negro mate;Blanco roto;Neutros,Blanco;Crema;Terracota;Mostaza,Azulado frío de luminosidad muy bajo (1/10) y saturación media (6/10) que genera profundidad.,Muy Bajo,Media,Profundo;Frío;Sereno;Natural
50GG 61/154,Verde Radiante,Frío,6,4,Verdoso,Contemporáneo,Dormitorio;Pasillo,Blanco;Gris claro;Negro mate,Blanco;Crema;Terracota;Mostaza,Verdoso frío de luminosidad medio (6/10) y saturación baja (4/10) que equilibra el espacio.,Medio,Baja,Suave;Frío;Sereno;Natural
50GG 82/115,Verde Suave,Cálido,8,5,Verdoso,Rústico;Mediterráneo,Living;Comedor;Cocina;Dormitorio;Pasillo,Blanco;Madera clara;Beige,Negro mate;Grafito;Azul profundo,Verdoso cálido de luminosidad alto (8/10) y saturación media (5/10) que aporta amplitud visual.,Alto,Media,Luminoso;Amplio;Cálido;Acogedor
53GG 50/360,Verde Tailandés,Frío,5,6,Verdoso,Industrial;Contemporáneo,Baño;Home office,Blanco;Gris claro;Negro mate;Neutros,Blanco;Crema;Terracota;Mostaza,Verdoso frío de luminosidad medio (5/10) y saturación media (6/10) que equilibra el espacio.,Medio,Media,Suave;Frío;Sereno;Natural
50GG 11/251,Verde Tritón,Frío,2,8,Azulado,Industrial;Contemporáneo;Pop;Maximalista;Dramático,Baño;Home office,Blanco;Gris claro;Negro mate;Blanco roto;Neutros,Blanco;Crema;Terracota;Mostaza,Azulado frío de luminosidad muy bajo (2/10) y saturación alta (8/10) que genera profundidad.,Muy Bajo,Alta,Profundo;Frío;Sereno;Alegre
10BG 22/248,Viaje Submarino,Frío,3,6,Azulado,Industrial;Contemporáneo;Dramático,Baño;Home office,Blanco;Gris claro;Negro mate;Blanco roto;Neutros,Blanco;Crema;Terracota;Mostaza,Azulado frío de luminosidad bajo (3/10) y saturación media (6/10) que genera profundidad.,Bajo,Media,Profundo;Frío;Sereno;Natural
70GG 39/088,Vista de la Colina,Frío,4,2,Gris frío,Industrial;Contemporáneo,Baño;Home office,Blanco;Gris claro;Negro mate;Blanco roto,Blanco;Crema;Terracota;Mostaza,Gris frío frío de luminosidad bajo (4/10) y saturación muy baja (2/10) que equilibra el espacio.,Bajo,Muy Baja,Suave;Frío;Sereno;Sobrio
30BG 64/140,Vista del Lago,Frío,7,4,Azulado,Minimalista;Nórdico;Japandi,Living;Comedor;Cocina;Dormitorio;Pasillo,Blanco;Gris claro;Negro mate,Negro mate;Grafito;Terracota;Mostaza,Azulado frío de luminosidad alto (7/10) y saturación baja (4/10) que aporta amplitud visual.,Alto,Baja,Luminoso;Amplio;Frío;Sereno
10BG 39/244,Vista Marina,Frío,4,4,Azulado,Industrial;Contemporáneo,Baño;Home office,Blanco;Gris claro;Negro mate;Blanco roto,Blanco;Crema;Terracota;Mostaza,Azulado frío de luminosidad bajo (4/10) y saturación baja (4/10) que equilibra el espacio.,Bajo,Baja,Suave;Frío;Sereno;Natural
02GG 21/542,Amazonia,Cálido,3,10,Verdoso,Pop;Maximalista;Dramático,Comedor;Living,Blanco;Madera clara;Beige;Blanco roto;Neutros,Blanco;Crema;Azul profundo,Verdoso cálido de luminosidad bajo (3/10) y saturación muy alta (10/10) que genera profundidad.,Bajo,Muy Alta,Profundo;Cálido;Acogedor;Alegre
01GG 07/070,Anochecer en el Bosque,Neutro,1,2,Verdoso,Dramático,Living;Dormitorio;Comedor;Cocina;Baño;Pasillo;Home office;Cuarto de niños,Blanco;Madera clara;Negro mate;Blanco roto,Blanco;Crema;Verde oliva,Verdoso neutro de luminosidad muy bajo (1/10) y saturación muy baja (2/10) que genera profundidad.,Muy Bajo,Muy Baja,Profundo;Neutro;Elegante;Sobrio
84GY 13/321,Árbol Alpino,Cálido,2,5,Verdoso,Dramático,Living;Dormitorio;Comedor;Cocina;Baño;Pasillo;Home office;Cuarto de niños,Blanco;Madera clara;Beige;Blanco roto,Blanco;Crema;Azul profundo,Verdoso cálido de luminosidad muy bajo (2/10) y saturación media (5/10) que genera profundidad.,Muy Bajo,Media,Profundo;Cálido;Acogedor;Natural
50GY 74/273,Arboleda,Cálido,7,5,Verdoso,Rústico;Mediterráneo,Living;Comedor;Cocina;Dormitorio;Pasillo,Blanco;Madera clara;Beige,Negro mate;Grafito;Azul profundo,Verdoso cálido de luminosidad alto (7/10) y saturación media (5/10) que aporta amplitud visual.,Alto,Media,Luminoso;Amplio;Cálido;Acogedor
70GY 50/242,Arbusto,Cálido,5,3,Verdoso,Rústico;Mediterráneo,Dormitorio;Pasillo,Blanco;Madera clara;Beige,Blanco;Crema;Azul profundo,Verdoso cálido de luminosidad medio (5/10) y saturación baja (3/10) que equilibra el espacio.,Medio,Baja,Suave;Cálido;Acogedor;Sobrio
50GY 69/165,Aroma del Mar,Cálido,7,4,Verdoso,Minimalista;Nórdico;Japandi;Rústico;Mediterráneo,Living;Comedor;Cocina;Dormitorio;Pasillo,Blanco;Madera clara;Beige,Negro mate;Grafito;Azul profundo,Verdoso cálido de luminosidad alto (7/10) y saturación baja (4/10) que aporta amplitud visual.,Alto,Baja,Luminoso;Amplio;Cálido;Acogedor
90GY 60/164,Aruba,Cálido,6,3,Verdoso,Rústico;Mediterráneo,Dormitorio;Pasillo,Blanco;Madera clara;Beige,Blanco;Crema;Azul profundo,Verdoso cálido de luminosidad medio (6/10) y saturación baja (3/10) que equilibra el espacio.,Medio,Baja,Suave;Cálido;Acogedor;Sobrio
59GY 20/482,Aventura Amazónica *,Cálido,3,5,Verdoso,Dramático,Comedor;Living,Blanco;Madera clara;Beige;Blanco roto,Blanco;Crema;Azul profundo,Verdoso cálido de luminosidad bajo (3/10) y saturación media (5/10) que genera profundidad.,Bajo,Media,Profundo;Cálido;Acogedor;Natural
30GG 50/332,Bahía de Tampa,Frío,5,5,Verdoso,Industrial;Contemporáneo,Dormitorio;Pasillo;Baño;Home office,Blanco;Gris claro;Negro mate,Blanco;Crema;Terracota;Mostaza,Verdoso frío de luminosidad medio (5/10) y saturación media (5/10) que equilibra el espacio.,Medio,Media,Suave;Frío;Sereno;Natural
25GG 07/188,Bálsamo,Frío,1,6,Verdoso,Industrial;Contemporáneo;Dramático,Baño;Home office,Blanco;Gris claro;Negro mate;Blanco roto;Neutros,Blanco;Crema;Terracota;Mostaza,Verdoso frío de luminosidad muy bajo (1/10) y saturación media (6/10) que genera profundidad.,Muy Bajo,Media,Profundo;Frío;Sereno;Natural
10GG 83/018,Banco de Nieve,Neutro,8,2,Marfil,Minimalista;Nórdico;Japandi,Living;Comedor;Cocina;Dormitorio;Pasillo,Blanco;Madera clara;Negro mate,Negro mate;Grafito;Verde oliva,Marfil neutro de luminosidad alto (8/10) y saturación muy baja (2/10) que aporta amplitud visual.,Alto,Muy Baja,Luminoso;Amplio;Neutro;Elegante
30GG 22/079,Bicentenario,Neutro,3,2,Verdoso,Dramático,Living,Blanco;Madera clara;Negro mate;Blanco roto,Blanco;Crema;Verde oliva,Verdoso neutro de luminosidad bajo (3/10) y saturación muy baja (2/10) que genera profundidad.,Bajo,Muy Baja,Profundo;Neutro;Elegante;Sobrio
79GY 36/106,Bosque de Helechos,Neutro,4,2,Verdoso,Contemporáneo,Living,Blanco;Madera clara;Negro mate;Blanco roto,Blanco;Crema;Verde oliva,Verdoso neutro de luminosidad bajo (4/10) y saturación muy baja (2/10) que equilibra el espacio.,Bajo,Muy Baja,Suave;Neutro;Elegante;Sobrio
69GY 47/391,Bosque Griego,Cálido,5,4,Verdoso,Rústico;Mediterráneo,Dormitorio;Pasillo,Blanco;Madera clara;Beige,Blanco;Crema;Azul profundo,Verdoso cálido de luminosidad medio (5/10) y saturación baja (4/10) que equilibra el espacio.,Medio,Baja,Suave;Cálido;Acogedor;Natural
12GY 10/087,Bosque Gris,Neutro,2,2,Oliva,Dramático,Living,Blanco;Madera clara;Negro mate;Blanco roto,Blanco;Crema;Verde oliva,Oliva neutro de luminosidad muy bajo (2/10) y saturación muy baja (2/10) que genera profundidad.,Muy Bajo,Muy Baja,Profundo;Neutro;Elegante;Sobrio
08GY 36/175,Bosque Melancólico,Neutro,4,2,Gris frío,Contemporáneo,Living;Dormitorio;Comedor;Cocina;Baño;Pasillo;Home office;Cuarto de niños,Blanco;Madera clara;Negro mate;Blanco roto,Blanco;Crema;Verde oliva,Gris frío neutro de luminosidad bajo (4/10) y saturación muy baja (2/10) que equilibra el espacio.,Bajo,Muy Baja,Suave;Neutro;Elegante;Sobrio
70GY 74/149,Brillo Marino,Cálido,7,4,Verdoso,Minimalista;Nórdico;Japandi;Rústico;Mediterráneo,Living;Comedor;Cocina;Dormitorio;Pasillo,Blanco;Madera clara;Beige,Negro mate;Grafito;Azul profundo,Verdoso cálido de luminosidad alto (7/10) y saturación baja (4/10) que aporta amplitud visual.,Alto,Baja,Luminoso;Amplio;Cálido;Acogedor
30GG 73/048,Brisa Marina,Neutro,7,2,Verdoso,Minimalista;Nórdico;Japandi,Living;Comedor;Cocina;Dormitorio;Pasillo,Blanco;Madera clara;Negro mate,Negro mate;Grafito;Verde oliva,Verdoso neutro de luminosidad alto (7/10) y saturación muy baja (2/10) que aporta amplitud visual.,Alto,Muy Baja,Luminoso;Amplio;Neutro;Elegante
70GY 83/140,Brisa Oceánica,Cálido,8,5,Verdoso,Rústico;Mediterráneo,Living;Comedor;Cocina;Dormitorio;Pasillo,Blanco;Madera clara;Beige,Negro mate;Grafito;Azul profundo,Verdoso cálido de luminosidad alto (8/10) y saturación media (5/10) que aporta amplitud visual.,Alto,Media,Luminoso;Amplio;Cálido;Acogedor
30GG 61/168,Brote de Hierbabuena,Cálido,6,4,Verdoso,Rústico;Mediterráneo,Dormitorio;Pasillo,Blanco;Madera clara;Beige,Blanco;Crema;Azul profundo,Verdoso cálido de luminosidad medio (6/10) y saturación baja (4/10) que equilibra el espacio.,Medio,Baja,Suave;Cálido;Acogedor;Natural
71GY 65/301,Brote de Primavera,Cálido,7,5,Verdoso,Rústico;Mediterráneo,Living;Comedor;Cocina;Dormitorio;Pasillo,Blanco;Madera clara;Beige,Negro mate;Grafito;Azul profundo,Verdoso cálido de luminosidad alto (7/10) y saturación media (5/10) que aporta amplitud visual.,Alto,Media,Luminoso;Amplio;Cálido;Acogedor
13GY 52/120,Brote de Trébol,Neutro,6,2,Gris frío,Contemporáneo,Living;Dormitorio;Comedor;Cocina;Baño;Pasillo;Home office;Cuarto de niños,Blanco;Madera clara;Negro mate,Blanco;Crema;Verde oliva,Gris frío neutro de luminosidad medio (6/10) y saturación muy baja (2/10) que equilibra el espacio.,Medio,Muy Baja,Suave;Neutro;Elegante;Sobrio
10GY 64/065,Bruma Cristalina,Cálido,7,2,Gris cálido,Minimalista;Nórdico;Japandi;Rústico;Mediterráneo,Living;Comedor;Cocina;Dormitorio;Pasillo,Blanco;Madera clara;Beige,Negro mate;Grafito;Azul profundo,Gris cálido cálido de luminosidad alto (7/10) y saturación muy baja (2/10) que aporta amplitud visual.,Alto,Muy Baja,Luminoso;Amplio;Cálido;Acogedor
50GY 75/122,Bruma Natural,Cálido,8,4,Verdoso,Minimalista;Nórdico;Japandi;Rústico;Mediterráneo,Living;Comedor;Cocina;Dormitorio;Pasillo,Blanco;Madera clara;Beige,Negro mate;Grafito;Azul profundo,Verdoso cálido de luminosidad alto (8/10) y saturación baja (4/10) que aporta amplitud visual.,Alto,Baja,Luminoso;Amplio;Cálido;Acogedor
30GY 83/107,Búzios,Cálido,8,4,Lima,Minimalista;Nórdico;Japandi;Rústico;Mediterráneo,Living;Comedor;Cocina;Dormitorio;Pasillo,Blanco;Madera clara;Beige,Negro mate;Grafito;Azul profundo,Lima cálido de luminosidad alto (8/10) y saturación baja (4/10) que aporta amplitud visual.,Alto,Baja,Luminoso;Amplio;Cálido;Acogedor
50GY 13/306,Cactus Silvestre,Cálido,2,4,Oliva,Dramático,Living,Blanco;Madera clara;Beige;Blanco roto,Blanco;Crema;Azul profundo,Oliva cálido de luminosidad muy bajo (2/10) y saturación baja (4/10) que genera profundidad.,Muy Bajo,Baja,Profundo;Cálido;Acogedor;Natural
30GG 18/450,Camino Verde,Frío,3,10,Verdoso,Industrial;Contemporáneo;Pop;Maximalista;Dramático,Baño;Home office,Blanco;Gris claro;Negro mate;Blanco roto;Neutros,Blanco;Crema;Terracota;Mostaza,Verdoso frío de luminosidad bajo (3/10) y saturación muy alta (10/10) que genera profundidad.,Bajo,Muy Alta,Profundo;Frío;Sereno;Alegre
10GY 58/105,Campiñas Inglesas,Cálido,6,2,Gris cálido,Rústico;Mediterráneo,Dormitorio;Pasillo,Blanco;Madera clara;Beige,Blanco;Crema;Azul profundo,Gris cálido cálido de luminosidad medio (6/10) y saturación muy baja (2/10) que equilibra el espacio.,Medio,Muy Baja,Suave;Cálido;Acogedor;Sobrio
30GG 72/032,Campo Nublado,Neutro,7,2,Verdoso,Minimalista;Nórdico;Japandi,Living;Comedor;Cocina;Dormitorio;Pasillo,Blanco;Madera clara;Negro mate,Negro mate;Grafito;Verde oliva,Verdoso neutro de luminosidad alto (7/10) y saturación muy baja (2/10) que aporta amplitud visual.,Alto,Muy Baja,Luminoso;Amplio;Neutro;Elegante
30GY 30/100,Campos de Otoño,Neutro,4,2,Oliva,Contemporáneo,Living,Blanco;Madera clara;Negro mate;Blanco roto,Blanco;Crema;Verde oliva,Oliva neutro de luminosidad bajo (4/10) y saturación muy baja (2/10) que equilibra el espacio.,Bajo,Muy Baja,Suave;Neutro;Elegante;Sobrio
30GY 27/514,Campos Escoceses,Cálido,3,5,Lima,Dramático,Comedor;Living,Blanco;Madera clara;Beige;Blanco roto,Blanco;Crema;Azul profundo,Lima cálido de luminosidad bajo (3/10) y saturación media (5/10) que genera profundidad.,Bajo,Media,Profundo;Cálido;Acogedor;Natural
30GG 75/111,Canción de Lluvia,Cálido,7,4,Verdoso,Minimalista;Nórdico;Japandi;Rústico;Mediterráneo,Living;Comedor;Cocina;Dormitorio;Pasillo,Blanco;Madera clara;Beige,Negro mate;Grafito;Azul profundo,Verdoso cálido de luminosidad alto (7/10) y saturación baja (4/10) que aporta amplitud visual.,Alto,Baja,Luminoso;Amplio;Cálido;Acogedor
83GY 33/173,Canto de Pavo Real,Neutro,4,2,Verdoso,Contemporáneo,Living;Dormitorio;Comedor;Cocina;Baño;Pasillo;Home office;Cuarto de niños,Blanco;Madera clara;Negro mate;Blanco roto,Blanco;Crema;Verde oliva,Verdoso neutro de luminosidad bajo (4/10) y saturación muy baja (2/10) que equilibra el espacio.,Bajo,Muy Baja,Suave;Neutro;Elegante;Sobrio
85GY 10/193,Canto del Delta,Cálido,2,3,Verdoso,Dramático,Living,Blanco;Madera clara;Beige;Blanco roto,Blanco;Crema;Azul profundo,Verdoso cálido de luminosidad muy bajo (2/10) y saturación baja (3/10) que genera profundidad.,Muy Bajo,Baja,Profundo;Cálido;Acogedor;Sobrio
19GY 65/110,Caqui Pasional,Cálido,7,3,Piedra,Minimalista;Nórdico;Japandi;Rústico;Mediterráneo,Living;Comedor;Cocina;Dormitorio;Pasillo,Blanco;Madera clara;Beige,Negro mate;Grafito;Azul profundo,Piedra cálido de luminosidad alto (7/10) y saturación baja (3/10) que aporta amplitud visual.,Alto,Baja,Luminoso;Amplio;Cálido;Acogedor
94YY 83/072,Caramelo de Manzana,Cálido,8,4,Piedra,Minimalista;Nórdico;Japandi;Rústico;Mediterráneo,Living;Comedor;Cocina;Dormitorio;Pasillo,Blanco;Madera clara;Beige,Negro mate;Grafito;Azul profundo,Piedra cálido de luminosidad alto (8/10) y saturación baja (4/10) que aporta amplitud visual.,Alto,Baja,Luminoso;Amplio;Cálido;Acogedor
50GY 83/060,Caramelo de Menta,Cálido,8,3,Verdoso,Minimalista;Nórdico;Japandi;Rústico;Mediterráneo,Living;Comedor;Cocina;Dormitorio;Pasillo,Blanco;Madera clara;Beige,Negro mate;Grafito;Azul profundo,Verdoso cálido de luminosidad alto (8/10) y saturación baja (3/10) que aporta amplitud visual.,Alto,Baja,Luminoso;Amplio;Cálido;Acogedor
10GG 17/239,Caricia Amazónica,Cálido,2,4,Verdoso,Dramático,Living,Blanco;Madera clara;Beige;Blanco roto,Blanco;Crema;Azul profundo,Verdoso cálido de luminosidad muy bajo (2/10) y saturación baja (4/10) que genera profundidad.,Muy Bajo,Baja,Profundo;Cálido;Acogedor;Natural
30GG 57/217,Carrusel,Cálido,6,4,Verdoso,Rústico;Mediterráneo,Dormitorio;Pasillo,Blanco;Madera clara;Beige,Blanco;Crema;Azul profundo,Verdoso cálido de luminosidad medio (6/10) y saturación baja (4/10) que equilibra el espacio.,Medio,Baja,Suave;Cálido;Acogedor;Natural
90GY 21/472,Casa del Árbol,Cálido,3,6,Verdoso,Dramático,Comedor;Living,Blanco;Madera clara;Beige;Blanco roto;Neutros,Blanco;Crema;Azul profundo,Verdoso cálido de luminosidad bajo (3/10) y saturación media (6/10) que genera profundidad.,Bajo,Media,Profundo;Cálido;Acogedor;Natural
10GG 33/483,Cascadas del Bosque,Cálido,4,7,Verdoso,Pop;Maximalista,Comedor;Living,Blanco;Madera clara;Beige;Blanco roto;Neutros,Blanco;Crema;Azul profundo,Verdoso cálido de luminosidad bajo (4/10) y saturación alta (7/10) que equilibra el espacio.,Bajo,Alta,Suave;Cálido;Acogedor;Alegre
45GY 89/039,Casquete Polar,Cálido,9,3,Verdoso,Minimalista;Nórdico;Japandi;Rústico;Mediterráneo,Living;Dormitorio;Comedor;Cocina;Baño;Pasillo;Home office;Cuarto de niños,Blanco;Madera clara;Beige,Negro mate;Grafito;Azul profundo,Verdoso cálido de luminosidad muy alto (9/10) y saturación baja (3/10) que aporta amplitud visual.,Muy Alto,Baja,Luminoso;Amplio;Cálido;Acogedor
90GY 48/234,Castillo de Duendes,Cálido,5,3,Verdoso,Rústico;Mediterráneo,Dormitorio;Pasillo,Blanco;Madera clara;Beige,Blanco;Crema;Azul profundo,Verdoso cálido de luminosidad medio (5/10) y saturación baja (3/10) que equilibra el espacio.,Medio,Baja,Suave;Cálido;Acogedor;Sobrio
06GG 12/304,Caudal Verdoso,Cálido,2,9,Verdoso,Pop;Maximalista;Dramático,Comedor;Living,Blanco;Madera clara;Beige;Blanco roto;Neutros,Blanco;Crema;Azul profundo,Verdoso cálido de luminosidad muy bajo (2/10) y saturación muy alta (9/10) que genera profundidad.,Muy Bajo,Muy Alta,Profundo;Cálido;Acogedor;Alegre
70GY 20/289,Celos,Neutro,3,3,Verdoso,Dramático,Living,Blanco;Madera clara;Negro mate;Blanco roto,Blanco;Crema;Verde oliva,Verdoso neutro de luminosidad bajo (3/10) y saturación baja (3/10) que genera profundidad.,Bajo,Baja,Profundo;Neutro;Elegante;Sobrio
16GY 28/295,Cerco de Primavera,Cálido,3,3,Oliva,Dramático,Living,Blanco;Madera clara;Beige;Blanco roto,Blanco;Crema;Azul profundo,Oliva cálido de luminosidad bajo (3/10) y saturación baja (3/10) que genera profundidad.,Bajo,Baja,Profundo;Cálido;Acogedor;Sobrio
00GY 80/069,Césped Creciente,Cálido,8,3,Piedra,Minimalista;Nórdico;Japandi;Rústico;Mediterráneo,Living;Dormitorio;Comedor;Cocina;Baño;Pasillo;Home office;Cuarto de niños,Blanco;Madera clara;Beige,Negro mate;Grafito;Azul profundo,Piedra cálido de luminosidad alto (8/10) y saturación baja (3/10) que aporta amplitud visual.,Alto,Baja,Luminoso;Amplio;Cálido;Acogedor
50GY 37/335,Chalet de Hiedras,Cálido,4,3,Verdoso,Contemporáneo,Living,Blanco;Madera clara;Beige;Blanco roto,Blanco;Crema;Azul profundo,Verdoso cálido de luminosidad bajo (4/10) y saturación baja (3/10) que equilibra el espacio.,Bajo,Baja,Suave;Cálido;Acogedor;Sobrio
30GG 83/088,Cielo Acuariano,Cálido,8,4,Verdoso,Minimalista;Nórdico;Japandi;Rústico;Mediterráneo,Living;Comedor;Cocina;Dormitorio;Pasillo,Blanco;Madera clara;Beige,Negro mate;Grafito;Azul profundo,Verdoso cálido de luminosidad alto (8/10) y saturación baja (4/10) que aporta amplitud visual.,Alto,Baja,Luminoso;Amplio;Cálido;Acogedor
50GY 06/077,Cisne Negro,Neutro,1,2,Verdoso,Dramático,Living,Blanco;Madera clara;Negro mate;Blanco roto,Blanco;Crema;Verde oliva,Verdoso neutro de luminosidad muy bajo (1/10) y saturación muy baja (2/10) que genera profundidad.,Muy Bajo,Muy Baja,Profundo;Neutro;Elegante;Sobrio
50GY 52/263,Coco Verde,Cálido,5,3,Verdoso,Rústico;Mediterráneo,Dormitorio;Pasillo,Blanco;Madera clara;Beige,Blanco;Crema;Azul profundo,Verdoso cálido de luminosidad medio (5/10) y saturación baja (3/10) que equilibra el espacio.,Medio,Baja,Suave;Cálido;Acogedor;Sobrio
22GY 70/140,Comienzo Primaveral,Cálido,7,4,Piedra,Minimalista;Nórdico;Japandi;Rústico;Mediterráneo,Living;Comedor;Cocina;Dormitorio;Pasillo,Blanco;Madera clara;Beige,Negro mate;Grafito;Azul profundo,Piedra cálido de luminosidad alto (7/10) y saturación baja (4/10) que aporta amplitud visual.,Alto,Baja,Luminoso;Amplio;Cálido;Acogedor
90GY 65/275,Crema de Menta,Cálido,7,5,Verdoso,Rústico;Mediterráneo,Living;Comedor;Cocina;Dormitorio;Pasillo,Blanco;Madera clara;Beige,Negro mate;Grafito;Azul profundo,Verdoso cálido de luminosidad alto (7/10) y saturación media (5/10) que aporta amplitud visual.,Alto,Media,Luminoso;Amplio;Cálido;Acogedor
70GY 65/166,Crema de Palta,Cálido,7,3,Verdoso,Minimalista;Nórdico;Japandi;Rústico;Mediterráneo,Living;Comedor;Cocina;Dormitorio;Pasillo,Blanco;Madera clara;Beige,Negro mate;Grafito;Azul profundo,Verdoso cálido de luminosidad alto (7/10) y saturación baja (3/10) que aporta amplitud visual.,Alto,Baja,Luminoso;Amplio;Cálido;Acogedor
30GY 72/196,Cristal de Venecia,Cálido,7,4,Lima,Minimalista;Nórdico;Japandi;Rústico;Mediterráneo,Living;Comedor;Cocina;Dormitorio;Pasillo,Blanco;Madera clara;Beige,Negro mate;Grafito;Azul profundo,Lima cálido de luminosidad alto (7/10) y saturación baja (4/10) que aporta amplitud visual.,Alto,Baja,Luminoso;Amplio;Cálido;Acogedor
10GG 49/300,Delicia Tailandesa,Cálido,5,4,Verdoso,Rústico;Mediterráneo,Dormitorio;Pasillo,Blanco;Madera clara;Beige,Blanco;Crema;Azul profundo,Verdoso cálido de luminosidad medio (5/10) y saturación baja (4/10) que equilibra el espacio.,Medio,Baja,Suave;Cálido;Acogedor;Natural
50GY 83/090,Dulce Exito,Cálido,8,4,Verdoso,Minimalista;Nórdico;Japandi;Rústico;Mediterráneo,Living;Comedor;Cocina;Dormitorio;Pasillo,Blanco;Madera clara;Beige,Negro mate;Grafito;Azul profundo,Verdoso cálido de luminosidad alto (8/10) y saturación baja (4/10) que aporta amplitud visual.,Alto,Baja,Luminoso;Amplio;Cálido;Acogedor
32GY 51/432,Dulce Hoja,Cálido,5,5,Lima,Rústico;Mediterráneo,Dormitorio;Pasillo;Comedor;Living,Blanco;Madera clara;Beige,Blanco;Crema;Azul profundo,Lima cálido de luminosidad medio (5/10) y saturación media (5/10) que equilibra el espacio.,Medio,Media,Suave;Cálido;Acogedor;Natural
30GY 50/183,Efecto Bambú,Cálido,5,3,Piedra,Rústico;Mediterráneo,Dormitorio;Pasillo,Blanco;Madera clara;Beige,Blanco;Crema;Azul profundo,Piedra cálido de luminosidad medio (5/10) y saturación baja (3/10) que equilibra el espacio.,Medio,Baja,Suave;Cálido;Acogedor;Sobrio
77GY 68/066,Escena de Almizcle,Neutro,7,2,Verdoso,Minimalista;Nórdico;Japandi,Living;Comedor;Cocina;Dormitorio;Pasillo,Blanco;Madera clara;Negro mate,Negro mate;Grafito;Verde oliva,Verdoso neutro de luminosidad alto (7/10) y saturación muy baja (2/10) que aporta amplitud visual.,Alto,Muy Baja,Luminoso;Amplio;Neutro;Elegante
10GG 15/346,Esmeralda,Cálido,2,6,Verdoso,Dramático,Comedor;Living,Blanco;Madera clara;Beige;Blanco roto;Neutros,Blanco;Crema;Azul profundo,Verdoso cálido de luminosidad muy bajo (2/10) y saturación media (6/10) que genera profundidad.,Muy Bajo,Media,Profundo;Cálido;Acogedor;Natural
70GY 19/233,Esmeralda Real,Neutro,3,2,Verdoso,Dramático,Living,Blanco;Madera clara;Negro mate;Blanco roto,Blanco;Crema;Verde oliva,Verdoso neutro de luminosidad bajo (3/10) y saturación muy baja (2/10) que genera profundidad.,Bajo,Muy Baja,Profundo;Neutro;Elegante;Sobrio
17GG 40/107,Eucalipto Claro,Neutro,4,2,Verdoso,Contemporáneo,Living,Blanco;Madera clara;Negro mate;Blanco roto,Blanco;Crema;Verde oliva,Verdoso neutro de luminosidad bajo (4/10) y saturación muy baja (2/10) que equilibra el espacio.,Bajo,Muy Baja,Suave;Neutro;Elegante;Sobrio
50GY 15/289,Explosión Solar,Cálido,2,3,Oliva,Dramático,Living,Blanco;Madera clara;Beige;Blanco roto,Blanco;Crema;Azul profundo,Oliva cálido de luminosidad muy bajo (2/10) y saturación baja (3/10) que genera profundidad.,Muy Bajo,Baja,Profundo;Cálido;Acogedor;Sobrio
33GY 33/549,Fantasía de Elfo,Cálido,4,5,Lima,Contemporáneo,Living;Dormitorio;Comedor;Cocina;Baño;Pasillo;Home office;Cuarto de niños,Blanco;Madera clara;Beige;Blanco roto,Blanco;Crema;Azul profundo,Lima cálido de luminosidad bajo (4/10) y saturación media (5/10) que equilibra el espacio.,Bajo,Media,Suave;Cálido;Acogedor;Natural
17GY 27/098,Fantasía del Bosque,Neutro,3,2,Oliva,Dramático,Living,Blanco;Madera clara;Negro mate;Blanco roto,Blanco;Crema;Verde oliva,Oliva neutro de luminosidad bajo (3/10) y saturación muy baja (2/10) que genera profundidad.,Bajo,Muy Baja,Profundo;Neutro;Elegante;Sobrio
10GG 40/352,Fauna de Primavera,Cálido,5,4,Verdoso,Rústico;Mediterráneo,Dormitorio;Pasillo,Blanco;Madera clara;Beige,Blanco;Crema;Azul profundo,Verdoso cálido de luminosidad medio (5/10) y saturación baja (4/10) que equilibra el espacio.,Medio,Baja,Suave;Cálido;Acogedor;Natural
30GG 16/137,Fauna Suave,Neutro,2,3,Verdoso,Dramático,Living,Blanco;Madera clara;Negro mate;Blanco roto,Blanco;Crema;Verde oliva,Verdoso neutro de luminosidad muy bajo (2/10) y saturación baja (3/10) que genera profundidad.,Muy Bajo,Baja,Profundo;Neutro;Elegante;Sobrio
67GY 40/437,Fiesta del Jardín,Cálido,4,4,Verdoso,Contemporáneo,Living;Dormitorio;Comedor;Cocina;Baño;Pasillo;Home office;Cuarto de niños,Blanco;Madera clara;Beige;Blanco roto,Blanco;Crema;Azul profundo,Verdoso cálido de luminosidad bajo (4/10) y saturación baja (4/10) que equilibra el espacio.,Bajo,Baja,Suave;Cálido;Acogedor;Natural
30GY 62/344,Fiesta Primaveral,Cálido,6,5,Lima,Rústico;Mediterráneo,Dormitorio;Pasillo;Comedor;Living,Blanco;Madera clara;Beige,Blanco;Crema;Azul profundo,Lima cálido de luminosidad medio (6/10) y saturación media (5/10) que equilibra el espacio.,Medio,Media,Suave;Cálido;Acogedor;Natural
50GY 70/259,Flauta de Bambú,Cálido,7,5,Verdoso,Rústico;Mediterráneo,Living;Comedor;Cocina;Dormitorio;Pasillo,Blanco;Madera clara;Beige,Negro mate;Grafito;Azul profundo,Verdoso cálido de luminosidad alto (7/10) y saturación media (5/10) que aporta amplitud visual.,Alto,Media,Luminoso;Amplio;Cálido;Acogedor
50GY 51/437,Flores Silvestres,Cálido,5,5,Verdoso,Rústico;Mediterráneo,Dormitorio;Pasillo;Comedor;Living,Blanco;Madera clara;Beige,Blanco;Crema;Azul profundo,Verdoso cálido de luminosidad medio (5/10) y saturación media (5/10) que equilibra el espacio.,Medio,Media,Suave;Cálido;Acogedor;Natural
30GG 11/281,Floresta Amazónica *,Frío,2,9,Verdoso,Industrial;Contemporáneo;Pop;Maximalista;Dramático,Baño;Home office,Blanco;Gris claro;Negro mate;Blanco roto;Neutros,Blanco;Crema;Terracota;Mostaza,Verdoso frío de luminosidad muy bajo (2/10) y saturación muy alta (9/10) que genera profundidad.,Muy Bajo,Muy Alta,Profundo;Frío;Sereno;Alegre
10GY 29/158,Floresta de Pinos,Neutro,3,2,Oliva,Dramático,Living,Blanco;Madera clara;Negro mate;Blanco roto,Blanco;Crema;Verde oliva,Oliva neutro de luminosidad bajo (3/10) y saturación muy baja (2/10) que genera profundidad.,Bajo,Muy Baja,Profundo;Neutro;Elegante;Sobrio
30GG 33/275,Floresta del Sur,Frío,4,4,Verdoso,Industrial;Contemporáneo,Baño;Home office,Blanco;Gris claro;Negro mate;Blanco roto,Blanco;Crema;Terracota;Mostaza,Verdoso frío de luminosidad bajo (4/10) y saturación baja (4/10) que equilibra el espacio.,Bajo,Baja,Suave;Frío;Sereno;Natural
30GG 40/290,Folclore,Cálido,4,4,Verdoso,Contemporáneo,Living,Blanco;Madera clara;Beige;Blanco roto,Blanco;Crema;Azul profundo,Verdoso cálido de luminosidad bajo (4/10) y saturación baja (4/10) que equilibra el espacio.,Bajo,Baja,Suave;Cálido;Acogedor;Natural
30GY 50/195,Follaje,Cálido,5,3,Piedra,Rústico;Mediterráneo,Dormitorio;Pasillo,Blanco;Madera clara;Beige,Blanco;Crema;Azul profundo,Piedra cálido de luminosidad medio (5/10) y saturación baja (3/10) que equilibra el espacio.,Medio,Baja,Suave;Cálido;Acogedor;Sobrio
30GG 10/225,Fortuna Finlandesa,Frío,2,6,Verdoso,Industrial;Contemporáneo;Dramático,Baño;Home office,Blanco;Gris claro;Negro mate;Blanco roto;Neutros,Blanco;Crema;Terracota;Mostaza,Verdoso frío de luminosidad muy bajo (2/10) y saturación media (6/10) que genera profundidad.,Muy Bajo,Media,Profundo;Frío;Sereno;Natural
39GY 77/179,Fresca Experiencia,Cálido,8,5,Lima,Rústico;Mediterráneo,Living;Dormitorio;Comedor;Cocina;Baño;Pasillo;Home office;Cuarto de niños,Blanco;Madera clara;Beige,Negro mate;Grafito;Azul profundo,Lima cálido de luminosidad alto (8/10) y saturación media (5/10) que aporta amplitud visual.,Alto,Media,Luminoso;Amplio;Cálido;Acogedor
70GY 30/254,Frescor de Otoño,Neutro,4,2,Verdoso,Contemporáneo,Living,Blanco;Madera clara;Negro mate;Blanco roto,Blanco;Crema;Verde oliva,Verdoso neutro de luminosidad bajo (4/10) y saturación muy baja (2/10) que equilibra el espacio.,Bajo,Muy Baja,Suave;Neutro;Elegante;Sobrio
30GG 72/212,Frescor Marítimo,Cálido,7,5,Verdoso,Rústico;Mediterráneo,Living;Comedor;Cocina;Dormitorio;Pasillo,Blanco;Madera clara;Beige,Negro mate;Grafito;Azul profundo,Verdoso cálido de luminosidad alto (7/10) y saturación media (5/10) que aporta amplitud visual.,Alto,Media,Luminoso;Amplio;Cálido;Acogedor
06GG 19/406,Gnomo Verde,Cálido,3,10,Verdoso,Pop;Maximalista;Dramático,Comedor;Living,Blanco;Madera clara;Beige;Blanco roto;Neutros,Blanco;Crema;Azul profundo,Verdoso cálido de luminosidad bajo (3/10) y saturación muy alta (10/10) que genera profundidad.,Bajo,Muy Alta,Profundo;Cálido;Acogedor;Alegre
90GY 76/158,Gorro del Elfo,Cálido,8,4,Verdoso,Minimalista;Nórdico;Japandi;Rústico;Mediterráneo,Living;Comedor;Cocina;Dormitorio;Pasillo,Blanco;Madera clara;Beige,Negro mate;Grafito;Azul profundo,Verdoso cálido de luminosidad alto (8/10) y saturación baja (4/10) que aporta amplitud visual.,Alto,Baja,Luminoso;Amplio;Cálido;Acogedor
56GY 85/095,Gota de Menta,Cálido,9,4,Verdoso,Minimalista;Nórdico;Japandi;Rústico;Mediterráneo,Living;Dormitorio;Comedor;Cocina;Baño;Pasillo;Home office;Cuarto de niños,Blanco;Madera clara;Beige,Negro mate;Grafito;Azul profundo,Verdoso cálido de luminosidad muy alto (9/10) y saturación baja (4/10) que aporta amplitud visual.,Muy Alto,Baja,Luminoso;Amplio;Cálido;Acogedor
50GY 70/192,Gramínea,Cálido,7,4,Verdoso,Minimalista;Nórdico;Japandi;Rústico;Mediterráneo,Living;Comedor;Cocina;Dormitorio;Pasillo,Blanco;Madera clara;Beige,Negro mate;Grafito;Azul profundo,Verdoso cálido de luminosidad alto (7/10) y saturación baja (4/10) que aporta amplitud visual.,Alto,Baja,Luminoso;Amplio;Cálido;Acogedor
42GG 08/250,Gran Conífera,Frío,2,10,Verdoso,Industrial;Contemporáneo;Pop;Maximalista;Dramático,Baño;Home office,Blanco;Gris claro;Negro mate;Blanco roto;Neutros,Blanco;Crema;Terracota;Mostaza,Verdoso frío de luminosidad muy bajo (2/10) y saturación muy alta (10/10) que genera profundidad.,Muy Bajo,Muy Alta,Profundo;Frío;Sereno;Alegre
70GY 35/455,Guirnalda Griega,Cálido,4,4,Verdoso,Contemporáneo,Living,Blanco;Madera clara;Beige;Blanco roto,Blanco;Crema;Azul profundo,Verdoso cálido de luminosidad bajo (4/10) y saturación baja (4/10) que equilibra el espacio.,Bajo,Baja,Suave;Cálido;Acogedor;Natural
70GY 11/300,Guirnalda Verde,Cálido,2,4,Verdoso,Dramático,Living,Blanco;Madera clara;Beige;Blanco roto,Blanco;Crema;Azul profundo,Verdoso cálido de luminosidad muy bajo (2/10) y saturación baja (4/10) que genera profundidad.,Muy Bajo,Baja,Profundo;Cálido;Acogedor;Natural
50GY 22/352,Guisantes Frescos,Cálido,3,3,Oliva,Dramático,Living,Blanco;Madera clara;Beige;Blanco roto,Blanco;Crema;Azul profundo,Oliva cálido de luminosidad bajo (3/10) y saturación baja (3/10) que genera profundidad.,Bajo,Baja,Profundo;Cálido;Acogedor;Sobrio
90GY 83/104,Helada Tropical,Cálido,8,5,Verdoso,Rústico;Mediterráneo,Living;Comedor;Cocina;Dormitorio;Pasillo,Blanco;Madera clara;Beige,Negro mate;Grafito;Azul profundo,Verdoso cálido de luminosidad alto (8/10) y saturación media (5/10) que aporta amplitud visual.,Alto,Media,Luminoso;Amplio;Cálido;Acogedor
90GY 72/040,Helado de Limón,Neutro,7,2,Verdoso,Minimalista;Nórdico;Japandi,Living;Comedor;Cocina;Dormitorio;Pasillo,Blanco;Madera clara;Negro mate,Negro mate;Grafito;Verde oliva,Verdoso neutro de luminosidad alto (7/10) y saturación muy baja (2/10) que aporta amplitud visual.,Alto,Muy Baja,Luminoso;Amplio;Neutro;Elegante
30GY 83/086,Helado de Menta,Cálido,8,4,Piedra,Minimalista;Nórdico;Japandi;Rústico;Mediterráneo,Living;Comedor;Cocina;Dormitorio;Pasillo,Blanco;Madera clara;Beige,Negro mate;Grafito;Azul profundo,Piedra cálido de luminosidad alto (8/10) y saturación baja (4/10) que aporta amplitud visual.,Alto,Baja,Luminoso;Amplio;Cálido;Acogedor
30GY 38/368,Herbal,Cálido,4,4,Oliva,Contemporáneo,Living,Blanco;Madera clara;Beige;Blanco roto,Blanco;Crema;Azul profundo,Oliva cálido de luminosidad bajo (4/10) y saturación baja (4/10) que equilibra el espacio.,Bajo,Baja,Suave;Cálido;Acogedor;Natural
51GG 12/132,Herbolario,Frío,2,3,Verdoso,Industrial;Contemporáneo;Dramático,Baño;Home office,Blanco;Gris claro;Negro mate;Blanco roto,Blanco;Crema;Terracota;Mostaza,Verdoso frío de luminosidad muy bajo (2/10) y saturación baja (3/10) que genera profundidad.,Muy Bajo,Baja,Profundo;Frío;Sereno;Sobrio
90GY 16/151,Hiedra,Neutro,2,2,Verdoso,Dramático,Living,Blanco;Madera clara;Negro mate;Blanco roto,Blanco;Crema;Verde oliva,Verdoso neutro de luminosidad muy bajo (2/10) y saturación muy baja (2/10) que genera profundidad.,Muy Bajo,Muy Baja,Profundo;Neutro;Elegante;Sobrio
10GG 15/261,Hiedra Irlandesa,Cálido,2,4,Verdoso,Dramático,Living,Blanco;Madera clara;Beige;Blanco roto,Blanco;Crema;Azul profundo,Verdoso cálido de luminosidad muy bajo (2/10) y saturación baja (4/10) que genera profundidad.,Muy Bajo,Baja,Profundo;Cálido;Acogedor;Natural
33GY 46/469,Hierba Primaveral,Cálido,5,5,Lima,Rústico;Mediterráneo,Living;Dormitorio;Comedor;Cocina;Baño;Pasillo;Home office;Cuarto de niños,Blanco;Madera clara;Beige,Blanco;Crema;Azul profundo,Lima cálido de luminosidad medio (5/10) y saturación media (5/10) que equilibra el espacio.,Medio,Media,Suave;Cálido;Acogedor;Natural
10GG 44/395,Hierbabuena,Cálido,5,5,Verdoso,Rústico;Mediterráneo,Dormitorio;Pasillo;Comedor;Living,Blanco;Madera clara;Beige,Blanco;Crema;Azul profundo,Verdoso cálido de luminosidad medio (5/10) y saturación media (5/10) que equilibra el espacio.,Medio,Media,Suave;Cálido;Acogedor;Natural
76GY 69/215,Hierbabuena Dulce,Cálido,7,4,Verdoso,Minimalista;Nórdico;Japandi;Rústico;Mediterráneo,Living;Comedor;Cocina;Dormitorio;Pasillo,Blanco;Madera clara;Beige,Negro mate;Grafito;Azul profundo,Verdoso cálido de luminosidad alto (7/10) y saturación baja (4/10) que aporta amplitud visual.,Alto,Baja,Luminoso;Amplio;Cálido;Acogedor
50GY 18/178,Hierbabuena Intensa,Neutro,3,2,Oliva,Dramático,Living,Blanco;Madera clara;Negro mate;Blanco roto,Blanco;Crema;Verde oliva,Oliva neutro de luminosidad bajo (3/10) y saturación muy baja (2/10) que genera profundidad.,Bajo,Muy Baja,Profundo;Neutro;Elegante;Sobrio
90GY 54/334,Hierbabuena Rugosa,Cálido,6,5,Verdoso,Rústico;Mediterráneo,Dormitorio;Pasillo;Comedor;Living,Blanco;Madera clara;Beige,Blanco;Crema;Azul profundo,Verdoso cálido de luminosidad medio (6/10) y saturación media (5/10) que equilibra el espacio.,Medio,Media,Suave;Cálido;Acogedor;Natural
46GY 21/423,Hoja de Banano,Cálido,3,5,Oliva,Dramático,Comedor;Living,Blanco;Madera clara;Beige;Blanco roto,Blanco;Crema;Azul profundo,Oliva cálido de luminosidad bajo (3/10) y saturación media (5/10) que genera profundidad.,Bajo,Media,Profundo;Cálido;Acogedor;Natural
30GY 34/249,Hoja de Cesped,Neutro,4,3,Oliva,Contemporáneo,Living,Blanco;Madera clara;Negro mate;Blanco roto,Blanco;Crema;Verde oliva,Oliva neutro de luminosidad bajo (4/10) y saturación baja (3/10) que equilibra el espacio.,Bajo,Baja,Suave;Neutro;Elegante;Sobrio
70GY 13/324,Hoja de la Selva,Cálido,2,4,Verdoso,Dramático,Living,Blanco;Madera clara;Beige;Blanco roto,Blanco;Crema;Azul profundo,Verdoso cálido de luminosidad muy bajo (2/10) y saturación baja (4/10) que genera profundidad.,Muy Bajo,Baja,Profundo;Cálido;Acogedor;Natural
10GY 14/135,Hoja de Laurel,Cálido,2,2,Gris cálido,Dramático,Living,Blanco;Madera clara;Beige;Blanco roto,Blanco;Crema;Azul profundo,Gris cálido cálido de luminosidad muy bajo (2/10) y saturación muy baja (2/10) que genera profundidad.,Muy Bajo,Muy Baja,Profundo;Cálido;Acogedor;Sobrio
10GY 52/541,Hoja de Palmera,Cálido,6,5,Lima,Rústico;Mediterráneo,Dormitorio;Pasillo;Comedor;Living,Blanco;Madera clara;Beige,Blanco;Crema;Azul profundo,Lima cálido de luminosidad medio (6/10) y saturación media (5/10) que equilibra el espacio.,Medio,Media,Suave;Cálido;Acogedor;Natural
71GY 59/307,Hoja de Trébol,Cálido,6,4,Verdoso,Rústico;Mediterráneo,Dormitorio;Pasillo,Blanco;Madera clara;Beige,Blanco;Crema;Azul profundo,Verdoso cálido de luminosidad medio (6/10) y saturación baja (4/10) que equilibra el espacio.,Medio,Baja,Suave;Cálido;Acogedor;Natural
18GY 38/328,Huerta Serena,Cálido,4,3,Oliva,Contemporáneo,Living,Blanco;Madera clara;Beige;Blanco roto,Blanco;Crema;Azul profundo,Oliva cálido de luminosidad bajo (4/10) y saturación baja (3/10) que equilibra el espacio.,Bajo,Baja,Suave;Cálido;Acogedor;Sobrio
70GY 18/576,Insensatez *,Cálido,3,5,Verdoso,Dramático,Comedor;Living,Blanco;Madera clara;Beige;Blanco roto,Blanco;Crema;Azul profundo,Verdoso cálido de luminosidad bajo (3/10) y saturación media (5/10) que genera profundidad.,Bajo,Media,Profundo;Cálido;Acogedor;Natural
10GG 23/485,Isla del Tesoro,Cálido,3,10,Verdoso,Pop;Maximalista;Dramático,Comedor;Living,Blanco;Madera clara;Beige;Blanco roto;Neutros,Blanco;Crema;Azul profundo,Verdoso cálido de luminosidad bajo (3/10) y saturación muy alta (10/10) que genera profundidad.,Bajo,Muy Alta,Profundo;Cálido;Acogedor;Alegre
30GG 37/423,Isla Desierta,Frío,4,6,Verdoso,Industrial;Contemporáneo,Baño;Home office,Blanco;Gris claro;Negro mate;Blanco roto;Neutros,Blanco;Crema;Terracota;Mostaza,Verdoso frío de luminosidad bajo (4/10) y saturación media (6/10) que equilibra el espacio.,Bajo,Media,Suave;Frío;Sereno;Natural
70GY 22/546,Isla Esmeralda,Cálido,3,6,Verdoso,Dramático,Living;Dormitorio;Comedor;Cocina;Baño;Pasillo;Home office;Cuarto de niños,Blanco;Madera clara;Beige;Blanco roto;Neutros,Blanco;Crema;Azul profundo,Verdoso cálido de luminosidad bajo (3/10) y saturación media (6/10) que genera profundidad.,Bajo,Media,Profundo;Cálido;Acogedor;Natural
10GG 57/307,Isla Marítima,Cálido,6,5,Verdoso,Rústico;Mediterráneo,Dormitorio;Pasillo;Comedor;Living,Blanco;Madera clara;Beige,Blanco;Crema;Azul profundo,Verdoso cálido de luminosidad medio (6/10) y saturación media (5/10) que equilibra el espacio.,Medio,Media,Suave;Cálido;Acogedor;Natural
70GY 27/154,Jardín Botánico,Neutro,3,2,Verdoso,Dramático,Living,Blanco;Madera clara;Negro mate;Blanco roto,Blanco;Crema;Verde oliva,Verdoso neutro de luminosidad bajo (3/10) y saturación muy baja (2/10) que genera profundidad.,Bajo,Muy Baja,Profundo;Neutro;Elegante;Sobrio
90GY 11/312,Jardín Real,Cálido,2,5,Verdoso,Dramático,Comedor;Living,Blanco;Madera clara;Beige;Blanco roto,Blanco;Crema;Azul profundo,Verdoso cálido de luminosidad muy bajo (2/10) y saturación media (5/10) que genera profundidad.,Muy Bajo,Media,Profundo;Cálido;Acogedor;Natural
70GY 46/120,Jardín Secreto,Neutro,5,2,Verdoso,Contemporáneo,Dormitorio;Pasillo,Blanco;Madera clara;Negro mate,Blanco;Crema;Verde oliva,Verdoso neutro de luminosidad medio (5/10) y saturación muy baja (2/10) que equilibra el espacio.,Medio,Muy Baja,Suave;Neutro;Elegante;Sobrio
90GY 08/187,Jardin Tropical,Cálido,2,3,Verdoso,Dramático,Living,Blanco;Madera clara;Beige;Blanco roto,Blanco;Crema;Azul profundo,Verdoso cálido de luminosidad muy bajo (2/10) y saturación baja (3/10) que genera profundidad.,Muy Bajo,Baja,Profundo;Cálido;Acogedor;Sobrio
50GY 69/306,Jardinera,Cálido,7,5,Verdoso,Rústico;Mediterráneo,Living;Dormitorio;Comedor;Cocina;Baño;Pasillo;Home office;Cuarto de niños,Blanco;Madera clara;Beige,Negro mate;Grafito;Azul profundo,Verdoso cálido de luminosidad alto (7/10) y saturación media (5/10) que aporta amplitud visual.,Alto,Media,Luminoso;Amplio;Cálido;Acogedor
28GG 08/229,Joya de Arcadia,Frío,2,7,Verdoso,Industrial;Contemporáneo;Pop;Maximalista;Dramático,Baño;Home office,Blanco;Gris claro;Negro mate;Blanco roto;Neutros,Blanco;Crema;Terracota;Mostaza,Verdoso frío de luminosidad muy bajo (2/10) y saturación alta (7/10) que genera profundidad.,Muy Bajo,Alta,Profundo;Frío;Sereno;Alegre
16GY 84/051,Kiwi Escarchado,Cálido,8,3,Marfil,Minimalista;Nórdico;Japandi;Rústico;Mediterráneo,Living;Comedor;Cocina;Dormitorio;Pasillo,Blanco;Madera clara;Beige,Negro mate;Grafito;Azul profundo,Marfil cálido de luminosidad alto (8/10) y saturación baja (3/10) que aporta amplitud visual.,Alto,Baja,Luminoso;Amplio;Cálido;Acogedor
30GY 83/150,Lago Espejado,Cálido,8,5,Lima,Rústico;Mediterráneo,Living;Comedor;Cocina;Dormitorio;Pasillo,Blanco;Madera clara;Beige,Negro mate;Grafito;Azul profundo,Lima cálido de luminosidad alto (8/10) y saturación media (5/10) que aporta amplitud visual.,Alto,Media,Luminoso;Amplio;Cálido;Acogedor
90GY 82/028,Lago Glacial,Neutro,8,2,Marfil,Minimalista;Nórdico;Japandi,Living;Comedor;Cocina;Dormitorio;Pasillo,Blanco;Madera clara;Negro mate,Negro mate;Grafito;Verde oliva,Marfil neutro de luminosidad alto (8/10) y saturación muy baja (2/10) que aporta amplitud visual.,Alto,Muy Baja,Luminoso;Amplio;Neutro;Elegante
70GY 63/098,Laguna de Lirios,Neutro,7,2,Verdoso,Minimalista;Nórdico;Japandi,Living;Comedor;Cocina;Dormitorio;Pasillo,Blanco;Madera clara;Negro mate,Negro mate;Grafito;Verde oliva,Verdoso neutro de luminosidad alto (7/10) y saturación muy baja (2/10) que aporta amplitud visual.,Alto,Muy Baja,Luminoso;Amplio;Neutro;Elegante
30GG 20/227,Laguna Esmeralda,Frío,3,4,Verdoso,Industrial;Contemporáneo;Dramático,Baño;Home office,Blanco;Gris claro;Negro mate;Blanco roto,Blanco;Crema;Terracota;Mostaza,Verdoso frío de luminosidad bajo (3/10) y saturación baja (4/10) que genera profundidad.,Bajo,Baja,Profundo;Frío;Sereno;Natural
54GY 54/405,Licor de Pistacho,Cálido,6,5,Verdoso,Rústico;Mediterráneo,Living;Dormitorio;Comedor;Cocina;Baño;Pasillo;Home office;Cuarto de niños,Blanco;Madera clara;Beige,Blanco;Crema;Azul profundo,Verdoso cálido de luminosidad medio (6/10) y saturación media (5/10) que equilibra el espacio.,Medio,Media,Suave;Cálido;Acogedor;Natural
10GG 74/087,Litoraleño,Cálido,8,3,Verdoso,Minimalista;Nórdico;Japandi;Rústico;Mediterráneo,Living;Comedor;Cocina;Dormitorio;Pasillo,Blanco;Madera clara;Beige,Negro mate;Grafito;Azul profundo,Verdoso cálido de luminosidad alto (8/10) y saturación baja (3/10) que aporta amplitud visual.,Alto,Baja,Luminoso;Amplio;Cálido;Acogedor
30GY 73/053,Lluvia China,Neutro,7,2,Gris frío,Minimalista;Nórdico;Japandi,Living;Comedor;Cocina;Dormitorio;Pasillo,Blanco;Madera clara;Negro mate,Negro mate;Grafito;Verde oliva,Gris frío neutro de luminosidad alto (7/10) y saturación muy baja (2/10) que aporta amplitud visual.,Alto,Muy Baja,Luminoso;Amplio;Neutro;Elegante
80GY 11/195,Lluvia en el Bosque,Cálido,2,3,Verdoso,Dramático,Living;Dormitorio;Comedor;Cocina;Baño;Pasillo;Home office;Cuarto de niños,Blanco;Madera clara;Beige;Blanco roto,Blanco;Crema;Azul profundo,Verdoso cálido de luminosidad muy bajo (2/10) y saturación baja (3/10) que genera profundidad.,Muy Bajo,Baja,Profundo;Cálido;Acogedor;Sobrio
59GY 12/239,Lluvia Tropical,Cálido,2,4,Verdoso,Dramático,Living,Blanco;Madera clara;Beige;Blanco roto,Blanco;Crema;Azul profundo,Verdoso cálido de luminosidad muy bajo (2/10) y saturación baja (4/10) que genera profundidad.,Muy Bajo,Baja,Profundo;Cálido;Acogedor;Natural
30GG 33/453,Malabar,Frío,4,10,Verdoso,Industrial;Contemporáneo;Pop;Maximalista,Baño;Home office,Blanco;Gris claro;Negro mate;Blanco roto;Neutros,Blanco;Crema;Terracota;Mostaza,Verdoso frío de luminosidad bajo (4/10) y saturación muy alta (10/10) que equilibra el espacio.,Bajo,Muy Alta,Suave;Frío;Sereno;Alegre
90GY 13/375,Manto de Césped,Cálido,2,6,Verdoso,Dramático,Comedor;Living,Blanco;Madera clara;Beige;Blanco roto;Neutros,Blanco;Crema;Azul profundo,Verdoso cálido de luminosidad muy bajo (2/10) y saturación media (6/10) que genera profundidad.,Muy Bajo,Media,Profundo;Cálido;Acogedor;Natural
50GY 57/096,Manzanar,Neutro,6,2,Verdoso,Contemporáneo,Dormitorio;Pasillo,Blanco;Madera clara;Negro mate,Blanco;Crema;Verde oliva,Verdoso neutro de luminosidad medio (6/10) y saturación muy baja (2/10) que equilibra el espacio.,Medio,Muy Baja,Suave;Neutro;Elegante;Sobrio
30GG 19/370,Mar de Menta,Frío,3,10,Verdoso,Industrial;Contemporáneo;Pop;Maximalista;Dramático,Baño;Home office,Blanco;Gris claro;Negro mate;Blanco roto;Neutros,Blanco;Crema;Terracota;Mostaza,Verdoso frío de luminosidad bajo (3/10) y saturación muy alta (10/10) que genera profundidad.,Bajo,Muy Alta,Profundo;Frío;Sereno;Alegre
50GY 73/049,Marfil Oriental,Neutro,7,2,Verdoso,Minimalista;Nórdico;Japandi,Living;Comedor;Cocina;Dormitorio;Pasillo,Blanco;Madera clara;Negro mate,Negro mate;Grafito;Verde oliva,Verdoso neutro de luminosidad alto (7/10) y saturación muy baja (2/10) que aporta amplitud visual.,Alto,Muy Baja,Luminoso;Amplio;Neutro;Elegante
30GY 58/375,Margarita,Cálido,6,5,Lima,Rústico;Mediterráneo,Dormitorio;Pasillo;Comedor;Living,Blanco;Madera clara;Beige,Blanco;Crema;Azul profundo,Lima cálido de luminosidad medio (6/10) y saturación media (5/10) que equilibra el espacio.,Medio,Media,Suave;Cálido;Acogedor;Natural
50GY 77/195,Mate,Cálido,8,5,Verdoso,Rústico;Mediterráneo,Living;Comedor;Cocina;Dormitorio;Pasillo,Blanco;Madera clara;Beige,Negro mate;Grafito;Azul profundo,Verdoso cálido de luminosidad alto (8/10) y saturación media (5/10) que aporta amplitud visual.,Alto,Media,Luminoso;Amplio;Cálido;Acogedor
40GY 18/372,Menta Matinal,Cálido,2,5,Lima,Dramático,Living;Dormitorio;Comedor;Cocina;Baño;Pasillo;Home office;Cuarto de niños,Blanco;Madera clara;Beige;Blanco roto,Blanco;Crema;Azul profundo,Lima cálido de luminosidad muy bajo (2/10) y saturación media (5/10) que genera profundidad.,Muy Bajo,Media,Profundo;Cálido;Acogedor;Natural
10GG 83/125,Menta Suave,Cálido,8,5,Verdoso,Rústico;Mediterráneo,Living;Comedor;Cocina;Dormitorio;Pasillo,Blanco;Madera clara;Beige,Negro mate;Grafito;Azul profundo,Verdoso cálido de luminosidad alto (8/10) y saturación media (5/10) que aporta amplitud visual.,Alto,Media,Luminoso;Amplio;Cálido;Acogedor
30GG 24/118,Mesa de Verduras,Neutro,3,2,Verdoso,Dramático,Living,Blanco;Madera clara;Negro mate;Blanco roto,Blanco;Crema;Verde oliva,Verdoso neutro de luminosidad bajo (3/10) y saturación muy baja (2/10) que genera profundidad.,Bajo,Muy Baja,Profundo;Neutro;Elegante;Sobrio
81GY 15/202,Monstruo Verde,Cálido,2,3,Verdoso,Dramático,Living,Blanco;Madera clara;Beige;Blanco roto,Blanco;Crema;Azul profundo,Verdoso cálido de luminosidad muy bajo (2/10) y saturación baja (3/10) que genera profundidad.,Muy Bajo,Baja,Profundo;Cálido;Acogedor;Sobrio
90GY 33/408,Montañas de Escocia,Cálido,4,4,Verdoso,Contemporáneo,Living,Blanco;Madera clara;Beige;Blanco roto,Blanco;Crema;Azul profundo,Verdoso cálido de luminosidad bajo (4/10) y saturación baja (4/10) que equilibra el espacio.,Bajo,Baja,Suave;Cálido;Acogedor;Natural
10GY 39/136,Mousse de Oliva,Cálido,4,2,Gris cálido,Contemporáneo,Living,Blanco;Madera clara;Beige;Blanco roto,Blanco;Crema;Azul profundo,Gris cálido cálido de luminosidad bajo (4/10) y saturación muy baja (2/10) que equilibra el espacio.,Bajo,Muy Baja,Suave;Cálido;Acogedor;Sobrio
11GG 26/195,Muro de Arvejas,Neutro,3,3,Verdoso,Dramático,Living,Blanco;Madera clara;Negro mate;Blanco roto,Blanco;Crema;Verde oliva,Verdoso neutro de luminosidad bajo (3/10) y saturación baja (3/10) que genera profundidad.,Bajo,Baja,Profundo;Neutro;Elegante;Sobrio
90GY 41/101,Musgo Brumoso,Neutro,5,2,Verdoso,Contemporáneo,Dormitorio;Pasillo,Blanco;Madera clara;Negro mate,Blanco;Crema;Verde oliva,Verdoso neutro de luminosidad medio (5/10) y saturación muy baja (2/10) que equilibra el espacio.,Medio,Muy Baja,Suave;Neutro;Elegante;Sobrio
70GY 10/136,Naturaleza Real,Neutro,2,2,Verdoso,Dramático,Living,Blanco;Madera clara;Negro mate;Blanco roto,Blanco;Crema;Verde oliva,Verdoso neutro de luminosidad muy bajo (2/10) y saturación muy baja (2/10) que genera profundidad.,Muy Bajo,Muy Baja,Profundo;Neutro;Elegante;Sobrio
70GY 73/124,Nido Silencioso,Cálido,7,3,Verdoso,Minimalista;Nórdico;Japandi;Rústico;Mediterráneo,Living;Comedor;Cocina;Dormitorio;Pasillo,Blanco;Madera clara;Beige,Negro mate;Grafito;Azul profundo,Verdoso cálido de luminosidad alto (7/10) y saturación baja (3/10) que aporta amplitud visual.,Alto,Baja,Luminoso;Amplio;Cálido;Acogedor
10GG 33/404,Oasis,Cálido,4,5,Verdoso,Contemporáneo,Comedor;Living,Blanco;Madera clara;Beige;Blanco roto,Blanco;Crema;Azul profundo,Verdoso cálido de luminosidad bajo (4/10) y saturación media (5/10) que equilibra el espacio.,Bajo,Media,Suave;Cálido;Acogedor;Natural
80GY 12/245,Oliva Intenso,Cálido,2,4,Verdoso,Dramático,Living,Blanco;Madera clara;Beige;Blanco roto,Blanco;Crema;Azul profundo,Verdoso cálido de luminosidad muy bajo (2/10) y saturación baja (4/10) que genera profundidad.,Muy Bajo,Baja,Profundo;Cálido;Acogedor;Natural
21GG 28/387,Onda Escénica,Frío,3,6,Verdoso,Industrial;Contemporáneo;Dramático,Baño;Home office,Blanco;Gris claro;Negro mate;Blanco roto;Neutros,Blanco;Crema;Terracota;Mostaza,Verdoso frío de luminosidad bajo (3/10) y saturación media (6/10) que genera profundidad.,Bajo,Media,Profundo;Frío;Sereno;Natural
50GY 76/146,Orgánico,Cálido,8,4,Verdoso,Minimalista;Nórdico;Japandi;Rústico;Mediterráneo,Living;Comedor;Cocina;Dormitorio;Pasillo,Blanco;Madera clara;Beige,Negro mate;Grafito;Azul profundo,Verdoso cálido de luminosidad alto (8/10) y saturación baja (4/10) que aporta amplitud visual.,Alto,Baja,Luminoso;Amplio;Cálido;Acogedor
61GY 12/190,Palta Intenso,Neutro,2,3,Oliva,Dramático,Living,Blanco;Madera clara;Negro mate;Blanco roto,Blanco;Crema;Verde oliva,Oliva neutro de luminosidad muy bajo (2/10) y saturación baja (3/10) que genera profundidad.,Muy Bajo,Baja,Profundo;Neutro;Elegante;Sobrio
30GG 75/095,Paraíso Tropical,Cálido,7,4,Verdoso,Minimalista;Nórdico;Japandi;Rústico;Mediterráneo,Living;Comedor;Cocina;Dormitorio;Pasillo,Blanco;Madera clara;Beige,Negro mate;Grafito;Azul profundo,Verdoso cálido de luminosidad alto (7/10) y saturación baja (4/10) que aporta amplitud visual.,Alto,Baja,Luminoso;Amplio;Cálido;Acogedor
63GY 83/021,Pedir un Deseo,Neutro,8,2,Marfil,Minimalista;Nórdico;Japandi,Living;Comedor;Cocina;Dormitorio;Pasillo,Blanco;Madera clara;Negro mate,Negro mate;Grafito;Verde oliva,Marfil neutro de luminosidad alto (8/10) y saturación muy baja (2/10) que aporta amplitud visual.,Alto,Muy Baja,Luminoso;Amplio;Neutro;Elegante
30GG 83/025,Perfume de Eucalipto,Neutro,8,2,Marfil,Minimalista;Nórdico;Japandi,Living;Comedor;Cocina;Dormitorio;Pasillo,Blanco;Madera clara;Negro mate,Negro mate;Grafito;Verde oliva,Marfil neutro de luminosidad alto (8/10) y saturación muy baja (2/10) que aporta amplitud visual.,Alto,Muy Baja,Luminoso;Amplio;Neutro;Elegante
30GY 76/132,Perfume Matutino,Cálido,8,4,Piedra,Minimalista;Nórdico;Japandi;Rústico;Mediterráneo,Living;Comedor;Cocina;Dormitorio;Pasillo,Blanco;Madera clara;Beige,Negro mate;Grafito;Azul profundo,Piedra cálido de luminosidad alto (8/10) y saturación baja (4/10) que aporta amplitud visual.,Alto,Baja,Luminoso;Amplio;Cálido;Acogedor
50GY 44/248,Picnic de Verano,Cálido,5,3,Verdoso,Rústico;Mediterráneo,Dormitorio;Pasillo,Blanco;Madera clara;Beige,Blanco;Crema;Azul profundo,Verdoso cálido de luminosidad medio (5/10) y saturación baja (3/10) que equilibra el espacio.,Medio,Baja,Suave;Cálido;Acogedor;Sobrio
12GY 39/101,Piedra Diáfana,Neutro,4,2,Gris frío,Contemporáneo,Living,Blanco;Madera clara;Negro mate;Blanco roto,Blanco;Crema;Verde oliva,Gris frío neutro de luminosidad bajo (4/10) y saturación muy baja (2/10) que equilibra el espacio.,Bajo,Muy Baja,Suave;Neutro;Elegante;Sobrio
70GY 83/100,Pináculo,Cálido,8,4,Verdoso,Minimalista;Nórdico;Japandi;Rústico;Mediterráneo,Living;Comedor;Cocina;Dormitorio;Pasillo,Blanco;Madera clara;Beige,Negro mate;Grafito;Azul profundo,Verdoso cálido de luminosidad alto (8/10) y saturación baja (4/10) que aporta amplitud visual.,Alto,Baja,Luminoso;Amplio;Cálido;Acogedor
70GY 83/060,Pino,Cálido,8,3,Marfil,Minimalista;Nórdico;Japandi;Rústico;Mediterráneo,Living;Comedor;Cocina;Dormitorio;Pasillo,Blanco;Madera clara;Beige,Negro mate;Grafito;Azul profundo,Marfil cálido de luminosidad alto (8/10) y saturación baja (3/10) que aporta amplitud visual.,Alto,Baja,Luminoso;Amplio;Cálido;Acogedor
90GY 64/072,Pino de Noruega,Neutro,7,2,Verdoso,Minimalista;Nórdico;Japandi,Living;Comedor;Cocina;Dormitorio;Pasillo,Blanco;Madera clara;Negro mate,Negro mate;Grafito;Verde oliva,Verdoso neutro de luminosidad alto (7/10) y saturación muy baja (2/10) que aporta amplitud visual.,Alto,Muy Baja,Luminoso;Amplio;Neutro;Elegante
82GY 19/152,Pino Espinoso,Neutro,2,2,Verdoso,Dramático,Living;Dormitorio;Comedor;Cocina;Baño;Pasillo;Home office;Cuarto de niños,Blanco;Madera clara;Negro mate;Blanco roto,Blanco;Crema;Verde oliva,Verdoso neutro de luminosidad muy bajo (2/10) y saturación muy baja (2/10) que genera profundidad.,Muy Bajo,Muy Baja,Profundo;Neutro;Elegante;Sobrio
12GG 10/310,Pino Suizo,Frío,2,10,Verdoso,Industrial;Contemporáneo;Pop;Maximalista;Dramático,Baño;Home office,Blanco;Gris claro;Negro mate;Blanco roto;Neutros,Blanco;Crema;Terracota;Mostaza,Verdoso frío de luminosidad muy bajo (2/10) y saturación muy alta (10/10) que genera profundidad.,Muy Bajo,Muy Alta,Profundo;Frío;Sereno;Alegre
30GG 47/180,Praderas Tiernas,Cálido,5,3,Verdoso,Rústico;Mediterráneo,Dormitorio;Pasillo,Blanco;Madera clara;Beige,Blanco;Crema;Azul profundo,Verdoso cálido de luminosidad medio (5/10) y saturación baja (3/10) que equilibra el espacio.,Medio,Baja,Suave;Cálido;Acogedor;Sobrio
20GY 39/466,Prados,Cálido,4,4,Lima,Contemporáneo,Living,Blanco;Madera clara;Beige;Blanco roto,Blanco;Crema;Azul profundo,Lima cálido de luminosidad bajo (4/10) y saturación baja (4/10) que equilibra el espacio.,Bajo,Baja,Suave;Cálido;Acogedor;Natural
90GY 28/319,Primavera Irlandesa,Cálido,3,3,Verdoso,Dramático,Living,Blanco;Madera clara;Beige;Blanco roto,Blanco;Crema;Azul profundo,Verdoso cálido de luminosidad bajo (3/10) y saturación baja (3/10) que genera profundidad.,Bajo,Baja,Profundo;Cálido;Acogedor;Sobrio
90GY 46/061,Pueblo Costero,Neutro,5,2,Verdoso,Contemporáneo,Dormitorio;Pasillo,Blanco;Madera clara;Negro mate,Blanco;Crema;Verde oliva,Verdoso neutro de luminosidad medio (5/10) y saturación muy baja (2/10) que equilibra el espacio.,Medio,Muy Baja,Suave;Neutro;Elegante;Sobrio
70GY 49/201,Quarzo Verde,Cálido,5,3,Verdoso,Rústico;Mediterráneo,Dormitorio;Pasillo,Blanco;Madera clara;Beige,Blanco;Crema;Azul profundo,Verdoso cálido de luminosidad medio (5/10) y saturación baja (3/10) que equilibra el espacio.,Medio,Baja,Suave;Cálido;Acogedor;Sobrio
70GY 73/074,Rama de Sauce,Neutro,7,3,Verdoso,Minimalista;Nórdico;Japandi,Living;Comedor;Cocina;Dormitorio;Pasillo,Blanco;Madera clara;Negro mate,Negro mate;Grafito;Verde oliva,Verdoso neutro de luminosidad alto (7/10) y saturación baja (3/10) que aporta amplitud visual.,Alto,Baja,Luminoso;Amplio;Neutro;Elegante
23GY 85/031,Rayuela,Cálido,8,3,Marfil,Minimalista;Nórdico;Japandi;Rústico;Mediterráneo,Living;Comedor;Cocina;Dormitorio;Pasillo,Blanco;Madera clara;Beige,Negro mate;Grafito;Azul profundo,Marfil cálido de luminosidad alto (8/10) y saturación baja (3/10) que aporta amplitud visual.,Alto,Baja,Luminoso;Amplio;Cálido;Acogedor
90GY 83/033,Reflección,Neutro,8,2,Marfil,Minimalista;Nórdico;Japandi,Living;Comedor;Cocina;Dormitorio;Pasillo,Blanco;Madera clara;Negro mate,Negro mate;Grafito;Verde oliva,Marfil neutro de luminosidad alto (8/10) y saturación muy baja (2/10) que aporta amplitud visual.,Alto,Muy Baja,Luminoso;Amplio;Neutro;Elegante
50GY 83/040,Retiro Tranquilo,Neutro,8,3,Marfil,Minimalista;Nórdico;Japandi,Living;Comedor;Cocina;Dormitorio;Pasillo,Blanco;Madera clara;Negro mate,Negro mate;Grafito;Verde oliva,Marfil neutro de luminosidad alto (8/10) y saturación baja (3/10) que aporta amplitud visual.,Alto,Baja,Luminoso;Amplio;Neutro;Elegante
50GY 65/084,Río Támesis,Neutro,7,2,Verdoso,Minimalista;Nórdico;Japandi,Living;Comedor;Cocina;Dormitorio;Pasillo,Blanco;Madera clara;Negro mate,Negro mate;Grafito;Verde oliva,Verdoso neutro de luminosidad alto (7/10) y saturación muy baja (2/10) que aporta amplitud visual.,Alto,Muy Baja,Luminoso;Amplio;Neutro;Elegante
24GY 85/110,Rocío Invernal,Cálido,9,5,Lima,Rústico;Mediterráneo,Living;Comedor;Cocina;Dormitorio;Pasillo,Blanco;Madera clara;Beige,Negro mate;Grafito;Azul profundo,Lima cálido de luminosidad muy alto (9/10) y saturación media (5/10) que aporta amplitud visual.,Muy Alto,Media,Luminoso;Amplio;Cálido;Acogedor
15GG 53/086,Rubor del Bosque,Neutro,6,2,Verdoso,Contemporáneo,Dormitorio;Pasillo,Blanco;Madera clara;Negro mate,Blanco;Crema;Verde oliva,Verdoso neutro de luminosidad medio (6/10) y saturación muy baja (2/10) que equilibra el espacio.,Medio,Muy Baja,Suave;Neutro;Elegante;Sobrio
01GG 59/285,Sabor a Jardín,Cálido,6,5,Verdoso,Rústico;Mediterráneo,Dormitorio;Pasillo;Comedor;Living,Blanco;Madera clara;Beige,Blanco;Crema;Azul profundo,Verdoso cálido de luminosidad medio (6/10) y saturación media (5/10) que equilibra el espacio.,Medio,Media,Suave;Cálido;Acogedor;Natural
82GY 75/111,Salto de Langosta,Cálido,8,3,Verdoso,Minimalista;Nórdico;Japandi;Rústico;Mediterráneo,Living;Dormitorio;Comedor;Cocina;Baño;Pasillo;Home office;Cuarto de niños,Blanco;Madera clara;Beige,Negro mate;Grafito;Azul profundo,Verdoso cálido de luminosidad alto (8/10) y saturación baja (3/10) que aporta amplitud visual.,Alto,Baja,Luminoso;Amplio;Cálido;Acogedor
07GG 07/143,Salvaje,Frío,2,3,Verdoso,Industrial;Contemporáneo;Dramático,Baño;Home office,Blanco;Gris claro;Negro mate;Blanco roto,Blanco;Crema;Terracota;Mostaza,Verdoso frío de luminosidad muy bajo (2/10) y saturación baja (3/10) que genera profundidad.,Muy Bajo,Baja,Profundo;Frío;Sereno;Sobrio
30GY 75/105,Salvia,Cálido,8,3,Piedra,Minimalista;Nórdico;Japandi;Rústico;Mediterráneo,Living;Comedor;Cocina;Dormitorio;Pasillo,Blanco;Madera clara;Beige,Negro mate;Grafito;Azul profundo,Piedra cálido de luminosidad alto (8/10) y saturación baja (3/10) que aporta amplitud visual.,Alto,Baja,Luminoso;Amplio;Cálido;Acogedor
50GY 26/155,Salvia de Verano,Neutro,3,2,Oliva,Dramático,Living,Blanco;Madera clara;Negro mate;Blanco roto,Blanco;Crema;Verde oliva,Oliva neutro de luminosidad bajo (3/10) y saturación muy baja (2/10) que genera profundidad.,Bajo,Muy Baja,Profundo;Neutro;Elegante;Sobrio
30GG 16/394,Salvia Victoriana,Frío,2,10,Verdoso,Industrial;Contemporáneo;Pop;Maximalista;Dramático,Baño;Home office,Blanco;Gris claro;Negro mate;Blanco roto;Neutros,Blanco;Crema;Terracota;Mostaza,Verdoso frío de luminosidad muy bajo (2/10) y saturación muy alta (10/10) que genera profundidad.,Muy Bajo,Muy Alta,Profundo;Frío;Sereno;Alegre
30GG 29/196,Salvia Vigorosa,Neutro,3,3,Verdoso,Dramático,Living,Blanco;Madera clara;Negro mate;Blanco roto,Blanco;Crema;Verde oliva,Verdoso neutro de luminosidad bajo (3/10) y saturación baja (3/10) que genera profundidad.,Bajo,Baja,Profundo;Neutro;Elegante;Sobrio
30GG 57/094,Seda Ópalo,Neutro,6,3,Verdoso,Contemporáneo,Dormitorio;Pasillo,Blanco;Madera clara;Negro mate,Blanco;Crema;Verde oliva,Verdoso neutro de luminosidad medio (6/10) y saturación baja (3/10) que equilibra el espacio.,Medio,Baja,Suave;Neutro;Elegante;Sobrio
90GY 16/354,Selva Atlántica,Cálido,2,5,Verdoso,Dramático,Comedor;Living,Blanco;Madera clara;Beige;Blanco roto,Blanco;Crema;Azul profundo,Verdoso cálido de luminosidad muy bajo (2/10) y saturación media (5/10) que genera profundidad.,Muy Bajo,Media,Profundo;Cálido;Acogedor;Natural
18GY 18/160,Selva Brasileña,Neutro,2,2,Oliva,Dramático,Living;Dormitorio;Comedor;Cocina;Baño;Pasillo;Home office;Cuarto de niños,Blanco;Madera clara;Negro mate;Blanco roto,Blanco;Crema;Verde oliva,Oliva neutro de luminosidad muy bajo (2/10) y saturación muy baja (2/10) que genera profundidad.,Muy Bajo,Muy Baja,Profundo;Neutro;Elegante;Sobrio
42GY 09/205,Selva del Congo,Cálido,2,3,Oliva,Dramático,Living,Blanco;Madera clara;Beige;Blanco roto,Blanco;Crema;Azul profundo,Oliva cálido de luminosidad muy bajo (2/10) y saturación baja (3/10) que genera profundidad.,Muy Bajo,Baja,Profundo;Cálido;Acogedor;Sobrio
14GY 12/129,Selva Magnífica,Neutro,2,2,Oliva,Dramático,Living;Dormitorio;Comedor;Cocina;Baño;Pasillo;Home office;Cuarto de niños,Blanco;Madera clara;Negro mate;Blanco roto,Blanco;Crema;Verde oliva,Oliva neutro de luminosidad muy bajo (2/10) y saturación muy baja (2/10) que genera profundidad.,Muy Bajo,Muy Baja,Profundo;Neutro;Elegante;Sobrio
30GY 31/202,Sendero de Jardín,Neutro,4,2,Oliva,Contemporáneo,Living,Blanco;Madera clara;Negro mate;Blanco roto,Blanco;Crema;Verde oliva,Oliva neutro de luminosidad bajo (4/10) y saturación muy baja (2/10) que equilibra el espacio.,Bajo,Muy Baja,Suave;Neutro;Elegante;Sobrio
61GG 08/119,Sensación de Dragón,Frío,1,5,Azulado,Industrial;Contemporáneo;Dramático,Baño;Home office,Blanco;Gris claro;Negro mate;Blanco roto,Blanco;Crema;Terracota;Mostaza,Azulado frío de luminosidad muy bajo (1/10) y saturación media (5/10) que genera profundidad.,Muy Bajo,Media,Profundo;Frío;Sereno;Natural
26GY 68/322,Sensación de Menta,Cálido,7,5,Lima,Rústico;Mediterráneo,Living;Comedor;Cocina;Dormitorio;Pasillo,Blanco;Madera clara;Beige,Negro mate;Grafito;Azul profundo,Lima cálido de luminosidad alto (7/10) y saturación media (5/10) que aporta amplitud visual.,Alto,Media,Luminoso;Amplio;Cálido;Acogedor
73GY 56/241,Sensación Jade,Cálido,6,4,Verdoso,Rústico;Mediterráneo,Dormitorio;Pasillo,Blanco;Madera clara;Beige,Blanco;Crema;Azul profundo,Verdoso cálido de luminosidad medio (6/10) y saturación baja (4/10) que equilibra el espacio.,Medio,Baja,Suave;Cálido;Acogedor;Natural
30GY 16/343,Sierra del Mar,Cálido,2,4,Lima,Dramático,Living,Blanco;Madera clara;Beige;Blanco roto,Blanco;Crema;Azul profundo,Lima cálido de luminosidad muy bajo (2/10) y saturación baja (4/10) que genera profundidad.,Muy Bajo,Baja,Profundo;Cálido;Acogedor;Natural
30GY 83/043,Silencio Matutino,Neutro,8,3,Marfil,Minimalista;Nórdico;Japandi,Living;Comedor;Cocina;Dormitorio;Pasillo,Blanco;Madera clara;Negro mate,Negro mate;Grafito;Verde oliva,Marfil neutro de luminosidad alto (8/10) y saturación baja (3/10) que aporta amplitud visual.,Alto,Baja,Luminoso;Amplio;Neutro;Elegante
90GY 29/121,Sombra de Montaña,Neutro,3,2,Verdoso,Dramático,Living,Blanco;Madera clara;Negro mate;Blanco roto,Blanco;Crema;Verde oliva,Verdoso neutro de luminosidad bajo (3/10) y saturación muy baja (2/10) que genera profundidad.,Bajo,Muy Baja,Profundo;Neutro;Elegante;Sobrio
62GY 18/260,Suave Diva,Cálido,2,3,Verdoso,Dramático,Living,Blanco;Madera clara;Beige;Blanco roto,Blanco;Crema;Azul profundo,Verdoso cálido de luminosidad muy bajo (2/10) y saturación baja (3/10) que genera profundidad.,Muy Bajo,Baja,Profundo;Cálido;Acogedor;Sobrio
30GY 62/159,Suculenta,Cálido,6,3,Piedra,Rústico;Mediterráneo,Dormitorio;Pasillo,Blanco;Madera clara;Beige,Blanco;Crema;Azul profundo,Piedra cálido de luminosidad medio (6/10) y saturación baja (3/10) que equilibra el espacio.,Medio,Baja,Suave;Cálido;Acogedor;Sobrio
80GY 85/051,Susurro Chino,Cálido,9,3,Marfil,Minimalista;Nórdico;Japandi;Rústico;Mediterráneo,Living;Dormitorio;Comedor;Cocina;Baño;Pasillo;Home office;Cuarto de niños,Blanco;Madera clara;Beige,Negro mate;Grafito;Azul profundo,Marfil cálido de luminosidad muy alto (9/10) y saturación baja (3/10) que aporta amplitud visual.,Muy Alto,Baja,Luminoso;Amplio;Cálido;Acogedor
14GY 76/113,Sutil Camuflaje,Cálido,8,4,Piedra,Minimalista;Nórdico;Japandi;Rústico;Mediterráneo,Living;Comedor;Cocina;Dormitorio;Pasillo,Blanco;Madera clara;Beige,Negro mate;Grafito;Azul profundo,Piedra cálido de luminosidad alto (8/10) y saturación baja (4/10) que aporta amplitud visual.,Alto,Baja,Luminoso;Amplio;Cálido;Acogedor
54GG 47/053,Tarde Isleña,Frío,5,2,Verdoso,Industrial;Contemporáneo,Dormitorio;Pasillo;Baño;Home office,Blanco;Gris claro;Negro mate,Blanco;Crema;Terracota;Mostaza,Verdoso frío de luminosidad medio (5/10) y saturación muy baja (2/10) que equilibra el espacio.,Medio,Muy Baja,Suave;Frío;Sereno;Sobrio
50GY 83/160,Té de Cidrera,Cálido,8,5,Verdoso,Rústico;Mediterráneo,Living;Comedor;Cocina;Dormitorio;Pasillo,Blanco;Madera clara;Beige,Negro mate;Grafito;Azul profundo,Verdoso cálido de luminosidad alto (8/10) y saturación media (5/10) que aporta amplitud visual.,Alto,Media,Luminoso;Amplio;Cálido;Acogedor
50GY 55/207,Té Verde,Cálido,6,3,Verdoso,Rústico;Mediterráneo,Dormitorio;Pasillo,Blanco;Madera clara;Beige,Blanco;Crema;Azul profundo,Verdoso cálido de luminosidad medio (6/10) y saturación baja (3/10) que equilibra el espacio.,Medio,Baja,Suave;Cálido;Acogedor;Sobrio
70GY 74/173,Tierra de los Lagos,Cálido,7,4,Verdoso,Minimalista;Nórdico;Japandi;Rústico;Mediterráneo,Living;Comedor;Cocina;Dormitorio;Pasillo,Blanco;Madera clara;Beige,Negro mate;Grafito;Azul profundo,Verdoso cálido de luminosidad alto (7/10) y saturación baja (4/10) que aporta amplitud visual.,Alto,Baja,Luminoso;Amplio;Cálido;Acogedor
79GY 57/120,Tinte Botella,Neutro,6,2,Verdoso,Contemporáneo,Living;Dormitorio;Comedor;Cocina;Baño;Pasillo;Home office;Cuarto de niños,Blanco;Madera clara;Negro mate,Blanco;Crema;Verde oliva,Verdoso neutro de luminosidad medio (6/10) y saturación muy baja (2/10) que equilibra el espacio.,Medio,Muy Baja,Suave;Neutro;Elegante;Sobrio
70GY 83/080,Toque de Hierbabuena,Cálido,8,4,Verdoso,Minimalista;Nórdico;Japandi;Rústico;Mediterráneo,Living;Comedor;Cocina;Dormitorio;Pasillo,Blanco;Madera clara;Beige,Negro mate;Grafito;Azul profundo,Verdoso cálido de luminosidad alto (8/10) y saturación baja (4/10) que aporta amplitud visual.,Alto,Baja,Luminoso;Amplio;Cálido;Acogedor
45GY 83/149,Toque de Pistacho,Cálido,8,5,Verdoso,Rústico;Mediterráneo,Living;Comedor;Cocina;Dormitorio;Pasillo,Blanco;Madera clara;Beige,Negro mate;Grafito;Azul profundo,Verdoso cálido de luminosidad alto (8/10) y saturación media (5/10) que aporta amplitud visual.,Alto,Media,Luminoso;Amplio;Cálido;Acogedor
70GY 11/387,Trébol Irlandés,Cálido,2,5,Verdoso,Dramático,Comedor;Living,Blanco;Madera clara;Beige;Blanco roto,Blanco;Crema;Azul profundo,Verdoso cálido de luminosidad muy bajo (2/10) y saturación media (5/10) que genera profundidad.,Muy Bajo,Media,Profundo;Cálido;Acogedor;Natural
30GY 41/173,Trébol Pálido,Neutro,5,2,Gris frío,Contemporáneo,Dormitorio;Pasillo,Blanco;Madera clara;Negro mate,Blanco;Crema;Verde oliva,Gris frío neutro de luminosidad medio (5/10) y saturación muy baja (2/10) que equilibra el espacio.,Medio,Muy Baja,Suave;Neutro;Elegante;Sobrio
10GG 39/152,Trinidad,Neutro,4,2,Verdoso,Contemporáneo,Living,Blanco;Madera clara;Negro mate;Blanco roto,Blanco;Crema;Verde oliva,Verdoso neutro de luminosidad bajo (4/10) y saturación muy baja (2/10) que equilibra el espacio.,Bajo,Muy Baja,Suave;Neutro;Elegante;Sobrio
30GY 75/251,Trufa de Hierbabuena,Cálido,8,5,Lima,Rústico;Mediterráneo,Living;Comedor;Cocina;Dormitorio;Pasillo,Blanco;Madera clara;Beige,Negro mate;Grafito;Azul profundo,Lima cálido de luminosidad alto (8/10) y saturación media (5/10) que aporta amplitud visual.,Alto,Media,Luminoso;Amplio;Cálido;Acogedor
30GG 21/423,Turmalina Verde,Frío,3,10,Verdoso,Industrial;Contemporáneo;Pop;Maximalista;Dramático,Baño;Home office,Blanco;Gris claro;Negro mate;Blanco roto;Neutros,Blanco;Crema;Terracota;Mostaza,Verdoso frío de luminosidad bajo (3/10) y saturación muy alta (10/10) que genera profundidad.,Bajo,Muy Alta,Profundo;Frío;Sereno;Alegre
50GY 41/084,Valle Lunar,Neutro,5,2,Verdoso,Contemporáneo,Dormitorio;Pasillo,Blanco;Madera clara;Negro mate,Blanco;Crema;Verde oliva,Verdoso neutro de luminosidad medio (5/10) y saturación muy baja (2/10) que equilibra el espacio.,Medio,Muy Baja,Suave;Neutro;Elegante;Sobrio
50GY 23/280,Vegetación Exuberante,Cálido,3,3,Oliva,Dramático,Living,Blanco;Madera clara;Beige;Blanco roto,Blanco;Crema;Azul profundo,Oliva cálido de luminosidad bajo (3/10) y saturación baja (3/10) que genera profundidad.,Bajo,Baja,Profundo;Cálido;Acogedor;Sobrio
90GY 35/238,Verano Espacial,Cálido,4,3,Verdoso,Contemporáneo,Living,Blanco;Madera clara;Beige;Blanco roto,Blanco;Crema;Azul profundo,Verdoso cálido de luminosidad bajo (4/10) y saturación baja (3/10) que equilibra el espacio.,Bajo,Baja,Suave;Cálido;Acogedor;Sobrio
21GY 25/379,Verde Acelga,Cálido,3,4,Lima,Dramático,Living,Blanco;Madera clara;Beige;Blanco roto,Blanco;Crema;Azul profundo,Lima cálido de luminosidad bajo (3/10) y saturación baja (4/10) que genera profundidad.,Bajo,Baja,Profundo;Cálido;Acogedor;Natural
10GG 76/153,Verde Acuático,Cálido,8,5,Verdoso,Rústico;Mediterráneo,Living;Comedor;Cocina;Dormitorio;Pasillo,Blanco;Madera clara;Beige,Negro mate;Grafito;Azul profundo,Verdoso cálido de luminosidad alto (8/10) y saturación media (5/10) que aporta amplitud visual.,Alto,Media,Luminoso;Amplio;Cálido;Acogedor
50GY 08/153,Verde Agreste,Neutro,2,2,Oliva,Dramático,Living,Blanco;Madera clara;Negro mate;Blanco roto,Blanco;Crema;Verde oliva,Oliva neutro de luminosidad muy bajo (2/10) y saturación muy baja (2/10) que genera profundidad.,Muy Bajo,Muy Baja,Profundo;Neutro;Elegante;Sobrio
70GY 38/330,Verde Angra,Cálido,4,3,Verdoso,Contemporáneo,Living,Blanco;Madera clara;Beige;Blanco roto,Blanco;Crema;Azul profundo,Verdoso cálido de luminosidad bajo (4/10) y saturación baja (3/10) que equilibra el espacio.,Bajo,Baja,Suave;Cálido;Acogedor;Sobrio
30GY 61/245,Verde Arponero,Cálido,6,4,Piedra,Rústico;Mediterráneo,Dormitorio;Pasillo,Blanco;Madera clara;Beige,Blanco;Crema;Azul profundo,Piedra cálido de luminosidad medio (6/10) y saturación baja (4/10) que equilibra el espacio.,Medio,Baja,Suave;Cálido;Acogedor;Natural
10GY 20/179,Verde Artesano,Cálido,3,2,Gris cálido,Dramático,Living,Blanco;Madera clara;Beige;Blanco roto,Blanco;Crema;Azul profundo,Gris cálido cálido de luminosidad bajo (3/10) y saturación muy baja (2/10) que genera profundidad.,Bajo,Muy Baja,Profundo;Cálido;Acogedor;Sobrio
10GG 51/125,Verde Berilo,Neutro,5,3,Verdoso,Contemporáneo,Dormitorio;Pasillo,Blanco;Madera clara;Negro mate,Blanco;Crema;Verde oliva,Verdoso neutro de luminosidad medio (5/10) y saturación baja (3/10) que equilibra el espacio.,Medio,Baja,Suave;Neutro;Elegante;Sobrio
30GG 55/302,Verde Bermudas,Cálido,6,5,Verdoso,Rústico;Mediterráneo,Dormitorio;Pasillo;Comedor;Living,Blanco;Madera clara;Beige,Blanco;Crema;Azul profundo,Verdoso cálido de luminosidad medio (6/10) y saturación media (5/10) que equilibra el espacio.,Medio,Media,Suave;Cálido;Acogedor;Natural
30GG 83/100,Verde Brisa,Cálido,8,4,Verdoso,Minimalista;Nórdico;Japandi;Rústico;Mediterráneo,Living;Comedor;Cocina;Dormitorio;Pasillo,Blanco;Madera clara;Beige,Negro mate;Grafito;Azul profundo,Verdoso cálido de luminosidad alto (8/10) y saturación baja (4/10) que aporta amplitud visual.,Alto,Baja,Luminoso;Amplio;Cálido;Acogedor
08GY 26/190,Verde Cabaña,Neutro,3,2,Oliva,Dramático,Living;Dormitorio;Comedor;Cocina;Baño;Pasillo;Home office;Cuarto de niños,Blanco;Madera clara;Negro mate;Blanco roto,Blanco;Crema;Verde oliva,Oliva neutro de luminosidad bajo (3/10) y saturación muy baja (2/10) que genera profundidad.,Bajo,Muy Baja,Profundo;Neutro;Elegante;Sobrio
95GY 24/449,Verde Calle,Cálido,3,6,Verdoso,Dramático,Comedor;Living,Blanco;Madera clara;Beige;Blanco roto;Neutros,Blanco;Crema;Azul profundo,Verdoso cálido de luminosidad bajo (3/10) y saturación media (6/10) que genera profundidad.,Bajo,Media,Profundo;Cálido;Acogedor;Natural
90GY 83/098,Verde Camafeo,Cálido,8,4,Verdoso,Minimalista;Nórdico;Japandi;Rústico;Mediterráneo,Living;Comedor;Cocina;Dormitorio;Pasillo,Blanco;Madera clara;Beige,Negro mate;Grafito;Azul profundo,Verdoso cálido de luminosidad alto (8/10) y saturación baja (4/10) que aporta amplitud visual.,Alto,Baja,Luminoso;Amplio;Cálido;Acogedor
10GG 29/179,Verde Campestre,Neutro,3,2,Verdoso,Dramático,Living,Blanco;Madera clara;Negro mate;Blanco roto,Blanco;Crema;Verde oliva,Verdoso neutro de luminosidad bajo (3/10) y saturación muy baja (2/10) que genera profundidad.,Bajo,Muy Baja,Profundo;Neutro;Elegante;Sobrio
30GG 76/127,Verde Casual,Cálido,8,5,Verdoso,Rústico;Mediterráneo,Living;Comedor;Cocina;Dormitorio;Pasillo,Blanco;Madera clara;Beige,Negro mate;Grafito;Azul profundo,Verdoso cálido de luminosidad alto (8/10) y saturación media (5/10) que aporta amplitud visual.,Alto,Media,Luminoso;Amplio;Cálido;Acogedor
30GY 12/257,Verde Clorofila,Cálido,2,4,Oliva,Dramático,Living,Blanco;Madera clara;Beige;Blanco roto,Blanco;Crema;Azul profundo,Oliva cálido de luminosidad muy bajo (2/10) y saturación baja (4/10) que genera profundidad.,Muy Bajo,Baja,Profundo;Cálido;Acogedor;Natural
30GY 51/294,Verde Colina,Cálido,5,4,Piedra,Rústico;Mediterráneo,Dormitorio;Pasillo,Blanco;Madera clara;Beige,Blanco;Crema;Azul profundo,Piedra cálido de luminosidad medio (5/10) y saturación baja (4/10) que equilibra el espacio.,Medio,Baja,Suave;Cálido;Acogedor;Natural
30GG 49/211,Verde Costero,Cálido,5,4,Verdoso,Rústico;Mediterráneo,Dormitorio;Pasillo,Blanco;Madera clara;Beige,Blanco;Crema;Azul profundo,Verdoso cálido de luminosidad medio (5/10) y saturación baja (4/10) que equilibra el espacio.,Medio,Baja,Suave;Cálido;Acogedor;Natural
70GY 31/304,Verde Danubio,Neutro,4,3,Verdoso,Contemporáneo,Living,Blanco;Madera clara;Negro mate;Blanco roto,Blanco;Crema;Verde oliva,Verdoso neutro de luminosidad bajo (4/10) y saturación baja (3/10) que equilibra el espacio.,Bajo,Baja,Suave;Neutro;Elegante;Sobrio
88GY 08/134,Verde Elegante,Cálido,2,3,Verdoso,Dramático,Living;Dormitorio;Comedor;Cocina;Baño;Pasillo;Home office;Cuarto de niños,Blanco;Madera clara;Beige;Blanco roto,Blanco;Crema;Azul profundo,Verdoso cálido de luminosidad muy bajo (2/10) y saturación baja (3/10) que genera profundidad.,Muy Bajo,Baja,Profundo;Cálido;Acogedor;Sobrio
10GG 66/098,Verde Espuma de Mar,Cálido,7,3,Verdoso,Minimalista;Nórdico;Japandi;Rústico;Mediterráneo,Living;Comedor;Cocina;Dormitorio;Pasillo,Blanco;Madera clara;Beige,Negro mate;Grafito;Azul profundo,Verdoso cálido de luminosidad alto (7/10) y saturación baja (3/10) que aporta amplitud visual.,Alto,Baja,Luminoso;Amplio;Cálido;Acogedor
90GY 42/355,Verde Extravagante,Cálido,5,4,Verdoso,Rústico;Mediterráneo,Dormitorio;Pasillo,Blanco;Madera clara;Beige,Blanco;Crema;Azul profundo,Verdoso cálido de luminosidad medio (5/10) y saturación baja (4/10) que equilibra el espacio.,Medio,Baja,Suave;Cálido;Acogedor;Natural
70GY 66/200,Verde Francia,Cálido,7,4,Verdoso,Minimalista;Nórdico;Japandi;Rústico;Mediterráneo,Living;Comedor;Cocina;Dormitorio;Pasillo,Blanco;Madera clara;Beige,Negro mate;Grafito;Azul profundo,Verdoso cálido de luminosidad alto (7/10) y saturación baja (4/10) que aporta amplitud visual.,Alto,Baja,Luminoso;Amplio;Cálido;Acogedor
70GY 58/259,Verde Fresco,Cálido,6,4,Verdoso,Rústico;Mediterráneo,Dormitorio;Pasillo,Blanco;Madera clara;Beige,Blanco;Crema;Azul profundo,Verdoso cálido de luminosidad medio (6/10) y saturación baja (4/10) que equilibra el espacio.,Medio,Baja,Suave;Cálido;Acogedor;Natural
90GY 73/059,Verde Galés,Neutro,7,2,Verdoso,Minimalista;Nórdico;Japandi,Living;Comedor;Cocina;Dormitorio;Pasillo,Blanco;Madera clara;Negro mate,Negro mate;Grafito;Verde oliva,Verdoso neutro de luminosidad alto (7/10) y saturación muy baja (2/10) que aporta amplitud visual.,Alto,Muy Baja,Luminoso;Amplio;Neutro;Elegante
90GY 70/221,Verde Gracioso,Cálido,7,5,Verdoso,Rústico;Mediterráneo,Living;Comedor;Cocina;Dormitorio;Pasillo,Blanco;Madera clara;Beige,Negro mate;Grafito;Azul profundo,Verdoso cálido de luminosidad alto (7/10) y saturación media (5/10) que aporta amplitud visual.,Alto,Media,Luminoso;Amplio;Cálido;Acogedor
50GY 16/383,Verde Gráfico,Cálido,2,4,Oliva,Dramático,Living,Blanco;Madera clara;Beige;Blanco roto,Blanco;Crema;Azul profundo,Oliva cálido de luminosidad muy bajo (2/10) y saturación baja (4/10) que genera profundidad.,Muy Bajo,Baja,Profundo;Cálido;Acogedor;Natural
90GY 36/453,Verde Granada,Cálido,4,4,Verdoso,Contemporáneo,Living,Blanco;Madera clara;Beige;Blanco roto,Blanco;Crema;Azul profundo,Verdoso cálido de luminosidad bajo (4/10) y saturación baja (4/10) que equilibra el espacio.,Bajo,Baja,Suave;Cálido;Acogedor;Natural
30GY 24/404,Verde Haba,Cálido,3,4,Lima,Dramático,Living,Blanco;Madera clara;Beige;Blanco roto,Blanco;Crema;Azul profundo,Lima cálido de luminosidad bajo (3/10) y saturación baja (4/10) que genera profundidad.,Bajo,Baja,Profundo;Cálido;Acogedor;Natural
50GY 39/536,Verde Helecho,Cálido,4,4,Oliva,Contemporáneo,Living,Blanco;Madera clara;Beige;Blanco roto,Blanco;Crema;Azul profundo,Oliva cálido de luminosidad bajo (4/10) y saturación baja (4/10) que equilibra el espacio.,Bajo,Baja,Suave;Cálido;Acogedor;Natural
30GY 21/429,Verde Hortaliza,Cálido,3,5,Lima,Dramático,Comedor;Living,Blanco;Madera clara;Beige;Blanco roto,Blanco;Crema;Azul profundo,Lima cálido de luminosidad bajo (3/10) y saturación media (5/10) que genera profundidad.,Bajo,Media,Profundo;Cálido;Acogedor;Natural
57GY 28/292,Verde Imponente,Neutro,3,3,Oliva,Dramático,Living,Blanco;Madera clara;Negro mate;Blanco roto,Blanco;Crema;Verde oliva,Oliva neutro de luminosidad bajo (3/10) y saturación baja (3/10) que genera profundidad.,Bajo,Baja,Profundo;Neutro;Elegante;Sobrio
43GY 24/566,Verde Irlandés *,Cálido,3,5,Verdoso,Dramático,Comedor;Living,Blanco;Madera clara;Beige;Blanco roto,Blanco;Crema;Azul profundo,Verdoso cálido de luminosidad bajo (3/10) y saturación media (5/10) que genera profundidad.,Bajo,Media,Profundo;Cálido;Acogedor;Natural
70GY 14/187,Verde Jade,Neutro,2,2,Verdoso,Dramático,Living,Blanco;Madera clara;Negro mate;Blanco roto,Blanco;Crema;Verde oliva,Verdoso neutro de luminosidad muy bajo (2/10) y saturación muy baja (2/10) que genera profundidad.,Muy Bajo,Muy Baja,Profundo;Neutro;Elegante;Sobrio
34GY 40/515,Verde Jardín,Cálido,4,4,Lima,Contemporáneo,Living,Blanco;Madera clara;Beige;Blanco roto,Blanco;Crema;Azul profundo,Lima cálido de luminosidad bajo (4/10) y saturación baja (4/10) que equilibra el espacio.,Bajo,Baja,Suave;Cálido;Acogedor;Natural
30GG 60/143,Verde Lana,Cálido,6,4,Verdoso,Rústico;Mediterráneo,Dormitorio;Pasillo,Blanco;Madera clara;Beige,Blanco;Crema;Azul profundo,Verdoso cálido de luminosidad medio (6/10) y saturación baja (4/10) que equilibra el espacio.,Medio,Baja,Suave;Cálido;Acogedor;Natural
90GY 47/328,Verde Molino,Cálido,5,4,Verdoso,Rústico;Mediterráneo,Dormitorio;Pasillo,Blanco;Madera clara;Beige,Blanco;Crema;Azul profundo,Verdoso cálido de luminosidad medio (5/10) y saturación baja (4/10) que equilibra el espacio.,Medio,Baja,Suave;Cálido;Acogedor;Natural
30GG 09/106,Verde New England,Neutro,2,3,Verdoso,Dramático,Living,Blanco;Madera clara;Negro mate;Blanco roto,Blanco;Crema;Verde oliva,Verdoso neutro de luminosidad muy bajo (2/10) y saturación baja (3/10) que genera profundidad.,Muy Bajo,Baja,Profundo;Neutro;Elegante;Sobrio
77GY 33/506,Verde Ogro,Cálido,4,5,Verdoso,Contemporáneo,Comedor;Living,Blanco;Madera clara;Beige;Blanco roto,Blanco;Crema;Azul profundo,Verdoso cálido de luminosidad bajo (4/10) y saturación media (5/10) que equilibra el espacio.,Bajo,Media,Suave;Cálido;Acogedor;Natural
30GY 34/600,Verde Oruga *,Cálido,4,6,Lima,Contemporáneo,Comedor;Living,Blanco;Madera clara;Beige;Blanco roto;Neutros,Blanco;Crema;Azul profundo,Lima cálido de luminosidad bajo (4/10) y saturación media (6/10) que equilibra el espacio.,Bajo,Media,Suave;Cálido;Acogedor;Natural
10GG 83/071,Verde Pacífico,Cálido,8,3,Verdoso,Minimalista;Nórdico;Japandi;Rústico;Mediterráneo,Living;Comedor;Cocina;Dormitorio;Pasillo,Blanco;Madera clara;Beige,Negro mate;Grafito;Azul profundo,Verdoso cálido de luminosidad alto (8/10) y saturación baja (3/10) que aporta amplitud visual.,Alto,Baja,Luminoso;Amplio;Cálido;Acogedor
30GY 19/323,Verde Pantanal,Cálido,3,4,Oliva,Dramático,Living,Blanco;Madera clara;Beige;Blanco roto,Blanco;Crema;Azul profundo,Oliva cálido de luminosidad bajo (3/10) y saturación baja (4/10) que genera profundidad.,Bajo,Baja,Profundo;Cálido;Acogedor;Natural
90GY 10/250,Verde Paraíso,Cálido,2,4,Verdoso,Dramático,Living,Blanco;Madera clara;Beige;Blanco roto,Blanco;Crema;Azul profundo,Verdoso cálido de luminosidad muy bajo (2/10) y saturación baja (4/10) que genera profundidad.,Muy Bajo,Baja,Profundo;Cálido;Acogedor;Natural
16GY 66/078,Verde Parque,Neutro,7,2,Gris frío,Minimalista;Nórdico;Japandi,Living;Dormitorio;Comedor;Cocina;Baño;Pasillo;Home office;Cuarto de niños,Blanco;Madera clara;Negro mate,Negro mate;Grafito;Verde oliva,Gris frío neutro de luminosidad alto (7/10) y saturación muy baja (2/10) que aporta amplitud visual.,Alto,Muy Baja,Luminoso;Amplio;Neutro;Elegante
30GY 23/232,Verde Pasto,Neutro,3,3,Oliva,Dramático,Living,Blanco;Madera clara;Negro mate;Blanco roto,Blanco;Crema;Verde oliva,Oliva neutro de luminosidad bajo (3/10) y saturación baja (3/10) que genera profundidad.,Bajo,Baja,Profundo;Neutro;Elegante;Sobrio
38GY 26/456,Verde Rana,Cálido,3,5,Lima,Dramático,Comedor;Living,Blanco;Madera clara;Beige;Blanco roto,Blanco;Crema;Azul profundo,Lima cálido de luminosidad bajo (3/10) y saturación media (5/10) que genera profundidad.,Bajo,Media,Profundo;Cálido;Acogedor;Natural
50GY 13/136,Verde Real,Neutro,2,2,Oliva,Dramático,Living,Blanco;Madera clara;Negro mate;Blanco roto,Blanco;Crema;Verde oliva,Oliva neutro de luminosidad muy bajo (2/10) y saturación muy baja (2/10) que genera profundidad.,Muy Bajo,Muy Baja,Profundo;Neutro;Elegante;Sobrio
30GG 43/119,Verde Relajante,Neutro,5,2,Verdoso,Contemporáneo,Dormitorio;Pasillo,Blanco;Madera clara;Negro mate,Blanco;Crema;Verde oliva,Verdoso neutro de luminosidad medio (5/10) y saturación muy baja (2/10) que equilibra el espacio.,Medio,Muy Baja,Suave;Neutro;Elegante;Sobrio
26GG 19/130,Verde Repollo,Neutro,3,2,Verdoso,Dramático,Living,Blanco;Madera clara;Negro mate;Blanco roto,Blanco;Crema;Verde oliva,Verdoso neutro de luminosidad bajo (3/10) y saturación muy baja (2/10) que genera profundidad.,Bajo,Muy Baja,Profundo;Neutro;Elegante;Sobrio
50GY 43/120,Verde Reptil,Neutro,5,2,Verdoso,Contemporáneo,Dormitorio;Pasillo,Blanco;Madera clara;Negro mate,Blanco;Crema;Verde oliva,Verdoso neutro de luminosidad medio (5/10) y saturación muy baja (2/10) que equilibra el espacio.,Medio,Muy Baja,Suave;Neutro;Elegante;Sobrio
30GY 40/531,Verde Sintético,Cálido,4,5,Lima,Contemporáneo,Comedor;Living,Blanco;Madera clara;Beige;Blanco roto,Blanco;Crema;Azul profundo,Lima cálido de luminosidad bajo (4/10) y saturación media (5/10) que equilibra el espacio.,Bajo,Media,Suave;Cálido;Acogedor;Natural
30GY 15/242,Verde Terapéutico,Cálido,2,3,Oliva,Dramático,Living,Blanco;Madera clara;Beige;Blanco roto,Blanco;Crema;Azul profundo,Oliva cálido de luminosidad muy bajo (2/10) y saturación baja (3/10) que genera profundidad.,Muy Bajo,Baja,Profundo;Cálido;Acogedor;Sobrio
50GY 66/111,Verde Tranquilo,Cálido,7,3,Verdoso,Minimalista;Nórdico;Japandi;Rústico;Mediterráneo,Living;Comedor;Cocina;Dormitorio;Pasillo,Blanco;Madera clara;Beige,Negro mate;Grafito;Azul profundo,Verdoso cálido de luminosidad alto (7/10) y saturación baja (3/10) que aporta amplitud visual.,Alto,Baja,Luminoso;Amplio;Cálido;Acogedor
07GG 08/244,Verde Trébol,Cálido,2,6,Verdoso,Dramático,Comedor;Living,Blanco;Madera clara;Beige;Blanco roto;Neutros,Blanco;Crema;Azul profundo,Verdoso cálido de luminosidad muy bajo (2/10) y saturación media (6/10) que genera profundidad.,Muy Bajo,Media,Profundo;Cálido;Acogedor;Natural
50GY 10/068,Verde Tribal,Neutro,2,2,Oliva,Dramático,Living,Blanco;Madera clara;Negro mate;Blanco roto,Blanco;Crema;Verde oliva,Oliva neutro de luminosidad muy bajo (2/10) y saturación muy baja (2/10) que genera profundidad.,Muy Bajo,Muy Baja,Profundo;Neutro;Elegante;Sobrio
90GY 67/146,Verde Victoria,Cálido,7,3,Verdoso,Minimalista;Nórdico;Japandi;Rústico;Mediterráneo,Living;Comedor;Cocina;Dormitorio;Pasillo,Blanco;Madera clara;Beige,Negro mate;Grafito;Azul profundo,Verdoso cálido de luminosidad alto (7/10) y saturación baja (3/10) que aporta amplitud visual.,Alto,Baja,Luminoso;Amplio;Cálido;Acogedor
10GG 72/219,Verde Villorrio,Cálido,7,5,Verdoso,Rústico;Mediterráneo,Living;Comedor;Cocina;Dormitorio;Pasillo,Blanco;Madera clara;Beige,Negro mate;Grafito;Azul profundo,Verdoso cálido de luminosidad alto (7/10) y saturación media (5/10) que aporta amplitud visual.,Alto,Media,Luminoso;Amplio;Cálido;Acogedor
97GY 07/135,Viejo Cazador,Neutro,2,3,Verdoso,Dramático,Living,Blanco;Madera clara;Negro mate;Blanco roto,Blanco;Crema;Verde oliva,Verdoso neutro de luminosidad muy bajo (2/10) y saturación baja (3/10) que genera profundidad.,Muy Bajo,Baja,Profundo;Neutro;Elegante;Sobrio
50GY 74/073,Villa Italiana,Neutro,7,3,Verdoso,Minimalista;Nórdico;Japandi,Living;Comedor;Cocina;Dormitorio;Pasillo,Blanco;Madera clara;Negro mate,Negro mate;Grafito;Verde oliva,Verdoso neutro de luminosidad alto (7/10) y saturación baja (3/10) que aporta amplitud visual.,Alto,Baja,Luminoso;Amplio;Neutro;Elegante
08RB 19/308,Amatista,Frío,3,3,Azulado,Industrial;Contemporáneo;Dramático,Baño;Home office,Blanco;Gris claro;Negro mate;Blanco roto,Blanco;Crema;Terracota;Mostaza,Azulado frío de luminosidad bajo (3/10) y saturación baja (3/10) que genera profundidad.,Bajo,Baja,Profundo;Frío;Sereno;Sobrio
30RB 15/086,Amatista Gris,Neutro,2,2,Gris frío,Dramático,Living,Blanco;Madera clara;Negro mate;Blanco roto,Blanco;Crema;Verde oliva,Gris frío neutro de luminosidad muy bajo (2/10) y saturación muy baja (2/10) que genera profundidad.,Muy Bajo,Muy Baja,Profundo;Neutro;Elegante;Sobrio
70RB 67/067,Anochecer,Cálido,7,2,Gris cálido,Minimalista;Nórdico;Japandi;Rústico;Mediterráneo,Living;Comedor;Cocina;Dormitorio;Pasillo,Blanco;Madera clara;Beige,Negro mate;Grafito;Azul profundo,Gris cálido cálido de luminosidad alto (7/10) y saturación muy baja (2/10) que aporta amplitud visual.,Alto,Muy Baja,Luminoso;Amplio;Cálido;Acogedor
81BB 22/273,Arándano Jugoso,Frío,3,3,Azulado,Industrial;Contemporáneo;Dramático,Baño;Home office,Blanco;Gris claro;Negro mate;Blanco roto,Blanco;Crema;Terracota;Mostaza,Azulado frío de luminosidad bajo (3/10) y saturación baja (3/10) que genera profundidad.,Bajo,Baja,Profundo;Frío;Sereno;Sobrio
09RR 21/078,Arcilla Purpúrea,Neutro,3,2,Gris frío,Dramático,Living;Dormitorio;Comedor;Cocina;Baño;Pasillo;Home office;Cuarto de niños,Blanco;Madera clara;Negro mate;Blanco roto,Blanco;Crema;Verde oliva,Gris frío neutro de luminosidad bajo (3/10) y saturación muy baja (2/10) que genera profundidad.,Bajo,Muy Baja,Profundo;Neutro;Elegante;Sobrio
21RR 07/060,Arcilla Relajante,Cálido,1,2,Gris cálido,Dramático,Living;Dormitorio;Comedor;Cocina;Baño;Pasillo;Home office;Cuarto de niños,Blanco;Madera clara;Beige;Blanco roto,Blanco;Crema;Azul profundo,Gris cálido cálido de luminosidad muy bajo (1/10) y saturación muy baja (2/10) que genera profundidad.,Muy Bajo,Muy Baja,Profundo;Cálido;Acogedor;Sobrio
10RB 14/049,Art Deco,Neutro,2,1,Grafito,Dramático,Living,Blanco;Madera clara;Negro mate;Blanco roto,Blanco;Crema;Verde oliva,Grafito neutro de luminosidad muy bajo (2/10) y saturación muy baja (1/10) que genera profundidad.,Muy Bajo,Muy Baja,Profundo;Neutro;Elegante;Sobrio
70RB 74/028,Belladona,Neutro,7,2,Gris frío,Minimalista;Nórdico;Japandi,Living;Comedor;Cocina;Dormitorio;Pasillo,Blanco;Madera clara;Negro mate,Negro mate;Grafito;Verde oliva,Gris frío neutro de luminosidad alto (7/10) y saturación muy baja (2/10) que aporta amplitud visual.,Alto,Muy Baja,Luminoso;Amplio;Neutro;Elegante
43RB 09/077,Berenjena Intenso,Frío,2,2,Gris frío,Industrial;Contemporáneo;Dramático,Baño;Home office,Blanco;Gris claro;Negro mate;Blanco roto,Blanco;Crema;Terracota;Mostaza,Gris frío frío de luminosidad muy bajo (2/10) y saturación muy baja (2/10) que genera profundidad.,Muy Bajo,Muy Baja,Profundo;Frío;Sereno;Sobrio
04RR 14/085,Berenjena Medio,Cálido,2,2,Gris cálido,Dramático,Living;Dormitorio;Comedor;Cocina;Baño;Pasillo;Home office;Cuarto de niños,Blanco;Madera clara;Beige;Blanco roto,Blanco;Crema;Azul profundo,Gris cálido cálido de luminosidad muy bajo (2/10) y saturación muy baja (2/10) que genera profundidad.,Muy Bajo,Muy Baja,Profundo;Cálido;Acogedor;Sobrio
90BB 67/069,Blanco Espliego,Frío,7,2,Azulado,Minimalista;Nórdico;Japandi,Living;Comedor;Cocina;Dormitorio;Pasillo,Blanco;Gris claro;Negro mate,Negro mate;Grafito;Terracota;Mostaza,Azulado frío de luminosidad alto (7/10) y saturación muy baja (2/10) que aporta amplitud visual.,Alto,Muy Baja,Luminoso;Amplio;Frío;Sereno
02RB 53/171,Bouquet de Lilas,Frío,6,4,Azulado,Contemporáneo,Dormitorio;Pasillo,Blanco;Gris claro;Negro mate,Blanco;Crema;Terracota;Mostaza,Azulado frío de luminosidad medio (6/10) y saturación baja (4/10) que equilibra el espacio.,Medio,Baja,Suave;Frío;Sereno;Natural
83RB 13/268,Boutique Púrpura,Cálido,2,3,Piedra,Dramático,Living,Blanco;Madera clara;Beige;Blanco roto,Blanco;Crema;Azul profundo,Piedra cálido de luminosidad muy bajo (2/10) y saturación baja (3/10) que genera profundidad.,Muy Bajo,Baja,Profundo;Cálido;Acogedor;Sobrio
90BB 41/168,Brezo,Frío,5,3,Azulado,Industrial;Contemporáneo,Dormitorio;Pasillo;Baño;Home office,Blanco;Gris claro;Negro mate,Blanco;Crema;Terracota;Mostaza,Azulado frío de luminosidad medio (5/10) y saturación baja (3/10) que equilibra el espacio.,Medio,Baja,Suave;Frío;Sereno;Sobrio
80BB 49/174,Brezo en Flor,Frío,5,4,Azulado,Industrial;Contemporáneo,Living;Dormitorio;Comedor;Cocina;Baño;Pasillo;Home office;Cuarto de niños,Blanco;Gris claro;Negro mate,Blanco;Crema;Terracota;Mostaza,Azulado frío de luminosidad medio (5/10) y saturación baja (4/10) que equilibra el espacio.,Medio,Baja,Suave;Frío;Sereno;Natural
30RB 64/030,Brisa de Invierno,Neutro,7,1,Piedra,Minimalista;Nórdico;Japandi,Living;Comedor;Cocina;Dormitorio;Pasillo,Blanco;Madera clara;Negro mate,Negro mate;Grafito;Verde oliva,Piedra neutro de luminosidad alto (7/10) y saturación muy baja (1/10) que aporta amplitud visual.,Alto,Muy Baja,Luminoso;Amplio;Neutro;Elegante
30RB 11/250,Brujita,Frío,2,3,Azulado,Industrial;Contemporáneo;Dramático,Baño;Home office,Blanco;Gris claro;Negro mate;Blanco roto,Blanco;Crema;Terracota;Mostaza,Azulado frío de luminosidad muy bajo (2/10) y saturación baja (3/10) que genera profundidad.,Muy Bajo,Baja,Profundo;Frío;Sereno;Sobrio
30RB 56/036,Bruma de Lilas,Neutro,6,1,Piedra,Contemporáneo,Dormitorio;Pasillo,Blanco;Madera clara;Negro mate,Blanco;Crema;Verde oliva,Piedra neutro de luminosidad medio (6/10) y saturación muy baja (1/10) que equilibra el espacio.,Medio,Muy Baja,Suave;Neutro;Elegante;Sobrio
70RB 54/110,Campos de Espliegos,Cálido,6,2,Gris cálido,Rústico;Mediterráneo,Dormitorio;Pasillo,Blanco;Madera clara;Beige,Blanco;Crema;Azul profundo,Gris cálido cálido de luminosidad medio (6/10) y saturación muy baja (2/10) que equilibra el espacio.,Medio,Muy Baja,Suave;Cálido;Acogedor;Sobrio
90BB 50/086,Canción de la Ciudad,Frío,5,2,Azulado,Industrial;Contemporáneo,Dormitorio;Pasillo;Baño;Home office,Blanco;Gris claro;Negro mate,Blanco;Crema;Terracota;Mostaza,Azulado frío de luminosidad medio (5/10) y saturación muy baja (2/10) que equilibra el espacio.,Medio,Muy Baja,Suave;Frío;Sereno;Sobrio
90RB 08/113,Cardo Uva,Cálido,2,2,Gris cálido,Dramático,Living,Blanco;Madera clara;Beige;Blanco roto,Blanco;Crema;Azul profundo,Gris cálido cálido de luminosidad muy bajo (2/10) y saturación muy baja (2/10) que genera profundidad.,Muy Bajo,Muy Baja,Profundo;Cálido;Acogedor;Sobrio
50RB 74/033,Castillo de Aire,Neutro,8,1,Hueso,Minimalista;Nórdico;Japandi,Living;Comedor;Cocina;Dormitorio;Pasillo,Blanco;Madera clara;Negro mate,Negro mate;Grafito;Verde oliva,Hueso neutro de luminosidad alto (8/10) y saturación muy baja (1/10) que aporta amplitud visual.,Alto,Muy Baja,Luminoso;Amplio;Neutro;Elegante
10RB 23/061,Cerco de Lilas,Neutro,3,1,Grafito,Dramático,Living,Blanco;Madera clara;Negro mate;Blanco roto,Blanco;Crema;Verde oliva,Grafito neutro de luminosidad bajo (3/10) y saturación muy baja (1/10) que genera profundidad.,Bajo,Muy Baja,Profundo;Neutro;Elegante;Sobrio
41RB 19/322,Cinta Violeta,Frío,3,3,Azulado,Industrial;Contemporáneo;Dramático,Baño;Home office,Blanco;Gris claro;Negro mate;Blanco roto,Blanco;Crema;Terracota;Mostaza,Azulado frío de luminosidad bajo (3/10) y saturación baja (3/10) que genera profundidad.,Bajo,Baja,Profundo;Frío;Sereno;Sobrio
87BB 80/036,Ciruela Especial,Frío,8,2,Marfil,Minimalista;Nórdico;Japandi,Living;Comedor;Cocina;Dormitorio;Pasillo,Blanco;Gris claro;Negro mate,Negro mate;Grafito;Terracota;Mostaza,Marfil frío de luminosidad alto (8/10) y saturación muy baja (2/10) que aporta amplitud visual.,Alto,Muy Baja,Luminoso;Amplio;Frío;Sereno
73BB 16/259,Ciruela Intenso,Frío,2,3,Azulado,Industrial;Contemporáneo;Dramático,Baño;Home office,Blanco;Gris claro;Negro mate;Blanco roto,Blanco;Crema;Terracota;Mostaza,Azulado frío de luminosidad muy bajo (2/10) y saturación baja (3/10) que genera profundidad.,Muy Bajo,Baja,Profundo;Frío;Sereno;Sobrio
66RB 26/328,Ciruela Perfecta,Cálido,3,3,Piedra,Dramático,Living,Blanco;Madera clara;Beige;Blanco roto,Blanco;Crema;Azul profundo,Piedra cálido de luminosidad bajo (3/10) y saturación baja (3/10) que genera profundidad.,Bajo,Baja,Profundo;Cálido;Acogedor;Sobrio
10RB 19/262,Ciruela Perfumada,Frío,3,3,Azulado,Industrial;Contemporáneo;Dramático,Baño;Home office,Blanco;Gris claro;Negro mate;Blanco roto,Blanco;Crema;Terracota;Mostaza,Azulado frío de luminosidad bajo (3/10) y saturación baja (3/10) que genera profundidad.,Bajo,Baja,Profundo;Frío;Sereno;Sobrio
89RB 72/119,Clavel,Cálido,7,4,Piedra,Minimalista;Nórdico;Japandi;Rústico;Mediterráneo,Living;Comedor;Cocina;Dormitorio;Pasillo,Blanco;Madera clara;Beige,Negro mate;Grafito;Azul profundo,Piedra cálido de luminosidad alto (7/10) y saturación baja (4/10) que aporta amplitud visual.,Alto,Baja,Luminoso;Amplio;Cálido;Acogedor
23RB 10/134,Cóctel de Uva,Frío,2,2,Gris frío,Industrial;Contemporáneo;Dramático,Living;Dormitorio;Comedor;Cocina;Baño;Pasillo;Home office;Cuarto de niños,Blanco;Gris claro;Negro mate;Blanco roto,Blanco;Crema;Terracota;Mostaza,Gris frío frío de luminosidad muy bajo (2/10) y saturación muy baja (2/10) que genera profundidad.,Muy Bajo,Muy Baja,Profundo;Frío;Sereno;Sobrio
16RB 69/065,Colinas de Brezos,Frío,7,2,Gris frío,Minimalista;Nórdico;Japandi,Living;Comedor;Cocina;Dormitorio;Pasillo,Blanco;Gris claro;Negro mate,Negro mate;Grafito;Terracota;Mostaza,Gris frío frío de luminosidad alto (7/10) y saturación muy baja (2/10) que aporta amplitud visual.,Alto,Muy Baja,Luminoso;Amplio;Frío;Sereno
70RB 23/280,Confite,Cálido,3,3,Gris cálido,Dramático,Living,Blanco;Madera clara;Beige;Blanco roto,Blanco;Crema;Azul profundo,Gris cálido cálido de luminosidad bajo (3/10) y saturación baja (3/10) que genera profundidad.,Bajo,Baja,Profundo;Cálido;Acogedor;Sobrio
42RB 21/094,Coulis de Ciruela,Neutro,3,2,Grafito,Dramático,Living,Blanco;Madera clara;Negro mate;Blanco roto,Blanco;Crema;Verde oliva,Grafito neutro de luminosidad bajo (3/10) y saturación muy baja (2/10) que genera profundidad.,Bajo,Muy Baja,Profundo;Neutro;Elegante;Sobrio
70RB 36/156,Crepúsculo,Cálido,4,2,Gris cálido,Contemporáneo,Living,Blanco;Madera clara;Beige;Blanco roto,Blanco;Crema;Azul profundo,Gris cálido cálido de luminosidad bajo (4/10) y saturación muy baja (2/10) que equilibra el espacio.,Bajo,Muy Baja,Suave;Cálido;Acogedor;Sobrio
30RB 33/103,Crepúsculo Mágico,Frío,4,2,Gris frío,Industrial;Contemporáneo,Baño;Home office,Blanco;Gris claro;Negro mate;Blanco roto,Blanco;Crema;Terracota;Mostaza,Gris frío frío de luminosidad bajo (4/10) y saturación muy baja (2/10) que equilibra el espacio.,Bajo,Muy Baja,Suave;Frío;Sereno;Sobrio
10RB 10/116,Crucero Nocturno,Frío,2,2,Azulado,Industrial;Contemporáneo;Dramático,Baño;Home office,Blanco;Gris claro;Negro mate;Blanco roto,Blanco;Crema;Terracota;Mostaza,Azulado frío de luminosidad muy bajo (2/10) y saturación muy baja (2/10) que genera profundidad.,Muy Bajo,Muy Baja,Profundo;Frío;Sereno;Sobrio
81BB 12/269,Decreto Real,Frío,2,4,Azulado,Industrial;Contemporáneo;Dramático,Living;Dormitorio;Comedor;Cocina;Baño;Pasillo;Home office;Cuarto de niños,Blanco;Gris claro;Negro mate;Blanco roto,Blanco;Crema;Terracota;Mostaza,Azulado frío de luminosidad muy bajo (2/10) y saturación baja (4/10) que genera profundidad.,Muy Bajo,Baja,Profundo;Frío;Sereno;Natural
03RB 63/122,Dedalera Violeta,Frío,7,3,Azulado,Minimalista;Nórdico;Japandi,Living;Comedor;Cocina;Dormitorio;Pasillo,Blanco;Gris claro;Negro mate,Negro mate;Grafito;Terracota;Mostaza,Azulado frío de luminosidad alto (7/10) y saturación baja (3/10) que aporta amplitud visual.,Alto,Baja,Luminoso;Amplio;Frío;Sereno
11RR 29/068,Dejo de Arcilla,Neutro,3,2,Gris frío,Dramático,Living;Dormitorio;Comedor;Cocina;Baño;Pasillo;Home office;Cuarto de niños,Blanco;Madera clara;Negro mate;Blanco roto,Blanco;Crema;Verde oliva,Gris frío neutro de luminosidad bajo (3/10) y saturación muy baja (2/10) que genera profundidad.,Bajo,Muy Baja,Profundo;Neutro;Elegante;Sobrio
14RB 45/074,Deleite Malva,Frío,5,2,Gris frío,Industrial;Contemporáneo,Living;Dormitorio;Comedor;Cocina;Baño;Pasillo;Home office;Cuarto de niños,Blanco;Gris claro;Negro mate,Blanco;Crema;Terracota;Mostaza,Gris frío frío de luminosidad medio (5/10) y saturación muy baja (2/10) que equilibra el espacio.,Medio,Muy Baja,Suave;Frío;Sereno;Sobrio
50RB 20/199,Delicias de Uva,Cálido,3,2,Gris cálido,Dramático,Living,Blanco;Madera clara;Beige;Blanco roto,Blanco;Crema;Azul profundo,Gris cálido cálido de luminosidad bajo (3/10) y saturación muy baja (2/10) que genera profundidad.,Bajo,Muy Baja,Profundo;Cálido;Acogedor;Sobrio
90BB 21/220,Deseo Púrpura,Frío,3,3,Azulado,Industrial;Contemporáneo;Dramático,Baño;Home office,Blanco;Gris claro;Negro mate;Blanco roto,Blanco;Crema;Terracota;Mostaza,Azulado frío de luminosidad bajo (3/10) y saturación baja (3/10) que genera profundidad.,Bajo,Baja,Profundo;Frío;Sereno;Sobrio
65RB 62/156,Diamante Rosa,Cálido,6,3,Piedra,Rústico;Mediterráneo,Dormitorio;Pasillo,Blanco;Madera clara;Beige,Blanco;Crema;Azul profundo,Piedra cálido de luminosidad medio (6/10) y saturación baja (3/10) que equilibra el espacio.,Medio,Baja,Suave;Cálido;Acogedor;Sobrio
50RB 64/035,Digitalis,Neutro,7,1,Hueso,Minimalista;Nórdico;Japandi,Living;Comedor;Cocina;Dormitorio;Pasillo,Blanco;Madera clara;Negro mate,Negro mate;Grafito;Verde oliva,Hueso neutro de luminosidad alto (7/10) y saturación muy baja (1/10) que aporta amplitud visual.,Alto,Muy Baja,Luminoso;Amplio;Neutro;Elegante
40RB 36/264,Dignidad,Frío,4,3,Azulado,Industrial;Contemporáneo,Baño;Home office,Blanco;Gris claro;Negro mate;Blanco roto,Blanco;Crema;Terracota;Mostaza,Azulado frío de luminosidad bajo (4/10) y saturación baja (3/10) que equilibra el espacio.,Bajo,Baja,Suave;Frío;Sereno;Sobrio
90BB 19/267,Drama Nocturno,Frío,3,3,Azulado,Industrial;Contemporáneo;Dramático,Baño;Home office,Blanco;Gris claro;Negro mate;Blanco roto,Blanco;Crema;Terracota;Mostaza,Azulado frío de luminosidad bajo (3/10) y saturación baja (3/10) que genera profundidad.,Bajo,Baja,Profundo;Frío;Sereno;Sobrio
10RB 10/219,Dramático,Frío,2,3,Azulado,Industrial;Contemporáneo;Dramático,Baño;Home office,Blanco;Gris claro;Negro mate;Blanco roto,Blanco;Crema;Terracota;Mostaza,Azulado frío de luminosidad muy bajo (2/10) y saturación baja (3/10) que genera profundidad.,Muy Bajo,Baja,Profundo;Frío;Sereno;Sobrio
30RB 13/199,Dulce Travesura,Frío,2,2,Gris frío,Industrial;Contemporáneo;Dramático,Baño;Home office,Blanco;Gris claro;Negro mate;Blanco roto,Blanco;Crema;Terracota;Mostaza,Gris frío frío de luminosidad muy bajo (2/10) y saturación muy baja (2/10) que genera profundidad.,Muy Bajo,Muy Baja,Profundo;Frío;Sereno;Sobrio
10RB 35/167,Elevación,Frío,4,3,Azulado,Industrial;Contemporáneo,Baño;Home office,Blanco;Gris claro;Negro mate;Blanco roto,Blanco;Crema;Terracota;Mostaza,Azulado frío de luminosidad bajo (4/10) y saturación baja (3/10) que equilibra el espacio.,Bajo,Baja,Suave;Frío;Sereno;Sobrio
30RB 11/133,Enmascarado,Frío,2,2,Gris frío,Industrial;Contemporáneo;Dramático,Baño;Home office,Blanco;Gris claro;Negro mate;Blanco roto,Blanco;Crema;Terracota;Mostaza,Gris frío frío de luminosidad muy bajo (2/10) y saturación muy baja (2/10) que genera profundidad.,Muy Bajo,Muy Baja,Profundo;Frío;Sereno;Sobrio
84BB 53/136,Espléndido Lila,Frío,6,3,Azulado,Contemporáneo,Dormitorio;Pasillo,Blanco;Gris claro;Negro mate,Blanco;Crema;Terracota;Mostaza,Azulado frío de luminosidad medio (6/10) y saturación baja (3/10) que equilibra el espacio.,Medio,Baja,Suave;Frío;Sereno;Sobrio
50RB 83/017,Espliego Apasionado,Neutro,8,2,Marfil,Minimalista;Nórdico;Japandi,Living;Comedor;Cocina;Dormitorio;Pasillo,Blanco;Madera clara;Negro mate,Negro mate;Grafito;Verde oliva,Marfil neutro de luminosidad alto (8/10) y saturación muy baja (2/10) que aporta amplitud visual.,Alto,Muy Baja,Luminoso;Amplio;Neutro;Elegante
90RB 23/228,Fábula,Cálido,3,3,Gris cálido,Dramático,Living,Blanco;Madera clara;Beige;Blanco roto,Blanco;Crema;Azul profundo,Gris cálido cálido de luminosidad bajo (3/10) y saturación baja (3/10) que genera profundidad.,Bajo,Baja,Profundo;Cálido;Acogedor;Sobrio
90RB 12/225,Fiesta de Brujas,Cálido,2,3,Piedra,Dramático,Living,Blanco;Madera clara;Beige;Blanco roto,Blanco;Crema;Azul profundo,Piedra cálido de luminosidad muy bajo (2/10) y saturación baja (3/10) que genera profundidad.,Muy Bajo,Baja,Profundo;Cálido;Acogedor;Sobrio
56RB 09/302,Fiesta de la Uva,Cálido,2,3,Piedra,Dramático,Living,Blanco;Madera clara;Beige;Blanco roto,Blanco;Crema;Azul profundo,Piedra cálido de luminosidad muy bajo (2/10) y saturación baja (3/10) que genera profundidad.,Muy Bajo,Baja,Profundo;Cálido;Acogedor;Sobrio
05RB 34/258,Flor de Ipé,Frío,4,3,Azulado,Industrial;Contemporáneo,Baño;Home office,Blanco;Gris claro;Negro mate;Blanco roto,Blanco;Crema;Terracota;Mostaza,Azulado frío de luminosidad bajo (4/10) y saturación baja (3/10) que equilibra el espacio.,Bajo,Baja,Suave;Frío;Sereno;Sobrio
12RB 51/169,Flor de Maracujá,Frío,5,3,Azulado,Industrial;Contemporáneo,Dormitorio;Pasillo;Baño;Home office,Blanco;Gris claro;Negro mate,Blanco;Crema;Terracota;Mostaza,Azulado frío de luminosidad medio (5/10) y saturación baja (3/10) que equilibra el espacio.,Medio,Baja,Suave;Frío;Sereno;Sobrio
10RB 49/062,Flor Salvaje,Neutro,5,2,Azulado,Contemporáneo,Dormitorio;Pasillo,Blanco;Madera clara;Negro mate,Blanco;Crema;Verde oliva,Azulado neutro de luminosidad medio (5/10) y saturación muy baja (2/10) que equilibra el espacio.,Medio,Muy Baja,Suave;Neutro;Elegante;Sobrio
90RB 46/121,Frambuesa Negra,Cálido,5,2,Gris cálido,Rústico;Mediterráneo,Dormitorio;Pasillo,Blanco;Madera clara;Beige,Blanco;Crema;Azul profundo,Gris cálido cálido de luminosidad medio (5/10) y saturación muy baja (2/10) que equilibra el espacio.,Medio,Muy Baja,Suave;Cálido;Acogedor;Sobrio
73RB 08/259,Fruta Silvestre,Cálido,2,3,Piedra,Dramático,Living,Blanco;Madera clara;Beige;Blanco roto,Blanco;Crema;Azul profundo,Piedra cálido de luminosidad muy bajo (2/10) y saturación baja (3/10) que genera profundidad.,Muy Bajo,Baja,Profundo;Cálido;Acogedor;Sobrio
10RB 22/242,Frutas del Campo,Frío,3,3,Azulado,Industrial;Contemporáneo;Dramático,Baño;Home office,Blanco;Gris claro;Negro mate;Blanco roto,Blanco;Crema;Terracota;Mostaza,Azulado frío de luminosidad bajo (3/10) y saturación baja (3/10) que genera profundidad.,Bajo,Baja,Profundo;Frío;Sereno;Sobrio
42RB 14/320,Fuego Violeta,Frío,2,3,Azulado,Industrial;Contemporáneo;Dramático,Baño;Home office,Blanco;Gris claro;Negro mate;Blanco roto,Blanco;Crema;Terracota;Mostaza,Azulado frío de luminosidad muy bajo (2/10) y saturación baja (3/10) que genera profundidad.,Muy Bajo,Baja,Profundo;Frío;Sereno;Sobrio
09RB 12/102,Fulgor de Medianoche,Frío,2,2,Azulado,Industrial;Contemporáneo;Dramático,Living;Dormitorio;Comedor;Cocina;Baño;Pasillo;Home office;Cuarto de niños,Blanco;Gris claro;Negro mate;Blanco roto,Blanco;Crema;Terracota;Mostaza,Azulado frío de luminosidad muy bajo (2/10) y saturación muy baja (2/10) que genera profundidad.,Muy Bajo,Muy Baja,Profundo;Frío;Sereno;Sobrio
10RB 31/204,Glicina en Flor,Frío,4,3,Azulado,Industrial;Contemporáneo,Baño;Home office,Blanco;Gris claro;Negro mate;Blanco roto,Blanco;Crema;Terracota;Mostaza,Azulado frío de luminosidad bajo (4/10) y saturación baja (3/10) que equilibra el espacio.,Bajo,Baja,Suave;Frío;Sereno;Sobrio
06RB 76/056,Gota de Violeta,Frío,8,3,Marfil,Minimalista;Nórdico;Japandi,Living;Comedor;Cocina;Dormitorio;Pasillo,Blanco;Gris claro;Negro mate,Negro mate;Grafito;Terracota;Mostaza,Marfil frío de luminosidad alto (8/10) y saturación baja (3/10) que aporta amplitud visual.,Alto,Baja,Luminoso;Amplio;Frío;Sereno
70BB 28/224,Grandeza,Frío,3,4,Azulado,Industrial;Contemporáneo;Dramático,Baño;Home office,Blanco;Gris claro;Negro mate;Blanco roto,Blanco;Crema;Terracota;Mostaza,Azulado frío de luminosidad bajo (3/10) y saturación baja (4/10) que genera profundidad.,Bajo,Baja,Profundo;Frío;Sereno;Natural
30RB 36/055,Guante de Terciopelo,Neutro,4,1,Grafito,Contemporáneo,Living,Blanco;Madera clara;Negro mate;Blanco roto,Blanco;Crema;Verde oliva,Grafito neutro de luminosidad bajo (4/10) y saturación muy baja (1/10) que equilibra el espacio.,Bajo,Muy Baja,Suave;Neutro;Elegante;Sobrio
30RR 19/068,Helado de Ciruela,Neutro,3,2,Gris frío,Dramático,Living,Blanco;Madera clara;Negro mate;Blanco roto,Blanco;Crema;Verde oliva,Gris frío neutro de luminosidad bajo (3/10) y saturación muy baja (2/10) que genera profundidad.,Bajo,Muy Baja,Profundo;Neutro;Elegante;Sobrio
10RB 36/082,Helado de Mora,Neutro,4,2,Azulado,Contemporáneo,Living,Blanco;Madera clara;Negro mate;Blanco roto,Blanco;Crema;Verde oliva,Azulado neutro de luminosidad bajo (4/10) y saturación muy baja (2/10) que equilibra el espacio.,Bajo,Muy Baja,Suave;Neutro;Elegante;Sobrio
90BB 65/049,Herencia de Dinastía,Frío,7,2,Azulado,Minimalista;Nórdico;Japandi,Living;Comedor;Cocina;Dormitorio;Pasillo,Blanco;Gris claro;Negro mate,Negro mate;Grafito;Terracota;Mostaza,Azulado frío de luminosidad alto (7/10) y saturación muy baja (2/10) que aporta amplitud visual.,Alto,Muy Baja,Luminoso;Amplio;Frío;Sereno
54RB 78/038,Hilo de Seda,Neutro,8,2,Marfil,Minimalista;Nórdico;Japandi,Living;Comedor;Cocina;Dormitorio;Pasillo,Blanco;Madera clara;Negro mate,Negro mate;Grafito;Verde oliva,Marfil neutro de luminosidad alto (8/10) y saturación muy baja (2/10) que aporta amplitud visual.,Alto,Muy Baja,Luminoso;Amplio;Neutro;Elegante
10RR 56/029,Hora del Diseño,Neutro,6,2,Piedra,Contemporáneo,Dormitorio;Pasillo,Blanco;Madera clara;Negro mate,Blanco;Crema;Verde oliva,Piedra neutro de luminosidad medio (6/10) y saturación muy baja (2/10) que equilibra el espacio.,Medio,Muy Baja,Suave;Neutro;Elegante;Sobrio
64RB 58/179,Huevo de Pascua,Cálido,6,4,Piedra,Rústico;Mediterráneo,Dormitorio;Pasillo,Blanco;Madera clara;Beige,Blanco;Crema;Azul profundo,Piedra cálido de luminosidad medio (6/10) y saturación baja (4/10) que equilibra el espacio.,Medio,Baja,Suave;Cálido;Acogedor;Natural
41RB 30/290,Ilusión,Frío,3,3,Azulado,Industrial;Contemporáneo;Dramático,Baño;Home office,Blanco;Gris claro;Negro mate;Blanco roto,Blanco;Crema;Terracota;Mostaza,Azulado frío de luminosidad bajo (3/10) y saturación baja (3/10) que genera profundidad.,Bajo,Baja,Profundo;Frío;Sereno;Sobrio
50RB 14/232,Joya,Frío,2,3,Gris frío,Industrial;Contemporáneo;Dramático,Baño;Home office,Blanco;Gris claro;Negro mate;Blanco roto,Blanco;Crema;Terracota;Mostaza,Gris frío frío de luminosidad muy bajo (2/10) y saturación baja (3/10) que genera profundidad.,Muy Bajo,Baja,Profundo;Frío;Sereno;Sobrio
10RB 53/115,Lago Brumoso,Frío,6,3,Gris frío,Contemporáneo,Dormitorio;Pasillo,Blanco;Gris claro;Negro mate,Blanco;Crema;Terracota;Mostaza,Gris frío frío de luminosidad medio (6/10) y saturación baja (3/10) que equilibra el espacio.,Medio,Baja,Suave;Frío;Sereno;Sobrio
82BB 38/251,Lavanda Imperial,Frío,4,4,Azulado,Industrial;Contemporáneo,Living;Dormitorio;Comedor;Cocina;Baño;Pasillo;Home office;Cuarto de niños,Blanco;Gris claro;Negro mate;Blanco roto,Blanco;Crema;Terracota;Mostaza,Azulado frío de luminosidad bajo (4/10) y saturación baja (4/10) que equilibra el espacio.,Bajo,Baja,Suave;Frío;Sereno;Natural
90BB 31/208,Lavanda Salvaje,Frío,4,3,Azulado,Industrial;Contemporáneo,Baño;Home office,Blanco;Gris claro;Negro mate;Blanco roto,Blanco;Crema;Terracota;Mostaza,Azulado frío de luminosidad bajo (4/10) y saturación baja (3/10) que equilibra el espacio.,Bajo,Baja,Suave;Frío;Sereno;Sobrio
90BB 58/072,Lavanda Suave,Frío,6,2,Azulado,Contemporáneo,Dormitorio;Pasillo,Blanco;Gris claro;Negro mate,Blanco;Crema;Terracota;Mostaza,Azulado frío de luminosidad medio (6/10) y saturación muy baja (2/10) que equilibra el espacio.,Medio,Muy Baja,Suave;Frío;Sereno;Sobrio
78RB 08/163,Licor de Mora,Cálido,2,3,Piedra,Dramático,Living,Blanco;Madera clara;Beige;Blanco roto,Blanco;Crema;Azul profundo,Piedra cálido de luminosidad muy bajo (2/10) y saturación baja (3/10) que genera profundidad.,Muy Bajo,Baja,Profundo;Cálido;Acogedor;Sobrio
30RB 49/042,Lila Agrisado,Neutro,5,1,Piedra,Contemporáneo,Dormitorio;Pasillo,Blanco;Madera clara;Negro mate,Blanco;Crema;Verde oliva,Piedra neutro de luminosidad medio (5/10) y saturación muy baja (1/10) que equilibra el espacio.,Medio,Muy Baja,Suave;Neutro;Elegante;Sobrio
30RB 22/215,Lila Claro,Frío,3,2,Gris frío,Industrial;Contemporáneo;Dramático,Baño;Home office,Blanco;Gris claro;Negro mate;Blanco roto,Blanco;Crema;Terracota;Mostaza,Gris frío frío de luminosidad bajo (3/10) y saturación muy baja (2/10) que genera profundidad.,Bajo,Muy Baja,Profundo;Frío;Sereno;Sobrio
90BB 26/227,Lila Esplendoroso,Frío,3,3,Azulado,Industrial;Contemporáneo;Dramático,Baño;Home office,Blanco;Gris claro;Negro mate;Blanco roto,Blanco;Crema;Terracota;Mostaza,Azulado frío de luminosidad bajo (3/10) y saturación baja (3/10) que genera profundidad.,Bajo,Baja,Profundo;Frío;Sereno;Sobrio
30RB 26/067,Lila Nocturno,Neutro,3,1,Grafito,Dramático,Living,Blanco;Madera clara;Negro mate;Blanco roto,Blanco;Crema;Verde oliva,Grafito neutro de luminosidad bajo (3/10) y saturación muy baja (1/10) que genera profundidad.,Bajo,Muy Baja,Profundo;Neutro;Elegante;Sobrio
50RB 66/066,Lila Precioso,Cálido,7,2,Gris cálido,Minimalista;Nórdico;Japandi;Rústico;Mediterráneo,Living;Comedor;Cocina;Dormitorio;Pasillo,Blanco;Madera clara;Beige,Negro mate;Grafito;Azul profundo,Gris cálido cálido de luminosidad alto (7/10) y saturación muy baja (2/10) que aporta amplitud visual.,Alto,Muy Baja,Luminoso;Amplio;Cálido;Acogedor
42RB 53/176,Lila Primaveral,Frío,6,3,Azulado,Contemporáneo,Dormitorio;Pasillo,Blanco;Gris claro;Negro mate,Blanco;Crema;Terracota;Mostaza,Azulado frío de luminosidad medio (6/10) y saturación baja (3/10) que equilibra el espacio.,Medio,Baja,Suave;Frío;Sereno;Sobrio
70RB 23/203,Lila Profundo,Cálido,3,2,Gris cálido,Dramático,Living,Blanco;Madera clara;Beige;Blanco roto,Blanco;Crema;Azul profundo,Gris cálido cálido de luminosidad bajo (3/10) y saturación muy baja (2/10) que genera profundidad.,Bajo,Muy Baja,Profundo;Cálido;Acogedor;Sobrio
69BB 23/271,Lila Reluciente,Frío,3,4,Azulado,Industrial;Contemporáneo;Dramático,Baño;Home office,Blanco;Gris claro;Negro mate;Blanco roto,Blanco;Crema;Terracota;Mostaza,Azulado frío de luminosidad bajo (3/10) y saturación baja (4/10) que genera profundidad.,Bajo,Baja,Profundo;Frío;Sereno;Natural
90RB 83/026,Lirio de Mar Rosa,Cálido,8,2,Marfil,Minimalista;Nórdico;Japandi;Rústico;Mediterráneo,Living;Comedor;Cocina;Dormitorio;Pasillo,Blanco;Madera clara;Beige,Negro mate;Grafito;Azul profundo,Marfil cálido de luminosidad alto (8/10) y saturación muy baja (2/10) que aporta amplitud visual.,Alto,Muy Baja,Luminoso;Amplio;Cálido;Acogedor
88RB 37/328,Lirio Rosa,Cálido,4,4,Piedra,Contemporáneo,Living,Blanco;Madera clara;Beige;Blanco roto,Blanco;Crema;Azul profundo,Piedra cálido de luminosidad bajo (4/10) y saturación baja (4/10) que equilibra el espacio.,Bajo,Baja,Suave;Cálido;Acogedor;Natural
04RB 71/082,Lluvia de Amatistas,Frío,7,3,Azulado,Minimalista;Nórdico;Japandi,Living;Comedor;Cocina;Dormitorio;Pasillo,Blanco;Gris claro;Negro mate,Negro mate;Grafito;Terracota;Mostaza,Azulado frío de luminosidad alto (7/10) y saturación baja (3/10) que aporta amplitud visual.,Alto,Baja,Luminoso;Amplio;Frío;Sereno
10RR 13/081,Lluvia de Mercurio,Cálido,2,2,Gris cálido,Dramático,Living,Blanco;Madera clara;Beige;Blanco roto,Blanco;Crema;Azul profundo,Gris cálido cálido de luminosidad muy bajo (2/10) y saturación muy baja (2/10) que genera profundidad.,Muy Bajo,Muy Baja,Profundo;Cálido;Acogedor;Sobrio
10RR 65/023,Lluvia Silenciosa,Neutro,7,2,Gris frío,Minimalista;Nórdico;Japandi,Living;Comedor;Cocina;Dormitorio;Pasillo,Blanco;Madera clara;Negro mate,Negro mate;Grafito;Verde oliva,Gris frío neutro de luminosidad alto (7/10) y saturación muy baja (2/10) que aporta amplitud visual.,Alto,Muy Baja,Luminoso;Amplio;Neutro;Elegante
70BB 44/144,Magia de Hadas,Frío,5,3,Azulado,Industrial;Contemporáneo,Dormitorio;Pasillo;Baño;Home office,Blanco;Gris claro;Negro mate,Blanco;Crema;Terracota;Mostaza,Azulado frío de luminosidad medio (5/10) y saturación baja (3/10) que equilibra el espacio.,Medio,Baja,Suave;Frío;Sereno;Sobrio
03RB 42/220,Magia de Noche,Frío,5,4,Azulado,Industrial;Contemporáneo,Dormitorio;Pasillo;Baño;Home office,Blanco;Gris claro;Negro mate,Blanco;Crema;Terracota;Mostaza,Azulado frío de luminosidad medio (5/10) y saturación baja (4/10) que equilibra el espacio.,Medio,Baja,Suave;Frío;Sereno;Natural
92BB 07/350,Majestad *,Frío,1,5,Azulado,Industrial;Contemporáneo;Dramático,Baño;Home office,Blanco;Gris claro;Negro mate;Blanco roto,Blanco;Crema;Terracota;Mostaza,Azulado frío de luminosidad muy bajo (1/10) y saturación media (5/10) que genera profundidad.,Muy Bajo,Media,Profundo;Frío;Sereno;Natural
17RB 57/141,Malva de Carnaval,Frío,6,3,Azulado,Contemporáneo,Living;Dormitorio;Comedor;Cocina;Baño;Pasillo;Home office;Cuarto de niños,Blanco;Gris claro;Negro mate,Blanco;Crema;Terracota;Mostaza,Azulado frío de luminosidad medio (6/10) y saturación baja (3/10) que equilibra el espacio.,Medio,Baja,Suave;Frío;Sereno;Sobrio
67RB 75/030,Malva Galáctico,Cálido,8,2,Marfil,Minimalista;Nórdico;Japandi;Rústico;Mediterráneo,Living;Comedor;Cocina;Dormitorio;Pasillo,Blanco;Madera clara;Beige,Negro mate;Grafito;Azul profundo,Marfil cálido de luminosidad alto (8/10) y saturación muy baja (2/10) que aporta amplitud visual.,Alto,Muy Baja,Luminoso;Amplio;Cálido;Acogedor
70RB 50/062,Malva Plateada,Neutro,5,2,Gris frío,Contemporáneo,Dormitorio;Pasillo,Blanco;Madera clara;Negro mate,Blanco;Crema;Verde oliva,Gris frío neutro de luminosidad medio (5/10) y saturación muy baja (2/10) que equilibra el espacio.,Medio,Muy Baja,Suave;Neutro;Elegante;Sobrio
30RB 35/166,Manto Real,Frío,4,2,Gris frío,Industrial;Contemporáneo,Baño;Home office,Blanco;Gris claro;Negro mate;Blanco roto,Blanco;Crema;Terracota;Mostaza,Gris frío frío de luminosidad bajo (4/10) y saturación muy baja (2/10) que equilibra el espacio.,Bajo,Muy Baja,Suave;Frío;Sereno;Sobrio
24RB 66/037,Mañana Violeta,Neutro,7,2,Gris frío,Minimalista;Nórdico;Japandi,Living;Dormitorio;Comedor;Cocina;Baño;Pasillo;Home office;Cuarto de niños,Blanco;Madera clara;Negro mate,Negro mate;Grafito;Verde oliva,Gris frío neutro de luminosidad alto (7/10) y saturación muy baja (2/10) que aporta amplitud visual.,Alto,Muy Baja,Luminoso;Amplio;Neutro;Elegante
10RB 47/036,Mar Cósmico,Neutro,5,1,Piedra,Contemporáneo,Dormitorio;Pasillo,Blanco;Madera clara;Negro mate,Blanco;Crema;Verde oliva,Piedra neutro de luminosidad medio (5/10) y saturación muy baja (1/10) que equilibra el espacio.,Medio,Muy Baja,Suave;Neutro;Elegante;Sobrio
10RB 08/125,Meditación Púrpura,Frío,2,2,Azulado,Industrial;Contemporáneo;Dramático,Baño;Home office,Blanco;Gris claro;Negro mate;Blanco roto,Blanco;Crema;Terracota;Mostaza,Azulado frío de luminosidad muy bajo (2/10) y saturación muy baja (2/10) que genera profundidad.,Muy Bajo,Muy Baja,Profundo;Frío;Sereno;Sobrio
30RB 73/027,Melodía Dulce,Neutro,7,1,Hueso,Minimalista;Nórdico;Japandi,Living;Comedor;Cocina;Dormitorio;Pasillo,Blanco;Madera clara;Negro mate,Negro mate;Grafito;Verde oliva,Hueso neutro de luminosidad alto (7/10) y saturación muy baja (1/10) que aporta amplitud visual.,Alto,Muy Baja,Luminoso;Amplio;Neutro;Elegante
90RB 16/244,Merlot,Cálido,2,3,Piedra,Dramático,Living,Blanco;Madera clara;Beige;Blanco roto,Blanco;Crema;Azul profundo,Piedra cálido de luminosidad muy bajo (2/10) y saturación baja (3/10) que genera profundidad.,Muy Bajo,Baja,Profundo;Cálido;Acogedor;Sobrio
16RB 38/235,Mezcla Púrpura,Frío,4,4,Azulado,Industrial;Contemporáneo,Living;Dormitorio;Comedor;Cocina;Baño;Pasillo;Home office;Cuarto de niños,Blanco;Gris claro;Negro mate;Blanco roto,Blanco;Crema;Terracota;Mostaza,Azulado frío de luminosidad bajo (4/10) y saturación baja (4/10) que equilibra el espacio.,Bajo,Baja,Suave;Frío;Sereno;Natural
70RB 83/017,Mirada de Ángel,Neutro,8,2,Marfil,Minimalista;Nórdico;Japandi,Living;Comedor;Cocina;Dormitorio;Pasillo,Blanco;Madera clara;Negro mate,Negro mate;Grafito;Verde oliva,Marfil neutro de luminosidad alto (8/10) y saturación muy baja (2/10) que aporta amplitud visual.,Alto,Muy Baja,Luminoso;Amplio;Neutro;Elegante
10RR 24/061,Mousse de Uva,Neutro,3,1,Grafito,Dramático,Living,Blanco;Madera clara;Negro mate;Blanco roto,Blanco;Crema;Verde oliva,Grafito neutro de luminosidad bajo (3/10) y saturación muy baja (1/10) que genera profundidad.,Bajo,Muy Baja,Profundo;Neutro;Elegante;Sobrio
50RB 20/091,Musgo Púrpura,Neutro,3,2,Gris frío,Dramático,Living,Blanco;Madera clara;Negro mate;Blanco roto,Blanco;Crema;Verde oliva,Gris frío neutro de luminosidad bajo (3/10) y saturación muy baja (2/10) que genera profundidad.,Bajo,Muy Baja,Profundo;Neutro;Elegante;Sobrio
50RB 09/156,Neblina Púrpura,Frío,2,2,Gris frío,Industrial;Contemporáneo;Dramático,Baño;Home office,Blanco;Gris claro;Negro mate;Blanco roto,Blanco;Crema;Terracota;Mostaza,Gris frío frío de luminosidad muy bajo (2/10) y saturación muy baja (2/10) que genera profundidad.,Muy Bajo,Muy Baja,Profundo;Frío;Sereno;Sobrio
30RB 74/038,Nieve Lila,Neutro,8,2,Gris frío,Minimalista;Nórdico;Japandi,Living;Comedor;Cocina;Dormitorio;Pasillo,Blanco;Madera clara;Negro mate,Negro mate;Grafito;Verde oliva,Gris frío neutro de luminosidad alto (8/10) y saturación muy baja (2/10) que aporta amplitud visual.,Alto,Muy Baja,Luminoso;Amplio;Neutro;Elegante
80BB 08/225,Noche de Truenos,Frío,1,4,Azulado,Industrial;Contemporáneo;Dramático,Baño;Home office,Blanco;Gris claro;Negro mate;Blanco roto,Blanco;Crema;Terracota;Mostaza,Azulado frío de luminosidad muy bajo (1/10) y saturación baja (4/10) que genera profundidad.,Muy Bajo,Baja,Profundo;Frío;Sereno;Natural
30RB 50/072,Noche Plateada,Frío,5,2,Gris frío,Industrial;Contemporáneo,Dormitorio;Pasillo;Baño;Home office,Blanco;Gris claro;Negro mate,Blanco;Crema;Terracota;Mostaza,Gris frío frío de luminosidad medio (5/10) y saturación muy baja (2/10) que equilibra el espacio.,Medio,Muy Baja,Suave;Frío;Sereno;Sobrio
70RB 11/196,Nostalgia,Cálido,2,2,Gris cálido,Dramático,Living,Blanco;Madera clara;Beige;Blanco roto,Blanco;Crema;Azul profundo,Gris cálido cálido de luminosidad muy bajo (2/10) y saturación muy baja (2/10) que genera profundidad.,Muy Bajo,Muy Baja,Profundo;Cálido;Acogedor;Sobrio
90BB 53/129,Notable,Frío,6,3,Azulado,Contemporáneo,Dormitorio;Pasillo,Blanco;Gris claro;Negro mate,Blanco;Crema;Terracota;Mostaza,Azulado frío de luminosidad medio (6/10) y saturación baja (3/10) que equilibra el espacio.,Medio,Baja,Suave;Frío;Sereno;Sobrio
90BB 22/247,Novillo,Frío,3,3,Azulado,Industrial;Contemporáneo;Dramático,Baño;Home office,Blanco;Gris claro;Negro mate;Blanco roto,Blanco;Crema;Terracota;Mostaza,Azulado frío de luminosidad bajo (3/10) y saturación baja (3/10) que genera profundidad.,Bajo,Baja,Profundo;Frío;Sereno;Sobrio
30RB 68/084,Nubes Púrpuras,Frío,7,3,Azulado,Minimalista;Nórdico;Japandi,Living;Comedor;Cocina;Dormitorio;Pasillo,Blanco;Gris claro;Negro mate,Negro mate;Grafito;Terracota;Mostaza,Azulado frío de luminosidad alto (7/10) y saturación baja (3/10) que aporta amplitud visual.,Alto,Baja,Luminoso;Amplio;Frío;Sereno
10RB 28/055,Ópera,Neutro,3,1,Grafito,Dramático,Living,Blanco;Madera clara;Negro mate;Blanco roto,Blanco;Crema;Verde oliva,Grafito neutro de luminosidad bajo (3/10) y saturación muy baja (1/10) que genera profundidad.,Bajo,Muy Baja,Profundo;Neutro;Elegante;Sobrio
90BB 36/188,Orquídea Pura,Frío,4,3,Azulado,Industrial;Contemporáneo,Baño;Home office,Blanco;Gris claro;Negro mate;Blanco roto,Blanco;Crema;Terracota;Mostaza,Azulado frío de luminosidad bajo (4/10) y saturación baja (3/10) que equilibra el espacio.,Bajo,Baja,Suave;Frío;Sereno;Sobrio
76RB 67/048,Orquídea Vigorosa,Cálido,7,2,Gris cálido,Minimalista;Nórdico;Japandi;Rústico;Mediterráneo,Living;Comedor;Cocina;Dormitorio;Pasillo,Blanco;Madera clara;Beige,Negro mate;Grafito;Azul profundo,Gris cálido cálido de luminosidad alto (7/10) y saturación muy baja (2/10) que aporta amplitud visual.,Alto,Muy Baja,Luminoso;Amplio;Cálido;Acogedor
30RB 17/202,Orquídea Violeta,Frío,2,2,Gris frío,Industrial;Contemporáneo;Dramático,Baño;Home office,Blanco;Gris claro;Negro mate;Blanco roto,Blanco;Crema;Terracota;Mostaza,Gris frío frío de luminosidad muy bajo (2/10) y saturación muy baja (2/10) que genera profundidad.,Muy Bajo,Muy Baja,Profundo;Frío;Sereno;Sobrio
11RR 43/050,Otoño Brumoso,Neutro,5,2,Gris frío,Contemporáneo,Living;Dormitorio;Comedor;Cocina;Baño;Pasillo;Home office;Cuarto de niños,Blanco;Madera clara;Negro mate,Blanco;Crema;Verde oliva,Gris frío neutro de luminosidad medio (5/10) y saturación muy baja (2/10) que equilibra el espacio.,Medio,Muy Baja,Suave;Neutro;Elegante;Sobrio
16RB 13/349,Palacio Persa,Frío,2,3,Azulado,Industrial;Contemporáneo;Dramático,Living;Dormitorio;Comedor;Cocina;Baño;Pasillo;Home office;Cuarto de niños,Blanco;Gris claro;Negro mate;Blanco roto,Blanco;Crema;Terracota;Mostaza,Azulado frío de luminosidad muy bajo (2/10) y saturación baja (3/10) que genera profundidad.,Muy Bajo,Baja,Profundo;Frío;Sereno;Sobrio
50RB 13/107,Pasa de Uva,Frío,2,2,Gris frío,Industrial;Contemporáneo;Dramático,Baño;Home office,Blanco;Gris claro;Negro mate;Blanco roto,Blanco;Crema;Terracota;Mostaza,Gris frío frío de luminosidad muy bajo (2/10) y saturación muy baja (2/10) que genera profundidad.,Muy Bajo,Muy Baja,Profundo;Frío;Sereno;Sobrio
50RB 34/153,Pasaje del Viñedo,Cálido,4,2,Gris cálido,Contemporáneo,Living,Blanco;Madera clara;Beige;Blanco roto,Blanco;Crema;Azul profundo,Gris cálido cálido de luminosidad bajo (4/10) y saturación muy baja (2/10) que equilibra el espacio.,Bajo,Muy Baja,Suave;Cálido;Acogedor;Sobrio
50RR 06/057,Pasas al Ron,Cálido,1,2,Gris cálido,Dramático,Living,Blanco;Madera clara;Beige;Blanco roto,Blanco;Crema;Azul profundo,Gris cálido cálido de luminosidad muy bajo (1/10) y saturación muy baja (2/10) que genera profundidad.,Muy Bajo,Muy Baja,Profundo;Cálido;Acogedor;Sobrio
50RB 10/219,Pasas Californianas,Frío,2,3,Azulado,Industrial;Contemporáneo;Dramático,Baño;Home office,Blanco;Gris claro;Negro mate;Blanco roto,Blanco;Crema;Terracota;Mostaza,Azulado frío de luminosidad muy bajo (2/10) y saturación baja (3/10) que genera profundidad.,Muy Bajo,Baja,Profundo;Frío;Sereno;Sobrio
41RB 24/309,Pasión Púrpura,Frío,3,3,Azulado,Industrial;Contemporáneo;Dramático,Baño;Home office,Blanco;Gris claro;Negro mate;Blanco roto,Blanco;Crema;Terracota;Mostaza,Azulado frío de luminosidad bajo (3/10) y saturación baja (3/10) que genera profundidad.,Bajo,Baja,Profundo;Frío;Sereno;Sobrio
70RB 31/090,Paz Nocturna,Neutro,4,2,Gris frío,Contemporáneo,Living,Blanco;Madera clara;Negro mate;Blanco roto,Blanco;Crema;Verde oliva,Gris frío neutro de luminosidad bajo (4/10) y saturación muy baja (2/10) que equilibra el espacio.,Bajo,Muy Baja,Suave;Neutro;Elegante;Sobrio
90RB 75/051,Perfume Lila,Cálido,8,2,Gris cálido,Minimalista;Nórdico;Japandi;Rústico;Mediterráneo,Living;Comedor;Cocina;Dormitorio;Pasillo,Blanco;Madera clara;Beige,Negro mate;Grafito;Azul profundo,Gris cálido cálido de luminosidad alto (8/10) y saturación muy baja (2/10) que aporta amplitud visual.,Alto,Muy Baja,Luminoso;Amplio;Cálido;Acogedor
70RB 65/044,Pico Sereno,Neutro,7,2,Gris frío,Minimalista;Nórdico;Japandi,Living;Comedor;Cocina;Dormitorio;Pasillo,Blanco;Madera clara;Negro mate,Negro mate;Grafito;Verde oliva,Gris frío neutro de luminosidad alto (7/10) y saturación muy baja (2/10) que aporta amplitud visual.,Alto,Muy Baja,Luminoso;Amplio;Neutro;Elegante
90BB 19/165,Piedra Exótica,Frío,3,2,Azulado,Industrial;Contemporáneo;Dramático,Baño;Home office,Blanco;Gris claro;Negro mate;Blanco roto,Blanco;Crema;Terracota;Mostaza,Azulado frío de luminosidad bajo (3/10) y saturación muy baja (2/10) que genera profundidad.,Bajo,Muy Baja,Profundo;Frío;Sereno;Sobrio
15RB 28/271,Pimpollo de Berenjena,Frío,3,3,Azulado,Industrial;Contemporáneo;Dramático,Living;Dormitorio;Comedor;Cocina;Baño;Pasillo;Home office;Cuarto de niños,Blanco;Gris claro;Negro mate;Blanco roto,Blanco;Crema;Terracota;Mostaza,Azulado frío de luminosidad bajo (3/10) y saturación baja (3/10) que genera profundidad.,Bajo,Baja,Profundo;Frío;Sereno;Sobrio
10RB 17/122,Pinot Noir,Frío,2,2,Azulado,Industrial;Contemporáneo;Dramático,Baño;Home office,Blanco;Gris claro;Negro mate;Blanco roto,Blanco;Crema;Terracota;Mostaza,Azulado frío de luminosidad muy bajo (2/10) y saturación muy baja (2/10) que genera profundidad.,Muy Bajo,Muy Baja,Profundo;Frío;Sereno;Sobrio
90RB 68/085,Poesía Lírica,Cálido,7,3,Piedra,Minimalista;Nórdico;Japandi;Rústico;Mediterráneo,Living;Comedor;Cocina;Dormitorio;Pasillo,Blanco;Madera clara;Beige,Negro mate;Grafito;Azul profundo,Piedra cálido de luminosidad alto (7/10) y saturación baja (3/10) que aporta amplitud visual.,Alto,Baja,Luminoso;Amplio;Cálido;Acogedor
74BB 58/090,Poeta Invernal,Frío,6,3,Azulado,Contemporáneo,Dormitorio;Pasillo,Blanco;Gris claro;Negro mate,Blanco;Crema;Terracota;Mostaza,Azulado frío de luminosidad medio (6/10) y saturación baja (3/10) que equilibra el espacio.,Medio,Baja,Suave;Frío;Sereno;Sobrio
10RB 73/024,Polvo de Diamantes,Neutro,7,1,Hueso,Minimalista;Nórdico;Japandi,Living;Comedor;Cocina;Dormitorio;Pasillo,Blanco;Madera clara;Negro mate,Negro mate;Grafito;Verde oliva,Hueso neutro de luminosidad alto (7/10) y saturación muy baja (1/10) que aporta amplitud visual.,Alto,Muy Baja,Luminoso;Amplio;Neutro;Elegante
90RB 69/096,Popurrí,Cálido,7,3,Piedra,Minimalista;Nórdico;Japandi;Rústico;Mediterráneo,Living;Comedor;Cocina;Dormitorio;Pasillo,Blanco;Madera clara;Beige,Negro mate;Grafito;Azul profundo,Piedra cálido de luminosidad alto (7/10) y saturación baja (3/10) que aporta amplitud visual.,Alto,Baja,Luminoso;Amplio;Cálido;Acogedor
70RR 55/044,Por Siempre Tuya,Cálido,6,2,Gris cálido,Rústico;Mediterráneo,Dormitorio;Pasillo,Blanco;Madera clara;Beige,Blanco;Crema;Azul profundo,Gris cálido cálido de luminosidad medio (6/10) y saturación muy baja (2/10) que equilibra el espacio.,Medio,Muy Baja,Suave;Cálido;Acogedor;Sobrio
40RB 43/233,Primavera Lila,Frío,5,3,Azulado,Industrial;Contemporáneo,Dormitorio;Pasillo;Baño;Home office,Blanco;Gris claro;Negro mate,Blanco;Crema;Terracota;Mostaza,Azulado frío de luminosidad medio (5/10) y saturación baja (3/10) que equilibra el espacio.,Medio,Baja,Suave;Frío;Sereno;Sobrio
90BB 34/167,Princesa Púrpura,Frío,4,3,Azulado,Industrial;Contemporáneo,Baño;Home office,Blanco;Gris claro;Negro mate;Blanco roto,Blanco;Crema;Terracota;Mostaza,Azulado frío de luminosidad bajo (4/10) y saturación baja (3/10) que equilibra el espacio.,Bajo,Baja,Suave;Frío;Sereno;Sobrio
15RB 07/237,Púrpura de Windsor,Frío,1,3,Azulado,Industrial;Contemporáneo;Dramático,Living;Dormitorio;Comedor;Cocina;Baño;Pasillo;Home office;Cuarto de niños,Blanco;Gris claro;Negro mate;Blanco roto,Blanco;Crema;Terracota;Mostaza,Azulado frío de luminosidad muy bajo (1/10) y saturación baja (3/10) que genera profundidad.,Muy Bajo,Baja,Profundo;Frío;Sereno;Sobrio
38RB 15/086,Púrpura del Pacífico,Neutro,2,2,Gris frío,Dramático,Living;Dormitorio;Comedor;Cocina;Baño;Pasillo;Home office;Cuarto de niños,Blanco;Madera clara;Negro mate;Blanco roto,Blanco;Crema;Verde oliva,Gris frío neutro de luminosidad muy bajo (2/10) y saturación muy baja (2/10) que genera profundidad.,Muy Bajo,Muy Baja,Profundo;Neutro;Elegante;Sobrio
05RB 32/259,Púrpura Especial,Frío,4,3,Azulado,Industrial;Contemporáneo,Baño;Home office,Blanco;Gris claro;Negro mate;Blanco roto,Blanco;Crema;Terracota;Mostaza,Azulado frío de luminosidad bajo (4/10) y saturación baja (3/10) que equilibra el espacio.,Bajo,Baja,Suave;Frío;Sereno;Sobrio
70RB 16/220,Púrpura Marroquina,Cálido,2,2,Gris cálido,Dramático,Living,Blanco;Madera clara;Beige;Blanco roto,Blanco;Crema;Azul profundo,Gris cálido cálido de luminosidad muy bajo (2/10) y saturación muy baja (2/10) que genera profundidad.,Muy Bajo,Muy Baja,Profundo;Cálido;Acogedor;Sobrio
10RB 74/038,Púrpura Místico,Neutro,8,2,Gris frío,Minimalista;Nórdico;Japandi,Living;Comedor;Cocina;Dormitorio;Pasillo,Blanco;Madera clara;Negro mate,Negro mate;Grafito;Verde oliva,Gris frío neutro de luminosidad alto (8/10) y saturación muy baja (2/10) que aporta amplitud visual.,Alto,Muy Baja,Luminoso;Amplio;Neutro;Elegante
30RB 26/224,Púrpura Orgulloso,Frío,3,3,Azulado,Industrial;Contemporáneo;Dramático,Baño;Home office,Blanco;Gris claro;Negro mate;Blanco roto,Blanco;Crema;Terracota;Mostaza,Azulado frío de luminosidad bajo (3/10) y saturación baja (3/10) que genera profundidad.,Bajo,Baja,Profundo;Frío;Sereno;Sobrio
30RB 36/187,Púrpura Parisino,Frío,4,3,Azulado,Industrial;Contemporáneo,Baño;Home office,Blanco;Gris claro;Negro mate;Blanco roto,Blanco;Crema;Terracota;Mostaza,Azulado frío de luminosidad bajo (4/10) y saturación baja (3/10) que equilibra el espacio.,Bajo,Baja,Suave;Frío;Sereno;Sobrio
50RB 09/087,Púrpura Romano,Neutro,2,2,Gris frío,Dramático,Living,Blanco;Madera clara;Negro mate;Blanco roto,Blanco;Crema;Verde oliva,Gris frío neutro de luminosidad muy bajo (2/10) y saturación muy baja (2/10) que genera profundidad.,Muy Bajo,Muy Baja,Profundo;Neutro;Elegante;Sobrio
83BB 27/352,Rebelión Real,Frío,3,5,Azulado,Industrial;Contemporáneo;Dramático,Living;Dormitorio;Comedor;Cocina;Baño;Pasillo;Home office;Cuarto de niños,Blanco;Gris claro;Negro mate;Blanco roto,Blanco;Crema;Terracota;Mostaza,Azulado frío de luminosidad bajo (3/10) y saturación media (5/10) que genera profundidad.,Bajo,Media,Profundo;Frío;Sereno;Natural
70RB 18/117,Reflejo de Amatista,Neutro,3,2,Gris frío,Dramático,Living,Blanco;Madera clara;Negro mate;Blanco roto,Blanco;Crema;Verde oliva,Gris frío neutro de luminosidad bajo (3/10) y saturación muy baja (2/10) que genera profundidad.,Bajo,Muy Baja,Profundo;Neutro;Elegante;Sobrio
70RB 83/021,Renovación,Cálido,8,2,Marfil,Minimalista;Nórdico;Japandi;Rústico;Mediterráneo,Living;Comedor;Cocina;Dormitorio;Pasillo,Blanco;Madera clara;Beige,Negro mate;Grafito;Azul profundo,Marfil cálido de luminosidad alto (8/10) y saturación muy baja (2/10) que aporta amplitud visual.,Alto,Muy Baja,Luminoso;Amplio;Cálido;Acogedor
50RB 35/067,Reposo,Neutro,4,2,Grafito,Contemporáneo,Living,Blanco;Madera clara;Negro mate;Blanco roto,Blanco;Crema;Verde oliva,Grafito neutro de luminosidad bajo (4/10) y saturación muy baja (2/10) que equilibra el espacio.,Bajo,Muy Baja,Suave;Neutro;Elegante;Sobrio
86BB 15/237,Retoño de Ciruela,Frío,2,3,Azulado,Industrial;Contemporáneo;Dramático,Baño;Home office,Blanco;Gris claro;Negro mate;Blanco roto,Blanco;Crema;Terracota;Mostaza,Azulado frío de luminosidad muy bajo (2/10) y saturación baja (3/10) que genera profundidad.,Muy Bajo,Baja,Profundo;Frío;Sereno;Sobrio
26RR 73/037,Rocío Matinal,Cálido,7,2,Gris cálido,Minimalista;Nórdico;Japandi;Rústico;Mediterráneo,Living;Dormitorio;Comedor;Cocina;Baño;Pasillo;Home office;Cuarto de niños,Blanco;Madera clara;Beige,Negro mate;Grafito;Azul profundo,Gris cálido cálido de luminosidad alto (7/10) y saturación muy baja (2/10) que aporta amplitud visual.,Alto,Muy Baja,Luminoso;Amplio;Cálido;Acogedor
97RB 77/086,Rosa Bebé,Cálido,8,4,Piedra,Minimalista;Nórdico;Japandi;Rústico;Mediterráneo,Living;Comedor;Cocina;Dormitorio;Pasillo,Blanco;Madera clara;Beige,Negro mate;Grafito;Azul profundo,Piedra cálido de luminosidad alto (8/10) y saturación baja (4/10) que aporta amplitud visual.,Alto,Baja,Luminoso;Amplio;Cálido;Acogedor
90RB 63/129,Rosa Leyenda,Cálido,7,3,Piedra,Minimalista;Nórdico;Japandi;Rústico;Mediterráneo,Living;Comedor;Cocina;Dormitorio;Pasillo,Blanco;Madera clara;Beige,Negro mate;Grafito;Azul profundo,Piedra cálido de luminosidad alto (7/10) y saturación baja (3/10) que aporta amplitud visual.,Alto,Baja,Luminoso;Amplio;Cálido;Acogedor
85RB 53/237,Rosa Tecno,Cálido,6,5,Piedra,Rústico;Mediterráneo,Dormitorio;Pasillo;Comedor;Living,Blanco;Madera clara;Beige,Blanco;Crema;Azul profundo,Piedra cálido de luminosidad medio (6/10) y saturación media (5/10) que equilibra el espacio.,Medio,Media,Suave;Cálido;Acogedor;Natural
94RB 60/214,Rosado Fuerte,Cálido,6,5,Piedra,Rústico;Mediterráneo,Dormitorio;Pasillo;Comedor;Living,Blanco;Madera clara;Beige,Blanco;Crema;Azul profundo,Piedra cálido de luminosidad medio (6/10) y saturación media (5/10) que equilibra el espacio.,Medio,Media,Suave;Cálido;Acogedor;Natural
86RB 47/274,Rosas Híbridas,Cálido,5,4,Piedra,Rústico;Mediterráneo,Dormitorio;Pasillo,Blanco;Madera clara;Beige,Blanco;Crema;Azul profundo,Piedra cálido de luminosidad medio (5/10) y saturación baja (4/10) que equilibra el espacio.,Medio,Baja,Suave;Cálido;Acogedor;Natural
93RB 27/376,Rosita,Cálido,3,4,Piedra,Dramático,Living,Blanco;Madera clara;Beige;Blanco roto,Blanco;Crema;Azul profundo,Piedra cálido de luminosidad bajo (3/10) y saturación baja (4/10) que genera profundidad.,Bajo,Baja,Profundo;Cálido;Acogedor;Natural
70RB 83/026,Sales de Rosas,Cálido,8,2,Marfil,Minimalista;Nórdico;Japandi;Rústico;Mediterráneo,Living;Comedor;Cocina;Dormitorio;Pasillo,Blanco;Madera clara;Beige,Negro mate;Grafito;Azul profundo,Marfil cálido de luminosidad alto (8/10) y saturación muy baja (2/10) que aporta amplitud visual.,Alto,Muy Baja,Luminoso;Amplio;Cálido;Acogedor
10RB 17/210,Secreto Violeta,Frío,2,2,Azulado,Industrial;Contemporáneo;Dramático,Baño;Home office,Blanco;Gris claro;Negro mate;Blanco roto,Blanco;Crema;Terracota;Mostaza,Azulado frío de luminosidad muy bajo (2/10) y saturación muy baja (2/10) que genera profundidad.,Muy Bajo,Muy Baja,Profundo;Frío;Sereno;Sobrio
83BB 61/071,Sensación Lavanda,Frío,6,2,Azulado,Contemporáneo,Living;Dormitorio;Comedor;Cocina;Baño;Pasillo;Home office;Cuarto de niños,Blanco;Gris claro;Negro mate,Blanco;Crema;Terracota;Mostaza,Azulado frío de luminosidad medio (6/10) y saturación muy baja (2/10) que equilibra el espacio.,Medio,Muy Baja,Suave;Frío;Sereno;Sobrio
83BB 71/082,Sensación Violeta,Frío,7,3,Azulado,Minimalista;Nórdico;Japandi,Living;Dormitorio;Comedor;Cocina;Baño;Pasillo;Home office;Cuarto de niños,Blanco;Gris claro;Negro mate,Negro mate;Grafito;Terracota;Mostaza,Azulado frío de luminosidad alto (7/10) y saturación baja (3/10) que aporta amplitud visual.,Alto,Baja,Luminoso;Amplio;Frío;Sereno
50RB 52/107,Sensualidad,Cálido,6,2,Gris cálido,Rústico;Mediterráneo,Dormitorio;Pasillo,Blanco;Madera clara;Beige,Blanco;Crema;Azul profundo,Gris cálido cálido de luminosidad medio (6/10) y saturación muy baja (2/10) que equilibra el espacio.,Medio,Muy Baja,Suave;Cálido;Acogedor;Sobrio
30RB 16/144,Serenata Española,Frío,2,2,Gris frío,Industrial;Contemporáneo;Dramático,Baño;Home office,Blanco;Gris claro;Negro mate;Blanco roto,Blanco;Crema;Terracota;Mostaza,Gris frío frío de luminosidad muy bajo (2/10) y saturación muy baja (2/10) que genera profundidad.,Muy Bajo,Muy Baja,Profundo;Frío;Sereno;Sobrio
15RB 66/112,Sonrisa Púrpura,Frío,7,3,Azulado,Minimalista;Nórdico;Japandi,Living;Dormitorio;Comedor;Cocina;Baño;Pasillo;Home office;Cuarto de niños,Blanco;Gris claro;Negro mate,Negro mate;Grafito;Terracota;Mostaza,Azulado frío de luminosidad alto (7/10) y saturación baja (3/10) que aporta amplitud visual.,Alto,Baja,Luminoso;Amplio;Frío;Sereno
12RB 18/337,Sueño de Amatista,Frío,2,3,Azulado,Industrial;Contemporáneo;Dramático,Baño;Home office,Blanco;Gris claro;Negro mate;Blanco roto,Blanco;Crema;Terracota;Mostaza,Azulado frío de luminosidad muy bajo (2/10) y saturación baja (3/10) que genera profundidad.,Muy Bajo,Baja,Profundo;Frío;Sereno;Sobrio
50RB 73/024,Sueño de Lilas,Neutro,7,2,Hueso,Minimalista;Nórdico;Japandi,Living;Comedor;Cocina;Dormitorio;Pasillo,Blanco;Madera clara;Negro mate,Negro mate;Grafito;Verde oliva,Hueso neutro de luminosidad alto (7/10) y saturación muy baja (2/10) que aporta amplitud visual.,Alto,Muy Baja,Luminoso;Amplio;Neutro;Elegante
82RB 53/154,Sueño Rosado,Cálido,6,3,Piedra,Rústico;Mediterráneo,Dormitorio;Pasillo,Blanco;Madera clara;Beige,Blanco;Crema;Azul profundo,Piedra cálido de luminosidad medio (6/10) y saturación baja (3/10) que equilibra el espacio.,Medio,Baja,Suave;Cálido;Acogedor;Sobrio
23RB 76/036,Susurro de Brezos,Frío,8,2,Marfil,Minimalista;Nórdico;Japandi,Living;Dormitorio;Comedor;Cocina;Baño;Pasillo;Home office;Cuarto de niños,Blanco;Gris claro;Negro mate,Negro mate;Grafito;Terracota;Mostaza,Marfil frío de luminosidad alto (8/10) y saturación muy baja (2/10) que aporta amplitud visual.,Alto,Muy Baja,Luminoso;Amplio;Frío;Sereno
10RR 08/100,Tapiz Renacentista,Cálido,2,2,Gris cálido,Dramático,Living,Blanco;Madera clara;Beige;Blanco roto,Blanco;Crema;Azul profundo,Gris cálido cálido de luminosidad muy bajo (2/10) y saturación muy baja (2/10) que genera profundidad.,Muy Bajo,Muy Baja,Profundo;Cálido;Acogedor;Sobrio
39BB 81/032,Temporada de Nieve,Frío,8,3,Marfil,Minimalista;Nórdico;Japandi,Living;Comedor;Cocina;Dormitorio;Pasillo,Blanco;Gris claro;Negro mate,Negro mate;Grafito;Terracota;Mostaza,Marfil frío de luminosidad alto (8/10) y saturación baja (3/10) que aporta amplitud visual.,Alto,Baja,Luminoso;Amplio;Frío;Sereno
83BB 07/202,Tesoro del Rey,Frío,1,4,Azulado,Industrial;Contemporáneo;Dramático,Baño;Home office,Blanco;Gris claro;Negro mate;Blanco roto,Blanco;Crema;Terracota;Mostaza,Azulado frío de luminosidad muy bajo (1/10) y saturación baja (4/10) que genera profundidad.,Muy Bajo,Baja,Profundo;Frío;Sereno;Natural
90RB 37/175,Tierra de Sueños,Cálido,4,3,Piedra,Contemporáneo,Living,Blanco;Madera clara;Beige;Blanco roto,Blanco;Crema;Azul profundo,Piedra cálido de luminosidad bajo (4/10) y saturación baja (3/10) que equilibra el espacio.,Bajo,Baja,Suave;Cálido;Acogedor;Sobrio
89BB 55/122,Toque de Amatista,Frío,6,3,Azulado,Contemporáneo,Living;Dormitorio;Comedor;Cocina;Baño;Pasillo;Home office;Cuarto de niños,Blanco;Gris claro;Negro mate,Blanco;Crema;Terracota;Mostaza,Azulado frío de luminosidad medio (6/10) y saturación baja (3/10) que equilibra el espacio.,Medio,Baja,Suave;Frío;Sereno;Sobrio
40RR 57/045,Toque de Armonía,Cálido,6,2,Gris cálido,Rústico;Mediterráneo,Living;Dormitorio;Comedor;Cocina;Baño;Pasillo;Home office;Cuarto de niños,Blanco;Madera clara;Beige,Blanco;Crema;Azul profundo,Gris cálido cálido de luminosidad medio (6/10) y saturación muy baja (2/10) que equilibra el espacio.,Medio,Muy Baja,Suave;Cálido;Acogedor;Sobrio
90BB 62/139,Toque de Lila,Frío,6,4,Azulado,Contemporáneo,Dormitorio;Pasillo,Blanco;Gris claro;Negro mate,Blanco;Crema;Terracota;Mostaza,Azulado frío de luminosidad medio (6/10) y saturación baja (4/10) que equilibra el espacio.,Medio,Baja,Suave;Frío;Sereno;Natural
16RB 73/058,Toque de Pensamiento,Frío,7,2,Gris frío,Minimalista;Nórdico;Japandi,Living;Dormitorio;Comedor;Cocina;Baño;Pasillo;Home office;Cuarto de niños,Blanco;Gris claro;Negro mate,Negro mate;Grafito;Terracota;Mostaza,Gris frío frío de luminosidad alto (7/10) y saturación muy baja (2/10) que aporta amplitud visual.,Alto,Muy Baja,Luminoso;Amplio;Frío;Sereno
90BB 59/097,Toque de Púrpura,Frío,6,3,Azulado,Contemporáneo,Dormitorio;Pasillo,Blanco;Gris claro;Negro mate,Blanco;Crema;Terracota;Mostaza,Azulado frío de luminosidad medio (6/10) y saturación baja (3/10) que equilibra el espacio.,Medio,Baja,Suave;Frío;Sereno;Sobrio
10RB 68/081,Toque de Violeta,Frío,7,3,Gris frío,Minimalista;Nórdico;Japandi,Living;Comedor;Cocina;Dormitorio;Pasillo,Blanco;Gris claro;Negro mate,Negro mate;Grafito;Terracota;Mostaza,Gris frío frío de luminosidad alto (7/10) y saturación baja (3/10) que aporta amplitud visual.,Alto,Baja,Luminoso;Amplio;Frío;Sereno
10RR 75/039,Toque Floral,Cálido,8,3,Marfil,Minimalista;Nórdico;Japandi;Rústico;Mediterráneo,Living;Comedor;Cocina;Dormitorio;Pasillo,Blanco;Madera clara;Beige,Negro mate;Grafito;Azul profundo,Marfil cálido de luminosidad alto (8/10) y saturación baja (3/10) que aporta amplitud visual.,Alto,Baja,Luminoso;Amplio;Cálido;Acogedor
53RB 76/067,Toque Vesperal,Cálido,8,2,Marfil,Minimalista;Nórdico;Japandi;Rústico;Mediterráneo,Living;Comedor;Cocina;Dormitorio;Pasillo,Blanco;Madera clara;Beige,Negro mate;Grafito;Azul profundo,Marfil cálido de luminosidad alto (8/10) y saturación muy baja (2/10) que aporta amplitud visual.,Alto,Muy Baja,Luminoso;Amplio;Cálido;Acogedor
81BB 29/221,Toque Violeta,Frío,3,3,Azulado,Industrial;Contemporáneo;Dramático,Baño;Home office,Blanco;Gris claro;Negro mate;Blanco roto,Blanco;Crema;Terracota;Mostaza,Azulado frío de luminosidad bajo (3/10) y saturación baja (3/10) que genera profundidad.,Bajo,Baja,Profundo;Frío;Sereno;Sobrio
90BB 14/242,Torbellino de Mármol,Frío,2,3,Azulado,Industrial;Contemporáneo;Dramático,Baño;Home office,Blanco;Gris claro;Negro mate;Blanco roto,Blanco;Crema;Terracota;Mostaza,Azulado frío de luminosidad muy bajo (2/10) y saturación baja (3/10) que genera profundidad.,Muy Bajo,Baja,Profundo;Frío;Sereno;Sobrio
07RB 07/079,Torta Selva Negra,Frío,1,2,Azulado,Industrial;Contemporáneo;Dramático,Living;Dormitorio;Comedor;Cocina;Baño;Pasillo;Home office;Cuarto de niños,Blanco;Gris claro;Negro mate;Blanco roto,Blanco;Crema;Terracota;Mostaza,Azulado frío de luminosidad muy bajo (1/10) y saturación muy baja (2/10) que genera profundidad.,Muy Bajo,Muy Baja,Profundo;Frío;Sereno;Sobrio
30RB 07/107,Tulipán Negro,Frío,2,2,Gris frío,Industrial;Contemporáneo;Dramático,Living;Dormitorio;Comedor;Cocina;Baño;Pasillo;Home office;Cuarto de niños,Blanco;Gris claro;Negro mate;Blanco roto,Blanco;Crema;Terracota;Mostaza,Gris frío frío de luminosidad muy bajo (2/10) y saturación muy baja (2/10) que genera profundidad.,Muy Bajo,Muy Baja,Profundo;Frío;Sereno;Sobrio
30RB 19/261,Uva Imperial,Frío,3,3,Gris frío,Industrial;Contemporáneo;Dramático,Baño;Home office,Blanco;Gris claro;Negro mate;Blanco roto,Blanco;Crema;Terracota;Mostaza,Gris frío frío de luminosidad bajo (3/10) y saturación baja (3/10) que genera profundidad.,Bajo,Baja,Profundo;Frío;Sereno;Sobrio
30RB 53/117,Uva Suave,Frío,6,3,Gris frío,Contemporáneo,Dormitorio;Pasillo,Blanco;Gris claro;Negro mate,Blanco;Crema;Terracota;Mostaza,Gris frío frío de luminosidad medio (6/10) y saturación baja (3/10) que equilibra el espacio.,Medio,Baja,Suave;Frío;Sereno;Sobrio
90BB 46/132,Varita Mágica,Frío,5,3,Azulado,Industrial;Contemporáneo,Dormitorio;Pasillo;Baño;Home office,Blanco;Gris claro;Negro mate,Blanco;Crema;Terracota;Mostaza,Azulado frío de luminosidad medio (5/10) y saturación baja (3/10) que equilibra el espacio.,Medio,Baja,Suave;Frío;Sereno;Sobrio
50RB 69/097,Vergel Artístico,Cálido,7,3,Gris cálido,Minimalista;Nórdico;Japandi;Rústico;Mediterráneo,Living;Comedor;Cocina;Dormitorio;Pasillo,Blanco;Madera clara;Beige,Negro mate;Grafito;Azul profundo,Gris cálido cálido de luminosidad alto (7/10) y saturación baja (3/10) que aporta amplitud visual.,Alto,Baja,Luminoso;Amplio;Cálido;Acogedor
50RB 48/051,Vergel Violeta,Neutro,5,1,Piedra,Contemporáneo,Dormitorio;Pasillo,Blanco;Madera clara;Negro mate,Blanco;Crema;Verde oliva,Piedra neutro de luminosidad medio (5/10) y saturación muy baja (1/10) que equilibra el espacio.,Medio,Muy Baja,Suave;Neutro;Elegante;Sobrio
18RB 08/286,Victoria,Frío,2,3,Azulado,Industrial;Contemporáneo;Dramático,Baño;Home office,Blanco;Gris claro;Negro mate;Blanco roto,Blanco;Crema;Terracota;Mostaza,Azulado frío de luminosidad muy bajo (2/10) y saturación baja (3/10) que genera profundidad.,Muy Bajo,Baja,Profundo;Frío;Sereno;Sobrio
90BB 32/126,Violeta Antiguo,Frío,4,2,Azulado,Industrial;Contemporáneo,Baño;Home office,Blanco;Gris claro;Negro mate;Blanco roto,Blanco;Crema;Terracota;Mostaza,Azulado frío de luminosidad bajo (4/10) y saturación muy baja (2/10) que equilibra el espacio.,Bajo,Muy Baja,Suave;Frío;Sereno;Sobrio
42RB 63/137,Violeta Clásico,Frío,6,3,Azulado,Contemporáneo,Dormitorio;Pasillo,Blanco;Gris claro;Negro mate,Blanco;Crema;Terracota;Mostaza,Azulado frío de luminosidad medio (6/10) y saturación baja (3/10) que equilibra el espacio.,Medio,Baja,Suave;Frío;Sereno;Sobrio
10RB 21/218,Violeta Escocés,Frío,3,2,Azulado,Industrial;Contemporáneo;Dramático,Baño;Home office,Blanco;Gris claro;Negro mate;Blanco roto,Blanco;Crema;Terracota;Mostaza,Azulado frío de luminosidad bajo (3/10) y saturación muy baja (2/10) que genera profundidad.,Bajo,Muy Baja,Profundo;Frío;Sereno;Sobrio
13RB 32/077,Violeta Fantástica,Neutro,4,2,Gris frío,Contemporáneo,Living;Dormitorio;Comedor;Cocina;Baño;Pasillo;Home office;Cuarto de niños,Blanco;Madera clara;Negro mate;Blanco roto,Blanco;Crema;Verde oliva,Gris frío neutro de luminosidad bajo (4/10) y saturación muy baja (2/10) que equilibra el espacio.,Bajo,Muy Baja,Suave;Neutro;Elegante;Sobrio
46RB 06/074,Violeta Galaxia,Frío,1,2,Gris frío,Industrial;Contemporáneo;Dramático,Baño;Home office,Blanco;Gris claro;Negro mate;Blanco roto,Blanco;Crema;Terracota;Mostaza,Gris frío frío de luminosidad muy bajo (1/10) y saturación muy baja (2/10) que genera profundidad.,Muy Bajo,Muy Baja,Profundo;Frío;Sereno;Sobrio
10RR 41/042,Violeta Misteriosa,Neutro,5,1,Piedra,Contemporáneo,Dormitorio;Pasillo,Blanco;Madera clara;Negro mate,Blanco;Crema;Verde oliva,Piedra neutro de luminosidad medio (5/10) y saturación muy baja (1/10) que equilibra el espacio.,Medio,Muy Baja,Suave;Neutro;Elegante;Sobrio
43RB 07/249,Violeta Natural,Frío,2,3,Azulado,Industrial;Contemporáneo;Dramático,Baño;Home office,Blanco;Gris claro;Negro mate;Blanco roto,Blanco;Crema;Terracota;Mostaza,Azulado frío de luminosidad muy bajo (2/10) y saturación baja (3/10) que genera profundidad.,Muy Bajo,Baja,Profundo;Frío;Sereno;Sobrio
23RB 11/349,Violeta Palacio,Frío,2,3,Azulado,Industrial;Contemporáneo;Dramático,Baño;Home office,Blanco;Gris claro;Negro mate;Blanco roto,Blanco;Crema;Terracota;Mostaza,Azulado frío de luminosidad muy bajo (2/10) y saturación baja (3/10) que genera profundidad.,Muy Bajo,Baja,Profundo;Frío;Sereno;Sobrio
30RB 65/051,Violeta Perfumada,Frío,7,2,Gris frío,Minimalista;Nórdico;Japandi,Living;Comedor;Cocina;Dormitorio;Pasillo,Blanco;Gris claro;Negro mate,Negro mate;Grafito;Terracota;Mostaza,Gris frío frío de luminosidad alto (7/10) y saturación muy baja (2/10) que aporta amplitud visual.,Alto,Muy Baja,Luminoso;Amplio;Frío;Sereno
30RB 10/214,Violeta Preciosa,Frío,2,3,Azulado,Industrial;Contemporáneo;Dramático,Baño;Home office,Blanco;Gris claro;Negro mate;Blanco roto,Blanco;Crema;Terracota;Mostaza,Azulado frío de luminosidad muy bajo (2/10) y saturación baja (3/10) que genera profundidad.,Muy Bajo,Baja,Profundo;Frío;Sereno;Sobrio
64RB 55/192,Violeta Veneciano,Cálido,6,4,Piedra,Rústico;Mediterráneo,Dormitorio;Pasillo,Blanco;Madera clara;Beige,Blanco;Crema;Azul profundo,Piedra cálido de luminosidad medio (6/10) y saturación baja (4/10) que equilibra el espacio.,Medio,Baja,Suave;Cálido;Acogedor;Natural
64RB 37/284,Violeta Verona,Cálido,4,3,Piedra,Contemporáneo,Living,Blanco;Madera clara;Beige;Blanco roto,Blanco;Crema;Azul profundo,Piedra cálido de luminosidad bajo (4/10) y saturación baja (3/10) que equilibra el espacio.,Bajo,Baja,Suave;Cálido;Acogedor;Sobrio
88BB 11/331,Violeta Victoriano *,Frío,2,4,Azulado,Industrial;Contemporáneo;Dramático,Baño;Home office,Blanco;Gris claro;Negro mate;Blanco roto,Blanco;Crema;Terracota;Mostaza,Azulado frío de luminosidad muy bajo (2/10) y saturación baja (4/10) que genera profundidad.,Muy Bajo,Baja,Profundo;Frío;Sereno;Natural
10RB 65/042,Violeta Vogue,Neutro,7,2,Hueso,Minimalista;Nórdico;Japandi,Living;Comedor;Cocina;Dormitorio;Pasillo,Blanco;Madera clara;Negro mate,Negro mate;Grafito;Verde oliva,Hueso neutro de luminosidad alto (7/10) y saturación muy baja (2/10) que aporta amplitud visual.,Alto,Muy Baja,Luminoso;Amplio;Neutro;Elegante
15RB 27/316,Vívida Lavanda,Frío,3,4,Azulado,Industrial;Contemporáneo;Dramático,Baño;Home office,Blanco;Gris claro;Negro mate;Blanco roto,Blanco;Crema;Terracota;Mostaza,Azulado frío de luminosidad bajo (3/10) y saturación baja (4/10) que genera profundidad.,Bajo,Baja,Profundo;Frío;Sereno;Natural
10RB 11/250,Xanadu,Frío,2,3,Azulado,Industrial;Contemporáneo;Dramático,Baño;Home office,Blanco;Gris claro;Negro mate;Blanco roto,Blanco;Crema;Terracota;Mostaza,Azulado frío de luminosidad muy bajo (2/10) y saturación baja (3/10) que genera profundidad.,Muy Bajo,Baja,Profundo;Frío;Sereno;Sobrio
91BB 07/263,Zona del Crepúsculo,Frío,1,4,Azulado,Industrial;Contemporáneo;Dramático,Baño;Home office,Blanco;Gris claro;Negro mate;Blanco roto,Blanco;Crema;Terracota;Mostaza,Azulado frío de luminosidad muy bajo (1/10) y saturación baja (4/10) que genera profundidad.,Muy Bajo,Baja,Profundo;Frío;Sereno;Natural
,Aceite De Mostaza,Cálido,4,5,Terracota,Contemporáneo,Comedor;Living,Blanco;Madera clara;Beige;Blanco roto,Blanco;Crema;Azul profundo,Terracota cálido de luminosidad bajo (4/10) y saturación media (5/10) que equilibra el espacio.,Bajo,Media,Suave;Cálido;Acogedor;Natural
,Alga Verde,Cálido,3,4,Terracota,Dramático,Living,Blanco;Madera clara;Beige;Blanco roto,Blanco;Crema;Azul profundo,Terracota cálido de luminosidad bajo (3/10) y saturación baja (4/10) que genera profundidad.,Bajo,Baja,Profundo;Cálido;Acogedor;Natural
,Amarillo Fueguino,Cálido,6,9,Arena,Pop;Maximalista,Comedor;Living,Blanco;Madera clara;Beige;Neutros,Blanco;Crema;Azul profundo,Arena cálido de luminosidad medio (6/10) y saturación muy alta (9/10) que equilibra el espacio.,Medio,Muy Alta,Suave;Cálido;Acogedor;Alegre
,Amarillo Latino,Cálido,6,9,Arena,Pop;Maximalista,Comedor;Living,Blanco;Madera clara;Beige;Neutros,Blanco;Crema;Azul profundo,Arena cálido de luminosidad medio (6/10) y saturación muy alta (9/10) que equilibra el espacio.,Medio,Muy Alta,Suave;Cálido;Acogedor;Alegre
,Beige Urbano,Cálido,7,5,Arena,Rústico;Mediterráneo,Living;Comedor;Cocina;Dormitorio;Pasillo,Blanco;Madera clara;Beige,Negro mate;Grafito;Azul profundo,Arena cálido de luminosidad alto (7/10) y saturación media (5/10) que aporta amplitud visual.,Alto,Media,Luminoso;Amplio;Cálido;Acogedor
,Blanco Lana,Cálido,7,5,Arena,Rústico;Mediterráneo,Living;Comedor;Cocina;Dormitorio;Pasillo,Blanco;Madera clara;Beige,Negro mate;Grafito;Azul profundo,Arena cálido de luminosidad alto (7/10) y saturación media (5/10) que aporta amplitud visual.,Alto,Media,Luminoso;Amplio;Cálido;Acogedor
,Brote de Caña,Cálido,6,7,Terracota,Pop;Maximalista,Comedor;Living,Blanco;Madera clara;Beige;Neutros,Blanco;Crema;Azul profundo,Terracota cálido de luminosidad medio (6/10) y saturación alta (7/10) que equilibra el espacio.,Medio,Alta,Suave;Cálido;Acogedor;Alegre
,Brote De Caña,Cálido,6,7,Terracota,Pop;Maximalista,Comedor;Living,Blanco;Madera clara;Beige;Neutros,Blanco;Crema;Azul profundo,Terracota cálido de luminosidad medio (6/10) y saturación alta (7/10) que equilibra el espacio.,Medio,Alta,Suave;Cálido;Acogedor;Alegre
,Curry Dorado,Cálido,5,7,Terracota,Pop;Maximalista,Comedor;Living,Blanco;Madera clara;Beige;Neutros,Blanco;Crema;Azul profundo,Terracota cálido de luminosidad medio (5/10) y saturación alta (7/10) que equilibra el espacio.,Medio,Alta,Suave;Cálido;Acogedor;Alegre
,Explosión Cítrica,Cálido,6,7,Arena,Pop;Maximalista,Comedor;Living,Blanco;Madera clara;Beige;Neutros,Blanco;Crema;Azul profundo,Arena cálido de luminosidad medio (6/10) y saturación alta (7/10) que equilibra el espacio.,Medio,Alta,Suave;Cálido;Acogedor;Alegre
,Gris Cemento Duralba,Cálido,3,2,Gris cálido,Dramático,Living,Blanco;Madera clara;Beige;Blanco roto,Blanco;Crema;Azul profundo,Gris cálido cálido de luminosidad bajo (3/10) y saturación muy baja (2/10) que genera profundidad.,Bajo,Muy Baja,Profundo;Cálido;Acogedor;Sobrio
,Litoral Marítimo,Cálido,8,5,Arena,Rústico;Mediterráneo,Living;Comedor;Cocina;Dormitorio;Pasillo,Blanco;Madera clara;Beige,Negro mate;Grafito;Azul profundo,Arena cálido de luminosidad alto (8/10) y saturación media (5/10) que aporta amplitud visual.,Alto,Media,Luminoso;Amplio;Cálido;Acogedor
,Mañana Urbana,Cálido,8,4,Arena,Minimalista;Nórdico;Japandi;Rústico;Mediterráneo,Living;Comedor;Cocina;Dormitorio;Pasillo,Blanco;Madera clara;Beige,Negro mate;Grafito;Azul profundo,Arena cálido de luminosidad alto (8/10) y saturación baja (4/10) que aporta amplitud visual.,Alto,Baja,Luminoso;Amplio;Cálido;Acogedor
,Marfil Albalux,Cálido,6,6,Arena,Rústico;Mediterráneo,Comedor;Living,Blanco;Madera clara;Beige;Neutros,Blanco;Crema;Azul profundo,Arena cálido de luminosidad medio (6/10) y saturación media (6/10) que equilibra el espacio.,Medio,Media,Suave;Cálido;Acogedor;Natural
,Marfil Seda Esm Std,Cálido,7,7,Arena,Pop;Maximalista,Living;Comedor;Cocina,Blanco;Madera clara;Beige;Neutros,Negro mate;Grafito;Azul profundo,Arena cálido de luminosidad alto (7/10) y saturación alta (7/10) que aporta amplitud visual.,Alto,Alta,Luminoso;Amplio;Cálido;Acogedor
,Pimienta Del Reino,Cálido,4,4,Arena,Contemporáneo,Living,Blanco;Madera clara;Beige;Blanco roto,Blanco;Crema;Azul profundo,Arena cálido de luminosidad bajo (4/10) y saturación baja (4/10) que equilibra el espacio.,Bajo,Baja,Suave;Cálido;Acogedor;Natural
,Verde Escocés,Cálido,5,6,Arena,Rústico;Mediterráneo,Comedor;Living,Blanco;Madera clara;Beige;Neutros,Blanco;Crema;Azul profundo,Arena cálido de luminosidad medio (5/10) y saturación media (6/10) que equilibra el espacio.,Medio,Media,Suave;Cálido;Acogedor;Natural
,Verde Escocés,Cálido,5,6,Arena,Rústico;Mediterráneo,Comedor;Living,Blanco;Madera clara;Beige;Neutros,Blanco;Crema;Azul profundo,Arena cálido de luminosidad medio (5/10) y saturación media (6/10) que equilibra el espacio.,Medio,Media,Suave;Cálido;Acogedor;Natural
,Verde Toscana,Cálido,6,5,Arena,Rústico;Mediterráneo,Dormitorio;Pasillo;Comedor;Living,Blanco;Madera clara;Beige,Blanco;Crema;Azul profundo,Arena cálido de luminosidad medio (6/10) y saturación media (5/10) que equilibra el espacio.,Medio,Media,Suave;Cálido;Acogedor;Natural
,Azul Bahamas,Frío,2,7,Azulado,Industrial;Contemporáneo;Pop;Maximalista;Dramático,Baño;Home office,Blanco;Gris claro;Negro mate;Blanco roto;Neutros,Blanco;Crema;Terracota;Mostaza,Azulado frío de luminosidad muy bajo (2/10) y saturación alta (7/10) que genera profundidad.,Muy Bajo,Alta,Profundo;Frío;Sereno;Alegre
,Azul Fénix,Frío,5,3,Azulado,Industrial;Contemporáneo,Dormitorio;Pasillo;Baño;Home office,Blanco;Gris claro;Negro mate,Blanco;Crema;Terracota;Mostaza,Azulado frío de luminosidad medio (5/10) y saturación baja (3/10) que equilibra el espacio.,Medio,Baja,Suave;Frío;Sereno;Sobrio
,Azul Glaciar,Frío,2,8,Azulado,Industrial;Contemporáneo;Pop;Maximalista;Dramático,Baño;Home office,Blanco;Gris claro;Negro mate;Blanco roto;Neutros,Blanco;Crema;Terracota;Mostaza,Azulado frío de luminosidad muy bajo (2/10) y saturación alta (8/10) que genera profundidad.,Muy Bajo,Alta,Profundo;Frío;Sereno;Alegre
,Azul Informal,Frío,4,5,Azulado,Industrial;Contemporáneo,Baño;Home office,Blanco;Gris claro;Negro mate;Blanco roto,Blanco;Crema;Terracota;Mostaza,Azulado frío de luminosidad bajo (4/10) y saturación media (5/10) que equilibra el espacio.,Bajo,Media,Suave;Frío;Sereno;Natural
,Azul Marino Albalux,Frío,1,6,Azulado,Industrial;Contemporáneo;Dramático,Baño;Home office,Blanco;Gris claro;Negro mate;Blanco roto;Neutros,Blanco;Crema;Terracota;Mostaza,Azulado frío de luminosidad muy bajo (1/10) y saturación media (6/10) que genera profundidad.,Muy Bajo,Media,Profundo;Frío;Sereno;Natural
,Azul Marino Esm Std,Frío,1,7,Azulado,Industrial;Contemporáneo;Pop;Maximalista;Dramático,Baño;Home office,Blanco;Gris claro;Negro mate;Blanco roto;Neutros,Blanco;Crema;Terracota;Mostaza,Azulado frío de luminosidad muy bajo (1/10) y saturación alta (7/10) que genera profundidad.,Muy Bajo,Alta,Profundo;Frío;Sereno;Alegre
,Azul Marino Vibrante,Frío,2,4,Azulado,Industrial;Contemporáneo;Dramático,Baño;Home office,Blanco;Gris claro;Negro mate;Blanco roto,Blanco;Crema;Terracota;Mostaza,Azulado frío de luminosidad muy bajo (2/10) y saturación baja (4/10) que genera profundidad.,Muy Bajo,Baja,Profundo;Frío;Sereno;Natural
,Azul Marino Vibrante,Frío,2,4,Azulado,Industrial;Contemporáneo;Dramático,Baño;Home office,Blanco;Gris claro;Negro mate;Blanco roto,Blanco;Crema;Terracota;Mostaza,Azulado frío de luminosidad muy bajo (2/10) y saturación baja (4/10) que genera profundidad.,Muy Bajo,Baja,Profundo;Frío;Sereno;Natural
,Azul Marino Vibrante*,Frío,2,4,Azulado,Industrial;Contemporáneo;Dramático,Baño;Home office,Blanco;Gris claro;Negro mate;Blanco roto,Blanco;Crema;Terracota;Mostaza,Azulado frío de luminosidad muy bajo (2/10) y saturación baja (4/10) que genera profundidad.,Muy Bajo,Baja,Profundo;Frío;Sereno;Natural
,Azul Pisos,Frío,2,10,Azulado,Industrial;Contemporáneo;Pop;Maximalista;Dramático,Baño;Home office,Blanco;Gris claro;Negro mate;Blanco roto;Neutros,Blanco;Crema;Terracota;Mostaza,Azulado frío de luminosidad muy bajo (2/10) y saturación muy alta (10/10) que genera profundidad.,Muy Bajo,Muy Alta,Profundo;Frío;Sereno;Alegre
,Azul Puro,Frío,2,10,Azulado,Industrial;Contemporáneo;Pop;Maximalista;Dramático,Baño;Home office,Blanco;Gris claro;Negro mate;Blanco roto;Neutros,Blanco;Crema;Terracota;Mostaza,Azulado frío de luminosidad muy bajo (2/10) y saturación muy alta (10/10) que genera profundidad.,Muy Bajo,Muy Alta,Profundo;Frío;Sereno;Alegre
,Azul Traful Duralba,Frío,2,5,Azulado,Industrial;Contemporáneo;Dramático,Baño;Home office,Blanco;Gris claro;Negro mate;Blanco roto,Blanco;Crema;Terracota;Mostaza,Azulado frío de luminosidad muy bajo (2/10) y saturación media (5/10) que genera profundidad.,Muy Bajo,Media,Profundo;Frío;Sereno;Natural
,Azulejo Esm Std,Frío,2,10,Azulado,Industrial;Contemporáneo;Pop;Maximalista;Dramático,Baño;Home office,Blanco;Gris claro;Negro mate;Blanco roto;Neutros,Blanco;Crema;Terracota;Mostaza,Azulado frío de luminosidad muy bajo (2/10) y saturación muy alta (10/10) que genera profundidad.,Muy Bajo,Muy Alta,Profundo;Frío;Sereno;Alegre
,Blueberry,Frío,4,3,Azulado,Industrial;Contemporáneo,Baño;Home office,Blanco;Gris claro;Negro mate;Blanco roto,Blanco;Crema;Terracota;Mostaza,Azulado frío de luminosidad bajo (4/10) y saturación baja (3/10) que equilibra el espacio.,Bajo,Baja,Suave;Frío;Sereno;Sobrio
,Caramelo de Arándano,Frío,4,4,Azulado,Industrial;Contemporáneo,Baño;Home office,Blanco;Gris claro;Negro mate;Blanco roto,Blanco;Crema;Terracota;Mostaza,Azulado frío de luminosidad bajo (4/10) y saturación baja (4/10) que equilibra el espacio.,Bajo,Baja,Suave;Frío;Sereno;Natural
,Casual Jeans,Frío,6,2,Azulado,Contemporáneo,Dormitorio;Pasillo,Blanco;Gris claro;Negro mate,Blanco;Crema;Terracota;Mostaza,Azulado frío de luminosidad medio (6/10) y saturación muy baja (2/10) que equilibra el espacio.,Medio,Muy Baja,Suave;Frío;Sereno;Sobrio
,Celeste Piletas Acrilico,Frío,4,7,Azulado,Industrial;Contemporáneo;Pop;Maximalista,Baño;Home office,Blanco;Gris claro;Negro mate;Blanco roto;Neutros,Blanco;Crema;Terracota;Mostaza,Azulado frío de luminosidad bajo (4/10) y saturación alta (7/10) que equilibra el espacio.,Bajo,Alta,Suave;Frío;Sereno;Alegre
,Celeste Profundo Piletas Acrilico,Frío,3,10,Azulado,Industrial;Contemporáneo;Pop;Maximalista;Dramático,Baño;Home office,Blanco;Gris claro;Negro mate;Blanco roto;Neutros,Blanco;Crema;Terracota;Mostaza,Azulado frío de luminosidad bajo (3/10) y saturación muy alta (10/10) que genera profundidad.,Bajo,Muy Alta,Profundo;Frío;Sereno;Alegre
,Celeste Profundo Piletas Caucho Clorado,Frío,3,10,Azulado,Industrial;Contemporáneo;Pop;Maximalista;Dramático,Baño;Home office,Blanco;Gris claro;Negro mate;Blanco roto;Neutros,Blanco;Crema;Terracota;Mostaza,Azulado frío de luminosidad bajo (3/10) y saturación muy alta (10/10) que genera profundidad.,Bajo,Muy Alta,Profundo;Frío;Sereno;Alegre
,Coulis de Arándano,Frío,6,4,Azulado,Contemporáneo,Dormitorio;Pasillo,Blanco;Gris claro;Negro mate,Blanco;Crema;Terracota;Mostaza,Azulado frío de luminosidad medio (6/10) y saturación baja (4/10) que equilibra el espacio.,Medio,Baja,Suave;Frío;Sereno;Natural
,Coulis de Arándano,Frío,6,4,Azulado,Contemporáneo,Dormitorio;Pasillo,Blanco;Gris claro;Negro mate,Blanco;Crema;Terracota;Mostaza,Azulado frío de luminosidad medio (6/10) y saturación baja (4/10) que equilibra el espacio.,Medio,Baja,Suave;Frío;Sereno;Natural
,Coulis de Arándano,Frío,6,4,Azulado,Contemporáneo,Dormitorio;Pasillo,Blanco;Gris claro;Negro mate,Blanco;Crema;Terracota;Mostaza,Azulado frío de luminosidad medio (6/10) y saturación baja (4/10) que equilibra el espacio.,Medio,Baja,Suave;Frío;Sereno;Natural
,Fascinación,Frío,5,2,Azulado,Industrial;Contemporáneo,Dormitorio;Pasillo;Baño;Home office,Blanco;Gris claro;Negro mate,Blanco;Crema;Terracota;Mostaza,Azulado frío de luminosidad medio (5/10) y saturación muy baja (2/10) que equilibra el espacio.,Medio,Muy Baja,Suave;Frío;Sereno;Sobrio
,Frío Súbito,Frío,7,3,Azulado,Minimalista;Nórdico;Japandi,Living;Comedor;Cocina;Dormitorio;Pasillo,Blanco;Gris claro;Negro mate,Negro mate;Grafito;Terracota;Mostaza,Azulado frío de luminosidad alto (7/10) y saturación baja (3/10) que aporta amplitud visual.,Alto,Baja,Luminoso;Amplio;Frío;Sereno
,Gris Cobayo,Frío,4,3,Azulado,Industrial;Contemporáneo,Baño;Home office,Blanco;Gris claro;Negro mate;Blanco roto,Blanco;Crema;Terracota;Mostaza,Azulado frío de luminosidad bajo (4/10) y saturación baja (3/10) que equilibra el espacio.,Bajo,Baja,Suave;Frío;Sereno;Sobrio
,Índigo Profundo,Frío,1,2,Azulado,Industrial;Contemporáneo;Dramático,Baño;Home office,Blanco;Gris claro;Negro mate;Blanco roto,Blanco;Crema;Terracota;Mostaza,Azulado frío de luminosidad muy bajo (1/10) y saturación muy baja (2/10) que genera profundidad.,Muy Bajo,Muy Baja,Profundo;Frío;Sereno;Sobrio
,Índigo Profundo,Frío,1,2,Azulado,Industrial;Contemporáneo;Dramático,Baño;Home office,Blanco;Gris claro;Negro mate;Blanco roto,Blanco;Crema;Terracota;Mostaza,Azulado frío de luminosidad muy bajo (1/10) y saturación muy baja (2/10) que genera profundidad.,Muy Bajo,Muy Baja,Profundo;Frío;Sereno;Sobrio
,Mediterráneo,Frío,5,4,Azulado,Industrial;Contemporáneo,Dormitorio;Pasillo;Baño;Home office,Blanco;Gris claro;Negro mate,Blanco;Crema;Terracota;Mostaza,Azulado frío de luminosidad medio (5/10) y saturación baja (4/10) que equilibra el espacio.,Medio,Baja,Suave;Frío;Sereno;Natural
,Neptuno Profundo,Frío,2,4,Azulado,Industrial;Contemporáneo;Dramático,Baño;Home office,Blanco;Gris claro;Negro mate;Blanco roto,Blanco;Crema;Terracota;Mostaza,Azulado frío de luminosidad muy bajo (2/10) y saturación baja (4/10) que genera profundidad.,Muy Bajo,Baja,Profundo;Frío;Sereno;Natural
,Pico De Neblina,Frío,5,3,Azulado,Industrial;Contemporáneo,Dormitorio;Pasillo;Baño;Home office,Blanco;Gris claro;Negro mate,Blanco;Crema;Terracota;Mostaza,Azulado frío de luminosidad medio (5/10) y saturación baja (3/10) que equilibra el espacio.,Medio,Baja,Suave;Frío;Sereno;Sobrio
,Profundidad del Océano,Frío,1,3,Azulado,Industrial;Contemporáneo;Dramático,Baño;Home office,Blanco;Gris claro;Negro mate;Blanco roto,Blanco;Crema;Terracota;Mostaza,Azulado frío de luminosidad muy bajo (1/10) y saturación baja (3/10) que genera profundidad.,Muy Bajo,Baja,Profundo;Frío;Sereno;Sobrio
,Realidad Virtual,Frío,7,2,Azulado,Minimalista;Nórdico;Japandi,Living;Comedor;Cocina;Dormitorio;Pasillo,Blanco;Gris claro;Negro mate,Negro mate;Grafito;Terracota;Mostaza,Azulado frío de luminosidad alto (7/10) y saturación muy baja (2/10) que aporta amplitud visual.,Alto,Muy Baja,Luminoso;Amplio;Frío;Sereno
,Río de Piedra,Frío,2,3,Azulado,Industrial;Contemporáneo;Dramático,Baño;Home office,Blanco;Gris claro;Negro mate;Blanco roto,Blanco;Crema;Terracota;Mostaza,Azulado frío de luminosidad muy bajo (2/10) y saturación baja (3/10) que genera profundidad.,Muy Bajo,Baja,Profundo;Frío;Sereno;Sobrio
,Tempestad Inminente,Frío,2,3,Azulado,Industrial;Contemporáneo;Dramático,Baño;Home office,Blanco;Gris claro;Negro mate;Blanco roto,Blanco;Crema;Terracota;Mostaza,Azulado frío de luminosidad muy bajo (2/10) y saturación baja (3/10) que genera profundidad.,Muy Bajo,Baja,Profundo;Frío;Sereno;Sobrio
,Traful Albalux,Frío,3,10,Azulado,Industrial;Contemporáneo;Pop;Maximalista;Dramático,Baño;Home office,Blanco;Gris claro;Negro mate;Blanco roto;Neutros,Blanco;Crema;Terracota;Mostaza,Azulado frío de luminosidad bajo (3/10) y saturación muy alta (10/10) que genera profundidad.,Bajo,Muy Alta,Profundo;Frío;Sereno;Alegre
,Viento Suave,Frío,6,2,Azulado,Contemporáneo,Dormitorio;Pasillo,Blanco;Gris claro;Negro mate,Blanco;Crema;Terracota;Mostaza,Azulado frío de luminosidad medio (6/10) y saturación muy baja (2/10) que equilibra el espacio.,Medio,Muy Baja,Suave;Frío;Sereno;Sobrio
,Bello Brezo,Cálido,7,2,Gris cálido,Minimalista;Nórdico;Japandi;Rústico;Mediterráneo,Living;Comedor;Cocina;Dormitorio;Pasillo,Blanco;Madera clara;Beige,Negro mate;Grafito;Azul profundo,Gris cálido cálido de luminosidad alto (7/10) y saturación muy baja (2/10) que aporta amplitud visual.,Alto,Muy Baja,Luminoso;Amplio;Cálido;Acogedor
,Blanco Crudo,Neutro,9,2,Marfil,Minimalista;Nórdico;Japandi,Living;Comedor;Cocina;Dormitorio;Pasillo,Blanco;Madera clara;Negro mate,Negro mate;Grafito;Verde oliva,Marfil neutro de luminosidad muy alto (9/10) y saturación muy baja (2/10) que aporta amplitud visual.,Muy Alto,Muy Baja,Luminoso;Amplio;Neutro;Elegante
,Blanco Quirúrgico,Cálido,9,3,Marfil,Minimalista;Nórdico;Japandi;Rústico;Mediterráneo,Living;Comedor;Cocina;Dormitorio;Pasillo,Blanco;Madera clara;Beige,Negro mate;Grafito;Azul profundo,Marfil cálido de luminosidad muy alto (9/10) y saturación baja (3/10) que aporta amplitud visual.,Muy Alto,Baja,Luminoso;Amplio;Cálido;Acogedor
,Cabras Blancas,Cálido,7,2,Gris cálido,Minimalista;Nórdico;Japandi;Rústico;Mediterráneo,Living;Comedor;Cocina;Dormitorio;Pasillo,Blanco;Madera clara;Beige,Negro mate;Grafito;Azul profundo,Gris cálido cálido de luminosidad alto (7/10) y saturación muy baja (2/10) que aporta amplitud visual.,Alto,Muy Baja,Luminoso;Amplio;Cálido;Acogedor
,Caminata Invernal,Neutro,8,2,Gris frío,Minimalista;Nórdico;Japandi,Living;Comedor;Cocina;Dormitorio;Pasillo,Blanco;Madera clara;Negro mate,Negro mate;Grafito;Verde oliva,Gris frío neutro de luminosidad alto (8/10) y saturación muy baja (2/10) que aporta amplitud visual.,Alto,Muy Baja,Luminoso;Amplio;Neutro;Elegante
,Conejo Blanco,Neutro,7,2,Gris frío,Minimalista;Nórdico;Japandi,Living;Comedor;Cocina;Dormitorio;Pasillo,Blanco;Madera clara;Negro mate,Negro mate;Grafito;Verde oliva,Gris frío neutro de luminosidad alto (7/10) y saturación muy baja (2/10) que aporta amplitud visual.,Alto,Muy Baja,Luminoso;Amplio;Neutro;Elegante
,Escarcha Pura,Cálido,9,3,Marfil,Minimalista;Nórdico;Japandi;Rústico;Mediterráneo,Living;Comedor;Cocina;Dormitorio;Pasillo,Blanco;Madera clara;Beige,Negro mate;Grafito;Azul profundo,Marfil cálido de luminosidad muy alto (9/10) y saturación baja (3/10) que aporta amplitud visual.,Muy Alto,Baja,Luminoso;Amplio;Cálido;Acogedor
,Escondite Silencioso,Cálido,8,2,Marfil,Minimalista;Nórdico;Japandi;Rústico;Mediterráneo,Living;Comedor;Cocina;Dormitorio;Pasillo,Blanco;Madera clara;Beige,Negro mate;Grafito;Azul profundo,Marfil cálido de luminosidad alto (8/10) y saturación muy baja (2/10) que aporta amplitud visual.,Alto,Muy Baja,Luminoso;Amplio;Cálido;Acogedor
,Escondite Silencioso,Cálido,8,2,Marfil,Minimalista;Nórdico;Japandi;Rústico;Mediterráneo,Living;Comedor;Cocina;Dormitorio;Pasillo,Blanco;Madera clara;Beige,Negro mate;Grafito;Azul profundo,Marfil cálido de luminosidad alto (8/10) y saturación muy baja (2/10) que aporta amplitud visual.,Alto,Muy Baja,Luminoso;Amplio;Cálido;Acogedor
,Estrella Nueva,Neutro,8,2,Marfil,Minimalista;Nórdico;Japandi,Living;Comedor;Cocina;Dormitorio;Pasillo,Blanco;Madera clara;Negro mate,Negro mate;Grafito;Verde oliva,Marfil neutro de luminosidad alto (8/10) y saturación muy baja (2/10) que aporta amplitud visual.,Alto,Muy Baja,Luminoso;Amplio;Neutro;Elegante
,Gris Estupendo,Frío,8,2,Azulado,Minimalista;Nórdico;Japandi,Living;Comedor;Cocina;Dormitorio;Pasillo,Blanco;Gris claro;Negro mate,Negro mate;Grafito;Terracota;Mostaza,Azulado frío de luminosidad alto (8/10) y saturación muy baja (2/10) que aporta amplitud visual.,Alto,Muy Baja,Luminoso;Amplio;Frío;Sereno
,Gris Rocío,Cálido,9,2,Marfil,Minimalista;Nórdico;Japandi;Rústico;Mediterráneo,Living;Comedor;Cocina;Dormitorio;Pasillo,Blanco;Madera clara;Beige,Negro mate;Grafito;Azul profundo,Marfil cálido de luminosidad muy alto (9/10) y saturación muy baja (2/10) que aporta amplitud visual.,Muy Alto,Muy Baja,Luminoso;Amplio;Cálido;Acogedor
,Magnolia Cristalina,Neutro,8,1,Hueso,Minimalista;Nórdico;Japandi,Living;Comedor;Cocina;Dormitorio;Pasillo,Blanco;Madera clara;Negro mate,Negro mate;Grafito;Verde oliva,Hueso neutro de luminosidad alto (8/10) y saturación muy baja (1/10) que aporta amplitud visual.,Alto,Muy Baja,Luminoso;Amplio;Neutro;Elegante
,Porcelana,Neutro,8,2,Marfil,Minimalista;Nórdico;Japandi,Living;Comedor;Cocina;Dormitorio;Pasillo,Blanco;Madera clara;Negro mate,Negro mate;Grafito;Verde oliva,Marfil neutro de luminosidad alto (8/10) y saturación muy baja (2/10) que aporta amplitud visual.,Alto,Muy Baja,Luminoso;Amplio;Neutro;Elegante
,Vientos Calmos,Cálido,8,4,Arena,Minimalista;Nórdico;Japandi;Rústico;Mediterráneo,Living;Comedor;Cocina;Dormitorio;Pasillo,Blanco;Madera clara;Beige,Negro mate;Grafito;Azul profundo,Arena cálido de luminosidad alto (8/10) y saturación baja (4/10) que aporta amplitud visual.,Alto,Baja,Luminoso;Amplio;Cálido;Acogedor
,Amarillo Albalux,Cálido,5,10,Terracota,Pop;Maximalista,Comedor;Living,Blanco;Madera clara;Beige;Neutros,Blanco;Crema;Azul profundo,Terracota cálido de luminosidad medio (5/10) y saturación muy alta (10/10) que equilibra el espacio.,Medio,Muy Alta,Suave;Cálido;Acogedor;Alegre
,Amarillo Duralba,Cálido,6,10,Terracota,Pop;Maximalista,Comedor;Living,Blanco;Madera clara;Beige;Neutros,Blanco;Crema;Azul profundo,Terracota cálido de luminosidad medio (6/10) y saturación muy alta (10/10) que equilibra el espacio.,Medio,Muy Alta,Suave;Cálido;Acogedor;Alegre
,Amarillo Esm Std,Cálido,6,10,Terracota,Pop;Maximalista,Comedor;Living,Blanco;Madera clara;Beige;Neutros,Blanco;Crema;Azul profundo,Terracota cálido de luminosidad medio (6/10) y saturación muy alta (10/10) que equilibra el espacio.,Medio,Muy Alta,Suave;Cálido;Acogedor;Alegre
,Amarillo Mediano Albalux,Cálido,4,10,Terracota,Pop;Maximalista,Comedor;Living,Blanco;Madera clara;Beige;Blanco roto;Neutros,Blanco;Crema;Azul profundo,Terracota cálido de luminosidad bajo (4/10) y saturación muy alta (10/10) que equilibra el espacio.,Bajo,Muy Alta,Suave;Cálido;Acogedor;Alegre
,Beige Albalux,Cálido,4,3,Terracota,Contemporáneo,Living,Blanco;Madera clara;Beige;Blanco roto,Blanco;Crema;Azul profundo,Terracota cálido de luminosidad bajo (4/10) y saturación baja (3/10) que equilibra el espacio.,Bajo,Baja,Suave;Cálido;Acogedor;Sobrio
,Beige Esm Std,Cálido,4,4,Terracota,Contemporáneo,Living,Blanco;Madera clara;Beige;Blanco roto,Blanco;Crema;Azul profundo,Terracota cálido de luminosidad bajo (4/10) y saturación baja (4/10) que equilibra el espacio.,Bajo,Baja,Suave;Cálido;Acogedor;Natural
,Canarias Satinol,Cálido,6,9,Terracota,Pop;Maximalista,Comedor;Living,Blanco;Madera clara;Beige;Neutros,Blanco;Crema;Azul profundo,Terracota cálido de luminosidad medio (6/10) y saturación muy alta (9/10) que equilibra el espacio.,Medio,Muy Alta,Suave;Cálido;Acogedor;Alegre
,Crema Albalux,Cálido,5,6,Arena,Rústico;Mediterráneo,Comedor;Living,Blanco;Madera clara;Beige;Neutros,Blanco;Crema;Azul profundo,Arena cálido de luminosidad medio (5/10) y saturación media (6/10) que equilibra el espacio.,Medio,Media,Suave;Cálido;Acogedor;Natural
,Crema Esm Std,Cálido,6,7,Arena,Pop;Maximalista,Comedor;Living,Blanco;Madera clara;Beige;Neutros,Blanco;Crema;Azul profundo,Arena cálido de luminosidad medio (6/10) y saturación alta (7/10) que equilibra el espacio.,Medio,Alta,Suave;Cálido;Acogedor;Alegre
,Marfil Seda Albalux,Cálido,7,8,Arena,Pop;Maximalista,Living;Comedor;Cocina,Blanco;Madera clara;Beige;Neutros,Negro mate;Grafito;Azul profundo,Arena cálido de luminosidad alto (7/10) y saturación alta (8/10) que aporta amplitud visual.,Alto,Alta,Luminoso;Amplio;Cálido;Acogedor
,Oliva Osado,Cálido,3,5,Terracota,Dramático,Comedor;Living,Blanco;Madera clara;Beige;Blanco roto,Blanco;Crema;Azul profundo,Terracota cálido de luminosidad bajo (3/10) y saturación media (5/10) que genera profundidad.,Bajo,Media,Profundo;Cálido;Acogedor;Natural
,Oliva Osado,Cálido,3,5,Terracota,Dramático,Comedor;Living,Blanco;Madera clara;Beige;Blanco roto,Blanco;Crema;Azul profundo,Terracota cálido de luminosidad bajo (3/10) y saturación media (5/10) que genera profundidad.,Bajo,Media,Profundo;Cálido;Acogedor;Natural
,Oro Monárquico,Cálido,4,5,Terracota,Contemporáneo,Comedor;Living,Blanco;Madera clara;Beige;Blanco roto,Blanco;Crema;Azul profundo,Terracota cálido de luminosidad bajo (4/10) y saturación media (5/10) que equilibra el espacio.,Bajo,Media,Suave;Cálido;Acogedor;Natural
,Osito de Peluche,Cálido,3,4,Terracota,Dramático,Living,Blanco;Madera clara;Beige;Blanco roto,Blanco;Crema;Azul profundo,Terracota cálido de luminosidad bajo (3/10) y saturación baja (4/10) que genera profundidad.,Bajo,Baja,Profundo;Cálido;Acogedor;Natural
,Hoja de Alcaucil,Cálido,4,3,Terracota,Contemporáneo,Living,Blanco;Madera clara;Beige;Blanco roto,Blanco;Crema;Azul profundo,Terracota cálido de luminosidad bajo (4/10) y saturación baja (3/10) que equilibra el espacio.,Bajo,Baja,Suave;Cálido;Acogedor;Sobrio
,Hojas De Otoño,Cálido,2,3,Piedra,Dramático,Living,Blanco;Madera clara;Beige;Blanco roto,Blanco;Crema;Azul profundo,Piedra cálido de luminosidad muy bajo (2/10) y saturación baja (3/10) que genera profundidad.,Muy Bajo,Baja,Profundo;Cálido;Acogedor;Sobrio
,Jaspe Precioso,Cálido,4,3,Piedra,Contemporáneo,Living,Blanco;Madera clara;Beige;Blanco roto,Blanco;Crema;Azul profundo,Piedra cálido de luminosidad bajo (4/10) y saturación baja (3/10) que equilibra el espacio.,Bajo,Baja,Suave;Cálido;Acogedor;Sobrio
,Mordida de Cobra,Cálido,7,8,Piedra,Pop;Maximalista,Living;Comedor;Cocina,Blanco;Madera clara;Beige;Neutros,Negro mate;Grafito;Azul profundo,Piedra cálido de luminosidad alto (7/10) y saturación alta (8/10) que aporta amplitud visual.,Alto,Alta,Luminoso;Amplio;Cálido;Acogedor
,Sauce Joven,Cálido,7,6,Arena,Rústico;Mediterráneo,Living;Comedor;Cocina,Blanco;Madera clara;Beige;Neutros,Negro mate;Grafito;Azul profundo,Arena cálido de luminosidad alto (7/10) y saturación media (6/10) que aporta amplitud visual.,Alto,Media,Luminoso;Amplio;Cálido;Acogedor
,Silencio de Invierno,Cálido,5,4,Arena,Rústico;Mediterráneo,Dormitorio;Pasillo,Blanco;Madera clara;Beige,Blanco;Crema;Azul profundo,Arena cálido de luminosidad medio (5/10) y saturación baja (4/10) que equilibra el espacio.,Medio,Baja,Suave;Cálido;Acogedor;Natural
,Silencio de Invierno,Cálido,5,4,Arena,Rústico;Mediterráneo,Dormitorio;Pasillo,Blanco;Madera clara;Beige,Blanco;Crema;Azul profundo,Arena cálido de luminosidad medio (5/10) y saturación baja (4/10) que equilibra el espacio.,Medio,Baja,Suave;Cálido;Acogedor;Natural
,Silencio de Invierno,Cálido,5,4,Arena,Rústico;Mediterráneo,Dormitorio;Pasillo,Blanco;Madera clara;Beige,Blanco;Crema;Azul profundo,Arena cálido de luminosidad medio (5/10) y saturación baja (4/10) que equilibra el espacio.,Medio,Baja,Suave;Cálido;Acogedor;Natural
,Silencio de Invierno,Cálido,5,4,Arena,Rústico;Mediterráneo,Dormitorio;Pasillo,Blanco;Madera clara;Beige,Blanco;Crema;Azul profundo,Arena cálido de luminosidad medio (5/10) y saturación baja (4/10) que equilibra el espacio.,Medio,Baja,Suave;Cálido;Acogedor;Natural
,Silencio De Invierno,Cálido,5,4,Arena,Rústico;Mediterráneo,Dormitorio;Pasillo,Blanco;Madera clara;Beige,Blanco;Crema;Azul profundo,Arena cálido de luminosidad medio (5/10) y saturación baja (4/10) que equilibra el espacio.,Medio,Baja,Suave;Cálido;Acogedor;Natural
,Verde Musgo Duralba,Cálido,2,2,Gris cálido,Dramático,Living,Blanco;Madera clara;Beige;Blanco roto,Blanco;Crema;Azul profundo,Gris cálido cálido de luminosidad muy bajo (2/10) y saturación muy baja (2/10) que genera profundidad.,Muy Bajo,Muy Baja,Profundo;Cálido;Acogedor;Sobrio
,Árbol Otoñal,Cálido,4,5,Terracota,Contemporáneo,Comedor;Living,Blanco;Madera clara;Beige;Blanco roto,Blanco;Crema;Azul profundo,Terracota cálido de luminosidad bajo (4/10) y saturación media (5/10) que equilibra el espacio.,Bajo,Media,Suave;Cálido;Acogedor;Natural
,Caminatas Otoñales,Cálido,3,6,Terracota,Dramático,Comedor;Living,Blanco;Madera clara;Beige;Blanco roto;Neutros,Blanco;Crema;Azul profundo,Terracota cálido de luminosidad bajo (3/10) y saturación media (6/10) que genera profundidad.,Bajo,Media,Profundo;Cálido;Acogedor;Natural
,Caminatas Otoñales,Cálido,3,6,Terracota,Dramático,Comedor;Living,Blanco;Madera clara;Beige;Blanco roto;Neutros,Blanco;Crema;Azul profundo,Terracota cálido de luminosidad bajo (3/10) y saturación media (6/10) que genera profundidad.,Bajo,Media,Profundo;Cálido;Acogedor;Natural
,Cappuccino,Cálido,3,5,Terracota,Dramático,Comedor;Living,Blanco;Madera clara;Beige;Blanco roto,Blanco;Crema;Azul profundo,Terracota cálido de luminosidad bajo (3/10) y saturación media (5/10) que genera profundidad.,Bajo,Media,Profundo;Cálido;Acogedor;Natural
,Caramelo de Chocolate,Cálido,2,4,Terracota,Dramático,Living,Blanco;Madera clara;Beige;Blanco roto,Blanco;Crema;Azul profundo,Terracota cálido de luminosidad muy bajo (2/10) y saturación baja (4/10) que genera profundidad.,Muy Bajo,Baja,Profundo;Cálido;Acogedor;Natural
,Castaño Albalux,Cálido,3,5,Terracota,Dramático,Comedor;Living,Blanco;Madera clara;Beige;Blanco roto,Blanco;Crema;Azul profundo,Terracota cálido de luminosidad bajo (3/10) y saturación media (5/10) que genera profundidad.,Bajo,Media,Profundo;Cálido;Acogedor;Natural
,Chocolate Esm Std,Cálido,2,4,Terracota,Dramático,Living,Blanco;Madera clara;Beige;Blanco roto,Blanco;Crema;Azul profundo,Terracota cálido de luminosidad muy bajo (2/10) y saturación baja (4/10) que genera profundidad.,Muy Bajo,Baja,Profundo;Cálido;Acogedor;Natural
,Cobre Suave,Cálido,3,3,Terracota,Dramático,Living,Blanco;Madera clara;Beige;Blanco roto,Blanco;Crema;Azul profundo,Terracota cálido de luminosidad bajo (3/10) y saturación baja (3/10) que genera profundidad.,Bajo,Baja,Profundo;Cálido;Acogedor;Sobrio
,Cobre Suave,Cálido,3,3,Terracota,Dramático,Living,Blanco;Madera clara;Beige;Blanco roto,Blanco;Crema;Azul profundo,Terracota cálido de luminosidad bajo (3/10) y saturación baja (3/10) que genera profundidad.,Bajo,Baja,Profundo;Cálido;Acogedor;Sobrio
,Dulce Naranja,Cálido,5,9,Arena,Pop;Maximalista,Comedor;Living,Blanco;Madera clara;Beige;Neutros,Blanco;Crema;Azul profundo,Arena cálido de luminosidad medio (5/10) y saturación muy alta (9/10) que equilibra el espacio.,Medio,Muy Alta,Suave;Cálido;Acogedor;Alegre
,Extremo Sur,Cálido,3,5,Terracota,Dramático,Comedor;Living,Blanco;Madera clara;Beige;Blanco roto,Blanco;Crema;Azul profundo,Terracota cálido de luminosidad bajo (3/10) y saturación media (5/10) que genera profundidad.,Bajo,Media,Profundo;Cálido;Acogedor;Natural
,Macchiato Matutino,Cálido,3,5,Terracota,Dramático,Comedor;Living,Blanco;Madera clara;Beige;Blanco roto,Blanco;Crema;Azul profundo,Terracota cálido de luminosidad bajo (3/10) y saturación media (5/10) que genera profundidad.,Bajo,Media,Profundo;Cálido;Acogedor;Natural
,Marrón Duralba,Cálido,2,3,Terracota,Dramático,Living,Blanco;Madera clara;Beige;Blanco roto,Blanco;Crema;Azul profundo,Terracota cálido de luminosidad muy bajo (2/10) y saturación baja (3/10) que genera profundidad.,Muy Bajo,Baja,Profundo;Cálido;Acogedor;Sobrio
,Moca Suave,Cálido,4,5,Terracota,Contemporáneo,Comedor;Living,Blanco;Madera clara;Beige;Blanco roto,Blanco;Crema;Azul profundo,Terracota cálido de luminosidad bajo (4/10) y saturación media (5/10) que equilibra el espacio.,Bajo,Media,Suave;Cálido;Acogedor;Natural
,Naranja Alablux,Cálido,2,8,Terracota,Pop;Maximalista;Dramático,Comedor;Living,Blanco;Madera clara;Beige;Blanco roto;Neutros,Blanco;Crema;Azul profundo,Terracota cálido de luminosidad muy bajo (2/10) y saturación alta (8/10) que genera profundidad.,Muy Bajo,Alta,Profundo;Cálido;Acogedor;Alegre
,Naranja Cafayate,Cálido,4,7,Arena,Pop;Maximalista,Comedor;Living,Blanco;Madera clara;Beige;Blanco roto;Neutros,Blanco;Crema;Azul profundo,Arena cálido de luminosidad bajo (4/10) y saturación alta (7/10) que equilibra el espacio.,Bajo,Alta,Suave;Cálido;Acogedor;Alegre
,Naranja en Llamas *,Cálido,3,7,Terracota,Pop;Maximalista;Dramático,Comedor;Living,Blanco;Madera clara;Beige;Blanco roto;Neutros,Blanco;Crema;Azul profundo,Terracota cálido de luminosidad bajo (3/10) y saturación alta (7/10) que genera profundidad.,Bajo,Alta,Profundo;Cálido;Acogedor;Alegre
,Naranja Esm Std,Cálido,3,8,Terracota,Pop;Maximalista;Dramático,Comedor;Living,Blanco;Madera clara;Beige;Blanco roto;Neutros,Blanco;Crema;Azul profundo,Terracota cálido de luminosidad bajo (3/10) y saturación alta (8/10) que genera profundidad.,Bajo,Alta,Profundo;Cálido;Acogedor;Alegre
,Ocre Albalux,Cálido,3,7,Terracota,Pop;Maximalista;Dramático,Comedor;Living,Blanco;Madera clara;Beige;Blanco roto;Neutros,Blanco;Crema;Azul profundo,Terracota cálido de luminosidad bajo (3/10) y saturación alta (7/10) que genera profundidad.,Bajo,Alta,Profundo;Cálido;Acogedor;Alegre
,Ocre Duralba,Cálido,3,5,Terracota,Dramático,Comedor;Living,Blanco;Madera clara;Beige;Blanco roto,Blanco;Crema;Azul profundo,Terracota cálido de luminosidad bajo (3/10) y saturación media (5/10) que genera profundidad.,Bajo,Media,Profundo;Cálido;Acogedor;Natural
,Ocre Madeira Satinol,Cálido,3,5,Terracota,Dramático,Comedor;Living,Blanco;Madera clara;Beige;Blanco roto,Blanco;Crema;Azul profundo,Terracota cálido de luminosidad bajo (3/10) y saturación media (5/10) que genera profundidad.,Bajo,Media,Profundo;Cálido;Acogedor;Natural
,Siesta Relajante,Cálido,5,4,Arena,Rústico;Mediterráneo,Dormitorio;Pasillo,Blanco;Madera clara;Beige,Blanco;Crema;Azul profundo,Arena cálido de luminosidad medio (5/10) y saturación baja (4/10) que equilibra el espacio.,Medio,Baja,Suave;Cálido;Acogedor;Natural
,Silica Texturado Petreo Clear,Cálido,5,3,Arena,Rústico;Mediterráneo,Dormitorio;Pasillo,Blanco;Madera clara;Beige,Blanco;Crema;Azul profundo,Arena cálido de luminosidad medio (5/10) y saturación baja (3/10) que equilibra el espacio.,Medio,Baja,Suave;Cálido;Acogedor;Sobrio
,Sombra de Cedro,Cálido,4,5,Arena,Contemporáneo,Comedor;Living,Blanco;Madera clara;Beige;Blanco roto,Blanco;Crema;Azul profundo,Arena cálido de luminosidad bajo (4/10) y saturación media (5/10) que equilibra el espacio.,Bajo,Media,Suave;Cálido;Acogedor;Natural
,Teja Continental,Cálido,3,5,Terracota,Dramático,Comedor;Living,Blanco;Madera clara;Beige;Blanco roto,Blanco;Crema;Azul profundo,Terracota cálido de luminosidad bajo (3/10) y saturación media (5/10) que genera profundidad.,Bajo,Media,Profundo;Cálido;Acogedor;Natural
,Teja Duralba,Cálido,3,4,Terracota,Dramático,Living,Blanco;Madera clara;Beige;Blanco roto,Blanco;Crema;Azul profundo,Terracota cálido de luminosidad bajo (3/10) y saturación baja (4/10) que genera profundidad.,Bajo,Baja,Profundo;Cálido;Acogedor;Natural
,Tierra del Fuego,Cálido,4,6,Terracota,Contemporáneo,Comedor;Living,Blanco;Madera clara;Beige;Blanco roto;Neutros,Blanco;Crema;Azul profundo,Terracota cálido de luminosidad bajo (4/10) y saturación media (6/10) que equilibra el espacio.,Bajo,Media,Suave;Cálido;Acogedor;Natural
,Vasija de Arcilla,Cálido,3,4,Terracota,Dramático,Living,Blanco;Madera clara;Beige;Blanco roto,Blanco;Crema;Azul profundo,Terracota cálido de luminosidad bajo (3/10) y saturación baja (4/10) que genera profundidad.,Bajo,Baja,Profundo;Cálido;Acogedor;Natural
,Vasija de Arcilla,Cálido,3,4,Terracota,Dramático,Living,Blanco;Madera clara;Beige;Blanco roto,Blanco;Crema;Azul profundo,Terracota cálido de luminosidad bajo (3/10) y saturación baja (4/10) que genera profundidad.,Bajo,Baja,Profundo;Cálido;Acogedor;Natural
,Vicuña Albalux,Cálido,5,6,Arena,Rústico;Mediterráneo,Comedor;Living,Blanco;Madera clara;Beige;Neutros,Blanco;Crema;Azul profundo,Arena cálido de luminosidad medio (5/10) y saturación media (6/10) que equilibra el espacio.,Medio,Media,Suave;Cálido;Acogedor;Natural
,Adorno Rupestre,Cálido,3,2,Gris cálido,Dramático,Living,Blanco;Madera clara;Beige;Blanco roto,Blanco;Crema;Azul profundo,Gris cálido cálido de luminosidad bajo (3/10) y saturación muy baja (2/10) que genera profundidad.,Bajo,Muy Baja,Profundo;Cálido;Acogedor;Sobrio
,Adorno Rupestre,Cálido,3,2,Gris cálido,Dramático,Living,Blanco;Madera clara;Beige;Blanco roto,Blanco;Crema;Azul profundo,Gris cálido cálido de luminosidad bajo (3/10) y saturación muy baja (2/10) que genera profundidad.,Bajo,Muy Baja,Profundo;Cálido;Acogedor;Sobrio
,Almendra Confitada,Cálido,5,2,Gris cálido,Rústico;Mediterráneo,Dormitorio;Pasillo,Blanco;Madera clara;Beige,Blanco;Crema;Azul profundo,Gris cálido cálido de luminosidad medio (5/10) y saturación muy baja (2/10) que equilibra el espacio.,Medio,Muy Baja,Suave;Cálido;Acogedor;Sobrio
,Alpargata,Cálido,1,2,Gris cálido,Dramático,Living,Blanco;Madera clara;Beige;Blanco roto,Blanco;Crema;Azul profundo,Gris cálido cálido de luminosidad muy bajo (1/10) y saturación muy baja (2/10) que genera profundidad.,Muy Bajo,Muy Baja,Profundo;Cálido;Acogedor;Sobrio
,Anochecer Fogoso,Cálido,5,2,Gris cálido,Rústico;Mediterráneo,Dormitorio;Pasillo,Blanco;Madera clara;Beige,Blanco;Crema;Azul profundo,Gris cálido cálido de luminosidad medio (5/10) y saturación muy baja (2/10) que equilibra el espacio.,Medio,Muy Baja,Suave;Cálido;Acogedor;Sobrio
,Artilugio Gris,Neutro,2,1,Grafito,Dramático,Living,Blanco;Madera clara;Negro mate;Blanco roto,Blanco;Crema;Verde oliva,Grafito neutro de luminosidad muy bajo (2/10) y saturación muy baja (1/10) que genera profundidad.,Muy Bajo,Muy Baja,Profundo;Neutro;Elegante;Sobrio
,Barro,Cálido,3,2,Gris cálido,Dramático,Living,Blanco;Madera clara;Beige;Blanco roto,Blanco;Crema;Azul profundo,Gris cálido cálido de luminosidad bajo (3/10) y saturación muy baja (2/10) que genera profundidad.,Bajo,Muy Baja,Profundo;Cálido;Acogedor;Sobrio
,Beige Costero,Cálido,5,3,Arena,Rústico;Mediterráneo,Dormitorio;Pasillo,Blanco;Madera clara;Beige,Blanco;Crema;Azul profundo,Arena cálido de luminosidad medio (5/10) y saturación baja (3/10) que equilibra el espacio.,Medio,Baja,Suave;Cálido;Acogedor;Sobrio
,Beige Costero,Cálido,5,3,Arena,Rústico;Mediterráneo,Dormitorio;Pasillo,Blanco;Madera clara;Beige,Blanco;Crema;Azul profundo,Arena cálido de luminosidad medio (5/10) y saturación baja (3/10) que equilibra el espacio.,Medio,Baja,Suave;Cálido;Acogedor;Sobrio
,Beige Mineral,Cálido,6,4,Arena,Rústico;Mediterráneo,Dormitorio;Pasillo,Blanco;Madera clara;Beige,Blanco;Crema;Azul profundo,Arena cálido de luminosidad medio (6/10) y saturación baja (4/10) que equilibra el espacio.,Medio,Baja,Suave;Cálido;Acogedor;Natural
,Beige Osado,Cálido,7,3,Arena,Minimalista;Nórdico;Japandi;Rústico;Mediterráneo,Living;Comedor;Cocina;Dormitorio;Pasillo,Blanco;Madera clara;Beige,Negro mate;Grafito;Azul profundo,Arena cálido de luminosidad alto (7/10) y saturación baja (3/10) que aporta amplitud visual.,Alto,Baja,Luminoso;Amplio;Cálido;Acogedor
,Blanco,Cálido,9,4,Piedra,Minimalista;Nórdico;Japandi;Rústico;Mediterráneo,Living;Comedor;Cocina;Dormitorio;Pasillo,Blanco;Madera clara;Beige,Negro mate;Grafito;Azul profundo,Piedra cálido de luminosidad muy alto (9/10) y saturación baja (4/10) que aporta amplitud visual.,Muy Alto,Baja,Luminoso;Amplio;Cálido;Acogedor
,Blanco Cordel,Cálido,7,4,Arena,Minimalista;Nórdico;Japandi;Rústico;Mediterráneo,Living;Comedor;Cocina;Dormitorio;Pasillo,Blanco;Madera clara;Beige,Negro mate;Grafito;Azul profundo,Arena cálido de luminosidad alto (7/10) y saturación baja (4/10) que aporta amplitud visual.,Alto,Baja,Luminoso;Amplio;Cálido;Acogedor
,Blanco Europeo,Cálido,7,4,Arena,Minimalista;Nórdico;Japandi;Rústico;Mediterráneo,Living;Comedor;Cocina;Dormitorio;Pasillo,Blanco;Madera clara;Beige,Negro mate;Grafito;Azul profundo,Arena cálido de luminosidad alto (7/10) y saturación baja (4/10) que aporta amplitud visual.,Alto,Baja,Luminoso;Amplio;Cálido;Acogedor
,Blanco Europeo,Cálido,7,4,Arena,Minimalista;Nórdico;Japandi;Rústico;Mediterráneo,Living;Comedor;Cocina;Dormitorio;Pasillo,Blanco;Madera clara;Beige,Negro mate;Grafito;Azul profundo,Arena cálido de luminosidad alto (7/10) y saturación baja (4/10) que aporta amplitud visual.,Alto,Baja,Luminoso;Amplio;Cálido;Acogedor
,Bronce Tibetano,Cálido,5,3,Arena,Rústico;Mediterráneo,Dormitorio;Pasillo,Blanco;Madera clara;Beige,Blanco;Crema;Azul profundo,Arena cálido de luminosidad medio (5/10) y saturación baja (3/10) que equilibra el espacio.,Medio,Baja,Suave;Cálido;Acogedor;Sobrio
,Calcáreo,Cálido,7,2,Gris cálido,Minimalista;Nórdico;Japandi;Rústico;Mediterráneo,Living;Comedor;Cocina;Dormitorio;Pasillo,Blanco;Madera clara;Beige,Negro mate;Grafito;Azul profundo,Gris cálido cálido de luminosidad alto (7/10) y saturación muy baja (2/10) que aporta amplitud visual.,Alto,Muy Baja,Luminoso;Amplio;Cálido;Acogedor
,Camello,Cálido,5,4,Arena,Rústico;Mediterráneo,Dormitorio;Pasillo,Blanco;Madera clara;Beige,Blanco;Crema;Azul profundo,Arena cálido de luminosidad medio (5/10) y saturación baja (4/10) que equilibra el espacio.,Medio,Baja,Suave;Cálido;Acogedor;Natural
,Camino Urbano,Neutro,4,2,Gris frío,Contemporáneo,Living,Blanco;Madera clara;Negro mate;Blanco roto,Blanco;Crema;Verde oliva,Gris frío neutro de luminosidad bajo (4/10) y saturación muy baja (2/10) que equilibra el espacio.,Bajo,Muy Baja,Suave;Neutro;Elegante;Sobrio
,Caqui Intenso,Cálido,2,3,Terracota,Dramático,Living,Blanco;Madera clara;Beige;Blanco roto,Blanco;Crema;Azul profundo,Terracota cálido de luminosidad muy bajo (2/10) y saturación baja (3/10) que genera profundidad.,Muy Bajo,Baja,Profundo;Cálido;Acogedor;Sobrio
,Carbonilla,Neutro,2,2,Chocolate,Dramático,Living,Blanco;Madera clara;Negro mate;Blanco roto,Blanco;Crema;Verde oliva,Chocolate neutro de luminosidad muy bajo (2/10) y saturación muy baja (2/10) que genera profundidad.,Muy Bajo,Muy Baja,Profundo;Neutro;Elegante;Sobrio
,Casa Grande,Cálido,2,2,Gris cálido,Dramático,Living,Blanco;Madera clara;Beige;Blanco roto,Blanco;Crema;Azul profundo,Gris cálido cálido de luminosidad muy bajo (2/10) y saturación muy baja (2/10) que genera profundidad.,Muy Bajo,Muy Baja,Profundo;Cálido;Acogedor;Sobrio
,Castor Suave,Cálido,4,4,Arena,Contemporáneo,Living,Blanco;Madera clara;Beige;Blanco roto,Blanco;Crema;Azul profundo,Arena cálido de luminosidad bajo (4/10) y saturación baja (4/10) que equilibra el espacio.,Bajo,Baja,Suave;Cálido;Acogedor;Natural
,Chalet de Chocolate,Cálido,2,3,Terracota,Dramático,Living,Blanco;Madera clara;Beige;Blanco roto,Blanco;Crema;Azul profundo,Terracota cálido de luminosidad muy bajo (2/10) y saturación baja (3/10) que genera profundidad.,Muy Bajo,Baja,Profundo;Cálido;Acogedor;Sobrio
,Chocolate Liviano,Cálido,2,3,Terracota,Dramático,Living,Blanco;Madera clara;Beige;Blanco roto,Blanco;Crema;Azul profundo,Terracota cálido de luminosidad muy bajo (2/10) y saturación baja (3/10) que genera profundidad.,Muy Bajo,Baja,Profundo;Cálido;Acogedor;Sobrio
,Crème Brûlée,Cálido,3,3,Terracota,Dramático,Living,Blanco;Madera clara;Beige;Blanco roto,Blanco;Crema;Azul profundo,Terracota cálido de luminosidad bajo (3/10) y saturación baja (3/10) que genera profundidad.,Bajo,Baja,Profundo;Cálido;Acogedor;Sobrio
,Crème Brûlée,Cálido,3,3,Terracota,Dramático,Living,Blanco;Madera clara;Beige;Blanco roto,Blanco;Crema;Azul profundo,Terracota cálido de luminosidad bajo (3/10) y saturación baja (3/10) que genera profundidad.,Bajo,Baja,Profundo;Cálido;Acogedor;Sobrio
,Crème Brûlée,Cálido,3,3,Terracota,Dramático,Living,Blanco;Madera clara;Beige;Blanco roto,Blanco;Crema;Azul profundo,Terracota cálido de luminosidad bajo (3/10) y saturación baja (3/10) que genera profundidad.,Bajo,Baja,Profundo;Cálido;Acogedor;Sobrio
,Embarcadero de Piedra,Neutro,2,2,Gris frío,Dramático,Living,Blanco;Madera clara;Negro mate;Blanco roto,Blanco;Crema;Verde oliva,Gris frío neutro de luminosidad muy bajo (2/10) y saturación muy baja (2/10) que genera profundidad.,Muy Bajo,Muy Baja,Profundo;Neutro;Elegante;Sobrio
,Estambul,Cálido,6,2,Gris cálido,Rústico;Mediterráneo,Dormitorio;Pasillo,Blanco;Madera clara;Beige,Blanco;Crema;Azul profundo,Gris cálido cálido de luminosidad medio (6/10) y saturación muy baja (2/10) que equilibra el espacio.,Medio,Muy Baja,Suave;Cálido;Acogedor;Sobrio
,Fuga del Tiempo,Cálido,5,3,Arena,Rústico;Mediterráneo,Dormitorio;Pasillo,Blanco;Madera clara;Beige,Blanco;Crema;Azul profundo,Arena cálido de luminosidad medio (5/10) y saturación baja (3/10) que equilibra el espacio.,Medio,Baja,Suave;Cálido;Acogedor;Sobrio
,GRAFITO,Neutro,2,1,Grafito,Dramático,Living,Blanco;Madera clara;Negro mate;Blanco roto,Blanco;Crema;Verde oliva,Grafito neutro de luminosidad muy bajo (2/10) y saturación muy baja (1/10) que genera profundidad.,Muy Bajo,Muy Baja,Profundo;Neutro;Elegante;Sobrio
,Granito Húmedo,Neutro,3,1,Grafito,Dramático,Living,Blanco;Madera clara;Negro mate;Blanco roto,Blanco;Crema;Verde oliva,Grafito neutro de luminosidad bajo (3/10) y saturación muy baja (1/10) que genera profundidad.,Bajo,Muy Baja,Profundo;Neutro;Elegante;Sobrio
,Grava,Cálido,6,2,Gris cálido,Rústico;Mediterráneo,Dormitorio;Pasillo,Blanco;Madera clara;Beige,Blanco;Crema;Azul profundo,Gris cálido cálido de luminosidad medio (6/10) y saturación muy baja (2/10) que equilibra el espacio.,Medio,Muy Baja,Suave;Cálido;Acogedor;Sobrio
,Gris Fósil,Cálido,6,2,Gris cálido,Rústico;Mediterráneo,Dormitorio;Pasillo,Blanco;Madera clara;Beige,Blanco;Crema;Azul profundo,Gris cálido cálido de luminosidad medio (6/10) y saturación muy baja (2/10) que equilibra el espacio.,Medio,Muy Baja,Suave;Cálido;Acogedor;Sobrio
,Gris Fósil,Cálido,6,2,Gris cálido,Rústico;Mediterráneo,Dormitorio;Pasillo,Blanco;Madera clara;Beige,Blanco;Crema;Azul profundo,Gris cálido cálido de luminosidad medio (6/10) y saturación muy baja (2/10) que equilibra el espacio.,Medio,Muy Baja,Suave;Cálido;Acogedor;Sobrio
,Gris Generoso,Neutro,2,1,Grafito,Dramático,Living,Blanco;Madera clara;Negro mate;Blanco roto,Blanco;Crema;Verde oliva,Grafito neutro de luminosidad muy bajo (2/10) y saturación muy baja (1/10) que genera profundidad.,Muy Bajo,Muy Baja,Profundo;Neutro;Elegante;Sobrio
,Gris Niebla,Neutro,4,1,Grafito,Contemporáneo,Living,Blanco;Madera clara;Negro mate;Blanco roto,Blanco;Crema;Verde oliva,Grafito neutro de luminosidad bajo (4/10) y saturación muy baja (1/10) que equilibra el espacio.,Bajo,Muy Baja,Suave;Neutro;Elegante;Sobrio
,Gris Tostado,Cálido,5,3,Arena,Rústico;Mediterráneo,Dormitorio;Pasillo,Blanco;Madera clara;Beige,Blanco;Crema;Azul profundo,Arena cálido de luminosidad medio (5/10) y saturación baja (3/10) que equilibra el espacio.,Medio,Baja,Suave;Cálido;Acogedor;Sobrio
,Guijarro Pálido,Cálido,7,3,Arena,Minimalista;Nórdico;Japandi;Rústico;Mediterráneo,Living;Comedor;Cocina;Dormitorio;Pasillo,Blanco;Madera clara;Beige,Negro mate;Grafito;Azul profundo,Arena cálido de luminosidad alto (7/10) y saturación baja (3/10) que aporta amplitud visual.,Alto,Baja,Luminoso;Amplio;Cálido;Acogedor
,Leyenda,Cálido,5,4,Arena,Rústico;Mediterráneo,Dormitorio;Pasillo,Blanco;Madera clara;Beige,Blanco;Crema;Azul profundo,Arena cálido de luminosidad medio (5/10) y saturación baja (4/10) que equilibra el espacio.,Medio,Baja,Suave;Cálido;Acogedor;Natural
,Licor de Ciruela,Cálido,2,2,Gris cálido,Dramático,Living,Blanco;Madera clara;Beige;Blanco roto,Blanco;Crema;Azul profundo,Gris cálido cálido de luminosidad muy bajo (2/10) y saturación muy baja (2/10) que genera profundidad.,Muy Bajo,Muy Baja,Profundo;Cálido;Acogedor;Sobrio
,Lila Suave,Cálido,7,2,Gris cálido,Minimalista;Nórdico;Japandi;Rústico;Mediterráneo,Living;Comedor;Cocina;Dormitorio;Pasillo,Blanco;Madera clara;Beige,Negro mate;Grafito;Azul profundo,Gris cálido cálido de luminosidad alto (7/10) y saturación muy baja (2/10) que aporta amplitud visual.,Alto,Muy Baja,Luminoso;Amplio;Cálido;Acogedor
,Lujo Moderno,Cálido,7,3,Arena,Minimalista;Nórdico;Japandi;Rústico;Mediterráneo,Living;Comedor;Cocina;Dormitorio;Pasillo,Blanco;Madera clara;Beige,Negro mate;Grafito;Azul profundo,Arena cálido de luminosidad alto (7/10) y saturación baja (3/10) que aporta amplitud visual.,Alto,Baja,Luminoso;Amplio;Cálido;Acogedor
,Malva Gris,Cálido,5,2,Gris cálido,Rústico;Mediterráneo,Dormitorio;Pasillo,Blanco;Madera clara;Beige,Blanco;Crema;Azul profundo,Gris cálido cálido de luminosidad medio (5/10) y saturación muy baja (2/10) que equilibra el espacio.,Medio,Muy Baja,Suave;Cálido;Acogedor;Sobrio
,Manuscrito,Cálido,6,3,Arena,Rústico;Mediterráneo,Dormitorio;Pasillo,Blanco;Madera clara;Beige,Blanco;Crema;Azul profundo,Arena cálido de luminosidad medio (6/10) y saturación baja (3/10) que equilibra el espacio.,Medio,Baja,Suave;Cálido;Acogedor;Sobrio
,Marfil Champagne Albalux,Cálido,6,4,Arena,Rústico;Mediterráneo,Dormitorio;Pasillo,Blanco;Madera clara;Beige,Blanco;Crema;Azul profundo,Arena cálido de luminosidad medio (6/10) y saturación baja (4/10) que equilibra el espacio.,Medio,Baja,Suave;Cálido;Acogedor;Natural
,Marrón Albalux,Cálido,1,3,Gris cálido,Dramático,Living,Blanco;Madera clara;Beige;Blanco roto,Blanco;Crema;Azul profundo,Gris cálido cálido de luminosidad muy bajo (1/10) y saturación baja (3/10) que genera profundidad.,Muy Bajo,Baja,Profundo;Cálido;Acogedor;Sobrio
,Marrón Auténtico,Cálido,2,3,Gris cálido,Dramático,Living,Blanco;Madera clara;Beige;Blanco roto,Blanco;Crema;Azul profundo,Gris cálido cálido de luminosidad muy bajo (2/10) y saturación baja (3/10) que genera profundidad.,Muy Bajo,Baja,Profundo;Cálido;Acogedor;Sobrio
,Marrón Centenario,Cálido,3,3,Terracota,Dramático,Living,Blanco;Madera clara;Beige;Blanco roto,Blanco;Crema;Azul profundo,Terracota cálido de luminosidad bajo (3/10) y saturación baja (3/10) que genera profundidad.,Bajo,Baja,Profundo;Cálido;Acogedor;Sobrio
,Marrón Centenario,Cálido,3,3,Terracota,Dramático,Living,Blanco;Madera clara;Beige;Blanco roto,Blanco;Crema;Azul profundo,Terracota cálido de luminosidad bajo (3/10) y saturación baja (3/10) que genera profundidad.,Bajo,Baja,Profundo;Cálido;Acogedor;Sobrio
,Marrón Centenario,Cálido,3,3,Terracota,Dramático,Living,Blanco;Madera clara;Beige;Blanco roto,Blanco;Crema;Azul profundo,Terracota cálido de luminosidad bajo (3/10) y saturación baja (3/10) que genera profundidad.,Bajo,Baja,Profundo;Cálido;Acogedor;Sobrio
,Marrón Esm Std,Cálido,1,3,Gris cálido,Dramático,Living,Blanco;Madera clara;Beige;Blanco roto,Blanco;Crema;Azul profundo,Gris cálido cálido de luminosidad muy bajo (1/10) y saturación baja (3/10) que genera profundidad.,Muy Bajo,Baja,Profundo;Cálido;Acogedor;Sobrio
,Marrón Habana,Cálido,2,3,Terracota,Dramático,Living,Blanco;Madera clara;Beige;Blanco roto,Blanco;Crema;Azul profundo,Terracota cálido de luminosidad muy bajo (2/10) y saturación baja (3/10) que genera profundidad.,Muy Bajo,Baja,Profundo;Cálido;Acogedor;Sobrio
,Marrón Pizarra,Cálido,2,3,Chocolate,Dramático,Living,Blanco;Madera clara;Beige;Blanco roto,Blanco;Crema;Azul profundo,Chocolate cálido de luminosidad muy bajo (2/10) y saturación baja (3/10) que genera profundidad.,Muy Bajo,Baja,Profundo;Cálido;Acogedor;Sobrio
,Marrón Tobago Satinol,Neutro,2,1,Grafito,Dramático,Living,Blanco;Madera clara;Negro mate;Blanco roto,Blanco;Crema;Verde oliva,Grafito neutro de luminosidad muy bajo (2/10) y saturación muy baja (1/10) que genera profundidad.,Muy Bajo,Muy Baja,Profundo;Neutro;Elegante;Sobrio
,Moneda Antigua,Cálido,2,2,Gris cálido,Dramático,Living,Blanco;Madera clara;Beige;Blanco roto,Blanco;Crema;Azul profundo,Gris cálido cálido de luminosidad muy bajo (2/10) y saturación muy baja (2/10) que genera profundidad.,Muy Bajo,Muy Baja,Profundo;Cálido;Acogedor;Sobrio
,Montaña Distante,Cálido,6,3,Arena,Rústico;Mediterráneo,Dormitorio;Pasillo,Blanco;Madera clara;Beige,Blanco;Crema;Azul profundo,Arena cálido de luminosidad medio (6/10) y saturación baja (3/10) que equilibra el espacio.,Medio,Baja,Suave;Cálido;Acogedor;Sobrio
,Neutro Normandía,Cálido,6,4,Arena,Rústico;Mediterráneo,Dormitorio;Pasillo,Blanco;Madera clara;Beige,Blanco;Crema;Azul profundo,Arena cálido de luminosidad medio (6/10) y saturación baja (4/10) que equilibra el espacio.,Medio,Baja,Suave;Cálido;Acogedor;Natural
,Niebla Romana,Cálido,6,2,Gris cálido,Rústico;Mediterráneo,Dormitorio;Pasillo,Blanco;Madera clara;Beige,Blanco;Crema;Azul profundo,Gris cálido cálido de luminosidad medio (6/10) y saturación muy baja (2/10) que equilibra el espacio.,Medio,Muy Baja,Suave;Cálido;Acogedor;Sobrio
,Oro Minero,Cálido,2,4,Terracota,Dramático,Living,Blanco;Madera clara;Beige;Blanco roto,Blanco;Crema;Azul profundo,Terracota cálido de luminosidad muy bajo (2/10) y saturación baja (4/10) que genera profundidad.,Muy Bajo,Baja,Profundo;Cálido;Acogedor;Natural
,Paseo del Parque,Cálido,5,4,Arena,Rústico;Mediterráneo,Dormitorio;Pasillo,Blanco;Madera clara;Beige,Blanco;Crema;Azul profundo,Arena cálido de luminosidad medio (5/10) y saturación baja (4/10) que equilibra el espacio.,Medio,Baja,Suave;Cálido;Acogedor;Natural
,Piedra Esculpida,Cálido,4,2,Gris cálido,Contemporáneo,Living,Blanco;Madera clara;Beige;Blanco roto,Blanco;Crema;Azul profundo,Gris cálido cálido de luminosidad bajo (4/10) y saturación muy baja (2/10) que equilibra el espacio.,Bajo,Muy Baja,Suave;Cálido;Acogedor;Sobrio
,Piedra Esculpida,Cálido,4,2,Gris cálido,Contemporáneo,Living,Blanco;Madera clara;Beige;Blanco roto,Blanco;Crema;Azul profundo,Gris cálido cálido de luminosidad bajo (4/10) y saturación muy baja (2/10) que equilibra el espacio.,Bajo,Muy Baja,Suave;Cálido;Acogedor;Sobrio
,Piedra Esculpida,Cálido,4,2,Gris cálido,Contemporáneo,Living,Blanco;Madera clara;Beige;Blanco roto,Blanco;Crema;Azul profundo,Gris cálido cálido de luminosidad bajo (4/10) y saturación muy baja (2/10) que equilibra el espacio.,Bajo,Muy Baja,Suave;Cálido;Acogedor;Sobrio
,Piedra Esculpida,Cálido,4,2,Gris cálido,Contemporáneo,Living,Blanco;Madera clara;Beige;Blanco roto,Blanco;Crema;Azul profundo,Gris cálido cálido de luminosidad bajo (4/10) y saturación muy baja (2/10) que equilibra el espacio.,Bajo,Muy Baja,Suave;Cálido;Acogedor;Sobrio
,Piedra Esculpida,Cálido,4,2,Gris cálido,Contemporáneo,Living,Blanco;Madera clara;Beige;Blanco roto,Blanco;Crema;Azul profundo,Gris cálido cálido de luminosidad bajo (4/10) y saturación muy baja (2/10) que equilibra el espacio.,Bajo,Muy Baja,Suave;Cálido;Acogedor;Sobrio
,Planicies Escocesas,Cálido,5,4,Arena,Rústico;Mediterráneo,Dormitorio;Pasillo,Blanco;Madera clara;Beige,Blanco;Crema;Azul profundo,Arena cálido de luminosidad medio (5/10) y saturación baja (4/10) que equilibra el espacio.,Medio,Baja,Suave;Cálido;Acogedor;Natural
,Sendero en el Sahara,Cálido,7,4,Arena,Minimalista;Nórdico;Japandi;Rústico;Mediterráneo,Living;Comedor;Cocina;Dormitorio;Pasillo,Blanco;Madera clara;Beige,Negro mate;Grafito;Azul profundo,Arena cálido de luminosidad alto (7/10) y saturación baja (4/10) que aporta amplitud visual.,Alto,Baja,Luminoso;Amplio;Cálido;Acogedor
,Sensación de Piedra,Cálido,6,3,Gris cálido,Rústico;Mediterráneo,Dormitorio;Pasillo,Blanco;Madera clara;Beige,Blanco;Crema;Azul profundo,Gris cálido cálido de luminosidad medio (6/10) y saturación baja (3/10) que equilibra el espacio.,Medio,Baja,Suave;Cálido;Acogedor;Sobrio
,Silica,Cálido,4,2,Gris cálido,Contemporáneo,Living,Blanco;Madera clara;Beige;Blanco roto,Blanco;Crema;Azul profundo,Gris cálido cálido de luminosidad bajo (4/10) y saturación muy baja (2/10) que equilibra el espacio.,Bajo,Muy Baja,Suave;Cálido;Acogedor;Sobrio
,Silica Texturado Petreo Gray,Cálido,3,3,Terracota,Dramático,Living,Blanco;Madera clara;Beige;Blanco roto,Blanco;Crema;Azul profundo,Terracota cálido de luminosidad bajo (3/10) y saturación baja (3/10) que genera profundidad.,Bajo,Baja,Profundo;Cálido;Acogedor;Sobrio
,Silica Texturado Petreo Paris,Cálido,5,4,Arena,Rústico;Mediterráneo,Dormitorio;Pasillo,Blanco;Madera clara;Beige,Blanco;Crema;Azul profundo,Arena cálido de luminosidad medio (5/10) y saturación baja (4/10) que equilibra el espacio.,Medio,Baja,Suave;Cálido;Acogedor;Natural
,Su Santuario,Cálido,7,3,Gris cálido,Minimalista;Nórdico;Japandi;Rústico;Mediterráneo,Living;Comedor;Cocina;Dormitorio;Pasillo,Blanco;Madera clara;Beige,Negro mate;Grafito;Azul profundo,Gris cálido cálido de luminosidad alto (7/10) y saturación baja (3/10) que aporta amplitud visual.,Alto,Baja,Luminoso;Amplio;Cálido;Acogedor
,Tabaco Albalux,Cálido,1,3,Chocolate,Dramático,Living,Blanco;Madera clara;Beige;Blanco roto,Blanco;Crema;Azul profundo,Chocolate cálido de luminosidad muy bajo (1/10) y saturación baja (3/10) que genera profundidad.,Muy Bajo,Baja,Profundo;Cálido;Acogedor;Sobrio
,Támara,Cálido,3,4,Terracota,Dramático,Living,Blanco;Madera clara;Beige;Blanco roto,Blanco;Crema;Azul profundo,Terracota cálido de luminosidad bajo (3/10) y saturación baja (4/10) que genera profundidad.,Bajo,Baja,Profundo;Cálido;Acogedor;Natural
,Támara,Cálido,3,4,Terracota,Dramático,Living,Blanco;Madera clara;Beige;Blanco roto,Blanco;Crema;Azul profundo,Terracota cálido de luminosidad bajo (3/10) y saturación baja (4/10) que genera profundidad.,Bajo,Baja,Profundo;Cálido;Acogedor;Natural
,Tinaja Antigua,Cálido,3,2,Gris cálido,Dramático,Living,Blanco;Madera clara;Beige;Blanco roto,Blanco;Crema;Azul profundo,Gris cálido cálido de luminosidad bajo (3/10) y saturación muy baja (2/10) que genera profundidad.,Bajo,Muy Baja,Profundo;Cálido;Acogedor;Sobrio
,Toque de Pardo,Cálido,6,4,Arena,Rústico;Mediterráneo,Dormitorio;Pasillo,Blanco;Madera clara;Beige,Blanco;Crema;Azul profundo,Arena cálido de luminosidad medio (6/10) y saturación baja (4/10) que equilibra el espacio.,Medio,Baja,Suave;Cálido;Acogedor;Natural
,Toque de Pardo,Cálido,6,4,Arena,Rústico;Mediterráneo,Dormitorio;Pasillo,Blanco;Madera clara;Beige,Blanco;Crema;Azul profundo,Arena cálido de luminosidad medio (6/10) y saturación baja (4/10) que equilibra el espacio.,Medio,Baja,Suave;Cálido;Acogedor;Natural
,Toque De Pardo,Cálido,6,4,Arena,Rústico;Mediterráneo,Dormitorio;Pasillo,Blanco;Madera clara;Beige,Blanco;Crema;Azul profundo,Arena cálido de luminosidad medio (6/10) y saturación baja (4/10) que equilibra el espacio.,Medio,Baja,Suave;Cálido;Acogedor;Natural
,Verde Caqui,Cálido,4,2,Gris cálido,Contemporáneo,Living,Blanco;Madera clara;Beige;Blanco roto,Blanco;Crema;Azul profundo,Gris cálido cálido de luminosidad bajo (4/10) y saturación muy baja (2/10) que equilibra el espacio.,Bajo,Muy Baja,Suave;Cálido;Acogedor;Sobrio
,Vida Urbana,Cálido,6,2,Gris cálido,Rústico;Mediterráneo,Dormitorio;Pasillo,Blanco;Madera clara;Beige,Blanco;Crema;Azul profundo,Gris cálido cálido de luminosidad medio (6/10) y saturación muy baja (2/10) que equilibra el espacio.,Medio,Muy Baja,Suave;Cálido;Acogedor;Sobrio
,Zepelín,Neutro,5,2,Gris frío,Contemporáneo,Dormitorio;Pasillo,Blanco;Madera clara;Negro mate,Blanco;Crema;Verde oliva,Gris frío neutro de luminosidad medio (5/10) y saturación muy baja (2/10) que equilibra el espacio.,Medio,Muy Baja,Suave;Neutro;Elegante;Sobrio
,Aluminio Albalux,Neutro,7,1,Hueso,Minimalista;Nórdico;Japandi,Living;Comedor;Cocina;Dormitorio;Pasillo,Blanco;Madera clara;Negro mate,Negro mate;Grafito;Verde oliva,Hueso neutro de luminosidad alto (7/10) y saturación muy baja (1/10) que aporta amplitud visual.,Alto,Muy Baja,Luminoso;Amplio;Neutro;Elegante
,Aluminio Alta Temperatura,Neutro,7,1,Hueso,Minimalista;Nórdico;Japandi,Living;Comedor;Cocina;Dormitorio;Pasillo,Blanco;Madera clara;Negro mate,Negro mate;Grafito;Verde oliva,Hueso neutro de luminosidad alto (7/10) y saturación muy baja (1/10) que aporta amplitud visual.,Alto,Muy Baja,Luminoso;Amplio;Neutro;Elegante
,Azul Chal,Neutro,5,2,Azulado,Contemporáneo,Dormitorio;Pasillo,Blanco;Madera clara;Negro mate,Blanco;Crema;Verde oliva,Azulado neutro de luminosidad medio (5/10) y saturación muy baja (2/10) que equilibra el espacio.,Medio,Muy Baja,Suave;Neutro;Elegante;Sobrio
,Azul Pálido,Frío,6,2,Azulado,Contemporáneo,Dormitorio;Pasillo,Blanco;Gris claro;Negro mate,Blanco;Crema;Terracota;Mostaza,Azulado frío de luminosidad medio (6/10) y saturación muy baja (2/10) que equilibra el espacio.,Medio,Muy Baja,Suave;Frío;Sereno;Sobrio
,Azul Pálido,Frío,6,2,Azulado,Contemporáneo,Dormitorio;Pasillo,Blanco;Gris claro;Negro mate,Blanco;Crema;Terracota;Mostaza,Azulado frío de luminosidad medio (6/10) y saturación muy baja (2/10) que equilibra el espacio.,Medio,Muy Baja,Suave;Frío;Sereno;Sobrio
,Ballena Boreal,Frío,2,2,Azulado,Industrial;Contemporáneo;Dramático,Baño;Home office,Blanco;Gris claro;Negro mate;Blanco roto,Blanco;Crema;Terracota;Mostaza,Azulado frío de luminosidad muy bajo (2/10) y saturación muy baja (2/10) que genera profundidad.,Muy Bajo,Muy Baja,Profundo;Frío;Sereno;Sobrio
,Capri Satinol,Frío,2,3,Azulado,Industrial;Contemporáneo;Dramático,Baño;Home office,Blanco;Gris claro;Negro mate;Blanco roto,Blanco;Crema;Terracota;Mostaza,Azulado frío de luminosidad muy bajo (2/10) y saturación baja (3/10) que genera profundidad.,Muy Bajo,Baja,Profundo;Frío;Sereno;Sobrio
,Caqui Luminoso,Neutro,5,2,Gris frío,Contemporáneo,Dormitorio;Pasillo,Blanco;Madera clara;Negro mate,Blanco;Crema;Verde oliva,Gris frío neutro de luminosidad medio (5/10) y saturación muy baja (2/10) que equilibra el espacio.,Medio,Muy Baja,Suave;Neutro;Elegante;Sobrio
,Carbonilla Claro,Neutro,6,1,Piedra,Contemporáneo,Dormitorio;Pasillo,Blanco;Madera clara;Negro mate,Blanco;Crema;Verde oliva,Piedra neutro de luminosidad medio (6/10) y saturación muy baja (1/10) que equilibra el espacio.,Medio,Muy Baja,Suave;Neutro;Elegante;Sobrio
,Carbonilla Claro,Neutro,6,1,Piedra,Contemporáneo,Dormitorio;Pasillo,Blanco;Madera clara;Negro mate,Blanco;Crema;Verde oliva,Piedra neutro de luminosidad medio (6/10) y saturación muy baja (1/10) que equilibra el espacio.,Medio,Muy Baja,Suave;Neutro;Elegante;Sobrio
,Ceniza Pisos,Neutro,3,1,Grafito,Dramático,Living,Blanco;Madera clara;Negro mate;Blanco roto,Blanco;Crema;Verde oliva,Grafito neutro de luminosidad bajo (3/10) y saturación muy baja (1/10) que genera profundidad.,Bajo,Muy Baja,Profundo;Neutro;Elegante;Sobrio
,Despertar,Cálido,7,2,Gris cálido,Minimalista;Nórdico;Japandi;Rústico;Mediterráneo,Living;Comedor;Cocina;Dormitorio;Pasillo,Blanco;Madera clara;Beige,Negro mate;Grafito;Azul profundo,Gris cálido cálido de luminosidad alto (7/10) y saturación muy baja (2/10) que aporta amplitud visual.,Alto,Muy Baja,Luminoso;Amplio;Cálido;Acogedor
,Esgrima,Frío,5,2,Azulado,Industrial;Contemporáneo,Dormitorio;Pasillo;Baño;Home office,Blanco;Gris claro;Negro mate,Blanco;Crema;Terracota;Mostaza,Azulado frío de luminosidad medio (5/10) y saturación muy baja (2/10) que equilibra el espacio.,Medio,Muy Baja,Suave;Frío;Sereno;Sobrio
,Esgrima,Frío,5,2,Azulado,Industrial;Contemporáneo,Dormitorio;Pasillo;Baño;Home office,Blanco;Gris claro;Negro mate,Blanco;Crema;Terracota;Mostaza,Azulado frío de luminosidad medio (5/10) y saturación muy baja (2/10) que equilibra el espacio.,Medio,Muy Baja,Suave;Frío;Sereno;Sobrio
,Gris Albalux,Neutro,2,1,Grafito,Dramático,Living,Blanco;Madera clara;Negro mate;Blanco roto,Blanco;Crema;Verde oliva,Grafito neutro de luminosidad muy bajo (2/10) y saturación muy baja (1/10) que genera profundidad.,Muy Bajo,Muy Baja,Profundo;Neutro;Elegante;Sobrio
,Gris Andino,Neutro,2,1,Grafito,Dramático,Living,Blanco;Madera clara;Negro mate;Blanco roto,Blanco;Crema;Verde oliva,Grafito neutro de luminosidad muy bajo (2/10) y saturación muy baja (1/10) que genera profundidad.,Muy Bajo,Muy Baja,Profundo;Neutro;Elegante;Sobrio
,Gris Cincel,Neutro,3,1,Grafito,Dramático,Living,Blanco;Madera clara;Negro mate;Blanco roto,Blanco;Crema;Verde oliva,Grafito neutro de luminosidad bajo (3/10) y saturación muy baja (1/10) que genera profundidad.,Bajo,Muy Baja,Profundo;Neutro;Elegante;Sobrio
,Gris Esm Std,Neutro,2,1,Grafito,Dramático,Living,Blanco;Madera clara;Negro mate;Blanco roto,Blanco;Crema;Verde oliva,Grafito neutro de luminosidad muy bajo (2/10) y saturación muy baja (1/10) que genera profundidad.,Muy Bajo,Muy Baja,Profundo;Neutro;Elegante;Sobrio
,Gris Espacial Albalux,Neutro,5,1,Piedra,Contemporáneo,Dormitorio;Pasillo,Blanco;Madera clara;Negro mate,Blanco;Crema;Verde oliva,Piedra neutro de luminosidad medio (5/10) y saturación muy baja (1/10) que equilibra el espacio.,Medio,Muy Baja,Suave;Neutro;Elegante;Sobrio
,Gris Espacial Esm Std,Neutro,5,1,Piedra,Contemporáneo,Dormitorio;Pasillo,Blanco;Madera clara;Negro mate,Blanco;Crema;Verde oliva,Piedra neutro de luminosidad medio (5/10) y saturación muy baja (1/10) que equilibra el espacio.,Medio,Muy Baja,Suave;Neutro;Elegante;Sobrio
,Gris Fantasma,Neutro,7,1,Hueso,Minimalista;Nórdico;Japandi,Living;Comedor;Cocina;Dormitorio;Pasillo,Blanco;Madera clara;Negro mate,Negro mate;Grafito;Verde oliva,Hueso neutro de luminosidad alto (7/10) y saturación muy baja (1/10) que aporta amplitud visual.,Alto,Muy Baja,Luminoso;Amplio;Neutro;Elegante
,Gris Hamster,Neutro,3,1,Grafito,Dramático,Living,Blanco;Madera clara;Negro mate;Blanco roto,Blanco;Crema;Verde oliva,Grafito neutro de luminosidad bajo (3/10) y saturación muy baja (1/10) que genera profundidad.,Bajo,Muy Baja,Profundo;Neutro;Elegante;Sobrio
,Gris Hielo Albalux,Neutro,6,1,Piedra,Contemporáneo,Dormitorio;Pasillo,Blanco;Madera clara;Negro mate,Blanco;Crema;Verde oliva,Piedra neutro de luminosidad medio (6/10) y saturación muy baja (1/10) que equilibra el espacio.,Medio,Muy Baja,Suave;Neutro;Elegante;Sobrio
,Gris Patagónico,Neutro,4,1,Grafito,Contemporáneo,Living,Blanco;Madera clara;Negro mate;Blanco roto,Blanco;Crema;Verde oliva,Grafito neutro de luminosidad bajo (4/10) y saturación muy baja (1/10) que equilibra el espacio.,Bajo,Muy Baja,Suave;Neutro;Elegante;Sobrio
,Gris Visón Albalux,Neutro,5,2,Gris frío,Contemporáneo,Dormitorio;Pasillo,Blanco;Madera clara;Negro mate,Blanco;Crema;Verde oliva,Gris frío neutro de luminosidad medio (5/10) y saturación muy baja (2/10) que equilibra el espacio.,Medio,Muy Baja,Suave;Neutro;Elegante;Sobrio
,Horizonte,Frío,7,2,Azulado,Minimalista;Nórdico;Japandi,Living;Comedor;Cocina;Dormitorio;Pasillo,Blanco;Gris claro;Negro mate,Negro mate;Grafito;Terracota;Mostaza,Azulado frío de luminosidad alto (7/10) y saturación muy baja (2/10) que aporta amplitud visual.,Alto,Muy Baja,Luminoso;Amplio;Frío;Sereno
,Horizonte,Frío,7,2,Azulado,Minimalista;Nórdico;Japandi,Living;Comedor;Cocina;Dormitorio;Pasillo,Blanco;Gris claro;Negro mate,Negro mate;Grafito;Terracota;Mostaza,Azulado frío de luminosidad alto (7/10) y saturación muy baja (2/10) que aporta amplitud visual.,Alto,Muy Baja,Luminoso;Amplio;Frío;Sereno
,Horizonte,Frío,7,2,Azulado,Minimalista;Nórdico;Japandi,Living;Comedor;Cocina;Dormitorio;Pasillo,Blanco;Gris claro;Negro mate,Negro mate;Grafito;Terracota;Mostaza,Azulado frío de luminosidad alto (7/10) y saturación muy baja (2/10) que aporta amplitud visual.,Alto,Muy Baja,Luminoso;Amplio;Frío;Sereno
,Jeans Grises,Neutro,6,2,Verdoso,Contemporáneo,Dormitorio;Pasillo,Blanco;Madera clara;Negro mate,Blanco;Crema;Verde oliva,Verdoso neutro de luminosidad medio (6/10) y saturación muy baja (2/10) que equilibra el espacio.,Medio,Muy Baja,Suave;Neutro;Elegante;Sobrio
,Jeans Grises,Neutro,6,2,Verdoso,Contemporáneo,Dormitorio;Pasillo,Blanco;Madera clara;Negro mate,Blanco;Crema;Verde oliva,Verdoso neutro de luminosidad medio (6/10) y saturación muy baja (2/10) que equilibra el espacio.,Medio,Muy Baja,Suave;Neutro;Elegante;Sobrio
,Jeans Grises,Neutro,6,2,Verdoso,Contemporáneo,Dormitorio;Pasillo,Blanco;Madera clara;Negro mate,Blanco;Crema;Verde oliva,Verdoso neutro de luminosidad medio (6/10) y saturación muy baja (2/10) que equilibra el espacio.,Medio,Muy Baja,Suave;Neutro;Elegante;Sobrio
,Jeans Grises,Neutro,6,2,Verdoso,Contemporáneo,Dormitorio;Pasillo,Blanco;Madera clara;Negro mate,Blanco;Crema;Verde oliva,Verdoso neutro de luminosidad medio (6/10) y saturación muy baja (2/10) que equilibra el espacio.,Medio,Muy Baja,Suave;Neutro;Elegante;Sobrio
,Mañana de Setas,Cálido,7,3,Arena,Minimalista;Nórdico;Japandi;Rústico;Mediterráneo,Living;Comedor;Cocina;Dormitorio;Pasillo,Blanco;Madera clara;Beige,Negro mate;Grafito;Azul profundo,Arena cálido de luminosidad alto (7/10) y saturación baja (3/10) que aporta amplitud visual.,Alto,Baja,Luminoso;Amplio;Cálido;Acogedor
,Mañana de Setas,Cálido,7,3,Arena,Minimalista;Nórdico;Japandi;Rústico;Mediterráneo,Living;Comedor;Cocina;Dormitorio;Pasillo,Blanco;Madera clara;Beige,Negro mate;Grafito;Azul profundo,Arena cálido de luminosidad alto (7/10) y saturación baja (3/10) que aporta amplitud visual.,Alto,Baja,Luminoso;Amplio;Cálido;Acogedor
,Mica Negra,Neutro,1,1,Grafito,Dramático,Living,Blanco;Madera clara;Negro mate;Blanco roto,Blanco;Crema;Verde oliva,Grafito neutro de luminosidad muy bajo (1/10) y saturación muy baja (1/10) que genera profundidad.,Muy Bajo,Muy Baja,Profundo;Neutro;Elegante;Sobrio
,Mica Negra,Neutro,1,1,Grafito,Dramático,Living,Blanco;Madera clara;Negro mate;Blanco roto,Blanco;Crema;Verde oliva,Grafito neutro de luminosidad muy bajo (1/10) y saturación muy baja (1/10) que genera profundidad.,Muy Bajo,Muy Baja,Profundo;Neutro;Elegante;Sobrio
,Negro,Neutro,1,1,Grafito,Dramático,Living,Blanco;Madera clara;Negro mate;Blanco roto,Blanco;Crema;Verde oliva,Grafito neutro de luminosidad muy bajo (1/10) y saturación muy baja (1/10) que genera profundidad.,Muy Bajo,Muy Baja,Profundo;Neutro;Elegante;Sobrio
,Pena Plateada,Neutro,6,1,Piedra,Contemporáneo,Dormitorio;Pasillo,Blanco;Madera clara;Negro mate,Blanco;Crema;Verde oliva,Piedra neutro de luminosidad medio (6/10) y saturación muy baja (1/10) que equilibra el espacio.,Medio,Muy Baja,Suave;Neutro;Elegante;Sobrio
,Pena Plateada,Neutro,6,1,Piedra,Contemporáneo,Dormitorio;Pasillo,Blanco;Madera clara;Negro mate,Blanco;Crema;Verde oliva,Piedra neutro de luminosidad medio (6/10) y saturación muy baja (1/10) que equilibra el espacio.,Medio,Muy Baja,Suave;Neutro;Elegante;Sobrio
,Perla Albalux,Neutro,4,2,Verdoso,Contemporáneo,Living,Blanco;Madera clara;Negro mate;Blanco roto,Blanco;Crema;Verde oliva,Verdoso neutro de luminosidad bajo (4/10) y saturación muy baja (2/10) que equilibra el espacio.,Bajo,Muy Baja,Suave;Neutro;Elegante;Sobrio
,Perla Esm Std,Neutro,4,2,Gris frío,Contemporáneo,Living,Blanco;Madera clara;Negro mate;Blanco roto,Blanco;Crema;Verde oliva,Gris frío neutro de luminosidad bajo (4/10) y saturación muy baja (2/10) que equilibra el espacio.,Bajo,Muy Baja,Suave;Neutro;Elegante;Sobrio
,Plata Aviador,Frío,7,2,Azulado,Minimalista;Nórdico;Japandi,Living;Comedor;Cocina;Dormitorio;Pasillo,Blanco;Gris claro;Negro mate,Negro mate;Grafito;Terracota;Mostaza,Azulado frío de luminosidad alto (7/10) y saturación muy baja (2/10) que aporta amplitud visual.,Alto,Muy Baja,Luminoso;Amplio;Frío;Sereno
,Telaraña,Cálido,7,2,Gris cálido,Minimalista;Nórdico;Japandi;Rústico;Mediterráneo,Living;Comedor;Cocina;Dormitorio;Pasillo,Blanco;Madera clara;Beige,Negro mate;Grafito;Azul profundo,Gris cálido cálido de luminosidad alto (7/10) y saturación muy baja (2/10) que aporta amplitud visual.,Alto,Muy Baja,Luminoso;Amplio;Cálido;Acogedor
,Tormenta Melancólica,Frío,3,2,Azulado,Industrial;Contemporáneo;Dramático,Baño;Home office,Blanco;Gris claro;Negro mate;Blanco roto,Blanco;Crema;Terracota;Mostaza,Azulado frío de luminosidad bajo (3/10) y saturación muy baja (2/10) que genera profundidad.,Bajo,Muy Baja,Profundo;Frío;Sereno;Sobrio
,Tormenta Melancólica,Frío,3,2,Azulado,Industrial;Contemporáneo;Dramático,Baño;Home office,Blanco;Gris claro;Negro mate;Blanco roto,Blanco;Crema;Terracota;Mostaza,Azulado frío de luminosidad bajo (3/10) y saturación muy baja (2/10) que genera profundidad.,Bajo,Muy Baja,Profundo;Frío;Sereno;Sobrio
,Tormenta Melancólica,Frío,3,2,Azulado,Industrial;Contemporáneo;Dramático,Baño;Home office,Blanco;Gris claro;Negro mate;Blanco roto,Blanco;Crema;Terracota;Mostaza,Azulado frío de luminosidad bajo (3/10) y saturación muy baja (2/10) que genera profundidad.,Bajo,Muy Baja,Profundo;Frío;Sereno;Sobrio
,Tormenta Nocturna,Neutro,2,2,Grafito,Dramático,Living,Blanco;Madera clara;Negro mate;Blanco roto,Blanco;Crema;Verde oliva,Grafito neutro de luminosidad muy bajo (2/10) y saturación muy baja (2/10) que genera profundidad.,Muy Bajo,Muy Baja,Profundo;Neutro;Elegante;Sobrio
,Trofeo de Plata,Neutro,6,1,Piedra,Contemporáneo,Dormitorio;Pasillo,Blanco;Madera clara;Negro mate,Blanco;Crema;Verde oliva,Piedra neutro de luminosidad medio (6/10) y saturación muy baja (1/10) que equilibra el espacio.,Medio,Muy Baja,Suave;Neutro;Elegante;Sobrio
,Velo,Neutro,5,1,Piedra,Contemporáneo,Dormitorio;Pasillo,Blanco;Madera clara;Negro mate,Blanco;Crema;Verde oliva,Piedra neutro de luminosidad medio (5/10) y saturación muy baja (1/10) que equilibra el espacio.,Medio,Muy Baja,Suave;Neutro;Elegante;Sobrio
,Velo,Neutro,5,1,Piedra,Contemporáneo,Dormitorio;Pasillo,Blanco;Madera clara;Negro mate,Blanco;Crema;Verde oliva,Piedra neutro de luminosidad medio (5/10) y saturación muy baja (1/10) que equilibra el espacio.,Medio,Muy Baja,Suave;Neutro;Elegante;Sobrio
,Abundante Rubor,Cálido,3,5,Terracota,Dramático,Comedor;Living,Blanco;Madera clara;Beige;Blanco roto,Blanco;Crema;Azul profundo,Terracota cálido de luminosidad bajo (3/10) y saturación media (5/10) que genera profundidad.,Bajo,Media,Profundo;Cálido;Acogedor;Natural
,Bermellón Albalux,Cálido,2,8,Piedra,Pop;Maximalista;Dramático,Comedor;Living,Blanco;Madera clara;Beige;Blanco roto;Neutros,Blanco;Crema;Azul profundo,Piedra cálido de luminosidad muy bajo (2/10) y saturación alta (8/10) que genera profundidad.,Muy Bajo,Alta,Profundo;Cálido;Acogedor;Alegre
,Bermellon Duralba,Cálido,2,5,Terracota,Dramático,Comedor;Living,Blanco;Madera clara;Beige;Blanco roto,Blanco;Crema;Azul profundo,Terracota cálido de luminosidad muy bajo (2/10) y saturación media (5/10) que genera profundidad.,Muy Bajo,Media,Profundo;Cálido;Acogedor;Natural
,Bermellón Esm Std,Cálido,2,8,Piedra,Pop;Maximalista;Dramático,Comedor;Living,Blanco;Madera clara;Beige;Blanco roto;Neutros,Blanco;Crema;Azul profundo,Piedra cálido de luminosidad muy bajo (2/10) y saturación alta (8/10) que genera profundidad.,Muy Bajo,Alta,Profundo;Cálido;Acogedor;Alegre
,Carmín Albalux,Cálido,1,7,Piedra,Pop;Maximalista;Dramático,Comedor;Living,Blanco;Madera clara;Beige;Blanco roto;Neutros,Blanco;Crema;Azul profundo,Piedra cálido de luminosidad muy bajo (1/10) y saturación alta (7/10) que genera profundidad.,Muy Bajo,Alta,Profundo;Cálido;Acogedor;Alegre
,Cedro Albalux,Cálido,1,6,Terracota,Dramático,Comedor;Living,Blanco;Madera clara;Beige;Blanco roto;Neutros,Blanco;Crema;Azul profundo,Terracota cálido de luminosidad muy bajo (1/10) y saturación media (6/10) que genera profundidad.,Muy Bajo,Media,Profundo;Cálido;Acogedor;Natural
,Cereza Intenso,Cálido,2,4,Piedra,Dramático,Living,Blanco;Madera clara;Beige;Blanco roto,Blanco;Crema;Azul profundo,Piedra cálido de luminosidad muy bajo (2/10) y saturación baja (4/10) que genera profundidad.,Muy Bajo,Baja,Profundo;Cálido;Acogedor;Natural
,Cielo Ardiente,Cálido,7,2,Gris cálido,Minimalista;Nórdico;Japandi;Rústico;Mediterráneo,Living;Comedor;Cocina;Dormitorio;Pasillo,Blanco;Madera clara;Beige,Negro mate;Grafito;Azul profundo,Gris cálido cálido de luminosidad alto (7/10) y saturación muy baja (2/10) que aporta amplitud visual.,Alto,Muy Baja,Luminoso;Amplio;Cálido;Acogedor
,Ciruela Osado,Cálido,2,3,Piedra,Dramático,Living,Blanco;Madera clara;Beige;Blanco roto,Blanco;Crema;Azul profundo,Piedra cálido de luminosidad muy bajo (2/10) y saturación baja (3/10) que genera profundidad.,Muy Bajo,Baja,Profundo;Cálido;Acogedor;Sobrio
,Cuero Rosado,Cálido,7,5,Arena,Rústico;Mediterráneo,Living;Comedor;Cocina;Dormitorio;Pasillo,Blanco;Madera clara;Beige,Negro mate;Grafito;Azul profundo,Arena cálido de luminosidad alto (7/10) y saturación media (5/10) que aporta amplitud visual.,Alto,Media,Luminoso;Amplio;Cálido;Acogedor
,Después de la Lluvia,Cálido,8,3,Arena,Minimalista;Nórdico;Japandi;Rústico;Mediterráneo,Living;Comedor;Cocina;Dormitorio;Pasillo,Blanco;Madera clara;Beige,Negro mate;Grafito;Azul profundo,Arena cálido de luminosidad alto (8/10) y saturación baja (3/10) que aporta amplitud visual.,Alto,Baja,Luminoso;Amplio;Cálido;Acogedor
,Escultura de Madera,Cálido,5,3,Arena,Rústico;Mediterráneo,Dormitorio;Pasillo,Blanco;Madera clara;Beige,Blanco;Crema;Azul profundo,Arena cálido de luminosidad medio (5/10) y saturación baja (3/10) que equilibra el espacio.,Medio,Baja,Suave;Cálido;Acogedor;Sobrio
,Escultura de Madera,Cálido,5,3,Arena,Rústico;Mediterráneo,Dormitorio;Pasillo,Blanco;Madera clara;Beige,Blanco;Crema;Azul profundo,Arena cálido de luminosidad medio (5/10) y saturación baja (3/10) que equilibra el espacio.,Medio,Baja,Suave;Cálido;Acogedor;Sobrio
,Fulgor Africano,Cálido,4,3,Arena,Contemporáneo,Living,Blanco;Madera clara;Beige;Blanco roto,Blanco;Crema;Azul profundo,Arena cálido de luminosidad bajo (4/10) y saturación baja (3/10) que equilibra el espacio.,Bajo,Baja,Suave;Cálido;Acogedor;Sobrio
,Fulgor Africano,Cálido,4,3,Arena,Contemporáneo,Living,Blanco;Madera clara;Beige;Blanco roto,Blanco;Crema;Azul profundo,Arena cálido de luminosidad bajo (4/10) y saturación baja (3/10) que equilibra el espacio.,Bajo,Baja,Suave;Cálido;Acogedor;Sobrio
,Lugar de Afecto,Cálido,7,2,Gris cálido,Minimalista;Nórdico;Japandi;Rústico;Mediterráneo,Living;Comedor;Cocina;Dormitorio;Pasillo,Blanco;Madera clara;Beige,Negro mate;Grafito;Azul profundo,Gris cálido cálido de luminosidad alto (7/10) y saturación muy baja (2/10) que aporta amplitud visual.,Alto,Muy Baja,Luminoso;Amplio;Cálido;Acogedor
,Lugar de Afecto,Cálido,7,2,Gris cálido,Minimalista;Nórdico;Japandi;Rústico;Mediterráneo,Living;Comedor;Cocina;Dormitorio;Pasillo,Blanco;Madera clara;Beige,Negro mate;Grafito;Azul profundo,Gris cálido cálido de luminosidad alto (7/10) y saturación muy baja (2/10) que aporta amplitud visual.,Alto,Muy Baja,Luminoso;Amplio;Cálido;Acogedor
,Rojo Borneo Satinol,Cálido,2,5,Piedra,Dramático,Comedor;Living,Blanco;Madera clara;Beige;Blanco roto,Blanco;Crema;Azul profundo,Piedra cálido de luminosidad muy bajo (2/10) y saturación media (5/10) que genera profundidad.,Muy Bajo,Media,Profundo;Cálido;Acogedor;Natural
,Rojo Chaqueño,Cálido,2,6,Terracota,Dramático,Comedor;Living,Blanco;Madera clara;Beige;Blanco roto;Neutros,Blanco;Crema;Azul profundo,Terracota cálido de luminosidad muy bajo (2/10) y saturación media (6/10) que genera profundidad.,Muy Bajo,Media,Profundo;Cálido;Acogedor;Natural
,Rojo Colonial Pisos,Cálido,2,4,Terracota,Dramático,Living,Blanco;Madera clara;Beige;Blanco roto,Blanco;Crema;Azul profundo,Terracota cálido de luminosidad muy bajo (2/10) y saturación baja (4/10) que genera profundidad.,Muy Bajo,Baja,Profundo;Cálido;Acogedor;Natural
,Rojo Henna,Cálido,2,5,Terracota,Dramático,Comedor;Living,Blanco;Madera clara;Beige;Blanco roto,Blanco;Crema;Azul profundo,Terracota cálido de luminosidad muy bajo (2/10) y saturación media (5/10) que genera profundidad.,Muy Bajo,Media,Profundo;Cálido;Acogedor;Natural
,Rojo Intenso,Cálido,2,6,Terracota,Dramático,Comedor;Living,Blanco;Madera clara;Beige;Blanco roto;Neutros,Blanco;Crema;Azul profundo,Terracota cálido de luminosidad muy bajo (2/10) y saturación media (6/10) que genera profundidad.,Muy Bajo,Media,Profundo;Cálido;Acogedor;Natural
,Rojo Mentira,Cálido,3,4,Piedra,Dramático,Living,Blanco;Madera clara;Beige;Blanco roto,Blanco;Crema;Azul profundo,Piedra cálido de luminosidad bajo (3/10) y saturación baja (4/10) que genera profundidad.,Bajo,Baja,Profundo;Cálido;Acogedor;Natural
,Rojo Tanino Duralba,Cálido,2,4,Terracota,Dramático,Living,Blanco;Madera clara;Beige;Blanco roto,Blanco;Crema;Azul profundo,Terracota cálido de luminosidad muy bajo (2/10) y saturación baja (4/10) que genera profundidad.,Muy Bajo,Baja,Profundo;Cálido;Acogedor;Natural
,Rosa Marchita,Cálido,5,3,Arena,Rústico;Mediterráneo,Dormitorio;Pasillo,Blanco;Madera clara;Beige,Blanco;Crema;Azul profundo,Arena cálido de luminosidad medio (5/10) y saturación baja (3/10) que equilibra el espacio.,Medio,Baja,Suave;Cálido;Acogedor;Sobrio
,Rosa Puccini,Cálido,6,3,Arena,Rústico;Mediterráneo,Dormitorio;Pasillo,Blanco;Madera clara;Beige,Blanco;Crema;Azul profundo,Arena cálido de luminosidad medio (6/10) y saturación baja (3/10) que equilibra el espacio.,Medio,Baja,Suave;Cálido;Acogedor;Sobrio
,Rosa Renacentista,Cálido,3,4,Piedra,Dramático,Living,Blanco;Madera clara;Beige;Blanco roto,Blanco;Crema;Azul profundo,Piedra cálido de luminosidad bajo (3/10) y saturación baja (4/10) que genera profundidad.,Bajo,Baja,Profundo;Cálido;Acogedor;Natural
,Santa Rosa,Cálido,4,3,Arena,Contemporáneo,Living,Blanco;Madera clara;Beige;Blanco roto,Blanco;Crema;Azul profundo,Arena cálido de luminosidad bajo (4/10) y saturación baja (3/10) que equilibra el espacio.,Bajo,Baja,Suave;Cálido;Acogedor;Sobrio
,Té Danzante,Cálido,3,5,Terracota,Dramático,Comedor;Living,Blanco;Madera clara;Beige;Blanco roto,Blanco;Crema;Azul profundo,Terracota cálido de luminosidad bajo (3/10) y saturación media (5/10) que genera profundidad.,Bajo,Media,Profundo;Cálido;Acogedor;Natural
,Teja Duralba Techos,Cálido,2,5,Terracota,Dramático,Comedor;Living,Blanco;Madera clara;Beige;Blanco roto,Blanco;Crema;Azul profundo,Terracota cálido de luminosidad muy bajo (2/10) y saturación media (5/10) que genera profundidad.,Muy Bajo,Media,Profundo;Cálido;Acogedor;Natural
,Vasija de Terracota,Cálido,2,5,Terracota,Dramático,Comedor;Living,Blanco;Madera clara;Beige;Blanco roto,Blanco;Crema;Azul profundo,Terracota cálido de luminosidad muy bajo (2/10) y saturación media (5/10) que genera profundidad.,Muy Bajo,Media,Profundo;Cálido;Acogedor;Natural
,Azul de Bohemia,Frío,2,3,Azulado,Industrial;Contemporáneo;Dramático,Baño;Home office,Blanco;Gris claro;Negro mate;Blanco roto,Blanco;Crema;Terracota;Mostaza,Azulado frío de luminosidad muy bajo (2/10) y saturación baja (3/10) que genera profundidad.,Muy Bajo,Baja,Profundo;Frío;Sereno;Sobrio
,Azulejo Albalux,Frío,2,8,Azulado,Industrial;Contemporáneo;Pop;Maximalista;Dramático,Baño;Home office,Blanco;Gris claro;Negro mate;Blanco roto;Neutros,Blanco;Crema;Terracota;Mostaza,Azulado frío de luminosidad muy bajo (2/10) y saturación alta (8/10) que genera profundidad.,Muy Bajo,Alta,Profundo;Frío;Sereno;Alegre
,Celeste Albalux,Frío,4,3,Azulado,Industrial;Contemporáneo,Baño;Home office,Blanco;Gris claro;Negro mate;Blanco roto,Blanco;Crema;Terracota;Mostaza,Azulado frío de luminosidad bajo (4/10) y saturación baja (3/10) que equilibra el espacio.,Bajo,Baja,Suave;Frío;Sereno;Sobrio
,Celeste Esm Std,Frío,5,5,Azulado,Industrial;Contemporáneo,Dormitorio;Pasillo;Baño;Home office,Blanco;Gris claro;Negro mate,Blanco;Crema;Terracota;Mostaza,Azulado frío de luminosidad medio (5/10) y saturación media (5/10) que equilibra el espacio.,Medio,Media,Suave;Frío;Sereno;Natural
,Celeste Piletas Caucho Clorado,Frío,4,6,Azulado,Industrial;Contemporáneo,Baño;Home office,Blanco;Gris claro;Negro mate;Blanco roto;Neutros,Blanco;Crema;Terracota;Mostaza,Azulado frío de luminosidad bajo (4/10) y saturación media (6/10) que equilibra el espacio.,Bajo,Media,Suave;Frío;Sereno;Natural
,Esmeralda Albalux,Frío,2,10,Verdoso,Industrial;Contemporáneo;Pop;Maximalista;Dramático,Baño;Home office,Blanco;Gris claro;Negro mate;Blanco roto;Neutros,Blanco;Crema;Terracota;Mostaza,Verdoso frío de luminosidad muy bajo (2/10) y saturación muy alta (10/10) que genera profundidad.,Muy Bajo,Muy Alta,Profundo;Frío;Sereno;Alegre
,Gris Osado,Frío,3,2,Gris frío,Industrial;Contemporáneo;Dramático,Baño;Home office,Blanco;Gris claro;Negro mate;Blanco roto,Blanco;Crema;Terracota;Mostaza,Gris frío frío de luminosidad bajo (3/10) y saturación muy baja (2/10) que genera profundidad.,Bajo,Muy Baja,Profundo;Frío;Sereno;Sobrio
,Gris Osado,Frío,3,2,Gris frío,Industrial;Contemporáneo;Dramático,Baño;Home office,Blanco;Gris claro;Negro mate;Blanco roto,Blanco;Crema;Terracota;Mostaza,Gris frío frío de luminosidad bajo (3/10) y saturación muy baja (2/10) que genera profundidad.,Bajo,Muy Baja,Profundo;Frío;Sereno;Sobrio
,Gris Osado,Frío,3,2,Gris frío,Industrial;Contemporáneo;Dramático,Baño;Home office,Blanco;Gris claro;Negro mate;Blanco roto,Blanco;Crema;Terracota;Mostaza,Gris frío frío de luminosidad bajo (3/10) y saturación muy baja (2/10) que genera profundidad.,Bajo,Muy Baja,Profundo;Frío;Sereno;Sobrio
,Jardín Nocturno,Frío,3,2,Verdoso,Industrial;Contemporáneo;Dramático,Baño;Home office,Blanco;Gris claro;Negro mate;Blanco roto,Blanco;Crema;Terracota;Mostaza,Verdoso frío de luminosidad bajo (3/10) y saturación muy baja (2/10) que genera profundidad.,Bajo,Muy Baja,Profundo;Frío;Sereno;Sobrio
,Mina de Grava,Frío,4,2,Verdoso,Industrial;Contemporáneo,Baño;Home office,Blanco;Gris claro;Negro mate;Blanco roto,Blanco;Crema;Terracota;Mostaza,Verdoso frío de luminosidad bajo (4/10) y saturación muy baja (2/10) que equilibra el espacio.,Bajo,Muy Baja,Suave;Frío;Sereno;Sobrio
,Mina de Grava,Frío,4,2,Verdoso,Industrial;Contemporáneo,Baño;Home office,Blanco;Gris claro;Negro mate;Blanco roto,Blanco;Crema;Terracota;Mostaza,Verdoso frío de luminosidad bajo (4/10) y saturación muy baja (2/10) que equilibra el espacio.,Bajo,Muy Baja,Suave;Frío;Sereno;Sobrio
,Mina De Grava,Frío,4,2,Verdoso,Industrial;Contemporáneo,Baño;Home office,Blanco;Gris claro;Negro mate;Blanco roto,Blanco;Crema;Terracota;Mostaza,Verdoso frío de luminosidad bajo (4/10) y saturación muy baja (2/10) que equilibra el espacio.,Bajo,Muy Baja,Suave;Frío;Sereno;Sobrio
,Verde Claro Albalux,Cálido,4,4,Verdoso,Contemporáneo,Living,Blanco;Madera clara;Beige;Blanco roto,Blanco;Crema;Azul profundo,Verdoso cálido de luminosidad bajo (4/10) y saturación baja (4/10) que equilibra el espacio.,Bajo,Baja,Suave;Cálido;Acogedor;Natural
,Verde Claro Esm Std,Cálido,4,4,Verdoso,Contemporáneo,Living,Blanco;Madera clara;Beige;Blanco roto,Blanco;Crema;Azul profundo,Verdoso cálido de luminosidad bajo (4/10) y saturación baja (4/10) que equilibra el espacio.,Bajo,Baja,Suave;Cálido;Acogedor;Natural
,Verde Ilusión Albalux,Cálido,4,3,Verdoso,Contemporáneo,Living,Blanco;Madera clara;Beige;Blanco roto,Blanco;Crema;Azul profundo,Verdoso cálido de luminosidad bajo (4/10) y saturación baja (3/10) que equilibra el espacio.,Bajo,Baja,Suave;Cálido;Acogedor;Sobrio
,Efecto Bambú,Cálido,5,3,Piedra,Rústico;Mediterráneo,Dormitorio;Pasillo,Blanco;Madera clara;Beige,Blanco;Crema;Azul profundo,Piedra cálido de luminosidad medio (5/10) y saturación baja (3/10) que equilibra el espacio.,Medio,Baja,Suave;Cálido;Acogedor;Sobrio
,Hoja de Laurel,Cálido,2,2,Gris cálido,Dramático,Living,Blanco;Madera clara;Beige;Blanco roto,Blanco;Crema;Azul profundo,Gris cálido cálido de luminosidad muy bajo (2/10) y saturación muy baja (2/10) que genera profundidad.,Muy Bajo,Muy Baja,Profundo;Cálido;Acogedor;Sobrio
,Trébol Pálido,Neutro,5,2,Gris frío,Contemporáneo,Dormitorio;Pasillo,Blanco;Madera clara;Negro mate,Blanco;Crema;Verde oliva,Gris frío neutro de luminosidad medio (5/10) y saturación muy baja (2/10) que equilibra el espacio.,Medio,Muy Baja,Suave;Neutro;Elegante;Sobrio
,Trébol Pálido,Neutro,5,2,Gris frío,Contemporáneo,Dormitorio;Pasillo,Blanco;Madera clara;Negro mate,Blanco;Crema;Verde oliva,Gris frío neutro de luminosidad medio (5/10) y saturación muy baja (2/10) que equilibra el espacio.,Medio,Muy Baja,Suave;Neutro;Elegante;Sobrio
,Verde Exótico,Cálido,4,4,Oliva,Contemporáneo,Living,Blanco;Madera clara;Beige;Blanco roto,Blanco;Crema;Azul profundo,Oliva cálido de luminosidad bajo (4/10) y saturación baja (4/10) que equilibra el espacio.,Bajo,Baja,Suave;Cálido;Acogedor;Natural
,Verde Guajira Satinol,Neutro,2,2,Verdoso,Dramático,Living,Blanco;Madera clara;Negro mate;Blanco roto,Blanco;Crema;Verde oliva,Verdoso neutro de luminosidad muy bajo (2/10) y saturación muy baja (2/10) que genera profundidad.,Muy Bajo,Muy Baja,Profundo;Neutro;Elegante;Sobrio
,Verde Hechicero,Cálido,6,5,Lima,Rústico;Mediterráneo,Dormitorio;Pasillo;Comedor;Living,Blanco;Madera clara;Beige,Blanco;Crema;Azul profundo,Lima cálido de luminosidad medio (6/10) y saturación media (5/10) que equilibra el espacio.,Medio,Media,Suave;Cálido;Acogedor;Natural
,Verde Inglés Albalux,Cálido,2,5,Verdoso,Dramático,Comedor;Living,Blanco;Madera clara;Beige;Blanco roto,Blanco;Crema;Azul profundo,Verdoso cálido de luminosidad muy bajo (2/10) y saturación media (5/10) que genera profundidad.,Muy Bajo,Media,Profundo;Cálido;Acogedor;Natural
,Verde Inglés Esm Std,Cálido,1,4,Verdoso,Dramático,Living,Blanco;Madera clara;Beige;Blanco roto,Blanco;Crema;Azul profundo,Verdoso cálido de luminosidad muy bajo (1/10) y saturación baja (4/10) que genera profundidad.,Muy Bajo,Baja,Profundo;Cálido;Acogedor;Natural
,Verde Noche Albalux,Cálido,1,4,Verdoso,Dramático,Living,Blanco;Madera clara;Beige;Blanco roto,Blanco;Crema;Azul profundo,Verdoso cálido de luminosidad muy bajo (1/10) y saturación baja (4/10) que genera profundidad.,Muy Bajo,Baja,Profundo;Cálido;Acogedor;Natural
,Verde Noche Esm Std,Cálido,1,3,Verdoso,Dramático,Living,Blanco;Madera clara;Beige;Blanco roto,Blanco;Crema;Azul profundo,Verdoso cálido de luminosidad muy bajo (1/10) y saturación baja (3/10) que genera profundidad.,Muy Bajo,Baja,Profundo;Cálido;Acogedor;Sobrio
,Verde Pampeano,Cálido,4,4,Lima,Contemporáneo,Living,Blanco;Madera clara;Beige;Blanco roto,Blanco;Crema;Azul profundo,Lima cálido de luminosidad bajo (4/10) y saturación baja (4/10) que equilibra el espacio.,Bajo,Baja,Suave;Cálido;Acogedor;Natural
,Verde Pizarrones,Neutro,3,2,Oliva,Dramático,Living,Blanco;Madera clara;Negro mate;Blanco roto,Blanco;Crema;Verde oliva,Oliva neutro de luminosidad bajo (3/10) y saturación muy baja (2/10) que genera profundidad.,Bajo,Muy Baja,Profundo;Neutro;Elegante;Sobrio
,Verde Real,Neutro,2,2,Oliva,Dramático,Living,Blanco;Madera clara;Negro mate;Blanco roto,Blanco;Crema;Verde oliva,Oliva neutro de luminosidad muy bajo (2/10) y saturación muy baja (2/10) que genera profundidad.,Muy Bajo,Muy Baja,Profundo;Neutro;Elegante;Sobrio
,Verde Tenis Duralba,Neutro,2,2,Verdoso,Dramático,Living,Blanco;Madera clara;Negro mate;Blanco roto,Blanco;Crema;Verde oliva,Verdoso neutro de luminosidad muy bajo (2/10) y saturación muy baja (2/10) que genera profundidad.,Muy Bajo,Muy Baja,Profundo;Neutro;Elegante;Sobrio
,Verde Tenis Pisos,Neutro,2,2,Verdoso,Dramático,Living,Blanco;Madera clara;Negro mate;Blanco roto,Blanco;Crema;Verde oliva,Verdoso neutro de luminosidad muy bajo (2/10) y saturación muy baja (2/10) que genera profundidad.,Muy Bajo,Muy Baja,Profundo;Neutro;Elegante;Sobrio
,Campos de Espliegos,Cálido,6,2,Gris cálido,Rústico;Mediterráneo,Dormitorio;Pasillo,Blanco;Madera clara;Beige,Blanco;Crema;Azul profundo,Gris cálido cálido de luminosidad medio (6/10) y saturación muy baja (2/10) que equilibra el espacio.,Medio,Muy Baja,Suave;Cálido;Acogedor;Sobrio
,Magia Negra,Frío,1,2,Gris frío,Industrial;Contemporáneo;Dramático,Baño;Home office,Blanco;Gris claro;Negro mate;Blanco roto,Blanco;Crema;Terracota;Mostaza,Gris frío frío de luminosidad muy bajo (1/10) y saturación muy baja (2/10) que genera profundidad.,Muy Bajo,Muy Baja,Profundo;Frío;Sereno;Sobrio
,Malva Plateada,Neutro,5,2,Gris frío,Contemporáneo,Dormitorio;Pasillo,Blanco;Madera clara;Negro mate,Blanco;Crema;Verde oliva,Gris frío neutro de luminosidad medio (5/10) y saturación muy baja (2/10) que equilibra el espacio.,Medio,Muy Baja,Suave;Neutro;Elegante;Sobrio
,Mañana Violeta,Neutro,7,2,Gris frío,Minimalista;Nórdico;Japandi,Living;Comedor;Cocina;Dormitorio;Pasillo,Blanco;Madera clara;Negro mate,Negro mate;Grafito;Verde oliva,Gris frío neutro de luminosidad alto (7/10) y saturación muy baja (2/10) que aporta amplitud visual.,Alto,Muy Baja,Luminoso;Amplio;Neutro;Elegante
,Mar Cósmico,Neutro,5,1,Piedra,Contemporáneo,Dormitorio;Pasillo,Blanco;Madera clara;Negro mate,Blanco;Crema;Verde oliva,Piedra neutro de luminosidad medio (5/10) y saturación muy baja (1/10) que equilibra el espacio.,Medio,Muy Baja,Suave;Neutro;Elegante;Sobrio
,Mar Cósmico,Neutro,5,1,Piedra,Contemporáneo,Dormitorio;Pasillo,Blanco;Madera clara;Negro mate,Blanco;Crema;Verde oliva,Piedra neutro de luminosidad medio (5/10) y saturación muy baja (1/10) que equilibra el espacio.,Medio,Muy Baja,Suave;Neutro;Elegante;Sobrio
,Sensación Violeta,Frío,7,3,Azulado,Minimalista;Nórdico;Japandi,Living;Comedor;Cocina;Dormitorio;Pasillo,Blanco;Gris claro;Negro mate,Negro mate;Grafito;Terracota;Mostaza,Azulado frío de luminosidad alto (7/10) y saturación baja (3/10) que aporta amplitud visual.,Alto,Baja,Luminoso;Amplio;Frío;Sereno
,Toque de Armonía,Cálido,6,2,Gris cálido,Rústico;Mediterráneo,Dormitorio;Pasillo,Blanco;Madera clara;Beige,Blanco;Crema;Azul profundo,Gris cálido cálido de luminosidad medio (6/10) y saturación muy baja (2/10) que equilibra el espacio.,Medio,Muy Baja,Suave;Cálido;Acogedor;Sobrio
,Vergel Violeta,Neutro,5,1,Piedra,Contemporáneo,Dormitorio;Pasillo,Blanco;Madera clara;Negro mate,Blanco;Crema;Verde oliva,Piedra neutro de luminosidad medio (5/10) y saturación muy baja (1/10) que equilibra el espacio.,Medio,Muy Baja,Suave;Neutro;Elegante;Sobrio
,Vergel Violeta,Neutro,5,1,Piedra,Contemporáneo,Dormitorio;Pasillo,Blanco;Madera clara;Negro mate,Blanco;Crema;Verde oliva,Piedra neutro de luminosidad medio (5/10) y saturación muy baja (1/10) que equilibra el espacio.,Medio,Muy Baja,Suave;Neutro;Elegante;Sobrio
,Violeta Cuyo,Frío,3,3,Gris frío,Industrial;Contemporáneo;Dramático,Baño;Home office,Blanco;Gris claro;Negro mate;Blanco roto,Blanco;Crema;Terracota;Mostaza,Gris frío frío de luminosidad bajo (3/10) y saturación baja (3/10) que genera profundidad.,Bajo,Baja,Profundo;Frío;Sereno;Sobrio
,Violeta Estelar,Frío,2,3,Gris frío,Industrial;Contemporáneo;Dramático,Baño;Home office,Blanco;Gris claro;Negro mate;Blanco roto,Blanco;Crema;Terracota;Mostaza,Gris frío frío de luminosidad muy bajo (2/10) y saturación baja (3/10) que genera profundidad.,Muy Bajo,Baja,Profundo;Frío;Sereno;Sobrio
